category,id,korean,chinese_tw,chinese_cn,filename,url
monster,535,말미잘,海葵,海葵,말미잘_535.png,https://assets.playnccdn.com/static-lineageclassic-gamedata/resources/NPCIcon/535.png
monster,536,말미잘,海葵,海葵,말미잘_536.png,https://assets.playnccdn.com/static-lineageclassic-gamedata/resources/NPCIcon/536.png
monster,723,얼음 여왕,冰之女王,冰之女王,얼음_여왕_723.png,https://assets.playnccdn.com/static-lineageclassic-gamedata/resources/NPCIcon/723.png
monster,0,오크,妖魔,妖魔,오크_0.png,https://assets.playnccdn.com/static-lineageclassic-gamedata/resources/NPCIcon/0.png
monster,156,오크,妖魔,妖魔,오크_156.png,https://assets.playnccdn.com/static-lineageclassic-gamedata/resources/NPCIcon/156.png
monster,245,고블린,哥布林,哥布林,고블린_245.png,https://assets.playnccdn.com/static-lineageclassic-gamedata/resources/NPCIcon/245.png
monster,521,물고기,魚,鱼,물고기_521.png,https://assets.playnccdn.com/static-lineageclassic-gamedata/resources/NPCIcon/521.png
monster,522,물고기,魚,鱼,물고기_522.png,https://assets.playnccdn.com/static-lineageclassic-gamedata/resources/NPCIcon/522.png
monster,523,물고기,魚,鱼,물고기_523.png,https://assets.playnccdn.com/static-lineageclassic-gamedata/resources/NPCIcon/523.png
monster,524,물고기,魚,鱼,물고기_524.png,https://assets.playnccdn.com/static-lineageclassic-gamedata/resources/NPCIcon/524.png
monster,525,물고기,魚,鱼,물고기_525.png,https://assets.playnccdn.com/static-lineageclassic-gamedata/resources/NPCIcon/525.png
monster,1,오크 궁수,妖魔弓箭手,妖魔弓箭手,오크_궁수_1.png,https://assets.playnccdn.com/static-lineageclassic-gamedata/resources/NPCIcon/1.png
monster,147,오크 궁수,妖魔弓箭手,妖魔弓箭手,오크_궁수_147.png,https://assets.playnccdn.com/static-lineageclassic-gamedata/resources/NPCIcon/147.png
monster,249,코볼트,地靈,地灵,코볼트_249.png,https://assets.playnccdn.com/static-lineageclassic-gamedata/resources/NPCIcon/249.png
monster,2381,오염된 딥플라워,污染的深淵之花,污染的深渊之花,오염된_딥플라워_2381.png,https://assets.playnccdn.com/static-lineageclassic-gamedata/resources/NPCIcon/2381.png
monster,2384,오염된 땅의 정기,污染的地精靈,污染的地精灵,오염된_땅의_정기_2384.png,https://assets.playnccdn.com/static-lineageclassic-gamedata/resources/NPCIcon/2384.png
monster,2388,오염된 인간 투사,污染的人類鬥士,污染的人类斗士,오염된_인간_투사_2388.png,https://assets.playnccdn.com/static-lineageclassic-gamedata/resources/NPCIcon/2388.png
monster,2396,오염된 오크,污染的妖魔,污染的妖魔,오염된_오크_2396.png,https://assets.playnccdn.com/static-lineageclassic-gamedata/resources/NPCIcon/2396.png
monster,144,펑거스,蘑菇,蘑菇,펑거스_144.png,https://assets.playnccdn.com/static-lineageclassic-gamedata/resources/NPCIcon/144.png
monster,155,늑대,狼,狼,늑대_155.png,https://assets.playnccdn.com/static-lineageclassic-gamedata/resources/NPCIcon/155.png
monster,293,아이들론,艾多倫,艾多伦,아이들론_293.png,https://assets.playnccdn.com/static-lineageclassic-gamedata/resources/NPCIcon/293.png
monster,294,그렘린,葛林,葛林,그렘린_294.png,https://assets.playnccdn.com/static-lineageclassic-gamedata/resources/NPCIcon/294.png
monster,4,난쟁이,侏儒,侏儒,난쟁이_4.png,https://assets.playnccdn.com/static-lineageclassic-gamedata/resources/NPCIcon/4.png
monster,145,브롭,布拉伯,布拉伯,브롭_145.png,https://assets.playnccdn.com/static-lineageclassic-gamedata/resources/NPCIcon/145.png
monster,163,난쟁이,侏儒,侏儒,난쟁이_163.png,https://assets.playnccdn.com/static-lineageclassic-gamedata/resources/NPCIcon/163.png
monster,176,세인트버나드,聖伯納犬,圣伯纳犬,세인트버나드_176.png,https://assets.playnccdn.com/static-lineageclassic-gamedata/resources/NPCIcon/176.png
monster,178,콜리,柯利,柯利,콜리_178.png,https://assets.playnccdn.com/static-lineageclassic-gamedata/resources/NPCIcon/178.png
monster,179,세퍼드,牧羊犬,牧羊犬,세퍼드_179.png,https://assets.playnccdn.com/static-lineageclassic-gamedata/resources/NPCIcon/179.png
monster,180,비글,小獵犬,小猎犬,비글_180.png,https://assets.playnccdn.com/static-lineageclassic-gamedata/resources/NPCIcon/180.png
monster,295,임프,安普,安普,임프_295.png,https://assets.playnccdn.com/static-lineageclassic-gamedata/resources/NPCIcon/295.png
monster,465,여우,狐狸,狐狸,여우_465.png,https://assets.playnccdn.com/static-lineageclassic-gamedata/resources/NPCIcon/465.png
monster,516,곰,熊,熊,곰_516.png,https://assets.playnccdn.com/static-lineageclassic-gamedata/resources/NPCIcon/516.png
monster,706,허스키,哈士奇,哈士奇,허스키_706.png,https://assets.playnccdn.com/static-lineageclassic-gamedata/resources/NPCIcon/706.png
monster,1387,열혈토끼,暴走兔,暴走兔,열혈토끼_1387.png,https://assets.playnccdn.com/static-lineageclassic-gamedata/resources/NPCIcon/1387.png
monster,1388,고양이,貓,猫,고양이_1388.png,https://assets.playnccdn.com/static-lineageclassic-gamedata/resources/NPCIcon/1388.png
monster,2214,라쿤,浣熊,浣熊,라쿤_2214.png,https://assets.playnccdn.com/static-lineageclassic-gamedata/resources/NPCIcon/2214.png
monster,9,늑대,狼,狼,늑대_9.png,https://assets.playnccdn.com/static-lineageclassic-gamedata/resources/NPCIcon/9.png
monster,27,좀비,人形殭屍,人形僵尸,좀비_27.png,https://assets.playnccdn.com/static-lineageclassic-gamedata/resources/NPCIcon/27.png
monster,164,좀비,人形殭屍,人形僵尸,좀비_164.png,https://assets.playnccdn.com/static-lineageclassic-gamedata/resources/NPCIcon/164.png
monster,177,도베르만,杜賓狗,杜宾狗,도베르만_177.png,https://assets.playnccdn.com/static-lineageclassic-gamedata/resources/NPCIcon/177.png
monster,190,멧돼지,野豬,野猪,멧돼지_190.png,https://assets.playnccdn.com/static-lineageclassic-gamedata/resources/NPCIcon/190.png
monster,296,임프 장로,安普長老,安普长老,임프_장로_296.png,https://assets.playnccdn.com/static-lineageclassic-gamedata/resources/NPCIcon/296.png
monster,2382,오염된 물의 정령,污染的水精靈,污染的水精灵,오염된_물의_정령_2382.png,https://assets.playnccdn.com/static-lineageclassic-gamedata/resources/NPCIcon/2382.png
monster,2389,오염된 인간 도끼병,污染的人類斧兵,污染的人类斧兵,오염된_인간_도끼병_2389.png,https://assets.playnccdn.com/static-lineageclassic-gamedata/resources/NPCIcon/2389.png
monster,2393,오염된 엔트,污染的安特,污染的安特,오염된_엔트_2393.png,https://assets.playnccdn.com/static-lineageclassic-gamedata/resources/NPCIcon/2393.png
monster,2397,오염된 오크 도끼병,污染的妖魔斧兵,污染的妖魔斧兵,오염된_오크_도끼병_2397.png,https://assets.playnccdn.com/static-lineageclassic-gamedata/resources/NPCIcon/2397.png
monster,11,괴물 눈,漂浮之眼,漂浮之眼,괴물_눈_11.png,https://assets.playnccdn.com/static-lineageclassic-gamedata/resources/NPCIcon/11.png
monster,2,오크 전사,妖魔鬥士,妖魔斗士,오크_전사_2.png,https://assets.playnccdn.com/static-lineageclassic-gamedata/resources/NPCIcon/2.png
monster,64,크로울링 크로,怪手,怪手,크로울링_크로_64.png,https://assets.playnccdn.com/static-lineageclassic-gamedata/resources/NPCIcon/64.png
monster,148,오크 전사,妖魔鬥士,妖魔斗士,오크_전사_148.png,https://assets.playnccdn.com/static-lineageclassic-gamedata/resources/NPCIcon/148.png
monster,459,놀,冰原狼人,冰原狼人,놀_459.png,https://assets.playnccdn.com/static-lineageclassic-gamedata/resources/NPCIcon/459.png
monster,512,실라칸스,寇拉坎,寇拉坎,실라칸스_512.png,https://assets.playnccdn.com/static-lineageclassic-gamedata/resources/NPCIcon/512.png
monster,8,늑대인간,狼人,狼人,늑대인간_8.png,https://assets.playnccdn.com/static-lineageclassic-gamedata/resources/NPCIcon/8.png
monster,154,늑대인간,狼人,狼人,늑대인간_154.png,https://assets.playnccdn.com/static-lineageclassic-gamedata/resources/NPCIcon/154.png
monster,324,난쟁이족 전사,侏儒戰士,侏儒战士,난쟁이족_전사_324.png,https://assets.playnccdn.com/static-lineageclassic-gamedata/resources/NPCIcon/324.png
monster,514,해파리,水母,水母,해파리_514.png,https://assets.playnccdn.com/static-lineageclassic-gamedata/resources/NPCIcon/514.png
monster,515,해파리,水母,水母,해파리_515.png,https://assets.playnccdn.com/static-lineageclassic-gamedata/resources/NPCIcon/515.png
monster,25,해골,骷髏,骷髅,해골_25.png,https://assets.playnccdn.com/static-lineageclassic-gamedata/resources/NPCIcon/25.png
monster,29,해골,骷髏,骷髅,해골_29.png,https://assets.playnccdn.com/static-lineageclassic-gamedata/resources/NPCIcon/29.png
monster,94,간디 오크,甘地妖魔,甘地妖魔,간디_오크_94.png,https://assets.playnccdn.com/static-lineageclassic-gamedata/resources/NPCIcon/94.png
monster,152,간디 오크,甘地妖魔,甘地妖魔,간디_오크_152.png,https://assets.playnccdn.com/static-lineageclassic-gamedata/resources/NPCIcon/152.png
monster,299,오크 좀비,妖魔殭屍,妖魔僵尸,오크_좀비_299.png,https://assets.playnccdn.com/static-lineageclassic-gamedata/resources/NPCIcon/299.png
monster,472,악어,鱷魚,鳄鱼,악어_472.png,https://assets.playnccdn.com/static-lineageclassic-gamedata/resources/NPCIcon/472.png
monster,972,얼음 여왕의 시녀,冰之女王侍女,冰之女王侍女,얼음_여왕의_시녀_972.png,https://assets.playnccdn.com/static-lineageclassic-gamedata/resources/NPCIcon/972.png
monster,2383,오염된 불의 정령,污染的火精靈,污染的火精灵,오염된_불의_정령_2383.png,https://assets.playnccdn.com/static-lineageclassic-gamedata/resources/NPCIcon/2383.png
monster,2391,오염된 인간 검사,污染的人類弓劍士,污染的人类弓剑士,오염된_인간_검사_2391.png,https://assets.playnccdn.com/static-lineageclassic-gamedata/resources/NPCIcon/2391.png
monster,2394,오염된 판,污染的潘,污染的潘,오염된_판_2394.png,https://assets.playnccdn.com/static-lineageclassic-gamedata/resources/NPCIcon/2394.png
monster,2399,오염된 오크 전사,污染的妖魔鬥士,污染的妖魔斗士,오염된_오크_전사_2399.png,https://assets.playnccdn.com/static-lineageclassic-gamedata/resources/NPCIcon/2399.png
monster,235,거대 개미,巨蟻,巨蚁,거대_개미_235.png,https://assets.playnccdn.com/static-lineageclassic-gamedata/resources/NPCIcon/235.png
monster,274,오크 마법사,妖魔法師,妖魔法师,오크_마법사_274.png,https://assets.playnccdn.com/static-lineageclassic-gamedata/resources/NPCIcon/274.png
monster,276,해골궁수,骷髏弓箭手,骷髅弓箭手,해골궁수_276.png,https://assets.playnccdn.com/static-lineageclassic-gamedata/resources/NPCIcon/276.png
monster,500,바쿡,蟑螂人,蟑螂人,바쿡_500.png,https://assets.playnccdn.com/static-lineageclassic-gamedata/resources/NPCIcon/500.png
monster,5,돌 골렘,石頭高崙,石头高仑,돌_골렘_5.png,https://assets.playnccdn.com/static-lineageclassic-gamedata/resources/NPCIcon/5.png
monster,6,돌 골렘,石頭高崙,石头高仑,돌_골렘_6.png,https://assets.playnccdn.com/static-lineageclassic-gamedata/resources/NPCIcon/6.png
monster,95,로바 오크,羅孚妖魔,罗孚妖魔,로바_오크_95.png,https://assets.playnccdn.com/static-lineageclassic-gamedata/resources/NPCIcon/95.png
monster,153,로바 오크,羅孚妖魔,罗孚妖魔,로바_오크_153.png,https://assets.playnccdn.com/static-lineageclassic-gamedata/resources/NPCIcon/153.png
monster,162,돌 골렘,石頭高崙,石头高仑,돌_골렘_162.png,https://assets.playnccdn.com/static-lineageclassic-gamedata/resources/NPCIcon/162.png
monster,277,해골도끼병,骷髏斧手,骷髅斧手,해골도끼병_277.png,https://assets.playnccdn.com/static-lineageclassic-gamedata/resources/NPCIcon/277.png
monster,278,해골창병,骷髏槍兵,骷髅枪兵,해골창병_278.png,https://assets.playnccdn.com/static-lineageclassic-gamedata/resources/NPCIcon/278.png
monster,2386,오염된 어둠의 정령,污染的闇精靈,污染的暗精灵,오염된_어둠의_정령_2386.png,https://assets.playnccdn.com/static-lineageclassic-gamedata/resources/NPCIcon/2386.png
monster,2390,오염된 인간 궁수,污染的人類弓箭手,污染的人类弓箭手,오염된_인간_궁수_2390.png,https://assets.playnccdn.com/static-lineageclassic-gamedata/resources/NPCIcon/2390.png
monster,2395,오염된 아라크네,汙染的芮克妮,污染的芮克妮,오염된_아라크네_2395.png,https://assets.playnccdn.com/static-lineageclassic-gamedata/resources/NPCIcon/2395.png
monster,2398,오염된 오크 궁수,污染的妖魔弓箭手,污染的妖魔弓箭手,오염된_오크_궁수_2398.png,https://assets.playnccdn.com/static-lineageclassic-gamedata/resources/NPCIcon/2398.png
monster,2402,스피리드의 소환물,樹精的召喚物,树精的召唤物,스피리드의_소환물_2402.png,https://assets.playnccdn.com/static-lineageclassic-gamedata/resources/NPCIcon/2402.png
monster,17,셸로브,夏洛伯,夏洛伯,셸로브_17.png,https://assets.playnccdn.com/static-lineageclassic-gamedata/resources/NPCIcon/17.png
monster,116,오크 스카우트,妖魔巡守,妖魔巡守,오크_스카우트_116.png,https://assets.playnccdn.com/static-lineageclassic-gamedata/resources/NPCIcon/116.png
monster,323,홉고블린,哈柏哥布林,哈柏哥布林,홉고블린_323.png,https://assets.playnccdn.com/static-lineageclassic-gamedata/resources/NPCIcon/323.png
monster,91,아투바 오크,阿吐巴妖魔,阿吐巴妖魔,아투바_오크_91.png,https://assets.playnccdn.com/static-lineageclassic-gamedata/resources/NPCIcon/91.png
monster,93,두다-마라 오크,都達瑪拉妖魔,都达玛拉妖魔,두다-마라_오크_93.png,https://assets.playnccdn.com/static-lineageclassic-gamedata/resources/NPCIcon/93.png
monster,149,아투바 오크,阿吐巴妖魔,阿吐巴妖魔,아투바_오크_149.png,https://assets.playnccdn.com/static-lineageclassic-gamedata/resources/NPCIcon/149.png
monster,151,두다-마라 오크,都達瑪拉妖魔,都达玛拉妖魔,두다-마라_오크_151.png,https://assets.playnccdn.com/static-lineageclassic-gamedata/resources/NPCIcon/151.png
monster,298,아울베어,歐熊,欧熊,아울베어_298.png,https://assets.playnccdn.com/static-lineageclassic-gamedata/resources/NPCIcon/298.png
monster,331,리자드맨,蜥蜴人,蜥蜴人,리자드맨_331.png,https://assets.playnccdn.com/static-lineageclassic-gamedata/resources/NPCIcon/331.png
monster,506,혈거인간,穴居人,穴居人,혈거인간_506.png,https://assets.playnccdn.com/static-lineageclassic-gamedata/resources/NPCIcon/506.png
monster,568,혈거인간,穴居人,穴居人,혈거인간_568.png,https://assets.playnccdn.com/static-lineageclassic-gamedata/resources/NPCIcon/568.png
monster,15,흑기사,黑騎士,黑骑士,흑기사_15.png,https://assets.playnccdn.com/static-lineageclassic-gamedata/resources/NPCIcon/15.png
monster,28,구울,食屍鬼,食尸鬼,구울_28.png,https://assets.playnccdn.com/static-lineageclassic-gamedata/resources/NPCIcon/28.png
monster,30,스파토이,史巴托,史巴托,스파토이_30.png,https://assets.playnccdn.com/static-lineageclassic-gamedata/resources/NPCIcon/30.png
monster,504,크랩맨,蟹人,蟹人,크랩맨_504.png,https://assets.playnccdn.com/static-lineageclassic-gamedata/resources/NPCIcon/504.png
monster,511,머맨,人魚,人鱼,머맨_511.png,https://assets.playnccdn.com/static-lineageclassic-gamedata/resources/NPCIcon/511.png
monster,518,상어,鯊魚,鲨鱼,상어_518.png,https://assets.playnccdn.com/static-lineageclassic-gamedata/resources/NPCIcon/518.png
monster,750,흑기사 수색대,黑騎士搜索隊,黑骑士搜索队,흑기사_수색대_750.png,https://assets.playnccdn.com/static-lineageclassic-gamedata/resources/NPCIcon/750.png
monster,2392,오염된 요정 궁수,污染的妖精弓箭手,污染的妖精弓箭手,오염된_요정_궁수_2392.png,https://assets.playnccdn.com/static-lineageclassic-gamedata/resources/NPCIcon/2392.png
monster,2400,오염된 오크 창병,污染的妖魔槍兵,污染的妖魔枪兵,오염된_오크_창병_2400.png,https://assets.playnccdn.com/static-lineageclassic-gamedata/resources/NPCIcon/2400.png
monster,2401,오염된 빛의 대정령,污染的光精靈王,污染的光精灵王,오염된_빛의_대정령_2401.png,https://assets.playnccdn.com/static-lineageclassic-gamedata/resources/NPCIcon/2401.png
monster,92,네루가 오크,那魯加妖魔,那鲁加妖魔,네루가_오크_92.png,https://assets.playnccdn.com/static-lineageclassic-gamedata/resources/NPCIcon/92.png
monster,150,네루가 오크,那魯加妖魔,那鲁加妖魔,네루가_오크_150.png,https://assets.playnccdn.com/static-lineageclassic-gamedata/resources/NPCIcon/150.png
monster,280,라이칸스로프,萊肯,莱肯,라이칸스로프_280.png,https://assets.playnccdn.com/static-lineageclassic-gamedata/resources/NPCIcon/280.png
monster,10001,타락한 바람의 대정령,墮落的風精靈王,堕落的风精灵王,타락한_바람의_대정령_10001.png,https://assets.playnccdn.com/static-lineageclassic-gamedata/resources/NPCIcon/10001.png
monster,10006,타락한 간디 오크,墮落的甘地妖魔,堕落的甘地妖魔,타락한_간디_오크_10006.png,https://assets.playnccdn.com/static-lineageclassic-gamedata/resources/NPCIcon/10006.png
monster,10014,타락한 페어리,墮落的精靈,堕落的精灵,타락한_페어리_10014.png,https://assets.playnccdn.com/static-lineageclassic-gamedata/resources/NPCIcon/10014.png
monster,10015,타락한 인간 투사,墮落的人類鬥士,堕落的人类斗士,타락한_인간_투사_10015.png,https://assets.playnccdn.com/static-lineageclassic-gamedata/resources/NPCIcon/10015.png
monster,31,웅골리언트,楊果里恩,杨果里恩,웅골리언트_31.png,https://assets.playnccdn.com/static-lineageclassic-gamedata/resources/NPCIcon/31.png
monster,560,도펠겡어,變形怪,变形怪,도펠겡어_560.png,https://assets.playnccdn.com/static-lineageclassic-gamedata/resources/NPCIcon/560.png
monster,236,거대 병정 개미,巨大兵蟻,巨大兵蚁,거대_병정_개미_236.png,https://assets.playnccdn.com/static-lineageclassic-gamedata/resources/NPCIcon/236.png
monster,505,랫맨,鼠人,鼠人,랫맨_505.png,https://assets.playnccdn.com/static-lineageclassic-gamedata/resources/NPCIcon/505.png
monster,519,아스테,海星,海星,아스테_519.png,https://assets.playnccdn.com/static-lineageclassic-gamedata/resources/NPCIcon/519.png
monster,10002,타락한 물의 대정령,墮落的水精靈王,堕落的水精灵王,타락한_물의_대정령_10002.png,https://assets.playnccdn.com/static-lineageclassic-gamedata/resources/NPCIcon/10002.png
monster,10009,타락한 오크 궁수,墮落的妖魔弓箭手,堕落的妖魔弓箭手,타락한_오크_궁수_10009.png,https://assets.playnccdn.com/static-lineageclassic-gamedata/resources/NPCIcon/10009.png
monster,10010,타락한 요정 궁수,墮落的妖精弓箭手,堕落的妖精弓箭手,타락한_요정_궁수_10010.png,https://assets.playnccdn.com/static-lineageclassic-gamedata/resources/NPCIcon/10010.png
monster,10017,타락한 인간 궁수,墮落的人類弓箭手,堕落的人类弓箭手,타락한_인간_궁수_10017.png,https://assets.playnccdn.com/static-lineageclassic-gamedata/resources/NPCIcon/10017.png
monster,7,장로,長老,长老,장로_7.png,https://assets.playnccdn.com/static-lineageclassic-gamedata/resources/NPCIcon/7.png
monster,115,가스트,卡司特,卡司特,가스트_115.png,https://assets.playnccdn.com/static-lineageclassic-gamedata/resources/NPCIcon/115.png
monster,33,버그베어,食人妖精,食人妖精,버그베어_33.png,https://assets.playnccdn.com/static-lineageclassic-gamedata/resources/NPCIcon/33.png
monster,501,라미아,蛇女,蛇女,라미아_501.png,https://assets.playnccdn.com/static-lineageclassic-gamedata/resources/NPCIcon/501.png
monster,502,라미아,蛇女,蛇女,라미아_502.png,https://assets.playnccdn.com/static-lineageclassic-gamedata/resources/NPCIcon/502.png
monster,562,라미아,蛇女,蛇女,라미아_562.png,https://assets.playnccdn.com/static-lineageclassic-gamedata/resources/NPCIcon/562.png
monster,563,라미아,蛇女,蛇女,라미아_563.png,https://assets.playnccdn.com/static-lineageclassic-gamedata/resources/NPCIcon/563.png
monster,10000,타락한 빛의 대정령,墮落的光精靈王,堕落的光精灵王,타락한_빛의_대정령_10000.png,https://assets.playnccdn.com/static-lineageclassic-gamedata/resources/NPCIcon/10000.png
monster,10005,타락한 두다-마라 오크,墮落的都達瑪拉妖魔,堕落的都达玛拉妖魔,타락한_두다-마라_오크_10005.png,https://assets.playnccdn.com/static-lineageclassic-gamedata/resources/NPCIcon/10005.png
monster,10011,타락한 만드라고라,墮落的曼陀羅草,堕落的曼陀罗草,타락한_만드라고라_10011.png,https://assets.playnccdn.com/static-lineageclassic-gamedata/resources/NPCIcon/10011.png
monster,10016,타락한 인간 도적,墮落的人類盜賊,堕落的人类盗贼,타락한_인간_도적_10016.png,https://assets.playnccdn.com/static-lineageclassic-gamedata/resources/NPCIcon/10016.png
monster,182,켈베로스,地獄犬,地狱犬,켈베로스_182.png,https://assets.playnccdn.com/static-lineageclassic-gamedata/resources/NPCIcon/182.png
monster,503,시댄서,希爾黛斯,希尔黛斯,시댄서_503.png,https://assets.playnccdn.com/static-lineageclassic-gamedata/resources/NPCIcon/503.png
monster,520,터틀 드래곤,龍龜,龙龟,터틀_드래곤_520.png,https://assets.playnccdn.com/static-lineageclassic-gamedata/resources/NPCIcon/520.png
monster,246,스콜피온,毒蠍,毒蝎,스콜피온_246.png,https://assets.playnccdn.com/static-lineageclassic-gamedata/resources/NPCIcon/246.png
monster,252,하피,哈維,哈维,하피_252.png,https://assets.playnccdn.com/static-lineageclassic-gamedata/resources/NPCIcon/252.png
monster,567,터틀 드래곤,龍龜,龙龟,터틀_드래곤_567.png,https://assets.playnccdn.com/static-lineageclassic-gamedata/resources/NPCIcon/567.png
monster,10003,타락한 땅의 대정령,墮落的地精靈王,堕落的地精灵王,타락한_땅의_대정령_10003.png,https://assets.playnccdn.com/static-lineageclassic-gamedata/resources/NPCIcon/10003.png
monster,10007,타락한 오크 마법사,墮落的妖魔法師,堕落的妖魔法师,타락한_오크_마법사_10007.png,https://assets.playnccdn.com/static-lineageclassic-gamedata/resources/NPCIcon/10007.png
monster,10012,타락한 요정 마법사,墮落的妖精魔法師,堕落的妖精魔法师,타락한_요정_마법사_10012.png,https://assets.playnccdn.com/static-lineageclassic-gamedata/resources/NPCIcon/10012.png
monster,10019,타락한 인간 마법사,墮落的人類魔法師,堕落的人类魔法师,타락한_인간_마법사_10019.png,https://assets.playnccdn.com/static-lineageclassic-gamedata/resources/NPCIcon/10019.png
monster,10021,타락한 스피리드의 소환물,墮落的樹精召喚物,堕落的树精召唤物,타락한_스피리드의_소환물_10021.png,https://assets.playnccdn.com/static-lineageclassic-gamedata/resources/NPCIcon/10021.png
monster,288,해골저격병,骷髏神射手,骷髅神射手,해골저격병_288.png,https://assets.playnccdn.com/static-lineageclassic-gamedata/resources/NPCIcon/288.png
monster,290,해골근위병,骷髏警衛,骷髅警卫,해골근위병_290.png,https://assets.playnccdn.com/static-lineageclassic-gamedata/resources/NPCIcon/290.png
monster,297,다크 엘프,黑暗精靈,黑暗精灵,다크_엘프_297.png,https://assets.playnccdn.com/static-lineageclassic-gamedata/resources/NPCIcon/297.png
monster,223,오우거,歐吉,欧吉,오우거_223.png,https://assets.playnccdn.com/static-lineageclassic-gamedata/resources/NPCIcon/223.png
monster,279,트롤,多羅,多罗,트롤_279.png,https://assets.playnccdn.com/static-lineageclassic-gamedata/resources/NPCIcon/279.png
monster,464,페이퍼 맨,紙人,纸人,페이퍼_맨_464.png,https://assets.playnccdn.com/static-lineageclassic-gamedata/resources/NPCIcon/464.png
monster,507,일렉카둠,伊萊克頓,伊莱克顿,일렉카둠_507.png,https://assets.playnccdn.com/static-lineageclassic-gamedata/resources/NPCIcon/507.png
monster,701,눈사람,雪人,雪人,눈사람_701.png,https://assets.playnccdn.com/static-lineageclassic-gamedata/resources/NPCIcon/701.png
monster,735,페이퍼 맨,紙人,纸人,페이퍼_맨_735.png,https://assets.playnccdn.com/static-lineageclassic-gamedata/resources/NPCIcon/735.png
monster,879,산적,強盜,强盗,산적_879.png,https://assets.playnccdn.com/static-lineageclassic-gamedata/resources/NPCIcon/879.png
monster,10219,오우거,歐吉,欧吉,오우거_10219.png,https://assets.playnccdn.com/static-lineageclassic-gamedata/resources/NPCIcon/10219.png
monster,289,해골돌격병,骷髏鬥士,骷髅斗士,해골돌격병_289.png,https://assets.playnccdn.com/static-lineageclassic-gamedata/resources/NPCIcon/289.png
monster,513,크러스트시안,奎斯坦修,奎斯坦修,크러스트시안_513.png,https://assets.playnccdn.com/static-lineageclassic-gamedata/resources/NPCIcon/513.png
monster,592,폭탄 꽃,爆彈花,爆弹花,폭탄_꽃_592.png,https://assets.playnccdn.com/static-lineageclassic-gamedata/resources/NPCIcon/592.png
monster,212,킹 버그베어,食人妖精王,食人妖精王,킹_버그베어_212.png,https://assets.playnccdn.com/static-lineageclassic-gamedata/resources/NPCIcon/212.png
monster,281,무리안,莫妮亞,莫妮亚,무리안_281.png,https://assets.playnccdn.com/static-lineageclassic-gamedata/resources/NPCIcon/281.png
monster,708,좀비 엘모어 병사,艾爾摩士兵,艾尔摩士兵,좀비_엘모어_병사_708.png,https://assets.playnccdn.com/static-lineageclassic-gamedata/resources/NPCIcon/708.png
monster,709,아이스 맨,冰人,冰人,아이스_맨_709.png,https://assets.playnccdn.com/static-lineageclassic-gamedata/resources/NPCIcon/709.png
monster,882,산적,強盜,强盗,산적_882.png,https://assets.playnccdn.com/static-lineageclassic-gamedata/resources/NPCIcon/882.png
monster,899,젤라틴 큐브,果凍怪,果冻怪,젤라틴_큐브_899.png,https://assets.playnccdn.com/static-lineageclassic-gamedata/resources/NPCIcon/899.png
monster,2403,스피리드,樹精,树精,스피리드_2403.png,https://assets.playnccdn.com/static-lineageclassic-gamedata/resources/NPCIcon/2403.png
monster,10004,타락한 어둠의 대정령,墮落的闇精靈王,堕落的暗精灵王,타락한_어둠의_대정령_10004.png,https://assets.playnccdn.com/static-lineageclassic-gamedata/resources/NPCIcon/10004.png
monster,10008,타락한 오크 전사,墮落的妖魔鬥士,堕落的妖魔斗士,타락한_오크_전사_10008.png,https://assets.playnccdn.com/static-lineageclassic-gamedata/resources/NPCIcon/10008.png
monster,10013,타락한 요정 검사,墮落的妖精劍士,堕落的妖精剑士,타락한_요정_검사_10013.png,https://assets.playnccdn.com/static-lineageclassic-gamedata/resources/NPCIcon/10013.png
monster,10018,타락한 인간 전사,墮落的人類戰士,堕落的人类战士,타락한_인간_전사_10018.png,https://assets.playnccdn.com/static-lineageclassic-gamedata/resources/NPCIcon/10018.png
monster,10257,펑거스,蘑菇,蘑菇,펑거스_10257.png,https://assets.playnccdn.com/static-lineageclassic-gamedata/resources/NPCIcon/10257.png
monster,10258,꿈의 혼령,鬼火,鬼火,꿈의_혼령_10258.png,https://assets.playnccdn.com/static-lineageclassic-gamedata/resources/NPCIcon/10258.png
monster,333,그리폰,格利芬,格利芬,그리폰_333.png,https://assets.playnccdn.com/static-lineageclassic-gamedata/resources/NPCIcon/333.png
monster,460,미믹,密密,密密,미믹_460.png,https://assets.playnccdn.com/static-lineageclassic-gamedata/resources/NPCIcon/460.png
monster,703,좀비 엘모어 마법사,艾爾摩法師,艾尔摩法师,좀비_엘모어_마법사_703.png,https://assets.playnccdn.com/static-lineageclassic-gamedata/resources/NPCIcon/703.png
monster,881,산적,強盜,强盗,산적_881.png,https://assets.playnccdn.com/static-lineageclassic-gamedata/resources/NPCIcon/881.png
monster,10125,오염된 물의 정령,污染的水精靈,污染的水精灵,오염된_물의_정령_10125.png,https://assets.playnccdn.com/static-lineageclassic-gamedata/resources/NPCIcon/10125.png
monster,10126,오염된 불의 정령,污染的火精靈,污染的火精灵,오염된_불의_정령_10126.png,https://assets.playnccdn.com/static-lineageclassic-gamedata/resources/NPCIcon/10126.png
monster,10127,오염된 땅의 정령,污染的地精靈,污染的地精灵,오염된_땅의_정령_10127.png,https://assets.playnccdn.com/static-lineageclassic-gamedata/resources/NPCIcon/10127.png
monster,10128,오염된 바람의 정령,污染的風精靈,污染的风精灵,오염된_바람의_정령_10128.png,https://assets.playnccdn.com/static-lineageclassic-gamedata/resources/NPCIcon/10128.png
monster,463,아이스 골렘,冰石高崙,冰石高仑,아이스_골렘_463.png,https://assets.playnccdn.com/static-lineageclassic-gamedata/resources/NPCIcon/463.png
monster,471,크로코다일,巨大鱷魚,巨大鳄鱼,크로코다일_471.png,https://assets.playnccdn.com/static-lineageclassic-gamedata/resources/NPCIcon/471.png
monster,880,산적,強盜,强盗,산적_880.png,https://assets.playnccdn.com/static-lineageclassic-gamedata/resources/NPCIcon/880.png
monster,129,가스트 로드,卡司特王,卡司特王,가스트_로드_129.png,https://assets.playnccdn.com/static-lineageclassic-gamedata/resources/NPCIcon/129.png
monster,286,비홀더,多眼怪,多眼怪,비홀더_286.png,https://assets.playnccdn.com/static-lineageclassic-gamedata/resources/NPCIcon/286.png
monster,473,리빙아머,活鎧甲,活铠甲,리빙아머_473.png,https://assets.playnccdn.com/static-lineageclassic-gamedata/resources/NPCIcon/473.png
monster,595,드래곤 플라이,龍蠅,龙蝇,드래곤_플라이_595.png,https://assets.playnccdn.com/static-lineageclassic-gamedata/resources/NPCIcon/595.png
monster,702,샤벨 타이거,冰原老虎,冰原老虎,샤벨_타이거_702.png,https://assets.playnccdn.com/static-lineageclassic-gamedata/resources/NPCIcon/702.png
monster,704,에티,雪怪,雪怪,에티_704.png,https://assets.playnccdn.com/static-lineageclassic-gamedata/resources/NPCIcon/704.png
monster,884,도펠갱어,變形怪,变形怪,도펠갱어_884.png,https://assets.playnccdn.com/static-lineageclassic-gamedata/resources/NPCIcon/884.png
monster,12091,도마뱀,蜥蜴,蜥蜴,도마뱀_12091.png,https://assets.playnccdn.com/static-lineageclassic-gamedata/resources/NPCIcon/12091.png
monster,248,코카트리스,亞力安,亚力安,코카트리스_248.png,https://assets.playnccdn.com/static-lineageclassic-gamedata/resources/NPCIcon/248.png
monster,287,에틴,阿魯巴,阿鲁巴,에틴_287.png,https://assets.playnccdn.com/static-lineageclassic-gamedata/resources/NPCIcon/287.png
monster,587,불타는 전사,火焰戰士,火焰战士,불타는_전사_587.png,https://assets.playnccdn.com/static-lineageclassic-gamedata/resources/NPCIcon/587.png
monster,705,좀비 엘모어 장군,艾爾摩將軍,艾尔摩将军,좀비_엘모어_장군_705.png,https://assets.playnccdn.com/static-lineageclassic-gamedata/resources/NPCIcon/705.png
monster,707,아이언 골렘,鋼鐵高崙,钢铁高仑,아이언_골렘_707.png,https://assets.playnccdn.com/static-lineageclassic-gamedata/resources/NPCIcon/707.png
monster,883,산적 두목,強盜頭目,强盗头目,산적_두목_883.png,https://assets.playnccdn.com/static-lineageclassic-gamedata/resources/NPCIcon/883.png
monster,247,바실리스크,邪惡蜥蜴,邪恶蜥蜴,바실리스크_247.png,https://assets.playnccdn.com/static-lineageclassic-gamedata/resources/NPCIcon/247.png
monster,593,불타는 궁수,火焰弓箭手,火焰弓箭手,불타는_궁수_593.png,https://assets.playnccdn.com/static-lineageclassic-gamedata/resources/NPCIcon/593.png
monster,975,흑기사,黑騎士,黑骑士,흑기사_975.png,https://assets.playnccdn.com/static-lineageclassic-gamedata/resources/NPCIcon/975.png
monster,2782,선택받지 못한 자,被拋棄的魔族,被抛弃的魔族,선택받지_못한_자_2782.png,https://assets.playnccdn.com/static-lineageclassic-gamedata/resources/NPCIcon/2782.png
monster,2784,선택받지 못한 자,被拋棄的魔族,被抛弃的魔族,선택받지_못한_자_2784.png,https://assets.playnccdn.com/static-lineageclassic-gamedata/resources/NPCIcon/2784.png
monster,2785,선택받지 못한 자,被拋棄的魔族,被抛弃的魔族,선택받지_못한_자_2785.png,https://assets.playnccdn.com/static-lineageclassic-gamedata/resources/NPCIcon/2785.png
monster,2786,선택받지 못한 자,被拋棄的魔族,被抛弃的魔族,선택받지_못한_자_2786.png,https://assets.playnccdn.com/static-lineageclassic-gamedata/resources/NPCIcon/2786.png
monster,284,서큐버스,思克巴,思克巴,서큐버스_284.png,https://assets.playnccdn.com/static-lineageclassic-gamedata/resources/NPCIcon/284.png
monster,2787,보초병,哨兵,哨兵,보초병_2787.png,https://assets.playnccdn.com/static-lineageclassic-gamedata/resources/NPCIcon/2787.png
monster,10272,어둠의 해골 궁수,黑暗骷髏弓箭手,黑暗骷髅弓箭手,어둠의_해골_궁수_10272.png,https://assets.playnccdn.com/static-lineageclassic-gamedata/resources/NPCIcon/10272.png
monster,534,사라만다,火蜥蜴,火蜥蜴,사라만다_534.png,https://assets.playnccdn.com/static-lineageclassic-gamedata/resources/NPCIcon/534.png
monster,2783,선택받지 못한 자,被拋棄的魔族,被抛弃的魔族,선택받지_못한_자_2783.png,https://assets.playnccdn.com/static-lineageclassic-gamedata/resources/NPCIcon/2783.png
monster,10245,사라만다,火蜥蜴,火蜥蜴,사라만다_10245.png,https://assets.playnccdn.com/static-lineageclassic-gamedata/resources/NPCIcon/10245.png
monster,10247,아이스 맨,冰人,冰人,아이스_맨_10247.png,https://assets.playnccdn.com/static-lineageclassic-gamedata/resources/NPCIcon/10247.png
monster,10250,킬러비,殺人蜂,杀人蜂,킬러비_10250.png,https://assets.playnccdn.com/static-lineageclassic-gamedata/resources/NPCIcon/10250.png
monster,10253,열혈토끼,暴走兔,暴走兔,열혈토끼_10253.png,https://assets.playnccdn.com/static-lineageclassic-gamedata/resources/NPCIcon/10253.png
monster,10260,어둠의 버그베어,黑暗食人妖精,黑暗食人妖精,어둠의_버그베어_10260.png,https://assets.playnccdn.com/static-lineageclassic-gamedata/resources/NPCIcon/10260.png
monster,10262,어둠의 켈베로스,黑暗地獄犬,黑暗地狱犬,어둠의_켈베로스_10262.png,https://assets.playnccdn.com/static-lineageclassic-gamedata/resources/NPCIcon/10262.png
monster,10271,어둠의 해골,黑暗骷髏,黑暗骷髅,어둠의_해골_10271.png,https://assets.playnccdn.com/static-lineageclassic-gamedata/resources/NPCIcon/10271.png
monster,12087,밀림 호랑이,森林老虎,森林老虎,밀림_호랑이_12087.png,https://assets.playnccdn.com/static-lineageclassic-gamedata/resources/NPCIcon/12087.png
monster,12181,놀,冰原狼人,冰原狼人,놀_12181.png,https://assets.playnccdn.com/static-lineageclassic-gamedata/resources/NPCIcon/12181.png
monster,591,파이어 에그,火炎蛋,火炎蛋,파이어_에그_591.png,https://assets.playnccdn.com/static-lineageclassic-gamedata/resources/NPCIcon/591.png
monster,2807,순찰병,巡邏兵,巡逻兵,순찰병_2807.png,https://assets.playnccdn.com/static-lineageclassic-gamedata/resources/NPCIcon/2807.png
monster,10204,선택받지 못한 자,被拋棄的魔族,被抛弃的魔族,선택받지_못한_자_10204.png,https://assets.playnccdn.com/static-lineageclassic-gamedata/resources/NPCIcon/10204.png
monster,10206,선택받지 못한 자,被拋棄的魔族,被抛弃的魔族,선택받지_못한_자_10206.png,https://assets.playnccdn.com/static-lineageclassic-gamedata/resources/NPCIcon/10206.png
monster,10207,선택받지 못한 자,被拋棄的魔族,被抛弃的魔族,선택받지_못한_자_10207.png,https://assets.playnccdn.com/static-lineageclassic-gamedata/resources/NPCIcon/10207.png
monster,10208,선택받지 못한 자,被拋棄的魔族,被抛弃的魔族,선택받지_못한_자_10208.png,https://assets.playnccdn.com/static-lineageclassic-gamedata/resources/NPCIcon/10208.png
monster,10244,파이어 에그,火炎蛋,火炎蛋,파이어_에그_10244.png,https://assets.playnccdn.com/static-lineageclassic-gamedata/resources/NPCIcon/10244.png
monster,10248,아이스 골렘,冰石高崙,冰石高仑,아이스_골렘_10248.png,https://assets.playnccdn.com/static-lineageclassic-gamedata/resources/NPCIcon/10248.png
monster,10251,볼 라이트닝,閃電球,闪电球,볼_라이트닝_10251.png,https://assets.playnccdn.com/static-lineageclassic-gamedata/resources/NPCIcon/10251.png
monster,10254,가디언 아머,鎧甲守衛,铠甲守卫,가디언_아머_10254.png,https://assets.playnccdn.com/static-lineageclassic-gamedata/resources/NPCIcon/10254.png
monster,325,사이클롭스,獨眼巨人,独眼巨人,사이클롭스_325.png,https://assets.playnccdn.com/static-lineageclassic-gamedata/resources/NPCIcon/325.png
monster,753,리자드맨,蜥蜴人,蜥蜴人,리자드맨_753.png,https://assets.playnccdn.com/static-lineageclassic-gamedata/resources/NPCIcon/753.png
monster,758,악어,鱷魚,鳄鱼,악어_758.png,https://assets.playnccdn.com/static-lineageclassic-gamedata/resources/NPCIcon/758.png
monster,771,늑대인간,狼人,狼人,늑대인간_771.png,https://assets.playnccdn.com/static-lineageclassic-gamedata/resources/NPCIcon/771.png
monster,772,아울베어,歐熊,欧熊,아울베어_772.png,https://assets.playnccdn.com/static-lineageclassic-gamedata/resources/NPCIcon/772.png
monster,773,셸로브,夏洛伯,夏洛伯,셸로브_773.png,https://assets.playnccdn.com/static-lineageclassic-gamedata/resources/NPCIcon/773.png
monster,10209,보초병,哨兵,哨兵,보초병_10209.png,https://assets.playnccdn.com/static-lineageclassic-gamedata/resources/NPCIcon/10209.png
monster,10255,나이트메어,夢魘,梦魇,나이트메어_10255.png,https://assets.playnccdn.com/static-lineageclassic-gamedata/resources/NPCIcon/10255.png
monster,10259,꿈의 혼령,鬼火,鬼火,꿈의_혼령_10259.png,https://assets.playnccdn.com/static-lineageclassic-gamedata/resources/NPCIcon/10259.png
monster,10261,어둠의 킹 버그베어,黑暗食人妖精王,黑暗食人妖精王,어둠의_킹_버그베어_10261.png,https://assets.playnccdn.com/static-lineageclassic-gamedata/resources/NPCIcon/10261.png
monster,10311,화염의 해골저격병,烈焰的骷髏神射手,烈焰的骷髅神射手,화염의_해골저격병_10311.png,https://assets.playnccdn.com/static-lineageclassic-gamedata/resources/NPCIcon/10311.png
monster,285,서큐버스 퀸,思克巴女皇,思克巴女皇,서큐버스_퀸_285.png,https://assets.playnccdn.com/static-lineageclassic-gamedata/resources/NPCIcon/285.png
monster,469,실루엣,影魔,影魔,실루엣_469.png,https://assets.playnccdn.com/static-lineageclassic-gamedata/resources/NPCIcon/469.png
monster,761,버그베어,食人妖精,食人妖精,버그베어_761.png,https://assets.playnccdn.com/static-lineageclassic-gamedata/resources/NPCIcon/761.png
monster,774,웅골리언트,楊果里恩,杨果里恩,웅골리언트_774.png,https://assets.playnccdn.com/static-lineageclassic-gamedata/resources/NPCIcon/774.png
monster,776,가스트,卡司特,卡司特,가스트_776.png,https://assets.playnccdn.com/static-lineageclassic-gamedata/resources/NPCIcon/776.png
monster,976,흑기사 대장,黑騎士隊長,黑骑士队长,흑기사_대장_976.png,https://assets.playnccdn.com/static-lineageclassic-gamedata/resources/NPCIcon/976.png
monster,10205,선택받지 못한 자,被拋棄的魔族,被抛弃的魔族,선택받지_못한_자_10205.png,https://assets.playnccdn.com/static-lineageclassic-gamedata/resources/NPCIcon/10205.png
monster,10310,화염의 해골돌격병,烈焰的骷髏鬥士,烈焰的骷髅斗士,화염의_해골돌격병_10310.png,https://assets.playnccdn.com/static-lineageclassic-gamedata/resources/NPCIcon/10310.png
monster,37,세마,西瑪,西玛,세마_37.png,https://assets.playnccdn.com/static-lineageclassic-gamedata/resources/NPCIcon/37.png
monster,580,유령,鬼魂,鬼魂,유령_580.png,https://assets.playnccdn.com/static-lineageclassic-gamedata/resources/NPCIcon/580.png
monster,764,코카트리스,亞力安,亚力安,코카트리스_764.png,https://assets.playnccdn.com/static-lineageclassic-gamedata/resources/NPCIcon/764.png
monster,10129,네크로맨서,巫師,巫师,네크로맨서_10129.png,https://assets.playnccdn.com/static-lineageclassic-gamedata/resources/NPCIcon/10129.png
monster,10210,순찰병,巡邏兵,巡逻兵,순찰병_10210.png,https://assets.playnccdn.com/static-lineageclassic-gamedata/resources/NPCIcon/10210.png
monster,12173,리자드맨 검사,蜥蜴人劍士,蜥蜴人剑士,리자드맨_검사_12173.png,https://assets.playnccdn.com/static-lineageclassic-gamedata/resources/NPCIcon/12173.png
monster,12175,리자드맨 마법사,蜥蜴人魔法師,蜥蜴人魔法师,리자드맨_마법사_12175.png,https://assets.playnccdn.com/static-lineageclassic-gamedata/resources/NPCIcon/12175.png
monster,12182,독침 킬러비,毒殺人蜂,毒杀人蜂,독침_킬러비_12182.png,https://assets.playnccdn.com/static-lineageclassic-gamedata/resources/NPCIcon/12182.png
monster,12183,하피,哈維,哈维,하피_12183.png,https://assets.playnccdn.com/static-lineageclassic-gamedata/resources/NPCIcon/12183.png
monster,34,발터자르,巴土瑟,巴土瑟,발터자르_34.png,https://assets.playnccdn.com/static-lineageclassic-gamedata/resources/NPCIcon/34.png
monster,581,유령,鬼魂,鬼魂,유령_581.png,https://assets.playnccdn.com/static-lineageclassic-gamedata/resources/NPCIcon/581.png
monster,586,라바 골렘,熔岩高崙,熔岩高仑,라바_골렘_586.png,https://assets.playnccdn.com/static-lineageclassic-gamedata/resources/NPCIcon/586.png
monster,754,라미아,蛇女,蛇女,라미아_754.png,https://assets.playnccdn.com/static-lineageclassic-gamedata/resources/NPCIcon/754.png
monster,755,라미아,蛇女,蛇女,라미아_755.png,https://assets.playnccdn.com/static-lineageclassic-gamedata/resources/NPCIcon/755.png
monster,767,하피,哈維,哈维,하피_767.png,https://assets.playnccdn.com/static-lineageclassic-gamedata/resources/NPCIcon/767.png
monster,10243,불의 대정령,火精靈王,火精灵王,불의_대정령_10243.png,https://assets.playnccdn.com/static-lineageclassic-gamedata/resources/NPCIcon/10243.png
monster,10246,물의 대정령,水精靈王,水精灵王,물의_대정령_10246.png,https://assets.playnccdn.com/static-lineageclassic-gamedata/resources/NPCIcon/10246.png
monster,10249,바람의 대정령,風精靈王,风精灵王,바람의_대정령_10249.png,https://assets.playnccdn.com/static-lineageclassic-gamedata/resources/NPCIcon/10249.png
monster,10252,땅의 대정령,地精靈王,地精灵王,땅의_대정령_10252.png,https://assets.playnccdn.com/static-lineageclassic-gamedata/resources/NPCIcon/10252.png
monster,10256,유니콘,獨角獸,独角兽,유니콘_10256.png,https://assets.playnccdn.com/static-lineageclassic-gamedata/resources/NPCIcon/10256.png
monster,10300,화염의 불타는 궁수,烈焰的火焰弓箭手,烈焰的火焰弓箭手,화염의_불타는_궁수_10300.png,https://assets.playnccdn.com/static-lineageclassic-gamedata/resources/NPCIcon/10300.png
monster,10301,화염의 드래곤 플라이,烈焰的龍蠅,烈焰的龙蝇,화염의_드래곤_플라이_10301.png,https://assets.playnccdn.com/static-lineageclassic-gamedata/resources/NPCIcon/10301.png
monster,12184,페르페르,菲爾菲爾,菲尔菲尔,페르페르_12184.png,https://assets.playnccdn.com/static-lineageclassic-gamedata/resources/NPCIcon/12184.png
monster,12185,펠리컬,佩利克,佩利克,펠리컬_12185.png,https://assets.playnccdn.com/static-lineageclassic-gamedata/resources/NPCIcon/12185.png
monster,35,카스파,卡士柏,卡士柏,카스파_35.png,https://assets.playnccdn.com/static-lineageclassic-gamedata/resources/NPCIcon/35.png
monster,757,그리폰,格利芬,格利芬,그리폰_757.png,https://assets.playnccdn.com/static-lineageclassic-gamedata/resources/NPCIcon/757.png
monster,762,킹 버그베어,食人妖精王,食人妖精王,킹_버그베어_762.png,https://assets.playnccdn.com/static-lineageclassic-gamedata/resources/NPCIcon/762.png
monster,770,라이칸스로프,萊肯,莱肯,라이칸스로프_770.png,https://assets.playnccdn.com/static-lineageclassic-gamedata/resources/NPCIcon/770.png
monster,775,트롤,多羅,多罗,트롤_775.png,https://assets.playnccdn.com/static-lineageclassic-gamedata/resources/NPCIcon/775.png
monster,10299,화염의 불타는 전사,烈焰的火焰戰士,烈焰的火焰战士,화염의_불타는_전사_10299.png,https://assets.playnccdn.com/static-lineageclassic-gamedata/resources/NPCIcon/10299.png
monster,12174,리자드맨 전사,蜥蜴人戰士,蜥蜴人战士,리자드맨_전사_12174.png,https://assets.playnccdn.com/static-lineageclassic-gamedata/resources/NPCIcon/12174.png
monster,12177,자이언트,巨人,巨人,자이언트_12177.png,https://assets.playnccdn.com/static-lineageclassic-gamedata/resources/NPCIcon/12177.png
monster,36,메르키오르,馬庫爾,马库尔,메르키오르_36.png,https://assets.playnccdn.com/static-lineageclassic-gamedata/resources/NPCIcon/36.png
monster,579,데스,死神,死神,데스_579.png,https://assets.playnccdn.com/static-lineageclassic-gamedata/resources/NPCIcon/579.png
monster,596,아시타지오,阿西塔基奧,阿西塔基奥,아시타지오_596.png,https://assets.playnccdn.com/static-lineageclassic-gamedata/resources/NPCIcon/596.png
monster,765,사이클롭스,獨眼巨人,独眼巨人,사이클롭스_765.png,https://assets.playnccdn.com/static-lineageclassic-gamedata/resources/NPCIcon/765.png
monster,10302,화염의 아시타지오,烈焰的阿西塔基奧,烈焰的阿西塔基奥,화염의_아시타지오_10302.png,https://assets.playnccdn.com/static-lineageclassic-gamedata/resources/NPCIcon/10302.png
monster,10303,화염의 혼 켈베로스,烈焰的烈炎獸,烈焰的烈炎兽,화염의_혼_켈베로스_10303.png,https://assets.playnccdn.com/static-lineageclassic-gamedata/resources/NPCIcon/10303.png
monster,12186,블루 하피,藍哈維,蓝哈维,블루_하피_12186.png,https://assets.playnccdn.com/static-lineageclassic-gamedata/resources/NPCIcon/12186.png
monster,588,이프리트,伊弗利特,伊弗利特,이프리트_588.png,https://assets.playnccdn.com/static-lineageclassic-gamedata/resources/NPCIcon/588.png
monster,777,가스트 로드,卡司特王,卡司特王,가스트_로드_777.png,https://assets.playnccdn.com/static-lineageclassic-gamedata/resources/NPCIcon/777.png
monster,12179,자이언트,巨人,巨人,자이언트_12179.png,https://assets.playnccdn.com/static-lineageclassic-gamedata/resources/NPCIcon/12179.png
monster,12187,마이노,瑪依奴,玛依奴,마이노_12187.png,https://assets.playnccdn.com/static-lineageclassic-gamedata/resources/NPCIcon/12187.png
monster,589,혼 켈베로스,烈炎獸,烈炎兽,혼_켈베로스_589.png,https://assets.playnccdn.com/static-lineageclassic-gamedata/resources/NPCIcon/589.png
monster,759,크로코다일,巨大鱷魚,巨大鳄鱼,크로코다일_759.png,https://assets.playnccdn.com/static-lineageclassic-gamedata/resources/NPCIcon/759.png
monster,760,에틴,阿魯巴,阿鲁巴,에틴_760.png,https://assets.playnccdn.com/static-lineageclassic-gamedata/resources/NPCIcon/760.png
monster,827,다크 엘프,黑暗精靈,黑暗精灵,다크_엘프_827.png,https://assets.playnccdn.com/static-lineageclassic-gamedata/resources/NPCIcon/827.png
monster,12188,와이번,翼龍,翼龙,와이번_12188.png,https://assets.playnccdn.com/static-lineageclassic-gamedata/resources/NPCIcon/12188.png
monster,250,드레이크,飛龍,飞龙,드레이크_250.png,https://assets.playnccdn.com/static-lineageclassic-gamedata/resources/NPCIcon/250.png
monster,756,도펠갱어,變形怪,变形怪,도펠갱어_756.png,https://assets.playnccdn.com/static-lineageclassic-gamedata/resources/NPCIcon/756.png
monster,763,바실리스크,邪惡蜥蜴,邪恶蜥蜴,바실리스크_763.png,https://assets.playnccdn.com/static-lineageclassic-gamedata/resources/NPCIcon/763.png
monster,768,미노타우르스,牛人,牛人,미노타우르스_768.png,https://assets.playnccdn.com/static-lineageclassic-gamedata/resources/NPCIcon/768.png
monster,12178,자이언트,巨人,巨人,자이언트_12178.png,https://assets.playnccdn.com/static-lineageclassic-gamedata/resources/NPCIcon/12178.png
monster,766,드레이크,飛龍,飞龙,드레이크_766.png,https://assets.playnccdn.com/static-lineageclassic-gamedata/resources/NPCIcon/766.png
monster,769,미노타우르스,牛人,牛人,미노타우르스_769.png,https://assets.playnccdn.com/static-lineageclassic-gamedata/resources/NPCIcon/769.png
monster,12191,유니 드래곤,泥龍,泥龙,유니_드래곤_12191.png,https://assets.playnccdn.com/static-lineageclassic-gamedata/resources/NPCIcon/12191.png
monster,24,바포메트,巴風特,巴风特,바포메트_24.png,https://assets.playnccdn.com/static-lineageclassic-gamedata/resources/NPCIcon/24.png
monster,216,베레스,巴列斯,巴列斯,베레스_216.png,https://assets.playnccdn.com/static-lineageclassic-gamedata/resources/NPCIcon/216.png
monster,282,흑장로,黑長者,黑长者,흑장로_282.png,https://assets.playnccdn.com/static-lineageclassic-gamedata/resources/NPCIcon/282.png
monster,885,도펠겡어 보스,變形怪首領,变形怪首领,도펠겡어_보스_885.png,https://assets.playnccdn.com/static-lineageclassic-gamedata/resources/NPCIcon/885.png
monster,10020,타락한 스피리드,墮落的樹精,堕落的树精,타락한_스피리드_10020.png,https://assets.playnccdn.com/static-lineageclassic-gamedata/resources/NPCIcon/10020.png
monster,10266,어둠의 바포메트,黑暗巴風特,黑暗巴风特,어둠의_바포메트_10266.png,https://assets.playnccdn.com/static-lineageclassic-gamedata/resources/NPCIcon/10266.png
monster,10267,어둠의 베레스,黑暗巴列斯,黑暗巴列斯,어둠의_베레스_10267.png,https://assets.playnccdn.com/static-lineageclassic-gamedata/resources/NPCIcon/10267.png
monster,12192,테라 드래곤,荒龍,荒龙,테라_드래곤_12192.png,https://assets.playnccdn.com/static-lineageclassic-gamedata/resources/NPCIcon/12192.png
monster,16,커츠,克特,克特,커츠_16.png,https://assets.playnccdn.com/static-lineageclassic-gamedata/resources/NPCIcon/16.png
monster,10264,어둠의 커츠,黑暗克特,黑暗克特,어둠의_커츠_10264.png,https://assets.playnccdn.com/static-lineageclassic-gamedata/resources/NPCIcon/10264.png
monster,63,데스나이트,死亡騎士,死亡骑士,데스나이트_63.png,https://assets.playnccdn.com/static-lineageclassic-gamedata/resources/NPCIcon/63.png
monster,10263,어둠의 데스나이트,黑暗死亡騎士,黑暗死亡骑士,어둠의_데스나이트_10263.png,https://assets.playnccdn.com/static-lineageclassic-gamedata/resources/NPCIcon/10263.png
monster,891,키메라,奇美拉,奇美拉,키메라_891.png,https://assets.playnccdn.com/static-lineageclassic-gamedata/resources/NPCIcon/891.png
monster,1025,변종 웅골리언트,變種楊果里恩,变种杨果里恩,변종_웅골리언트_1025.png,https://assets.playnccdn.com/static-lineageclassic-gamedata/resources/NPCIcon/1025.png
monster,1026,변종 라미아,變種蛇女,变种蛇女,변종_라미아_1026.png,https://assets.playnccdn.com/static-lineageclassic-gamedata/resources/NPCIcon/1026.png
monster,10307,화염의 바포메트,烈焰的巴風特,烈焰的巴风特,화염의_바포메트_10307.png,https://assets.playnccdn.com/static-lineageclassic-gamedata/resources/NPCIcon/10307.png
monster,10308,화염의 베레스,烈焰的巴列斯,烈焰的巴列斯,화염의_베레스_10308.png,https://assets.playnccdn.com/static-lineageclassic-gamedata/resources/NPCIcon/10308.png
monster,710,얼음 여왕,冰之女王,冰之女王,얼음_여왕_710.png,https://assets.playnccdn.com/static-lineageclassic-gamedata/resources/NPCIcon/710.png
monster,897,메두사,梅杜莎,梅杜莎,메두사_897.png,https://assets.playnccdn.com/static-lineageclassic-gamedata/resources/NPCIcon/897.png
monster,10305,화염의 커츠,烈焰的克特,烈焰的克特,화염의_커츠_10305.png,https://assets.playnccdn.com/static-lineageclassic-gamedata/resources/NPCIcon/10305.png
monster,454,거대 여왕 개미,巨蟻女皇,巨蚁女皇,거대_여왕_개미_454.png,https://assets.playnccdn.com/static-lineageclassic-gamedata/resources/NPCIcon/454.png
monster,10304,화염의 데스나이트,烈焰的死亡騎士,烈焰的死亡骑士,화염의_데스나이트_10304.png,https://assets.playnccdn.com/static-lineageclassic-gamedata/resources/NPCIcon/10304.png
monster,1331,코카트리스,亞力安,亚力安,코카트리스_1331.png,https://assets.playnccdn.com/static-lineageclassic-gamedata/resources/NPCIcon/1331.png
monster,12180,에이션트 자이언트,古代巨人,古代巨人,에이션트_자이언트_12180.png,https://assets.playnccdn.com/static-lineageclassic-gamedata/resources/NPCIcon/12180.png
monster,590,피닉스,不死鳥,不死鸟,피닉스_590.png,https://assets.playnccdn.com/static-lineageclassic-gamedata/resources/NPCIcon/590.png
monster,1028,사악한 미믹,邪惡密密,邪恶密密,사악한_미믹_1028.png,https://assets.playnccdn.com/static-lineageclassic-gamedata/resources/NPCIcon/1028.png
monster,1410,서큐버스,思克巴,思克巴,서큐버스_1410.png,https://assets.playnccdn.com/static-lineageclassic-gamedata/resources/NPCIcon/1410.png
monster,10309,화염의 피닉스,烈焰的不死鳥,烈焰的不死鸟,화염의_피닉스_10309.png,https://assets.playnccdn.com/static-lineageclassic-gamedata/resources/NPCIcon/10309.png
monster,1039,제니스 퀸,傑尼斯女王,杰尼斯女王,제니스_퀸_1039.png,https://assets.playnccdn.com/static-lineageclassic-gamedata/resources/NPCIcon/1039.png
monster,332,데몬,惡魔,恶魔,데몬_332.png,https://assets.playnccdn.com/static-lineageclassic-gamedata/resources/NPCIcon/332.png
monster,895,댄싱 소드,死亡之劍,死亡之剑,댄싱_소드_895.png,https://assets.playnccdn.com/static-lineageclassic-gamedata/resources/NPCIcon/895.png
monster,1027,사악한 비홀더,邪惡多眼怪,邪恶多眼怪,사악한_비홀더_1027.png,https://assets.playnccdn.com/static-lineageclassic-gamedata/resources/NPCIcon/1027.png
monster,10265,어둠의 데몬,黑暗惡魔,黑暗恶魔,어둠의_데몬_10265.png,https://assets.playnccdn.com/static-lineageclassic-gamedata/resources/NPCIcon/10265.png
monster,1041,시어,幻象眼魔,幻象眼魔,시어_1041.png,https://assets.playnccdn.com/static-lineageclassic-gamedata/resources/NPCIcon/1041.png
monster,889,다이어울프,魔狼,魔狼,다이어울프_889.png,https://assets.playnccdn.com/static-lineageclassic-gamedata/resources/NPCIcon/889.png
monster,10306,화염의 데몬,烈焰的惡魔,烈焰的恶魔,화염의_데몬_10306.png,https://assets.playnccdn.com/static-lineageclassic-gamedata/resources/NPCIcon/10306.png
monster,902,케레니스,賽尼斯,赛尼斯,케레니스_902.png,https://assets.playnccdn.com/static-lineageclassic-gamedata/resources/NPCIcon/902.png
monster,971,켄 라우헬,肯恩,肯恩,켄_라우헬_971.png,https://assets.playnccdn.com/static-lineageclassic-gamedata/resources/NPCIcon/971.png
monster,327,안타라스,安塔瑞斯,安塔瑞斯,안타라스_327.png,https://assets.playnccdn.com/static-lineageclassic-gamedata/resources/NPCIcon/327.png
monster,499,파푸리온,法利昂,法利昂,파푸리온_499.png,https://assets.playnccdn.com/static-lineageclassic-gamedata/resources/NPCIcon/499.png
monster,621,발라카스,巴拉卡斯,巴拉卡斯,발라카스_621.png,https://assets.playnccdn.com/static-lineageclassic-gamedata/resources/NPCIcon/621.png
monster,900,린드비오르,林德拜爾,林德拜尔,린드비오르_900.png,https://assets.playnccdn.com/static-lineageclassic-gamedata/resources/NPCIcon/900.png
item,1,아탐,亞連,亚连,아탐_1.png,https://assets.playnccdn.com/static-lineageclassic-gamedata/resources/ItemIcon/8.png
item,2,일본도,武士刀,武士刀,일본도_2.png,https://assets.playnccdn.com/static-lineageclassic-gamedata/resources/ItemIcon/58.png
item,3,장검,長劍,长剑,장검_3.png,https://assets.playnccdn.com/static-lineageclassic-gamedata/resources/ItemIcon/2.png
item,4,도끼,斧,斧,도끼_4.png,https://assets.playnccdn.com/static-lineageclassic-gamedata/resources/ItemIcon/1.png
item,5,등잔,燈,灯,등잔_5.png,https://assets.playnccdn.com/static-lineageclassic-gamedata/resources/ItemIcon/3.png
item,6,양손검,雙手劍,双手剑,양손검_6.png,https://assets.playnccdn.com/static-lineageclassic-gamedata/resources/ItemIcon/4.png
item,7,아데나,金幣,金币,아데나_7.png,https://assets.playnccdn.com/static-lineageclassic-gamedata/resources/ItemIcon/5.png
item,8,철퇴,釘錘,钉锤,철퇴_8.png,https://assets.playnccdn.com/static-lineageclassic-gamedata/resources/ItemIcon/67.png
item,9,괴물 눈 고기,漂浮之眼肉,漂浮之眼肉,괴물_눈_고기_9.png,https://assets.playnccdn.com/static-lineageclassic-gamedata/resources/ItemIcon/124.png
item,10,고기,肉,肉,고기_10.png,https://assets.playnccdn.com/static-lineageclassic-gamedata/resources/ItemIcon/124.png
item,11,활,弓,弓,활_11.png,https://assets.playnccdn.com/static-lineageclassic-gamedata/resources/ItemIcon/20.png
item,12,창,矛,矛,창_12.png,https://assets.playnccdn.com/static-lineageclassic-gamedata/resources/ItemIcon/101.png
item,13,전투 도끼,戰斧,战斧,전투_도끼_13.png,https://assets.playnccdn.com/static-lineageclassic-gamedata/resources/ItemIcon/9.png
item,14,빨간 물약,紅色藥水,红色药水,빨간_물약_14.png,https://assets.playnccdn.com/static-lineageclassic-gamedata/resources/ItemIcon/80.png
item,15,주홍 물약,橙色藥水,橙色药水,주홍_물약_15.png,https://assets.playnccdn.com/static-lineageclassic-gamedata/resources/ItemIcon/78.png
item,16,불투명 물약,黑色藥水,黑色药水,불투명_물약_16.png,https://assets.playnccdn.com/static-lineageclassic-gamedata/resources/ItemIcon/82.png
item,17,초록 물약,自我加速藥水,自我加速药水,초록_물약_17.png,https://assets.playnccdn.com/static-lineageclassic-gamedata/resources/ItemIcon/77.png
item,19,소나무 막대,松木魔杖,松木魔杖,소나무_막대_19.png,https://assets.playnccdn.com/static-lineageclassic-gamedata/resources/ItemIcon/117.png
item,20,단풍나무 막대,楓木魔杖,枫木魔杖,단풍나무_막대_20.png,https://assets.playnccdn.com/static-lineageclassic-gamedata/resources/ItemIcon/116.png
item,21,흑단 막대,烏木魔杖,乌木魔杖,흑단_막대_21.png,https://assets.playnccdn.com/static-lineageclassic-gamedata/resources/ItemIcon/118.png
item,22,확인 주문서,鑑定卷軸,鉴定卷轴,확인_주문서_22.png,https://assets.playnccdn.com/static-lineageclassic-gamedata/resources/ItemIcon/475.png
item,23,순간이동 주문서,瞬間移動卷軸,瞬间移动卷轴,순간이동_주문서_23.png,https://assets.playnccdn.com/static-lineageclassic-gamedata/resources/ItemIcon/473.png
item,24,저주 풀기 주문서,解除詛咒的卷軸,解除诅咒的卷轴,저주_풀기_주문서_24.png,https://assets.playnccdn.com/static-lineageclassic-gamedata/resources/ItemIcon/470.png
item,25,무기 마법 주문서,對武器施法的卷軸,对武器施法的卷轴,무기_마법_주문서_25.png,https://assets.playnccdn.com/static-lineageclassic-gamedata/resources/ItemIcon/468.png
item,26,갑옷 마법 주문서,對盔甲施法的卷軸,对盔甲施法的卷轴,갑옷_마법_주문서_26.png,https://assets.playnccdn.com/static-lineageclassic-gamedata/resources/ItemIcon/467.png
item,28,부활 주문서,復活卷軸,复活卷轴,부활_주문서_28.png,https://assets.playnccdn.com/static-lineageclassic-gamedata/resources/ItemIcon/471.png
item,29,화살,箭,箭,화살_29.png,https://assets.playnccdn.com/static-lineageclassic-gamedata/resources/ItemIcon/7.png
item,31,바르디쉐,巴迪須,巴迪须,바르디쉐_31.png,https://assets.playnccdn.com/static-lineageclassic-gamedata/resources/ItemIcon/11.png
item,32,빌귀사름,柴刀,柴刀,빌귀사름_32.png,https://assets.playnccdn.com/static-lineageclassic-gamedata/resources/ItemIcon/13.png
item,33,요정족 활,精靈弓,精灵弓,요정족_활_33.png,https://assets.playnccdn.com/static-lineageclassic-gamedata/resources/ItemIcon/18.png
item,34,오크족 활,歐西斯弓,欧西斯弓,오크족_활_34.png,https://assets.playnccdn.com/static-lineageclassic-gamedata/resources/ItemIcon/19.png
item,35,넓은 검,闊劍,阔剑,넓은_검_35.png,https://assets.playnccdn.com/static-lineageclassic-gamedata/resources/ItemIcon/21.png
item,36,양초,蠟燭,蜡烛,양초_36.png,https://assets.playnccdn.com/static-lineageclassic-gamedata/resources/ItemIcon/24.png
item,37,당근,胡蘿蔔,胡萝卜,당근_37.png,https://assets.playnccdn.com/static-lineageclassic-gamedata/resources/ItemIcon/25.png
item,38,몽둥이,木棒,木棒,몽둥이_38.png,https://assets.playnccdn.com/static-lineageclassic-gamedata/resources/ItemIcon/31.png
item,39,요정족 단검,精靈匕首,精灵匕首,요정족_단검_39.png,https://assets.playnccdn.com/static-lineageclassic-gamedata/resources/ItemIcon/33.png
item,40,오크족 단검,歐西斯匕首,欧西斯匕首,오크족_단검_40.png,https://assets.playnccdn.com/static-lineageclassic-gamedata/resources/ItemIcon/34.png
item,41,단검,匕首,匕首,단검_41.png,https://assets.playnccdn.com/static-lineageclassic-gamedata/resources/ItemIcon/35.png
item,42,벡드코빈,貝卡合金,贝卡合金,벡드코빈_42.png,https://assets.playnccdn.com/static-lineageclassic-gamedata/resources/ItemIcon/38.png
item,43,달걀,蛋,蛋,달걀_43.png,https://assets.playnccdn.com/static-lineageclassic-gamedata/resources/ItemIcon/40.png
item,44,포챠드,法丘,法丘,포챠드_44.png,https://assets.playnccdn.com/static-lineageclassic-gamedata/resources/ItemIcon/41.png
item,45,도리깨,弗萊爾,弗莱尔,도리깨_45.png,https://assets.playnccdn.com/static-lineageclassic-gamedata/resources/ItemIcon/42.png
item,46,넓은 창,闊矛,阔矛,넓은_창_46.png,https://assets.playnccdn.com/static-lineageclassic-gamedata/resources/ItemIcon/45.png
item,47,귀사름,吉薩,吉萨,귀사름_47.png,https://assets.playnccdn.com/static-lineageclassic-gamedata/resources/ItemIcon/48.png
item,48,미늘창,戟,戟,미늘창_48.png,https://assets.playnccdn.com/static-lineageclassic-gamedata/resources/ItemIcon/50.png
item,52,금빛 열쇠,黃金鑰匙,黄金钥匙,금빛_열쇠_52.png,https://assets.playnccdn.com/static-lineageclassic-gamedata/resources/ItemIcon/59.png
item,53,은회색 열쇠,銀鑰匙,银钥匙,은회색_열쇠_53.png,https://assets.playnccdn.com/static-lineageclassic-gamedata/resources/ItemIcon/59.png
item,54,기병창,槍,枪,기병창_54.png,https://assets.playnccdn.com/static-lineageclassic-gamedata/resources/ItemIcon/60.png
item,55,레몬,檸檬,柠檬,레몬_55.png,https://assets.playnccdn.com/static-lineageclassic-gamedata/resources/ItemIcon/63.png
item,56,루선해머,露西錘,露西锤,루선해머_56.png,https://assets.playnccdn.com/static-lineageclassic-gamedata/resources/ItemIcon/66.png
item,57,워해머,戰錘,战锤,워해머_57.png,https://assets.playnccdn.com/static-lineageclassic-gamedata/resources/ItemIcon/119.png
item,58,모닝스타,流星錘,流星锤,모닝스타_58.png,https://assets.playnccdn.com/static-lineageclassic-gamedata/resources/ItemIcon/68.png
item,59,오렌지,橘子,橘子,오렌지_59.png,https://assets.playnccdn.com/static-lineageclassic-gamedata/resources/ItemIcon/71.png
item,60,팬케익,烤薄餅,烤薄饼,팬케익_60.png,https://assets.playnccdn.com/static-lineageclassic-gamedata/resources/ItemIcon/125.png
item,61,파르티잔,帕提森,帕提森,파르티잔_61.png,https://assets.playnccdn.com/static-lineageclassic-gamedata/resources/ItemIcon/72.png
item,64,순간이동 조종 반지,傳送控制戒指,传送控制戒指,순간이동_조종_반지_64.png,https://assets.playnccdn.com/static-lineageclassic-gamedata/resources/ItemIcon/87.png
item,65,변신 조종 반지,變形控制戒指,变形控制戒指,변신_조종_반지_65.png,https://assets.playnccdn.com/static-lineageclassic-gamedata/resources/ItemIcon/87.png
item,67,언월도,彎刀,弯刀,언월도_67.png,https://assets.playnccdn.com/static-lineageclassic-gamedata/resources/ItemIcon/90.png
item,68,은 화살,銀箭,银箭,은_화살_68.png,https://assets.playnccdn.com/static-lineageclassic-gamedata/resources/ItemIcon/96.png
item,69,난쟁이족 도끼,侏儒鐵斧,侏儒铁斧,난쟁이족_도끼_69.png,https://assets.playnccdn.com/static-lineageclassic-gamedata/resources/ItemIcon/172.png
item,70,요정족 창,精靈之矛,精灵之矛,요정족_창_70.png,https://assets.playnccdn.com/static-lineageclassic-gamedata/resources/ItemIcon/99.png
item,71,오크족 창,歐西斯之矛,欧西斯之矛,오크족_창_71.png,https://assets.playnccdn.com/static-lineageclassic-gamedata/resources/ItemIcon/100.png
item,72,난쟁이족 검,小侏儒短劍,小侏儒短剑,난쟁이족_검_72.png,https://assets.playnccdn.com/static-lineageclassic-gamedata/resources/ItemIcon/103.png
item,73,요정족 검,精靈短劍,精灵短剑,요정족_검_73.png,https://assets.playnccdn.com/static-lineageclassic-gamedata/resources/ItemIcon/325.png
item,74,오크족 검,歐西斯短劍,欧西斯短剑,오크족_검_74.png,https://assets.playnccdn.com/static-lineageclassic-gamedata/resources/ItemIcon/105.png
item,75,짧은 검,短劍,短剑,짧은_검_75.png,https://assets.playnccdn.com/static-lineageclassic-gamedata/resources/ItemIcon/106.png
item,77,삼지창,三叉戟,三叉戟,삼지창_77.png,https://assets.playnccdn.com/static-lineageclassic-gamedata/resources/ItemIcon/111.png
item,78,싸울아비 장검,瑟魯基之劍,瑟鲁基之剑,싸울아비_장검_78.png,https://assets.playnccdn.com/static-lineageclassic-gamedata/resources/ItemIcon/112.png
item,81,장궁,尤米弓,尤米弓,장궁_81.png,https://assets.playnccdn.com/static-lineageclassic-gamedata/resources/ItemIcon/123.png
item,82,사과,蘋果,苹果,사과_82.png,https://assets.playnccdn.com/static-lineageclassic-gamedata/resources/ItemIcon/995.png
item,83,바나나,香蕉,香蕉,바나나_83.png,https://assets.playnccdn.com/static-lineageclassic-gamedata/resources/ItemIcon/127.png
item,86,엘븐 와퍼,精靈餅乾,精灵饼干,엘븐_와퍼_86.png,https://assets.playnccdn.com/static-lineageclassic-gamedata/resources/ItemIcon/130.png
item,87,요정족 가죽 투구,精靈皮盔,精灵皮盔,요정족_가죽_투구_87.png,https://assets.playnccdn.com/static-lineageclassic-gamedata/resources/ItemIcon/53.png
item,88,오크족 투구,歐西斯頭盔,欧西斯头盔,오크족_투구_88.png,https://assets.playnccdn.com/static-lineageclassic-gamedata/resources/ItemIcon/54.png
item,89,난쟁이족 철 투구,侏儒鐵盔,侏儒铁盔,난쟁이족_철_투구_89.png,https://assets.playnccdn.com/static-lineageclassic-gamedata/resources/ItemIcon/52.png
item,90,투구,頭盔,头盔,투구_90.png,https://assets.playnccdn.com/static-lineageclassic-gamedata/resources/ItemIcon/55.png
item,91,판금 갑옷,金屬盔甲,金属盔甲,판금_갑옷_91.png,https://assets.playnccdn.com/static-lineageclassic-gamedata/resources/ItemIcon/73.png
item,92,수정 갑옷,水晶盔甲,水晶盔甲,수정_갑옷_92.png,https://assets.playnccdn.com/static-lineageclassic-gamedata/resources/ItemIcon/32.png
item,93,청동 판금 갑옷,青銅盔甲,青铜盔甲,청동_판금_갑옷_93.png,https://assets.playnccdn.com/static-lineageclassic-gamedata/resources/ItemIcon/22.png
item,94,미늘 갑옷,藤甲,藤甲,미늘_갑옷_94.png,https://assets.playnccdn.com/static-lineageclassic-gamedata/resources/ItemIcon/102.png
item,95,띠 갑옷,皮甲,皮甲,띠_갑옷_95.png,https://assets.playnccdn.com/static-lineageclassic-gamedata/resources/ItemIcon/10.png
item,96,사슬 갑옷,鏈甲,链甲,사슬_갑옷_96.png,https://assets.playnccdn.com/static-lineageclassic-gamedata/resources/ItemIcon/26.png
item,97,오크족 사슬 갑옷,歐西斯鏈甲,欧西斯链甲,오크족_사슬_갑옷_97.png,https://assets.playnccdn.com/static-lineageclassic-gamedata/resources/ItemIcon/443.png
item,98,비늘 갑옷,鱗甲,鳞甲,비늘_갑옷_98.png,https://assets.playnccdn.com/static-lineageclassic-gamedata/resources/ItemIcon/89.png
item,99,징박힌 가죽 갑옷,銀釘皮甲,银钉皮甲,징박힌_가죽_갑옷_99.png,https://assets.playnccdn.com/static-lineageclassic-gamedata/resources/ItemIcon/109.png
item,100,고리 갑옷,環甲,环甲,고리_갑옷_100.png,https://assets.playnccdn.com/static-lineageclassic-gamedata/resources/ItemIcon/86.png
item,101,오크족 고리 갑옷,歐西斯環甲,欧西斯环甲,오크족_고리_갑옷_101.png,https://assets.playnccdn.com/static-lineageclassic-gamedata/resources/ItemIcon/442.png
item,102,가죽 갑옷,小藤甲,小藤甲,가죽_갑옷_102.png,https://assets.playnccdn.com/static-lineageclassic-gamedata/resources/ItemIcon/51.png
item,103,가죽 재킷,皮夾克,皮夹克,가죽_재킷_103.png,https://assets.playnccdn.com/static-lineageclassic-gamedata/resources/ItemIcon/62.png
item,104,티셔츠,T恤,T恤,티셔츠_104.png,https://assets.playnccdn.com/static-lineageclassic-gamedata/resources/ItemIcon/110.png
item,105,요정족 망토,精靈斗篷,精灵斗篷,요정족_망토_105.png,https://assets.playnccdn.com/static-lineageclassic-gamedata/resources/ItemIcon/28.png
item,106,오크족 망토,歐西斯斗篷,欧西斯斗篷,오크족_망토_106.png,https://assets.playnccdn.com/static-lineageclassic-gamedata/resources/ItemIcon/29.png
item,107,난쟁이족 망토,侏儒斗篷,侏儒斗篷,난쟁이족_망토_107.png,https://assets.playnccdn.com/static-lineageclassic-gamedata/resources/ItemIcon/27.png
item,109,보호 망토,保護者斗篷,保护者斗篷,보호_망토_109.png,https://assets.playnccdn.com/static-lineageclassic-gamedata/resources/ItemIcon/30.png
item,110,투명 망토,隱身斗篷,隐身斗篷,투명_망토_110.png,https://assets.playnccdn.com/static-lineageclassic-gamedata/resources/ItemIcon/272.png
item,111,마법 망토,抗魔法斗篷,抗魔法斗篷,마법_망토_111.png,https://assets.playnccdn.com/static-lineageclassic-gamedata/resources/ItemIcon/265.png
item,113,작은 방패,小盾牌,小盾牌,작은_방패_113.png,https://assets.playnccdn.com/static-lineageclassic-gamedata/resources/ItemIcon/97.png
item,114,요정족 방패,精靈盾牌,精灵盾牌,요정족_방패_114.png,https://assets.playnccdn.com/static-lineageclassic-gamedata/resources/ItemIcon/92.png
item,115,우럭하이 방패,阿克海盾牌,阿克海盾牌,우럭하이_방패_115.png,https://assets.playnccdn.com/static-lineageclassic-gamedata/resources/ItemIcon/114.png
item,117,큰 방패,大盾牌,大盾牌,큰_방패_117.png,https://assets.playnccdn.com/static-lineageclassic-gamedata/resources/ItemIcon/61.png
item,118,난쟁이족 둥근 방패,侏儒圓盾,侏儒圆盾,난쟁이족_둥근_방패_118.png,https://assets.playnccdn.com/static-lineageclassic-gamedata/resources/ItemIcon/95.png
item,119,반사 방패,反射之盾,反射之盾,반사_방패_119.png,https://assets.playnccdn.com/static-lineageclassic-gamedata/resources/ItemIcon/137.png
item,120,짧은 부츠,短統靴,短统靴,짧은_부츠_120.png,https://assets.playnccdn.com/static-lineageclassic-gamedata/resources/ItemIcon/65.png
item,121,셸로브 발톱,夏洛伯之爪,夏洛伯之爪,셸로브_발톱_121.png,https://assets.playnccdn.com/static-lineageclassic-gamedata/resources/ItemIcon/139.png
item,123,붉은 기사의 검,紅騎士之劍,红骑士之剑,붉은_기사의_검_123.png,https://assets.playnccdn.com/static-lineageclassic-gamedata/resources/ItemIcon/441.png
item,124,글루디오 영지행 배표,往古魯丁的船票,往古鲁丁的船票,글루디오_영지행_배표_124.png,https://assets.playnccdn.com/static-lineageclassic-gamedata/resources/ItemIcon/138.png
item,125,말하는 섬행 배표,往說話之島的船票,往说话之岛的船票,말하는_섬행_배표_125.png,https://assets.playnccdn.com/static-lineageclassic-gamedata/resources/ItemIcon/138.png
item,126,비취 물약,翡翠藥水,翡翠药水,비취_물약_126.png,https://assets.playnccdn.com/static-lineageclassic-gamedata/resources/ItemIcon/76.png
item,127,랜턴,燈籠,灯笼,랜턴_127.png,https://assets.playnccdn.com/static-lineageclassic-gamedata/resources/ItemIcon/140.png
item,128,부츠,長靴,长靴,부츠_128.png,https://assets.playnccdn.com/static-lineageclassic-gamedata/resources/ItemIcon/435.png
item,129,장갑,手套,手套,장갑_129.png,https://assets.playnccdn.com/static-lineageclassic-gamedata/resources/ItemIcon/141.png
item,130,맑은 물약,白色藥水,白色药水,맑은_물약_130.png,https://assets.playnccdn.com/static-lineageclassic-gamedata/resources/ItemIcon/81.png
item,131,랜턴용 기름,燈油,灯油,랜턴용_기름_131.png,https://assets.playnccdn.com/static-lineageclassic-gamedata/resources/ItemIcon/142.png
item,138,대형 도끼,巨斧,巨斧,대형_도끼_138.png,https://assets.playnccdn.com/static-lineageclassic-gamedata/resources/ItemIcon/171.png
item,140,기사의 면갑,騎士面甲,骑士面甲,기사의_면갑_140.png,https://assets.playnccdn.com/static-lineageclassic-gamedata/resources/ItemIcon/166.png
item,141,그라디우스,侵略者之劍,侵略者之剑,그라디우스_141.png,https://assets.playnccdn.com/static-lineageclassic-gamedata/resources/ItemIcon/151.png
item,142,악운의 단검,骰子匕首,骰子匕首,악운의_단검_142.png,https://assets.playnccdn.com/static-lineageclassic-gamedata/resources/ItemIcon/144.png
item,144,광전사의 도끼,狂戰士斧,狂战士斧,광전사의_도끼_144.png,https://assets.playnccdn.com/static-lineageclassic-gamedata/resources/ItemIcon/439.png
item,145,에바의 방패,伊娃之盾,伊娃之盾,에바의_방패_145.png,https://assets.playnccdn.com/static-lineageclassic-gamedata/resources/ItemIcon/1203.png
item,155,사각 방패,塔盾,塔盾,사각_방패_155.png,https://assets.playnccdn.com/static-lineageclassic-gamedata/resources/ItemIcon/177.png
item,157,아투바의 토템,阿吐巴圖騰,阿吐巴图腾,아투바의_토템_157.png,https://assets.playnccdn.com/static-lineageclassic-gamedata/resources/ItemIcon/258.png
item,158,네루가의 토템,那魯加圖騰,那鲁加图腾,네루가의_토템_158.png,https://assets.playnccdn.com/static-lineageclassic-gamedata/resources/ItemIcon/259.png
item,159,두다-마라의 토템,都達瑪拉圖騰,都达玛拉图腾,두다-마라의_토템_159.png,https://assets.playnccdn.com/static-lineageclassic-gamedata/resources/ItemIcon/260.png
item,160,간디의 토템,甘地圖騰,甘地图腾,간디의_토템_160.png,https://assets.playnccdn.com/static-lineageclassic-gamedata/resources/ItemIcon/261.png
item,161,로바의 토템,羅孚圖騰,罗孚图腾,로바의_토템_161.png,https://assets.playnccdn.com/static-lineageclassic-gamedata/resources/ItemIcon/262.png
item,162,귀환 주문서,返回卷軸,返回卷轴,귀환_주문서_162.png,https://assets.playnccdn.com/static-lineageclassic-gamedata/resources/ItemIcon/474.png
item,164,마법서 (힐),魔法書(初級治癒術),魔法书(初级治愈术),마법서_(힐)_164.png,https://assets.playnccdn.com/static-lineageclassic-gamedata/resources/ItemIcon/248.png
item,166,마력의 돌,魔法寶石,魔法宝石,마력의_돌_166.png,https://assets.playnccdn.com/static-lineageclassic-gamedata/resources/ItemIcon/235.png
item,167,사슬 갑옷,鏈甲,链甲,사슬_갑옷_167.png,https://assets.playnccdn.com/static-lineageclassic-gamedata/resources/ItemIcon/1201.png
item,168,다이아몬드,鑽石,钻石,다이아몬드_168.png,https://assets.playnccdn.com/static-lineageclassic-gamedata/resources/ItemIcon/236.png
item,169,고급 다이아몬드,品質鑽石,品质钻石,고급_다이아몬드_169.png,https://assets.playnccdn.com/static-lineageclassic-gamedata/resources/ItemIcon/237.png
item,170,최고급 다이아몬드,高品質鑽石,高品质钻石,최고급_다이아몬드_170.png,https://assets.playnccdn.com/static-lineageclassic-gamedata/resources/ItemIcon/238.png
item,171,에메랄드,綠寶石,绿宝石,에메랄드_171.png,https://assets.playnccdn.com/static-lineageclassic-gamedata/resources/ItemIcon/239.png
item,172,고급 에메랄드,品質綠寶石,品质绿宝石,고급_에메랄드_172.png,https://assets.playnccdn.com/static-lineageclassic-gamedata/resources/ItemIcon/240.png
item,173,최고급 에메랄드,高品質綠寶石,高品质绿宝石,최고급_에메랄드_173.png,https://assets.playnccdn.com/static-lineageclassic-gamedata/resources/ItemIcon/241.png
item,174,루비,紅寶石,红宝石,루비_174.png,https://assets.playnccdn.com/static-lineageclassic-gamedata/resources/ItemIcon/242.png
item,175,고급 루비,品質紅寶石,品质红宝石,고급_루비_175.png,https://assets.playnccdn.com/static-lineageclassic-gamedata/resources/ItemIcon/243.png
item,176,최고급 루비,高品質紅寶石,高品质红宝石,최고급_루비_176.png,https://assets.playnccdn.com/static-lineageclassic-gamedata/resources/ItemIcon/244.png
item,177,사파이어,藍寶石,蓝宝石,사파이어_177.png,https://assets.playnccdn.com/static-lineageclassic-gamedata/resources/ItemIcon/245.png
item,178,고급 사파이어,品質藍寶石,品质蓝宝石,고급_사파이어_178.png,https://assets.playnccdn.com/static-lineageclassic-gamedata/resources/ItemIcon/246.png
item,179,최고급 사파이어,高品質藍寶石,高品质蓝宝石,최고급_사파이어_179.png,https://assets.playnccdn.com/static-lineageclassic-gamedata/resources/ItemIcon/247.png
item,180,마법서 (라이트),魔法書(日光術),魔法书(日光术),마법서_(라이트)_180.png,https://assets.playnccdn.com/static-lineageclassic-gamedata/resources/ItemIcon/248.png
item,181,마법서 (실드),魔法書(保護罩),魔法书(保护罩),마법서_(실드)_181.png,https://assets.playnccdn.com/static-lineageclassic-gamedata/resources/ItemIcon/248.png
item,182,마법서 (에너지 볼트),魔法書(光箭),魔法书(光箭),마법서_(에너지_볼트)_182.png,https://assets.playnccdn.com/static-lineageclassic-gamedata/resources/ItemIcon/248.png
item,183,마법서 (텔레포트),魔法書(指定傳送),魔法书(指定传送),마법서_(텔레포트)_183.png,https://assets.playnccdn.com/static-lineageclassic-gamedata/resources/ItemIcon/248.png
item,184,마법서 (큐어 포이즌),魔法書(解毒術),魔法书(解毒术),마법서_(큐어_포이즌)_184.png,https://assets.playnccdn.com/static-lineageclassic-gamedata/resources/ItemIcon/248.png
item,185,마법서 (칠 터치),魔法書(寒冷戰慄),魔法书(寒冷战栗),마법서_(칠_터치)_185.png,https://assets.playnccdn.com/static-lineageclassic-gamedata/resources/ItemIcon/253.png
item,186,마법서 (커스: 포이즌),魔法書(毒咒),魔法书(毒咒),마법서_(커스__포이즌)_186.png,https://assets.playnccdn.com/static-lineageclassic-gamedata/resources/ItemIcon/253.png
item,187,마법서 (인챈트 웨폰),魔法書(擬似魔法武器),魔法书(拟似魔法武器),마법서_(인챈트_웨폰)_187.png,https://assets.playnccdn.com/static-lineageclassic-gamedata/resources/ItemIcon/248.png
item,188,마법서 (디텍션),魔法書(無所遁形術),魔法书(无所遁形术),마법서_(디텍션)_188.png,https://assets.playnccdn.com/static-lineageclassic-gamedata/resources/ItemIcon/248.png
item,189,마법서 (라이트닝),魔法書(極光雷電),魔法书(极光雷电),마법서_(라이트닝)_189.png,https://assets.playnccdn.com/static-lineageclassic-gamedata/resources/ItemIcon/249.png
item,190,마법서 (턴 언데드),魔法書(起死回生術),魔法书(起死回生术),마법서_(턴_언데드)_190.png,https://assets.playnccdn.com/static-lineageclassic-gamedata/resources/ItemIcon/249.png
item,191,마법서 (익스트라 힐),魔法書(中級治癒術),魔法书(中级治愈术),마법서_(익스트라_힐)_191.png,https://assets.playnccdn.com/static-lineageclassic-gamedata/resources/ItemIcon/249.png
item,192,마법서 (커스: 블라인드),魔法書(闇盲咒術),魔法书(暗盲咒术),마법서_(커스__블라인드)_192.png,https://assets.playnccdn.com/static-lineageclassic-gamedata/resources/ItemIcon/254.png
item,193,마법서 (블레스드 아머),魔法書(鎧甲護持),魔法书(铠甲护持),마법서_(블레스드_아머)_193.png,https://assets.playnccdn.com/static-lineageclassic-gamedata/resources/ItemIcon/249.png
item,194,마법서 (파이어볼),魔法書(燃燒的火球),魔法书(燃烧的火球),마법서_(파이어볼)_194.png,https://assets.playnccdn.com/static-lineageclassic-gamedata/resources/ItemIcon/249.png
item,195,마법서 (인챈트 덱스터리티),魔法書(通暢氣脈術),魔法书(通畅气脉术),마법서_(인챈트_덱스터리티)_195.png,https://assets.playnccdn.com/static-lineageclassic-gamedata/resources/ItemIcon/249.png
item,196,마법서 (웨폰 브레이크),魔法書(壞物術),魔法书(坏物术),마법서_(웨폰_브레이크)_196.png,https://assets.playnccdn.com/static-lineageclassic-gamedata/resources/ItemIcon/254.png
item,197,마법서 (뱀파이어릭 터치),魔法書(吸血鬼之吻),魔法书(吸血鬼之吻),마법서_(뱀파이어릭_터치)_197.png,https://assets.playnccdn.com/static-lineageclassic-gamedata/resources/ItemIcon/254.png
item,198,마법서 (슬로우),魔法書(緩速術),魔法书(缓速术),마법서_(슬로우)_198.png,https://assets.playnccdn.com/static-lineageclassic-gamedata/resources/ItemIcon/249.png
item,199,마법서 (커스: 패럴라이즈),魔法書(木乃伊的詛咒),魔法书(木乃伊的诅咒),마법서_(커스__패럴라이즈)_199.png,https://assets.playnccdn.com/static-lineageclassic-gamedata/resources/ItemIcon/255.png
item,200,마법서 (콜 라이트닝),魔法書(極道落雷),魔法书(极道落雷),마법서_(콜_라이트닝)_200.png,https://assets.playnccdn.com/static-lineageclassic-gamedata/resources/ItemIcon/250.png
item,201,마법서 (그레이터 힐),魔法書(高級治癒術),魔法书(高级治愈术),마법서_(그레이터_힐)_201.png,https://assets.playnccdn.com/static-lineageclassic-gamedata/resources/ItemIcon/250.png
item,202,마법서 (테이밍 몬스터),魔法書(迷魅術),魔法书(迷魅术),마법서_(테이밍_몬스터)_202.png,https://assets.playnccdn.com/static-lineageclassic-gamedata/resources/ItemIcon/250.png
item,203,마법서 (리무브 커스),魔法書(聖潔之光),魔法书(圣洁之光),마법서_(리무브_커스)_203.png,https://assets.playnccdn.com/static-lineageclassic-gamedata/resources/ItemIcon/250.png
item,204,마법서 (크리에이트 좀비),魔法書(造屍術),魔法书(造尸术),마법서_(크리에이트_좀비)_204.png,https://assets.playnccdn.com/static-lineageclassic-gamedata/resources/ItemIcon/255.png
item,205,마법서 (인챈트 마이티),魔法書(體魄強健術),魔法书(体魄强健术),마법서_(인챈트_마이티)_205.png,https://assets.playnccdn.com/static-lineageclassic-gamedata/resources/ItemIcon/250.png
item,206,마법서 (헤이스트),魔法書(加速術),魔法书(加速术),마법서_(헤이스트)_206.png,https://assets.playnccdn.com/static-lineageclassic-gamedata/resources/ItemIcon/250.png
item,207,마법서 (캔슬레이션),魔法書(魔法相消術),魔法书(魔法相消术),마법서_(캔슬레이션)_207.png,https://assets.playnccdn.com/static-lineageclassic-gamedata/resources/ItemIcon/250.png
item,208,마법서 (이럽션),魔法書(地裂術),魔法书(地裂术),마법서_(이럽션)_208.png,https://assets.playnccdn.com/static-lineageclassic-gamedata/resources/ItemIcon/250.png
item,209,마법서 (힐 올),魔法書(體力回復術),魔法书(体力回复术),마법서_(힐_올)_209.png,https://assets.playnccdn.com/static-lineageclassic-gamedata/resources/ItemIcon/251.png
item,210,마법서 (아이스 랜스),魔法書(冰矛圍籬),魔法书(冰矛围篱),마법서_(아이스_랜스)_210.png,https://assets.playnccdn.com/static-lineageclassic-gamedata/resources/ItemIcon/251.png
item,211,마법서 (서먼 몬스터),魔法書(召喚術),魔法书(召唤术),마법서_(서먼_몬스터)_211.png,https://assets.playnccdn.com/static-lineageclassic-gamedata/resources/ItemIcon/256.png
item,212,마법서 (홀리 워크),魔法書(神聖疾走),魔法书(神圣疾走),마법서_(홀리_워크)_212.png,https://assets.playnccdn.com/static-lineageclassic-gamedata/resources/ItemIcon/251.png
item,213,마법서 (토네이도),魔法書(龍捲風),魔法书(龙卷风),마법서_(토네이도)_213.png,https://assets.playnccdn.com/static-lineageclassic-gamedata/resources/ItemIcon/251.png
item,214,마법서 (풀 힐),魔法書(全部治癒術),魔法书(全部治愈术),마법서_(풀_힐)_214.png,https://assets.playnccdn.com/static-lineageclassic-gamedata/resources/ItemIcon/251.png
item,216,마법서 (블리자드),魔法書(冰雪暴),魔法书(冰雪暴),마법서_(블리자드)_216.png,https://assets.playnccdn.com/static-lineageclassic-gamedata/resources/ItemIcon/256.png
item,217,마법서 (인비지블리티),魔法書(隱身術),魔法书(隐身术),마법서_(인비지블리티)_217.png,https://assets.playnccdn.com/static-lineageclassic-gamedata/resources/ItemIcon/251.png
item,218,마법서 (리절렉션),魔法書(返生術),魔法书(返生术),마법서_(리절렉션)_218.png,https://assets.playnccdn.com/static-lineageclassic-gamedata/resources/ItemIcon/251.png
item,219,마법서 (라이트닝 스톰),魔法書(雷霆風暴),魔法书(雷霆风暴),마법서_(라이트닝_스톰)_219.png,https://assets.playnccdn.com/static-lineageclassic-gamedata/resources/ItemIcon/252.png
item,220,마법서 (포그 오브 슬리핑),魔法書(沉睡之霧),魔法书(沉睡之雾),마법서_(포그_오브_슬리핑)_220.png,https://assets.playnccdn.com/static-lineageclassic-gamedata/resources/ItemIcon/257.png
item,222,마법서 (이뮨 투 함),魔法書(聖結界),魔法书(圣结界),마법서_(이뮨_투_함)_222.png,https://assets.playnccdn.com/static-lineageclassic-gamedata/resources/ItemIcon/252.png
item,223,마법서 (매스 텔레포트),魔法書(集體傳送術),魔法书(集体传送术),마법서_(매스_텔레포트)_223.png,https://assets.playnccdn.com/static-lineageclassic-gamedata/resources/ItemIcon/252.png
item,225,마법서 (미티어 스트라이크),魔法書(流星雨),魔法书(流星雨),마법서_(미티어_스트라이크)_225.png,https://assets.playnccdn.com/static-lineageclassic-gamedata/resources/ItemIcon/252.png
item,229,투구,頭盔,头盔,투구_229.png,https://assets.playnccdn.com/static-lineageclassic-gamedata/resources/ItemIcon/1204.png
item,230,참나무 지팡이,橡木魔法杖,橡木魔法杖,참나무_지팡이_230.png,https://assets.playnccdn.com/static-lineageclassic-gamedata/resources/ItemIcon/291.png
item,231,마법사의 지팡이,美基魔法杖,美基魔法杖,마법사의_지팡이_231.png,https://assets.playnccdn.com/static-lineageclassic-gamedata/resources/ItemIcon/297.png
item,232,마력의 지팡이,巫術魔法杖,巫术魔法杖,마력의_지팡이_232.png,https://assets.playnccdn.com/static-lineageclassic-gamedata/resources/ItemIcon/292.png
item,233,힘의 지팡이,力量魔法杖,力量魔法杖,힘의_지팡이_233.png,https://assets.playnccdn.com/static-lineageclassic-gamedata/resources/ItemIcon/293.png
item,234,무명 로브,綿質長袍,绵质长袍,무명_로브_234.png,https://assets.playnccdn.com/static-lineageclassic-gamedata/resources/ItemIcon/287.png
item,235,다마스커스 검,大馬士革刀,大马士革刀,다마스커스_검_235.png,https://assets.playnccdn.com/static-lineageclassic-gamedata/resources/ItemIcon/298.png
item,243,편지지,信紙,信纸,편지지_243.png,https://assets.playnccdn.com/static-lineageclassic-gamedata/resources/ItemIcon/464.png
item,244,작은 활,短弓,短弓,작은_활_244.png,https://assets.playnccdn.com/static-lineageclassic-gamedata/resources/ItemIcon/20.png
item,245,판의 갈기털,潘的鬃毛,潘的鬃毛,판의_갈기털_245.png,https://assets.playnccdn.com/static-lineageclassic-gamedata/resources/ItemIcon/314.png
item,246,미스릴 원석,粗糙的米索莉塊,粗糙的米索莉块,미스릴_원석_246.png,https://assets.playnccdn.com/static-lineageclassic-gamedata/resources/ItemIcon/320.png
item,247,정령의 돌,元素石,元素石,정령의_돌_247.png,https://assets.playnccdn.com/static-lineageclassic-gamedata/resources/ItemIcon/235.png
item,248,엔트의 줄기,安特的樹枝,安特的树枝,엔트의_줄기_248.png,https://assets.playnccdn.com/static-lineageclassic-gamedata/resources/ItemIcon/309.png
item,249,버섯포자의 즙,蘑菇汁,蘑菇汁,버섯포자의_즙_249.png,https://assets.playnccdn.com/static-lineageclassic-gamedata/resources/ItemIcon/82.png
item,250,오우거의 피,食人巨魔的血,食人巨魔的血,오우거의_피_250.png,https://assets.playnccdn.com/static-lineageclassic-gamedata/resources/ItemIcon/324.png
item,251,실,線,线,실_251.png,https://assets.playnccdn.com/static-lineageclassic-gamedata/resources/ItemIcon/326.png
item,252,미스릴,純粹的米索莉塊,纯粹的米索莉块,미스릴_252.png,https://assets.playnccdn.com/static-lineageclassic-gamedata/resources/ItemIcon/318.png
item,253,페어리 더스트,精靈粉末,精灵粉末,페어리_더스트_253.png,https://assets.playnccdn.com/static-lineageclassic-gamedata/resources/ItemIcon/312.png
item,254,아라크네의 거미줄,芮克妮的網,芮克妮的网,아라크네의_거미줄_254.png,https://assets.playnccdn.com/static-lineageclassic-gamedata/resources/ItemIcon/308.png
item,255,엔트의 껍질,安特的樹皮,安特的树皮,엔트의_껍질_255.png,https://assets.playnccdn.com/static-lineageclassic-gamedata/resources/ItemIcon/311.png
item,256,오리하루콘,奧里哈魯根,奥里哈鲁根,오리하루콘_256.png,https://assets.playnccdn.com/static-lineageclassic-gamedata/resources/ItemIcon/319.png
item,257,미스릴 실,米索莉線,米索莉线,미스릴_실_257.png,https://assets.playnccdn.com/static-lineageclassic-gamedata/resources/ItemIcon/307.png
item,258,미스릴 화살,米索莉箭,米索莉箭,미스릴_화살_258.png,https://assets.playnccdn.com/static-lineageclassic-gamedata/resources/ItemIcon/96.png
item,259,아라크네의 허물,芮克妮的蛻皮,芮克妮的蜕皮,아라크네의_허물_259.png,https://assets.playnccdn.com/static-lineageclassic-gamedata/resources/ItemIcon/306.png
item,260,활 골무,腕甲,腕甲,활_골무_260.png,https://assets.playnccdn.com/static-lineageclassic-gamedata/resources/ItemIcon/327.png
item,261,페어리의 날개,精靈羽翼,精灵羽翼,페어리의_날개_261.png,https://assets.playnccdn.com/static-lineageclassic-gamedata/resources/ItemIcon/313.png
item,262,마법의 플룻,魔法笛子,魔法笛子,마법의_플룻_262.png,https://assets.playnccdn.com/static-lineageclassic-gamedata/resources/ItemIcon/43.png
item,263,나무방패,木盾,木盾,나무방패_263.png,https://assets.playnccdn.com/static-lineageclassic-gamedata/resources/ItemIcon/97.png
item,264,미스릴 판금,米索莉金屬板,米索莉金属板,미스릴_판금_264.png,https://assets.playnccdn.com/static-lineageclassic-gamedata/resources/ItemIcon/329.png
item,265,오리하루콘 판금,奧里哈魯根金屬板,奥里哈鲁根金属板,오리하루콘_판금_265.png,https://assets.playnccdn.com/static-lineageclassic-gamedata/resources/ItemIcon/330.png
item,266,나무 갑옷,木甲,木甲,나무_갑옷_266.png,https://assets.playnccdn.com/static-lineageclassic-gamedata/resources/ItemIcon/109.png
item,267,요정족 흉갑,精靈護胸金屬板,精灵护胸金属板,요정족_흉갑_267.png,https://assets.playnccdn.com/static-lineageclassic-gamedata/resources/ItemIcon/302.png
item,268,판의 뿔,潘的角,潘的角,판의_뿔_268.png,https://assets.playnccdn.com/static-lineageclassic-gamedata/resources/ItemIcon/317.png
item,269,크로스 보우,十字弓,十字弓,크로스_보우_269.png,https://assets.playnccdn.com/static-lineageclassic-gamedata/resources/ItemIcon/305.png
item,270,단검신,短劍的劍身,短剑的剑身,단검신_270.png,https://assets.playnccdn.com/static-lineageclassic-gamedata/resources/ItemIcon/322.png
item,271,장검신,長劍的劍身,长剑的剑身,장검신_271.png,https://assets.playnccdn.com/static-lineageclassic-gamedata/resources/ItemIcon/321.png
item,272,오리하루콘 검신,奧里哈魯根的劍身,奥里哈鲁根的剑身,오리하루콘_검신_272.png,https://assets.playnccdn.com/static-lineageclassic-gamedata/resources/ItemIcon/321.png
item,273,요정족 판금 갑옷,精靈金屬盔甲,精灵金属盔甲,요정족_판금_갑옷_273.png,https://assets.playnccdn.com/static-lineageclassic-gamedata/resources/ItemIcon/275.png
item,274,레이피어,細劍,细剑,레이피어_274.png,https://assets.playnccdn.com/static-lineageclassic-gamedata/resources/ItemIcon/104.png
item,275,엘름의 축복,艾爾穆的祝福,艾尔穆的祝福,엘름의_축복_275.png,https://assets.playnccdn.com/static-lineageclassic-gamedata/resources/ItemIcon/267.png
item,276,미스릴 도금 뿔,覆上米索莉的角,覆上米索莉的角,미스릴_도금_뿔_276.png,https://assets.playnccdn.com/static-lineageclassic-gamedata/resources/ItemIcon/315.png
item,277,오리하루콘 도금 뿔,覆上奧里哈魯根的角,覆上奥里哈鲁根的角,오리하루콘_도금_뿔_277.png,https://assets.playnccdn.com/static-lineageclassic-gamedata/resources/ItemIcon/316.png
item,278,메일 브레이커,鎖子甲破壞者,锁子甲破坏者,메일_브레이커_278.png,https://assets.playnccdn.com/static-lineageclassic-gamedata/resources/ItemIcon/276.png
item,279,엔트의 열매,安特的水果,安特的水果,엔트의_열매_279.png,https://assets.playnccdn.com/static-lineageclassic-gamedata/resources/ItemIcon/126.png
item,280,파워 글로브,力量手套,力量手套,파워_글로브_280.png,https://assets.playnccdn.com/static-lineageclassic-gamedata/resources/ItemIcon/328.png
item,281,요정족 사슬 갑옷,精靈鏈甲,精灵链甲,요정족_사슬_갑옷_281.png,https://assets.playnccdn.com/static-lineageclassic-gamedata/resources/ItemIcon/281.png
item,283,나무 줄기 옷,木製的夾克,木制的夹克,나무_줄기_옷_283.png,https://assets.playnccdn.com/static-lineageclassic-gamedata/resources/ItemIcon/51.png
item,289,은기사의 방패,銀騎士之盾,银骑士之盾,은기사의_방패_289.png,https://assets.playnccdn.com/static-lineageclassic-gamedata/resources/ItemIcon/332.png
item,291,마법의 투구: 치유,治癒魔法頭盔,治愈魔法头盔,마법의_투구__치유_291.png,https://assets.playnccdn.com/static-lineageclassic-gamedata/resources/ItemIcon/167.png
item,292,마법의 투구: 신속,敏捷魔法頭盔,敏捷魔法头盔,마법의_투구__신속_292.png,https://assets.playnccdn.com/static-lineageclassic-gamedata/resources/ItemIcon/168.png
item,293,마법의 투구: 힘,力量魔法頭盔,力量魔法头盔,마법의_투구__힘_293.png,https://assets.playnccdn.com/static-lineageclassic-gamedata/resources/ItemIcon/170.png
item,296,용기의 물약,勇敢藥水,勇敢药水,용기의_물약_296.png,https://assets.playnccdn.com/static-lineageclassic-gamedata/resources/ItemIcon/79.png
item,297,지혜의 물약,慎重藥水,慎重药水,지혜의_물약_297.png,https://assets.playnccdn.com/static-lineageclassic-gamedata/resources/ItemIcon/1529.png
item,299,변신 주문서,變形卷軸,变形卷轴,변신_주문서_299.png,https://assets.playnccdn.com/static-lineageclassic-gamedata/resources/ItemIcon/472.png
item,306,완력의 목걸이,力量項鍊,力量项链,완력의_목걸이_306.png,https://assets.playnccdn.com/static-lineageclassic-gamedata/resources/ItemIcon/304.png
item,307,민첩의 목걸이,敏捷項鍊,敏捷项链,민첩의_목걸이_307.png,https://assets.playnccdn.com/static-lineageclassic-gamedata/resources/ItemIcon/304.png
item,308,체력의 목걸이,體質項鍊,体质项链,체력의_목걸이_308.png,https://assets.playnccdn.com/static-lineageclassic-gamedata/resources/ItemIcon/304.png
item,309,지식의 목걸이,智力項鍊,智力项链,지식의_목걸이_309.png,https://assets.playnccdn.com/static-lineageclassic-gamedata/resources/ItemIcon/304.png
item,310,지혜의 목걸이,精神項鍊,精神项链,지혜의_목걸이_310.png,https://assets.playnccdn.com/static-lineageclassic-gamedata/resources/ItemIcon/304.png
item,311,매력의 목걸이,魅力項鍊,魅力项链,매력의_목걸이_311.png,https://assets.playnccdn.com/static-lineageclassic-gamedata/resources/ItemIcon/304.png
item,314,오크 투사의 목걸이,妖魔戰士護身符,妖魔战士护身符,오크_투사의_목걸이_314.png,https://assets.playnccdn.com/static-lineageclassic-gamedata/resources/ItemIcon/436.png
item,317,가죽모자,皮帽子,皮帽子,가죽모자_317.png,https://assets.playnccdn.com/static-lineageclassic-gamedata/resources/ItemIcon/451.png
item,318,징박은 가죽모자,銀釘皮帽,银钉皮帽,징박은_가죽모자_318.png,https://assets.playnccdn.com/static-lineageclassic-gamedata/resources/ItemIcon/445.png
item,319,가죽투구,皮頭盔,皮头盔,가죽투구_319.png,https://assets.playnccdn.com/static-lineageclassic-gamedata/resources/ItemIcon/456.png
item,320,해골투구,骷髏頭盔,骷髅头盔,해골투구_320.png,https://assets.playnccdn.com/static-lineageclassic-gamedata/resources/ItemIcon/453.png
item,321,가죽샌달,皮涼鞋,皮凉鞋,가죽샌달_321.png,https://assets.playnccdn.com/static-lineageclassic-gamedata/resources/ItemIcon/452.png
item,322,징박은 가죽샌달,銀釘皮涼鞋,银钉皮凉鞋,징박은_가죽샌달_322.png,https://assets.playnccdn.com/static-lineageclassic-gamedata/resources/ItemIcon/447.png
item,323,가죽부츠,皮長靴,皮长靴,가죽부츠_323.png,https://assets.playnccdn.com/static-lineageclassic-gamedata/resources/ItemIcon/461.png
item,324,가죽방패,皮盾牌,皮盾牌,가죽방패_324.png,https://assets.playnccdn.com/static-lineageclassic-gamedata/resources/ItemIcon/449.png
item,325,징박은 가죽방패,銀釘皮盾,银钉皮盾,징박은_가죽방패_325.png,https://assets.playnccdn.com/static-lineageclassic-gamedata/resources/ItemIcon/450.png
item,326,골각방패,骷髏盾牌,骷髅盾牌,골각방패_326.png,https://assets.playnccdn.com/static-lineageclassic-gamedata/resources/ItemIcon/457.png
item,327,가죽조끼,皮背心,皮背心,가죽조끼_327.png,https://assets.playnccdn.com/static-lineageclassic-gamedata/resources/ItemIcon/459.png
item,328,벨트달린 가죽조끼,皮盔甲,皮盔甲,벨트달린_가죽조끼_328.png,https://assets.playnccdn.com/static-lineageclassic-gamedata/resources/ItemIcon/460.png
item,329,징박은 가죽조끼,銀釘皮背心,银钉皮背心,징박은_가죽조끼_329.png,https://assets.playnccdn.com/static-lineageclassic-gamedata/resources/ItemIcon/458.png
item,330,중갑가죽조끼,硬皮背心,硬皮背心,중갑가죽조끼_330.png,https://assets.playnccdn.com/static-lineageclassic-gamedata/resources/ItemIcon/462.png
item,331,뼈갑옷,骷髏盔甲,骷髅盔甲,뼈갑옷_331.png,https://assets.playnccdn.com/static-lineageclassic-gamedata/resources/ItemIcon/448.png
item,332,동물가죽,皮革,皮革,동물가죽_332.png,https://assets.playnccdn.com/static-lineageclassic-gamedata/resources/ItemIcon/446.png
item,333,철괴,金屬塊,金属块,철괴_333.png,https://assets.playnccdn.com/static-lineageclassic-gamedata/resources/ItemIcon/454.png
item,334,벨트,皮帶,皮带,벨트_334.png,https://assets.playnccdn.com/static-lineageclassic-gamedata/resources/ItemIcon/264.png
item,335,고급피혁,高級皮革,高级皮革,고급피혁_335.png,https://assets.playnccdn.com/static-lineageclassic-gamedata/resources/ItemIcon/455.png
item,336,뼈조각,骨頭碎片,骨头碎片,뼈조각_336.png,https://assets.playnccdn.com/static-lineageclassic-gamedata/resources/ItemIcon/444.png
item,337,대검,巨劍,巨剑,대검_337.png,https://assets.playnccdn.com/static-lineageclassic-gamedata/resources/ItemIcon/463.png
item,342,마나의 지팡이,瑪那魔杖,玛那魔杖,마나의_지팡이_342.png,https://assets.playnccdn.com/static-lineageclassic-gamedata/resources/ItemIcon/293.png
item,343,펫 호루라기,哨子,哨子,펫_호루라기_343.png,https://assets.playnccdn.com/static-lineageclassic-gamedata/resources/ItemIcon/477.png
item,348,숫돌,磨刀石,磨刀石,숫돌_348.png,https://assets.playnccdn.com/static-lineageclassic-gamedata/resources/ItemIcon/478.png
item,357,혈맹 편지지,血盟信紙,血盟信纸,혈맹_편지지_357.png,https://assets.playnccdn.com/static-lineageclassic-gamedata/resources/ItemIcon/464.png
item,358,은장검,銀長劍,银长剑,은장검_358.png,https://assets.playnccdn.com/static-lineageclassic-gamedata/resources/ItemIcon/163.png
item,359,은검,銀劍,银剑,은검_359.png,https://assets.playnccdn.com/static-lineageclassic-gamedata/resources/ItemIcon/156.png
item,360,은도끼,銀斧,银斧,은도끼_360.png,https://assets.playnccdn.com/static-lineageclassic-gamedata/resources/ItemIcon/173.png
item,361,펫 목걸이,項圈,项圈,펫_목걸이_361.png,https://assets.playnccdn.com/static-lineageclassic-gamedata/resources/ItemIcon/487.png
item,362,사탕,糖果,糖果,사탕_362.png,https://assets.playnccdn.com/static-lineageclassic-gamedata/resources/ItemIcon/488.png
item,365,강철 장갑,鋼鐵手套,钢铁手套,강철_장갑_365.png,https://assets.playnccdn.com/static-lineageclassic-gamedata/resources/ItemIcon/506.png
item,366,강철 면갑,鋼鐵頭盔,钢铁头盔,강철_면갑_366.png,https://assets.playnccdn.com/static-lineageclassic-gamedata/resources/ItemIcon/507.png
item,367,강철 방패,鋼鐵盾牌,钢铁盾牌,강철_방패_367.png,https://assets.playnccdn.com/static-lineageclassic-gamedata/resources/ItemIcon/508.png
item,368,강철 부츠,鋼鐵長靴,钢铁长靴,강철_부츠_368.png,https://assets.playnccdn.com/static-lineageclassic-gamedata/resources/ItemIcon/509.png
item,369,강철 판금 갑옷,鋼鐵金屬盔甲,钢铁金属盔甲,강철_판금_갑옷_369.png,https://assets.playnccdn.com/static-lineageclassic-gamedata/resources/ItemIcon/510.png
item,376,파란 옷감,藍色布料,蓝色布料,파란_옷감_376.png,https://assets.playnccdn.com/static-lineageclassic-gamedata/resources/ItemIcon/517.png
item,378,붉은 옷감,紅色布料,红色布料,붉은_옷감_378.png,https://assets.playnccdn.com/static-lineageclassic-gamedata/resources/ItemIcon/519.png
item,379,하얀 옷감,白色布料,白色布料,하얀_옷감_379.png,https://assets.playnccdn.com/static-lineageclassic-gamedata/resources/ItemIcon/520.png
item,382,강철 원석,鋼鐵原石,钢铁原石,강철_원석_382.png,https://assets.playnccdn.com/static-lineageclassic-gamedata/resources/ItemIcon/523.png
item,385,마법사 모자,法師之帽,法师之帽,마법사_모자_385.png,https://assets.playnccdn.com/static-lineageclassic-gamedata/resources/ItemIcon/526.png
item,386,마법사 옷,法師長袍,法师长袍,마법사_옷_386.png,https://assets.playnccdn.com/static-lineageclassic-gamedata/resources/ItemIcon/527.png
item,388,사냥꾼 활,獵人之弓,猎人之弓,사냥꾼_활_388.png,https://assets.playnccdn.com/static-lineageclassic-gamedata/resources/ItemIcon/279.png
item,403,수룡 비늘 갑옷,水龍鱗盔甲,水龙鳞盔甲,수룡_비늘_갑옷_403.png,https://assets.playnccdn.com/static-lineageclassic-gamedata/resources/ItemIcon/539.png
item,404,지룡 비늘 갑옷,地龍鱗盔甲,地龙鳞盔甲,지룡_비늘_갑옷_404.png,https://assets.playnccdn.com/static-lineageclassic-gamedata/resources/ItemIcon/540.png
item,405,화룡 비늘 갑옷,火龍鱗盔甲,火龙鳞盔甲,화룡_비늘_갑옷_405.png,https://assets.playnccdn.com/static-lineageclassic-gamedata/resources/ItemIcon/541.png
item,406,풍룡 비늘 갑옷,風龍鱗盔甲,风龙鳞盔甲,풍룡_비늘_갑옷_406.png,https://assets.playnccdn.com/static-lineageclassic-gamedata/resources/ItemIcon/542.png
item,407,수룡 비늘,水龍鱗,水龙鳞,수룡_비늘_407.png,https://assets.playnccdn.com/static-lineageclassic-gamedata/resources/ItemIcon/547.png
item,408,지룡 비늘,地龍鱗,地龙鳞,지룡_비늘_408.png,https://assets.playnccdn.com/static-lineageclassic-gamedata/resources/ItemIcon/548.png
item,409,화룡 비늘,火龍鱗,火龙鳞,화룡_비늘_409.png,https://assets.playnccdn.com/static-lineageclassic-gamedata/resources/ItemIcon/549.png
item,410,풍룡 비늘,風龍鱗,风龙鳞,풍룡_비늘_410.png,https://assets.playnccdn.com/static-lineageclassic-gamedata/resources/ItemIcon/550.png
item,415,빈 주문서(레벨 1),空的魔法卷軸(等級1),空的魔法卷轴(等级1),빈_주문서(레벨_1)_415.png,https://assets.playnccdn.com/static-lineageclassic-gamedata/resources/ItemIcon/859.png
item,417,에바의 축복,伊娃的祝福,伊娃的祝福,에바의_축복_417.png,https://assets.playnccdn.com/static-lineageclassic-gamedata/resources/ItemIcon/557.png
item,418,인어의 비늘,人魚之鱗,人鱼之鳞,인어의_비늘_418.png,https://assets.playnccdn.com/static-lineageclassic-gamedata/resources/ItemIcon/556.png
item,429,아시타지오의 재,阿西塔基奧的灰燼,阿西塔基奥的灰烬,아시타지오의_재_429.png,https://assets.playnccdn.com/static-lineageclassic-gamedata/resources/ItemIcon/591.png
item,492,파란 물약,藍色藥水,蓝色药水,파란_물약_492.png,https://assets.playnccdn.com/static-lineageclassic-gamedata/resources/ItemIcon/75.png
item,495,강화 초록 물약,強化自我加速藥水,强化自我加速药水,강화_초록_물약_495.png,https://assets.playnccdn.com/static-lineageclassic-gamedata/resources/ItemIcon/621.png
item,496,항마의 반지,抗魔戒指,抗魔戒指,항마의_반지_496.png,https://assets.playnccdn.com/static-lineageclassic-gamedata/resources/ItemIcon/625.png
item,497,멸마의 반지,滅魔戒指,灭魔戒指,멸마의_반지_497.png,https://assets.playnccdn.com/static-lineageclassic-gamedata/resources/ItemIcon/626.png
item,498,화령의 반지,火靈戒指,火灵戒指,화령의_반지_498.png,https://assets.playnccdn.com/static-lineageclassic-gamedata/resources/ItemIcon/628.png
item,499,수령의 반지,水靈戒指,水灵戒指,수령의_반지_499.png,https://assets.playnccdn.com/static-lineageclassic-gamedata/resources/ItemIcon/629.png
item,500,지령의 반지,地靈戒指,地灵戒指,지령의_반지_500.png,https://assets.playnccdn.com/static-lineageclassic-gamedata/resources/ItemIcon/627.png
item,501,풍령의 반지,風靈戒指,风灵戒指,풍령의_반지_501.png,https://assets.playnccdn.com/static-lineageclassic-gamedata/resources/ItemIcon/630.png
item,502,낡은 신체의 벨트,老舊的身體皮帶,老旧的身体皮带,낡은_신체의_벨트_502.png,https://assets.playnccdn.com/static-lineageclassic-gamedata/resources/ItemIcon/631.png
item,503,낡은 정신의 벨트,老舊的精神腰帶,老旧的精神腰带,낡은_정신의_벨트_503.png,https://assets.playnccdn.com/static-lineageclassic-gamedata/resources/ItemIcon/632.png
item,504,낡은 영혼의 벨트,老舊的靈魂皮帶,老旧的灵魂皮带,낡은_영혼의_벨트_504.png,https://assets.playnccdn.com/static-lineageclassic-gamedata/resources/ItemIcon/633.png
item,505,신체의 벨트,身體腰帶,身体腰带,신체의_벨트_505.png,https://assets.playnccdn.com/static-lineageclassic-gamedata/resources/ItemIcon/634.png
item,506,정신의 벨트,精神腰帶,精神腰带,정신의_벨트_506.png,https://assets.playnccdn.com/static-lineageclassic-gamedata/resources/ItemIcon/635.png
item,507,영혼의 벨트,靈魂腰帶,灵魂腰带,영혼의_벨트_507.png,https://assets.playnccdn.com/static-lineageclassic-gamedata/resources/ItemIcon/636.png
item,508,낡은 완력의 목걸이,老舊的力量項鍊,老旧的力量项链,낡은_완력의_목걸이_508.png,https://assets.playnccdn.com/static-lineageclassic-gamedata/resources/ItemIcon/637.png
item,509,낡은 민첩의 목걸이,老舊的敏捷項鍊,老旧的敏捷项链,낡은_민첩의_목걸이_509.png,https://assets.playnccdn.com/static-lineageclassic-gamedata/resources/ItemIcon/638.png
item,510,낡은 체력의 목걸이,老舊的體質項鍊,老旧的体质项链,낡은_체력의_목걸이_510.png,https://assets.playnccdn.com/static-lineageclassic-gamedata/resources/ItemIcon/639.png
item,511,낡은 지식의 목걸이,老舊的智力項鍊,老旧的智力项链,낡은_지식의_목걸이_511.png,https://assets.playnccdn.com/static-lineageclassic-gamedata/resources/ItemIcon/640.png
item,512,낡은 지혜의 목걸이,老舊的精神項鍊,老旧的精神项链,낡은_지혜의_목걸이_512.png,https://assets.playnccdn.com/static-lineageclassic-gamedata/resources/ItemIcon/641.png
item,513,낡은 매력의 목걸이,老舊的魅力項鍊,老旧的魅力项链,낡은_매력의_목걸이_513.png,https://assets.playnccdn.com/static-lineageclassic-gamedata/resources/ItemIcon/642.png
item,515,마법서 (아이스 대거),魔法書(冰箭),魔法书(冰箭),마법서_(아이스_대거)_515.png,https://assets.playnccdn.com/static-lineageclassic-gamedata/resources/ItemIcon/248.png
item,516,마법서 (윈드 커터),魔法書(風刃),魔法书(风刃),마법서_(윈드_커터)_516.png,https://assets.playnccdn.com/static-lineageclassic-gamedata/resources/ItemIcon/248.png
item,517,마법서 (파이어 애로우),魔法書(火箭),魔法书(火箭),마법서_(파이어_애로우)_517.png,https://assets.playnccdn.com/static-lineageclassic-gamedata/resources/ItemIcon/248.png
item,518,마법서 (스탈락),魔法書(地獄之牙),魔法书(地狱之牙),마법서_(스탈락)_518.png,https://assets.playnccdn.com/static-lineageclassic-gamedata/resources/ItemIcon/248.png
item,519,마법서 (프로즌 클라우드),魔法書(寒冰氣息),魔法书(寒冰气息),마법서_(프로즌_클라우드)_519.png,https://assets.playnccdn.com/static-lineageclassic-gamedata/resources/ItemIcon/249.png
item,520,마법서 (어스 재일),魔法書(岩牢),魔法书(岩牢),마법서_(어스_재일)_520.png,https://assets.playnccdn.com/static-lineageclassic-gamedata/resources/ItemIcon/249.png
item,521,마법서 (콘 오브 콜드),魔法書(冰錐),魔法书(冰锥),마법서_(콘_오브_콜드)_521.png,https://assets.playnccdn.com/static-lineageclassic-gamedata/resources/ItemIcon/250.png
item,522,마법서 (선 버스트),魔法書(烈炎術),魔法书(烈炎术),마법서_(선_버스트)_522.png,https://assets.playnccdn.com/static-lineageclassic-gamedata/resources/ItemIcon/250.png
item,523,마법서 (그레이터 헤이스트),魔法書(強力加速術),魔法书(强力加速术),마법서_(그레이터_헤이스트)_523.png,https://assets.playnccdn.com/static-lineageclassic-gamedata/resources/ItemIcon/251.png
item,524,마법서 (어스 퀘이크),魔法書(震裂術),魔法书(震裂术),마법서_(어스_퀘이크)_524.png,https://assets.playnccdn.com/static-lineageclassic-gamedata/resources/ItemIcon/251.png
item,525,마법서 (파이어 스톰),魔法書(火風暴),魔法书(火风暴),마법서_(파이어_스톰)_525.png,https://assets.playnccdn.com/static-lineageclassic-gamedata/resources/ItemIcon/252.png
item,545,돌 장갑,石製手套,石制手套,돌_장갑_545.png,https://assets.playnccdn.com/static-lineageclassic-gamedata/resources/ItemIcon/712.png
item,547,수정 장갑,水晶手套,水晶手套,수정_장갑_547.png,https://assets.playnccdn.com/static-lineageclassic-gamedata/resources/ItemIcon/707.png
item,551,수중 부츠,深水長靴,深水长靴,수중_부츠_551.png,https://assets.playnccdn.com/static-lineageclassic-gamedata/resources/ItemIcon/704.png
item,556,데스나이트의 장갑,死亡騎士手套,死亡骑士手套,데스나이트의_장갑_556.png,https://assets.playnccdn.com/static-lineageclassic-gamedata/resources/ItemIcon/708.png
item,557,데스나이트의 갑옷,死亡騎士盔甲,死亡骑士盔甲,데스나이트의_갑옷_557.png,https://assets.playnccdn.com/static-lineageclassic-gamedata/resources/ItemIcon/695.png
item,558,데스나이트의 부츠,死亡騎士長靴,死亡骑士长靴,데스나이트의_부츠_558.png,https://assets.playnccdn.com/static-lineageclassic-gamedata/resources/ItemIcon/701.png
item,559,데스나이트의 투구,死亡騎士頭盔,死亡骑士头盔,데스나이트의_투구_559.png,https://assets.playnccdn.com/static-lineageclassic-gamedata/resources/ItemIcon/713.png
item,565,트롤의 벨트,多羅皮帶,多罗皮带,트롤의_벨트_565.png,https://assets.playnccdn.com/static-lineageclassic-gamedata/resources/ItemIcon/699.png
item,566,오우거의 벨트,歐吉皮帶,欧吉皮带,오우거의_벨트_566.png,https://assets.playnccdn.com/static-lineageclassic-gamedata/resources/ItemIcon/697.png
item,567,타이탄의 벨트,泰坦皮帶,泰坦皮带,타이탄의_벨트_567.png,https://assets.playnccdn.com/static-lineageclassic-gamedata/resources/ItemIcon/698.png
item,568,사이하의 활,沙哈之弓,沙哈之弓,사이하의_활_568.png,https://assets.playnccdn.com/static-lineageclassic-gamedata/resources/ItemIcon/705.png
item,569,정령옥,精靈玉,精灵玉,정령옥_569.png,https://assets.playnccdn.com/static-lineageclassic-gamedata/resources/ItemIcon/706.png
item,570,정령의 수정 (레지스트 매직),精靈水晶(魔法防禦),精灵水晶(魔法防御),정령의_수정_(레지스트_매직)_570.png,https://assets.playnccdn.com/static-lineageclassic-gamedata/resources/ItemIcon/673.png
item,571,정령의 수정 (바디 투 마인드),精靈水晶(心靈轉換),精灵水晶(心灵转换),정령의_수정_(바디_투_마인드)_571.png,https://assets.playnccdn.com/static-lineageclassic-gamedata/resources/ItemIcon/673.png
item,572,정령의 수정 (텔레포트 투 마더),精靈水晶(世界樹的呼喚),精灵水晶(世界树的呼唤),정령의_수정_(텔레포트_투_마더)_572.png,https://assets.playnccdn.com/static-lineageclassic-gamedata/resources/ItemIcon/673.png
item,573,정령의 수정 (클리어 마인드),精靈水晶(淨化精神),精灵水晶(净化精神),정령의_수정_(클리어_마인드)_573.png,https://assets.playnccdn.com/static-lineageclassic-gamedata/resources/ItemIcon/674.png
item,574,정령의 수정 (레지스트 엘리멘트),精靈水晶(屬性防禦),精灵水晶(属性防御),정령의_수정_(레지스트_엘리멘트)_574.png,https://assets.playnccdn.com/static-lineageclassic-gamedata/resources/ItemIcon/674.png
item,575,정령의 수정 (리턴 투 네이처),精靈水晶(釋放元素),精灵水晶(释放元素),정령의_수정_(리턴_투_네이처)_575.png,https://assets.playnccdn.com/static-lineageclassic-gamedata/resources/ItemIcon/677.png
item,576,정령의 수정 (블러드 투 소울),精靈水晶(魂體轉換),精灵水晶(魂体转换),정령의_수정_(블러드_투_소울)_576.png,https://assets.playnccdn.com/static-lineageclassic-gamedata/resources/ItemIcon/677.png
item,577,정령의 수정 (프로텍션 프롬 엘리멘트),精靈水晶(單屬性防禦),精灵水晶(单属性防御),정령의_수정_(프로텍션_프롬_엘리멘트)_577.png,https://assets.playnccdn.com/static-lineageclassic-gamedata/resources/ItemIcon/677.png
item,578,정령의 수정 (파이어 웨폰),精靈水晶(火焰武器),精灵水晶(火焰武器),정령의_수정_(파이어_웨폰)_578.png,https://assets.playnccdn.com/static-lineageclassic-gamedata/resources/ItemIcon/675.png
item,579,정령의 수정 (윈드 샷),精靈水晶(風之神射),精灵水晶(风之神射),정령의_수정_(윈드_샷)_579.png,https://assets.playnccdn.com/static-lineageclassic-gamedata/resources/ItemIcon/679.png
item,580,정령의 수정 (윈드 워크),精靈水晶(風之疾走),精灵水晶(风之疾走),정령의_수정_(윈드_워크)_580.png,https://assets.playnccdn.com/static-lineageclassic-gamedata/resources/ItemIcon/679.png
item,581,정령의 수정 (어스 스킨),精靈水晶(大地防護),精灵水晶(大地防护),정령의_수정_(어스_스킨)_581.png,https://assets.playnccdn.com/static-lineageclassic-gamedata/resources/ItemIcon/676.png
item,582,정령의 수정 (인탱글),精靈水晶(地面障礙),精灵水晶(地面障碍),정령의_수정_(인탱글)_582.png,https://assets.playnccdn.com/static-lineageclassic-gamedata/resources/ItemIcon/676.png
item,583,정령의 수정 (이레이즈 매직),精靈水晶(魔法消除),精灵水晶(魔法消除),정령의_수정_(이레이즈_매직)_583.png,https://assets.playnccdn.com/static-lineageclassic-gamedata/resources/ItemIcon/682.png
item,584,정령의 수정 (서먼 레서 엘리멘탈),精靈水晶(召喚屬性精靈),精灵水晶(召唤属性精灵),정령의_수정_(서먼_레서_엘리멘탈)_584.png,https://assets.playnccdn.com/static-lineageclassic-gamedata/resources/ItemIcon/682.png
item,585,정령의 수정 (브레스 오브 파이어),精靈水晶(舞躍之火),精灵水晶(舞跃之火),정령의_수정_(브레스_오브_파이어)_585.png,https://assets.playnccdn.com/static-lineageclassic-gamedata/resources/ItemIcon/680.png
item,586,정령의 수정 (아이 오브 스톰),精靈水晶(暴風之眼),精灵水晶(暴风之眼),정령의_수정_(아이_오브_스톰)_586.png,https://assets.playnccdn.com/static-lineageclassic-gamedata/resources/ItemIcon/684.png
item,587,정령의 수정 (어스 바인드),精靈水晶(大地屏障),精灵水晶(大地屏障),정령의_수정_(어스_바인드)_587.png,https://assets.playnccdn.com/static-lineageclassic-gamedata/resources/ItemIcon/681.png
item,588,정령의 수정 (네이쳐스 터치),精靈水晶(生命之泉),精灵水晶(生命之泉),정령의_수정_(네이쳐스_터치)_588.png,https://assets.playnccdn.com/static-lineageclassic-gamedata/resources/ItemIcon/683.png
item,589,정령의 수정 (블레스 오브 어스),精靈水晶(大地的祝福),精灵水晶(大地的祝福),정령의_수정_(블레스_오브_어스)_589.png,https://assets.playnccdn.com/static-lineageclassic-gamedata/resources/ItemIcon/681.png
item,590,정령의 수정 (에어리어 오브 사일런스),精靈水晶(封印禁地),精灵水晶(封印禁地),정령의_수정_(에어리어_오브_사일런스)_590.png,https://assets.playnccdn.com/static-lineageclassic-gamedata/resources/ItemIcon/687.png
item,591,정령의 수정 (서먼 그레이터 엘리멘탈),精靈水晶(召喚強力屬性精靈),精灵水晶(召唤强力属性精灵),정령의_수정_(서먼_그레이터_엘리멘탈)_591.png,https://assets.playnccdn.com/static-lineageclassic-gamedata/resources/ItemIcon/687.png
item,592,정령의 수정 (버닝 웨폰),精靈水晶(烈炎武器),精灵水晶(烈炎武器),정령의_수정_(버닝_웨폰)_592.png,https://assets.playnccdn.com/static-lineageclassic-gamedata/resources/ItemIcon/685.png
item,593,정령의 수정 (네이쳐스 블레싱),精靈水晶(生命的祝福),精灵水晶(生命的祝福),정령의_수정_(네이쳐스_블레싱)_593.png,https://assets.playnccdn.com/static-lineageclassic-gamedata/resources/ItemIcon/688.png
item,595,정령의 수정 (스톰 샷),精靈水晶(暴風神射),精灵水晶(暴风神射),정령의_수정_(스톰_샷)_595.png,https://assets.playnccdn.com/static-lineageclassic-gamedata/resources/ItemIcon/689.png
item,597,정령의 수정 (아이언 스킨),精靈水晶(鋼鐵防護),精灵水晶(钢铁防护),정령의_수정_(아이언_스킨)_597.png,https://assets.playnccdn.com/static-lineageclassic-gamedata/resources/ItemIcon/686.png
item,598,마법서 (홀리 웨폰),魔法書(神聖武器),魔法书(神圣武器),마법서_(홀리_웨폰)_598.png,https://assets.playnccdn.com/static-lineageclassic-gamedata/resources/ItemIcon/248.png
item,599,마법서 (디크리즈 웨이트),魔法書(負重強化),魔法书(负重强化),마법서_(디크리즈_웨이트)_599.png,https://assets.playnccdn.com/static-lineageclassic-gamedata/resources/ItemIcon/248.png
item,600,마법서 (위크 엘리멘탈),魔法書(能量感測),魔法书(能量感测),마법서_(위크_엘리멘탈)_600.png,https://assets.playnccdn.com/static-lineageclassic-gamedata/resources/ItemIcon/249.png
item,601,마법서 (카운터 매직),魔法書(魔法屏障),魔法书(魔法屏障),마법서_(카운터_매직)_601.png,https://assets.playnccdn.com/static-lineageclassic-gamedata/resources/ItemIcon/249.png
item,602,마법서 (메디테이션),魔法書(冥想術),魔法书(冥想术),마법서_(메디테이션)_602.png,https://assets.playnccdn.com/static-lineageclassic-gamedata/resources/ItemIcon/249.png
item,603,마법서 (마나 드레인),魔法書(魔力奪取),魔法书(魔力夺取),마법서_(마나_드레인)_603.png,https://assets.playnccdn.com/static-lineageclassic-gamedata/resources/ItemIcon/250.png
item,604,마법서 (다크니스),魔法書(黑闇之影),魔法书(黑暗之影),마법서_(다크니스)_604.png,https://assets.playnccdn.com/static-lineageclassic-gamedata/resources/ItemIcon/255.png
item,605,마법서 (위크니스),魔法書(弱化術),魔法书(弱化术),마법서_(위크니스)_605.png,https://assets.playnccdn.com/static-lineageclassic-gamedata/resources/ItemIcon/255.png
item,606,마법서 (블레스 웨폰),魔法書(祝福魔法武器),魔法书(祝福魔法武器),마법서_(블레스_웨폰)_606.png,https://assets.playnccdn.com/static-lineageclassic-gamedata/resources/ItemIcon/250.png
item,607,마법서 (버서커스),魔法書(狂暴術),魔法书(狂暴术),마법서_(버서커스)_607.png,https://assets.playnccdn.com/static-lineageclassic-gamedata/resources/ItemIcon/251.png
item,608,마법서 (디지즈),魔法書(疾病術),魔法书(疾病术),마법서_(디지즈)_608.png,https://assets.playnccdn.com/static-lineageclassic-gamedata/resources/ItemIcon/256.png
item,610,마법서 (사일런스),魔法書(魔法封印),魔法书(魔法封印),마법서_(사일런스)_610.png,https://assets.playnccdn.com/static-lineageclassic-gamedata/resources/ItemIcon/251.png
item,620,빈 주문서(레벨 2),空的魔法卷軸(等級2),空的魔法卷轴(等级2),빈_주문서(레벨_2)_620.png,https://assets.playnccdn.com/static-lineageclassic-gamedata/resources/ItemIcon/860.png
item,621,빈 주문서(레벨 3),空的魔法卷軸(等級3),空的魔法卷轴(等级3),빈_주문서(레벨_3)_621.png,https://assets.playnccdn.com/static-lineageclassic-gamedata/resources/ItemIcon/858.png
item,622,빈 주문서(레벨 4),空的魔法卷軸(等級4),空的魔法卷轴(等级4),빈_주문서(레벨_4)_622.png,https://assets.playnccdn.com/static-lineageclassic-gamedata/resources/ItemIcon/862.png
item,631,민첩함의 투구,精靈敏捷頭盔,精灵敏捷头盔,민첩함의_투구_631.png,https://assets.playnccdn.com/static-lineageclassic-gamedata/resources/ItemIcon/913.png
item,632,체력의 투구,精靈體質頭盔,精灵体质头盔,체력의_투구_632.png,https://assets.playnccdn.com/static-lineageclassic-gamedata/resources/ItemIcon/908.png
item,633,낡은 거래 문서,古老的交易文件,古老的交易文件,낡은_거래_문서_633.png,https://assets.playnccdn.com/static-lineageclassic-gamedata/resources/ItemIcon/919.png
item,636,수색문서,搜索狀,搜索状,수색문서_636.png,https://assets.playnccdn.com/static-lineageclassic-gamedata/resources/ItemIcon/914.png
item,639,흑기사의 서약서,黑騎士的誓約,黑骑士的誓约,흑기사의_서약서_639.png,https://assets.playnccdn.com/static-lineageclassic-gamedata/resources/ItemIcon/927.png
item,640,두다 마라 오크 마법서,都達瑪拉妖魔魔法書,都达玛拉妖魔魔法书,두다_마라_오크_마법서_640.png,https://assets.playnccdn.com/static-lineageclassic-gamedata/resources/ItemIcon/923.png
item,641,네루가 오크 마법서,那魯加妖魔魔法書,那鲁加妖魔魔法书,네루가_오크_마법서_641.png,https://assets.playnccdn.com/static-lineageclassic-gamedata/resources/ItemIcon/925.png
item,642,간디 오크 마법서,甘地妖魔魔法書,甘地妖魔魔法书,간디_오크_마법서_642.png,https://assets.playnccdn.com/static-lineageclassic-gamedata/resources/ItemIcon/924.png
item,643,아투바 오크 마법서,阿吐巴妖魔魔法書,阿吐巴妖魔魔法书,아투바_오크_마법서_643.png,https://assets.playnccdn.com/static-lineageclassic-gamedata/resources/ItemIcon/922.png
item,644,저주받은 마법서,受詛咒的魔法書,受诅咒的魔法书,저주받은_마법서_644.png,https://assets.playnccdn.com/static-lineageclassic-gamedata/resources/ItemIcon/909.png
item,645,마력서,魔法能量之書,魔法能量之书,마력서_645.png,https://assets.playnccdn.com/static-lineageclassic-gamedata/resources/ItemIcon/906.png
item,646,붉은 망토,紅色斗篷,红色斗篷,붉은_망토_646.png,https://assets.playnccdn.com/static-lineageclassic-gamedata/resources/ItemIcon/907.png
item,647,해골의 두개골,骷髏頭,骷髅头,해골의_두개골_647.png,https://assets.playnccdn.com/static-lineageclassic-gamedata/resources/ItemIcon/921.png
item,648,구울의 손톱,食屍鬼的指甲,食尸鬼的指甲,구울의_손톱_648.png,https://assets.playnccdn.com/static-lineageclassic-gamedata/resources/ItemIcon/918.png
item,649,구울의 이빨,食屍鬼的牙齒,食尸鬼的牙齿,구울의_이빨_649.png,https://assets.playnccdn.com/static-lineageclassic-gamedata/resources/ItemIcon/926.png
item,650,터틀 드래곤의 껍질,龍龜甲,龙龟甲,터틀_드래곤의_껍질_650.png,https://assets.playnccdn.com/static-lineageclassic-gamedata/resources/ItemIcon/920.png
item,651,기사의 두건,騎士頭巾,骑士头巾,기사의_두건_651.png,https://assets.playnccdn.com/static-lineageclassic-gamedata/resources/ItemIcon/915.png
item,652,붉은 기사의 두건,紅騎士頭巾,红骑士头巾,붉은_기사의_두건_652.png,https://assets.playnccdn.com/static-lineageclassic-gamedata/resources/ItemIcon/916.png
item,654,잊혀진 판금 갑옷,被遺忘的金屬盔甲,被遗忘的金属盔甲,잊혀진_판금_갑옷_654.png,https://assets.playnccdn.com/static-lineageclassic-gamedata/resources/ItemIcon/443.png
item,655,잊혀진 가죽 갑옷,被遺忘的皮盔甲,被遗忘的皮盔甲,잊혀진_가죽_갑옷_655.png,https://assets.playnccdn.com/static-lineageclassic-gamedata/resources/ItemIcon/442.png
item,656,잊혀진 로브,被遺忘的長袍,被遗忘的长袍,잊혀진_로브_656.png,https://assets.playnccdn.com/static-lineageclassic-gamedata/resources/ItemIcon/51.png
item,657,잊혀진 비늘 갑옷,被遺忘的鱗甲,被遗忘的鳞甲,잊혀진_비늘_갑옷_657.png,https://assets.playnccdn.com/static-lineageclassic-gamedata/resources/ItemIcon/89.png
item,658,소환 조종 반지,召喚控制戒指,召唤控制戒指,소환_조종_반지_658.png,https://assets.playnccdn.com/static-lineageclassic-gamedata/resources/ItemIcon/905.png
item,659,잊혀진 대검,被遺忘的巨劍,被遗忘的巨剑,잊혀진_대검_659.png,https://assets.playnccdn.com/static-lineageclassic-gamedata/resources/ItemIcon/90.png
item,660,잊혀진 검,被遺忘的劍,被遗忘的剑,잊혀진_검_660.png,https://assets.playnccdn.com/static-lineageclassic-gamedata/resources/ItemIcon/103.png
item,661,잊혀진 보우건,被遺忘的弩槍,被遗忘的弩枪,잊혀진_보우건_661.png,https://assets.playnccdn.com/static-lineageclassic-gamedata/resources/ItemIcon/20.png
item,666,붉은 기사의 방패,紅騎士盾牌,红骑士盾牌,붉은_기사의_방패_666.png,https://assets.playnccdn.com/static-lineageclassic-gamedata/resources/ItemIcon/954.png
item,667,고대의 판금 갑옷,古老的金屬盔甲,古老的金属盔甲,고대의_판금_갑옷_667.png,https://assets.playnccdn.com/static-lineageclassic-gamedata/resources/ItemIcon/899.png
item,668,고대의 가죽 갑옷,古老的皮盔甲,古老的皮盔甲,고대의_가죽_갑옷_668.png,https://assets.playnccdn.com/static-lineageclassic-gamedata/resources/ItemIcon/898.png
item,669,고대의 로브,古老的長袍,古老的长袍,고대의_로브_669.png,https://assets.playnccdn.com/static-lineageclassic-gamedata/resources/ItemIcon/900.png
item,670,고대의 비늘 갑옷,古老的鱗甲,古老的鳞甲,고대의_비늘_갑옷_670.png,https://assets.playnccdn.com/static-lineageclassic-gamedata/resources/ItemIcon/901.png
item,671,고대의 대검,古老的巨劍,古老的巨剑,고대의_대검_671.png,https://assets.playnccdn.com/static-lineageclassic-gamedata/resources/ItemIcon/897.png
item,672,고대의 검,古老的劍,古老的剑,고대의_검_672.png,https://assets.playnccdn.com/static-lineageclassic-gamedata/resources/ItemIcon/902.png
item,673,고대의 보우건,古老的弩槍,古老的弩枪,고대의_보우건_673.png,https://assets.playnccdn.com/static-lineageclassic-gamedata/resources/ItemIcon/896.png
item,674,고대의 주문서,古代的卷軸,古代的卷轴,고대의_주문서_674.png,https://assets.playnccdn.com/static-lineageclassic-gamedata/resources/ItemIcon/911.png
item,675,마법서 (트루 타겟),魔法書(精準目標),魔法书(精准目标),마법서_(트루_타겟)_675.png,https://assets.playnccdn.com/static-lineageclassic-gamedata/resources/ItemIcon/252.png
item,676,마법서 (글로잉 오라),魔法書(灼熱靈氣),魔法书(灼热灵气),마법서_(글로잉_오라)_676.png,https://assets.playnccdn.com/static-lineageclassic-gamedata/resources/ItemIcon/252.png
item,677,생명의 비밀,生命的卷軸,生命的卷轴,생명의_비밀_677.png,https://assets.playnccdn.com/static-lineageclassic-gamedata/resources/ItemIcon/912.png
item,686,라미아의 비늘,蛇女之鱗,蛇女之鳞,라미아의_비늘_686.png,https://assets.playnccdn.com/static-lineageclassic-gamedata/resources/ItemIcon/953.png
item,687,환생의 물약,返生藥水,返生药水,환생의_물약_687.png,https://assets.playnccdn.com/static-lineageclassic-gamedata/resources/ItemIcon/947.png
item,688,감사의 편지,感謝信,感谢信,감사의_편지_688.png,https://assets.playnccdn.com/static-lineageclassic-gamedata/resources/ItemIcon/917.png
item,689,마을 주민들의 유품,村民的遺物,村民的遗物,마을_주민들의_유품_689.png,https://assets.playnccdn.com/static-lineageclassic-gamedata/resources/ItemIcon/952.png
item,690,언데드의 뼈,不死族的骨頭,不死族的骨头,언데드의_뼈_690.png,https://assets.playnccdn.com/static-lineageclassic-gamedata/resources/ItemIcon/934.png
item,693,저주 받은 정령서,受詛咒的精靈書,受诅咒的精灵书,저주_받은_정령서_693.png,https://assets.playnccdn.com/static-lineageclassic-gamedata/resources/ItemIcon/940.png
item,694,언데드의 열쇠,不死族的鑰匙,不死族的钥匙,언데드의_열쇠_694.png,https://assets.playnccdn.com/static-lineageclassic-gamedata/resources/ItemIcon/59.png
item,695,좀비 열쇠,殭屍鑰匙,僵尸钥匙,좀비_열쇠_695.png,https://assets.playnccdn.com/static-lineageclassic-gamedata/resources/ItemIcon/945.png
item,696,해골 열쇠,骷髏鑰匙,骷髅钥匙,해골_열쇠_696.png,https://assets.playnccdn.com/static-lineageclassic-gamedata/resources/ItemIcon/944.png
item,705,요정족 티셔츠,精靈T恤,精灵T恤,요정족_티셔츠_705.png,https://assets.playnccdn.com/static-lineageclassic-gamedata/resources/ItemIcon/956.png
item,706,군주의 위엄,君主的威嚴,君主的威严,군주의_위엄_706.png,https://assets.playnccdn.com/static-lineageclassic-gamedata/resources/ItemIcon/941.png
item,707,비밀방 열쇠,密室鑰匙,密室钥匙,비밀방_열쇠_707.png,https://assets.playnccdn.com/static-lineageclassic-gamedata/resources/ItemIcon/59.png
item,709,신비한 수정구,神秘水晶球,神秘水晶球,신비한_수정구_709.png,https://assets.playnccdn.com/static-lineageclassic-gamedata/resources/ItemIcon/938.png
item,710,신비한 지팡이,神秘魔杖,神秘魔杖,신비한_지팡이_710.png,https://assets.playnccdn.com/static-lineageclassic-gamedata/resources/ItemIcon/946.png
item,711,수정 지팡이,水晶魔杖,水晶魔杖,수정_지팡이_711.png,https://assets.playnccdn.com/static-lineageclassic-gamedata/resources/ItemIcon/939.png
item,712,라미아 방 열쇠,蛇女房間鑰匙,蛇女房间钥匙,라미아_방_열쇠_712.png,https://assets.playnccdn.com/static-lineageclassic-gamedata/resources/ItemIcon/59.png
item,713,마법서 (콜 클랜),魔法書(呼喚盟友),魔法书(呼唤盟友),마법서_(콜_클랜)_713.png,https://assets.playnccdn.com/static-lineageclassic-gamedata/resources/ItemIcon/252.png
item,722,반왕의 갑옷,反王盔甲,反王盔甲,반왕의_갑옷_722.png,https://assets.playnccdn.com/static-lineageclassic-gamedata/resources/ItemIcon/960.png
item,723,반왕의 부츠,反王長靴,反王长靴,반왕의_부츠_723.png,https://assets.playnccdn.com/static-lineageclassic-gamedata/resources/ItemIcon/961.png
item,724,반왕의 건틀릿,反王手套,反王手套,반왕의_건틀릿_724.png,https://assets.playnccdn.com/static-lineageclassic-gamedata/resources/ItemIcon/962.png
item,725,반왕의 투구,反王頭盔,反王头盔,반왕의_투구_725.png,https://assets.playnccdn.com/static-lineageclassic-gamedata/resources/ItemIcon/959.png
item,727,케레니스의 부츠,賽尼斯長靴,赛尼斯长靴,케레니스의_부츠_727.png,https://assets.playnccdn.com/static-lineageclassic-gamedata/resources/ItemIcon/964.png
item,732,케레니스의 서클릿,賽尼斯頭箍,赛尼斯头箍,케레니스의_서클릿_732.png,https://assets.playnccdn.com/static-lineageclassic-gamedata/resources/ItemIcon/969.png
item,734,케레니스의 장갑,賽尼斯手套,赛尼斯手套,케레니스의_장갑_734.png,https://assets.playnccdn.com/static-lineageclassic-gamedata/resources/ItemIcon/971.png
item,735,케레니스의 로브,賽尼斯斗篷,赛尼斯斗篷,케레니스의_로브_735.png,https://assets.playnccdn.com/static-lineageclassic-gamedata/resources/ItemIcon/972.png
item,742,메두사 방패,梅杜莎盾牌,梅杜莎盾牌,메두사_방패_742.png,https://assets.playnccdn.com/static-lineageclassic-gamedata/resources/ItemIcon/979.png
item,744,에이션트 자이언트의 반지,古代巨人戒指,古代巨人戒指,에이션트_자이언트의_반지_744.png,https://assets.playnccdn.com/static-lineageclassic-gamedata/resources/ItemIcon/981.png
item,756,수호자의 반지,守護者的戒指,守护者的戒指,수호자의_반지_756.png,https://assets.playnccdn.com/static-lineageclassic-gamedata/resources/ItemIcon/905.png
item,768,보호 장갑,保護者手套,保护者手套,보호_장갑_768.png,https://assets.playnccdn.com/static-lineageclassic-gamedata/resources/ItemIcon/1011.png
item,769,마나 망토,瑪那斗篷,玛那斗篷,마나_망토_769.png,https://assets.playnccdn.com/static-lineageclassic-gamedata/resources/ItemIcon/1007.png
item,770,용기의 벨트,勇敢皮帶,勇敢皮带,용기의_벨트_770.png,https://assets.playnccdn.com/static-lineageclassic-gamedata/resources/ItemIcon/1009.png
item,776,결혼 반지,結婚戒指,结婚戒指,결혼_반지_776.png,https://assets.playnccdn.com/static-lineageclassic-gamedata/resources/ItemIcon/986.png
item,787,데스 블레이드,黑燄之劍,黑焰之剑,데스_블레이드_787.png,https://assets.playnccdn.com/static-lineageclassic-gamedata/resources/ItemIcon/1016.png
item,788,마나 수정구,瑪那水晶球,玛那水晶球,마나_수정구_788.png,https://assets.playnccdn.com/static-lineageclassic-gamedata/resources/ItemIcon/1017.png
item,789,화염의 활,赤焰之弓,赤焰之弓,화염의_활_789.png,https://assets.playnccdn.com/static-lineageclassic-gamedata/resources/ItemIcon/1018.png
item,790,화염의 검,赤焰之劍,赤焰之剑,화염의_검_790.png,https://assets.playnccdn.com/static-lineageclassic-gamedata/resources/ItemIcon/1019.png
item,791,황금 지휘봉,黃金權杖,黄金权杖,황금_지휘봉_791.png,https://assets.playnccdn.com/static-lineageclassic-gamedata/resources/ItemIcon/1020.png
item,806,혈맹 귀환 주문서,血盟返回卷軸,血盟返回卷轴,혈맹_귀환_주문서_806.png,https://assets.playnccdn.com/static-lineageclassic-gamedata/resources/ItemIcon/474.png
item,815,제니스의 반지,傑尼斯戒指,杰尼斯戒指,제니스의_반지_815.png,https://assets.playnccdn.com/static-lineageclassic-gamedata/resources/ItemIcon/1037.png
item,895,엘릭서(STR),萬能藥(STR),万能药(STR),엘릭서(STR)_895.png,https://assets.playnccdn.com/static-lineageclassic-gamedata/resources/ItemIcon/1143.png
item,896,엘릭서(DEX),萬能藥(DEX),万能药(DEX),엘릭서(DEX)_896.png,https://assets.playnccdn.com/static-lineageclassic-gamedata/resources/ItemIcon/1141.png
item,897,엘릭서(CON),萬能藥(CON),万能药(CON),엘릭서(CON)_897.png,https://assets.playnccdn.com/static-lineageclassic-gamedata/resources/ItemIcon/1140.png
item,898,엘릭서(INT),萬能藥(INT),万能药(INT),엘릭서(INT)_898.png,https://assets.playnccdn.com/static-lineageclassic-gamedata/resources/ItemIcon/1142.png
item,899,엘릭서(WIS),萬能藥(WIS),万能药(WIS),엘릭서(WIS)_899.png,https://assets.playnccdn.com/static-lineageclassic-gamedata/resources/ItemIcon/1144.png
item,900,엘릭서(CHA),萬能藥(CHA),万能药(CHA),엘릭서(CHA)_900.png,https://assets.playnccdn.com/static-lineageclassic-gamedata/resources/ItemIcon/1139.png
item,927,검은 혈흔,黑色血痕,黑色血痕,검은_혈흔_927.png,https://assets.playnccdn.com/static-lineageclassic-gamedata/resources/ItemIcon/1166.png
item,935,빛나는 비늘,光明的鱗片,光明的鳞片,빛나는_비늘_935.png,https://assets.playnccdn.com/static-lineageclassic-gamedata/resources/ItemIcon/1171.png
item,936,빛나는 신체의 벨트,光明身體腰帶,光明身体腰带,빛나는_신체의_벨트_936.png,https://assets.playnccdn.com/static-lineageclassic-gamedata/resources/ItemIcon/1168.png
item,937,빛나는 정신의 벨트,光明精神腰帶,光明精神腰带,빛나는_정신의_벨트_937.png,https://assets.playnccdn.com/static-lineageclassic-gamedata/resources/ItemIcon/1169.png
item,938,빛나는 영혼의 벨트,光明靈魂腰帶,光明灵魂腰带,빛나는_영혼의_벨트_938.png,https://assets.playnccdn.com/static-lineageclassic-gamedata/resources/ItemIcon/1170.png
item,978,흑장로의 로브,黑長者長袍,黑长者长袍,흑장로의_로브_978.png,https://assets.playnccdn.com/static-lineageclassic-gamedata/resources/ItemIcon/1229.png
item,979,흑장로의 샌달,黑長者涼鞋,黑长者凉鞋,흑장로의_샌달_979.png,https://assets.playnccdn.com/static-lineageclassic-gamedata/resources/ItemIcon/1230.png
item,980,발터자르의 모자,巴土瑟之帽,巴土瑟之帽,발터자르의_모자_980.png,https://assets.playnccdn.com/static-lineageclassic-gamedata/resources/ItemIcon/1231.png
item,981,카스파의 모자,卡士柏之帽,卡士柏之帽,카스파의_모자_981.png,https://assets.playnccdn.com/static-lineageclassic-gamedata/resources/ItemIcon/1232.png
item,982,메르키오르의 모자,馬庫爾之帽,马库尔之帽,메르키오르의_모자_982.png,https://assets.playnccdn.com/static-lineageclassic-gamedata/resources/ItemIcon/1233.png
item,983,세마의 모자,西瑪之帽,西玛之帽,세마의_모자_983.png,https://assets.playnccdn.com/static-lineageclassic-gamedata/resources/ItemIcon/1234.png
item,1007,커츠의 장갑,克特手套,克特手套,커츠의_장갑_1007.png,https://assets.playnccdn.com/static-lineageclassic-gamedata/resources/ItemIcon/1244.png
item,1008,커츠의 갑옷,克特盔甲,克特盔甲,커츠의_갑옷_1008.png,https://assets.playnccdn.com/static-lineageclassic-gamedata/resources/ItemIcon/1246.png
item,1009,커츠의 부츠,克特長靴,克特长靴,커츠의_부츠_1009.png,https://assets.playnccdn.com/static-lineageclassic-gamedata/resources/ItemIcon/1247.png
item,1010,커츠의 투구,克特頭盔,克特头盔,커츠의_투구_1010.png,https://assets.playnccdn.com/static-lineageclassic-gamedata/resources/ItemIcon/1245.png
item,1094,얼음 여왕의 지팡이,冰之女王魔杖,冰之女王魔杖,얼음_여왕의_지팡이_1094.png,https://assets.playnccdn.com/static-lineageclassic-gamedata/resources/ItemIcon/1239.png
item,1095,데몬의 지팡이,惡魔魔杖,恶魔魔杖,데몬의_지팡이_1095.png,https://assets.playnccdn.com/static-lineageclassic-gamedata/resources/ItemIcon/1240.png
item,1096,바포메트의 지팡이,巴風特魔杖,巴风特魔杖,바포메트의_지팡이_1096.png,https://assets.playnccdn.com/static-lineageclassic-gamedata/resources/ItemIcon/1255.png
item,1097,베레스의 지팡이,巴列斯魔杖,巴列斯魔杖,베레스의_지팡이_1097.png,https://assets.playnccdn.com/static-lineageclassic-gamedata/resources/ItemIcon/1257.png
item,1221,마법서 (브레이브 오라),魔法書(勇敢靈氣),魔法书(勇敢灵气),마법서_(브레이브_오라)_1221.png,https://assets.playnccdn.com/static-lineageclassic-gamedata/resources/ItemIcon/252.png
item,1285,크림슨 랜스,深紅長矛,深红长矛,크림슨_랜스_1285.png,https://assets.playnccdn.com/static-lineageclassic-gamedata/resources/ItemIcon/38.png
item,1294,기술서 (쇼크 스턴),技術書(衝擊之暈),技术书(冲击之晕),기술서_(쇼크_스턴)_1294.png,https://assets.playnccdn.com/static-lineageclassic-gamedata/resources/ItemIcon/252.png
item,1295,마법서 (런 클랜),魔法書(援護盟友),魔法书(援护盟友),마법서_(런_클랜)_1295.png,https://assets.playnccdn.com/static-lineageclassic-gamedata/resources/ItemIcon/252.png
item,1296,정령의 수정 (트리플 애로우),精靈水晶(三重矢),精灵水晶(三重矢),정령의_수정_(트리플_애로우)_1296.png,https://assets.playnccdn.com/static-lineageclassic-gamedata/resources/ItemIcon/677.png
item,1408,악마의 피,惡魔之血,恶魔之血,악마의_피_1408.png,https://assets.playnccdn.com/static-lineageclassic-gamedata/resources/ItemIcon/20029.png
item,1489,바다의 망토,藍海賊斗篷,蓝海贼斗篷,바다의_망토_1489.png,https://assets.playnccdn.com/static-lineageclassic-gamedata/resources/ItemIcon/1767.png
item,1490,마법서 (디케이 포션),魔法書(藥水霜化術),魔法书(药水霜化术),마법서_(디케이_포션)_1490.png,https://assets.playnccdn.com/static-lineageclassic-gamedata/resources/ItemIcon/252.png
item,1491,마법서 (어드밴스 스피릿),魔法書(靈魂昇華),魔法书(灵魂升华),마법서_(어드밴스_스피릿)_1491.png,https://assets.playnccdn.com/static-lineageclassic-gamedata/resources/ItemIcon/252.png
item,1492,기술서 (카운터 배리어),技術書(反擊屏障),技术书(反击屏障),기술서_(카운터_배리어)_1492.png,https://assets.playnccdn.com/static-lineageclassic-gamedata/resources/ItemIcon/252.png
item,1493,정령의 수정 (워터 라이프),精靈水晶(水之元氣),精灵水晶(水之元气),정령의_수정_(워터_라이프)_1493.png,https://assets.playnccdn.com/static-lineageclassic-gamedata/resources/ItemIcon/688.png
item,1494,정령의 수정 (폴루트 워터),精靈水晶(污濁之水),精灵水晶(污浊之水),정령의_수정_(폴루트_워터)_1494.png,https://assets.playnccdn.com/static-lineageclassic-gamedata/resources/ItemIcon/688.png
item,1495,정령의 수정 (스트라이커 게일),精靈水晶(精準射擊),精灵水晶(精准射击),정령의_수정_(스트라이커_게일)_1495.png,https://assets.playnccdn.com/static-lineageclassic-gamedata/resources/ItemIcon/689.png
item,1496,정령의 수정 (소울 오브 프레임),精靈水晶(烈焰之魂),精灵水晶(烈焰之魂),정령의_수정_(소울_오브_프레임)_1496.png,https://assets.playnccdn.com/static-lineageclassic-gamedata/resources/ItemIcon/685.png
item,1861,기술서 (리덕션 아머),技術書(增幅防禦),技术书(增幅防御),기술서_(리덕션_아머)_1861.png,https://assets.playnccdn.com/static-lineageclassic-gamedata/resources/ItemIcon/252.png
item,1862,기술서 (바운스 어택),技術書 (尖刺盔甲),技术书 (尖刺盔甲),기술서_(바운스_어택)_1862.png,https://assets.playnccdn.com/static-lineageclassic-gamedata/resources/ItemIcon/252.png
item,1863,기술서 (솔리드 캐리지),技術書 (堅固防護),技术书 (坚固防护),기술서_(솔리드_캐리지)_1863.png,https://assets.playnccdn.com/static-lineageclassic-gamedata/resources/ItemIcon/252.png
item,2069,달빛의 정기,月光之氣息,月光之气息,달빛의_정기_2069.png,https://assets.playnccdn.com/static-lineageclassic-gamedata/resources/ItemIcon/2179.png
item,2070,신성한 유니콘의 뿔,神聖獨角獸之角,神圣独角兽之角,신성한_유니콘의_뿔_2070.png,https://assets.playnccdn.com/static-lineageclassic-gamedata/resources/ItemIcon/2181.png
item,2072,달의 장궁,熾炎天使弓,炽炎天使弓,달의_장궁_2072.png,https://assets.playnccdn.com/static-lineageclassic-gamedata/resources/ItemIcon/2168.png
item,2586,날이 빠진 무기,變鈍的武器,变钝的武器,날이_빠진_무기_2586.png,https://assets.playnccdn.com/static-lineageclassic-gamedata/resources/ItemIcon/1542.png
item,2671,픽시의 깃털,畢克斯的羽毛,毕克斯的羽毛,픽시의_깃털_2671.png,https://assets.playnccdn.com/static-lineageclassic-gamedata/resources/ItemIcon/2518.png
item,3018,천사의 지팡이,天使魔杖,天使魔杖,천사의_지팡이_3018.png,https://assets.playnccdn.com/static-lineageclassic-gamedata/resources/ItemIcon/2915.png
item,3019,혹한의 창,酷寒之矛,酷寒之矛,혹한의_창_3019.png,https://assets.playnccdn.com/static-lineageclassic-gamedata/resources/ItemIcon/2919.png
item,3020,뇌신검,雷雨之劍,雷雨之剑,뇌신검_3020.png,https://assets.playnccdn.com/static-lineageclassic-gamedata/resources/ItemIcon/2911.png
item,3350,속죄의 성서,贖罪聖書,赎罪圣书,속죄의_성서_3350.png,https://assets.playnccdn.com/static-lineageclassic-gamedata/resources/ItemIcon/3138.png
item,3934,불 정령의 벨트,火精靈的皮帶,火精灵的皮带,불_정령의_벨트_3934.png,https://assets.playnccdn.com/static-lineageclassic-gamedata/resources/ItemIcon/3806.png
item,3935,물 정령의 벨트,水精靈的皮帶,水精灵的皮带,물_정령의_벨트_3935.png,https://assets.playnccdn.com/static-lineageclassic-gamedata/resources/ItemIcon/3802.png
item,3936,땅 정령의 벨트,地精靈的皮帶,地精灵的皮带,땅_정령의_벨트_3936.png,https://assets.playnccdn.com/static-lineageclassic-gamedata/resources/ItemIcon/3800.png
item,3937,바람 정령의 벨트,風精靈的皮帶,风精灵的皮带,바람_정령의_벨트_3937.png,https://assets.playnccdn.com/static-lineageclassic-gamedata/resources/ItemIcon/3804.png
item,4052,봉인 해제 주문서,解除封印卷軸,解除封印卷轴,봉인_해제_주문서_4052.png,https://assets.playnccdn.com/static-lineageclassic-gamedata/resources/ItemIcon/6059.png
item,12069,회상의 촛불,回憶蠟燭,回忆蜡烛,회상의_촛불_12069.png,https://assets.playnccdn.com/static-lineageclassic-gamedata/resources/ItemIcon/2923.png
item,12070,회상의 촛불,回憶蠟燭,回忆蜡烛,회상의_촛불_12070.png,https://assets.playnccdn.com/static-lineageclassic-gamedata/resources/ItemIcon/2923.png
item,12074,속죄의 성서 상자,贖罪聖書箱,赎罪圣书箱,속죄의_성서_상자_12074.png,https://assets.playnccdn.com/static-lineageclassic-gamedata/resources/ItemIcon/20044.png
item,12104,봉인 해제 주문서 상자,解除封印卷軸箱子,解除封印卷轴箱子,봉인_해제_주문서_상자_12104.png,https://assets.playnccdn.com/static-lineageclassic-gamedata/resources/ItemIcon/3942.png
item,12105,종이 전령새,摺紙傳令鳥,折纸传令鸟,종이_전령새_12105.png,https://assets.playnccdn.com/static-lineageclassic-gamedata/resources/ItemIcon/20088.png
item,12106,종이 전령새 상자,摺紙傳令鳥箱,折纸传令鸟箱,종이_전령새_상자_12106.png,https://assets.playnccdn.com/static-lineageclassic-gamedata/resources/ItemIcon/20092.png
item,12110,도난당한 목걸이,被偷的項鍊,被偷的项链,도난당한_목걸이_12110.png,https://assets.playnccdn.com/static-lineageclassic-gamedata/resources/ItemIcon/637.png
item,12111,도난당한 반지,被偷的戒指,被偷的戒指,도난당한_반지_12111.png,https://assets.playnccdn.com/static-lineageclassic-gamedata/resources/ItemIcon/626.png
item,12112,사이클롭스의 피,獨眼巨人的血,独眼巨人的血,사이클롭스의_피_12112.png,https://assets.playnccdn.com/static-lineageclassic-gamedata/resources/ItemIcon/20029.png
item,12113,오염된 정령의 수정(물),污染的精靈水晶(水),污染的精灵水晶(水),오염된_정령의_수정(물)_12113.png,https://assets.playnccdn.com/static-lineageclassic-gamedata/resources/ItemIcon/683.png
item,12114,오염된 정령의 수정(불),污染的精靈水晶(火),污染的精灵水晶(火),오염된_정령의_수정(불)_12114.png,https://assets.playnccdn.com/static-lineageclassic-gamedata/resources/ItemIcon/680.png
item,12115,오염된 정령의 수정(땅),污染的精靈水晶(地),污染的精灵水晶(地),오염된_정령의_수정(땅)_12115.png,https://assets.playnccdn.com/static-lineageclassic-gamedata/resources/ItemIcon/681.png
item,12116,오염된 정령의 수정(바람),污染的精靈水晶(風),污染的精灵水晶(风),오염된_정령의_수정(바람)_12116.png,https://assets.playnccdn.com/static-lineageclassic-gamedata/resources/ItemIcon/684.png
item,12117,바실리스크의 비늘,邪惡蜥蜴之鱗,邪恶蜥蜴之鳞,바실리스크의_비늘_12117.png,https://assets.playnccdn.com/static-lineageclassic-gamedata/resources/ItemIcon/953.png
item,12118,정화의 머리띠,淨化頭飾,净化头饰,정화의_머리띠_12118.png,https://assets.playnccdn.com/static-lineageclassic-gamedata/resources/ItemIcon/184.png
item,12119,신비한 마나 회복 물약,神秘魔力恢復藥水,神秘魔力恢复药水,신비한_마나_회복_물약_12119.png,https://assets.playnccdn.com/static-lineageclassic-gamedata/resources/ItemIcon/75.png
item,12120,신비한 지혜의 물약,神秘慎重藥水,神秘慎重药水,신비한_지혜의_물약_12120.png,https://assets.playnccdn.com/static-lineageclassic-gamedata/resources/ItemIcon/1529.png
item,12121,서큐버스 퀸의 신비한 지팡이,思克巴女皇的神祕魔杖,思克巴女皇的神秘魔杖,서큐버스_퀸의_신비한_지팡이_12121.png,https://assets.playnccdn.com/static-lineageclassic-gamedata/resources/ItemIcon/946.png
item,12130,말하는 섬의 추억,說話之島的回憶,说话之岛的回忆,말하는_섬의_추억_12130.png,https://assets.playnccdn.com/static-lineageclassic-gamedata/resources/ItemIcon/20100.png
item,12149,수호의 반지,守護戒指,守护戒指,수호의_반지_12149.png,https://assets.playnccdn.com/static-lineageclassic-gamedata/resources/ItemIcon/20025.png
item,12170,수호의 목걸이,守護項鍊,守护项链,수호의_목걸이_12170.png,https://assets.playnccdn.com/static-lineageclassic-gamedata/resources/ItemIcon/20138.png
item,12209,수호의 벨트,守護皮帶,守护皮带,수호의_벨트_12209.png,https://assets.playnccdn.com/static-lineageclassic-gamedata/resources/ItemIcon/20170.png
item,12242,장로의 목걸이,長老項鍊,长老项链,장로의_목걸이_12242.png,https://assets.playnccdn.com/static-lineageclassic-gamedata/resources/ItemIcon/20212.png
item,12243,장로의 반지,長者戒指,长者戒指,장로의_반지_12243.png,https://assets.playnccdn.com/static-lineageclassic-gamedata/resources/ItemIcon/20214.png
item,12286,항마의 목걸이,抗魔項鍊,抗魔项链,항마의_목걸이_12286.png,https://assets.playnccdn.com/static-lineageclassic-gamedata/resources/ItemIcon/20257.png
item,12287,항마의 벨트,抗魔皮帶,抗魔皮带,항마의_벨트_12287.png,https://assets.playnccdn.com/static-lineageclassic-gamedata/resources/ItemIcon/20258.png
item,12349,신의의 부츠,神意長靴,神意长靴,신의의_부츠_12349.png,https://assets.playnccdn.com/static-lineageclassic-gamedata/resources/ItemIcon/20327.png
item,12350,용기의 부츠,勇氣長靴,勇气长靴,용기의_부츠_12350.png,https://assets.playnccdn.com/static-lineageclassic-gamedata/resources/ItemIcon/20328.png
item,12351,세피아의 부츠,賽菲亞長靴,赛菲亚长靴,세피아의_부츠_12351.png,https://assets.playnccdn.com/static-lineageclassic-gamedata/resources/ItemIcon/20329.png
item,12352,마나의 부츠,瑪那長靴,玛那长靴,마나의_부츠_12352.png,https://assets.playnccdn.com/static-lineageclassic-gamedata/resources/ItemIcon/20330.png
item,12405,마나의 반지,魔力戒指,魔力戒指,마나의_반지_12405.png,https://assets.playnccdn.com/static-lineageclassic-gamedata/resources/ItemIcon/20348.png
item,12456,잊혀진 섬의 추억,遺忘之島的回憶,遗忘之岛的回忆,잊혀진_섬의_추억_12456.png,https://assets.playnccdn.com/static-lineageclassic-gamedata/resources/ItemIcon/20409.png
item,12458,케플리샤의 기억 저장 구슬,凱莉紗的記憶水晶,凯莉纱的记忆水晶,케플리샤의_기억_저장_구슬_12458.png,https://assets.playnccdn.com/static-lineageclassic-gamedata/resources/ItemIcon/20416.png
item,12514,낡은 수렵꾼의 화살통,老舊獵人箭筒,老旧猎人箭筒,낡은_수렵꾼의_화살통_12514.png,https://assets.playnccdn.com/static-lineageclassic-gamedata/resources/ItemIcon/20515.png
item,12531,낡은 가죽 화살통,老舊皮革箭筒,老旧皮革箭筒,낡은_가죽_화살통_12531.png,https://assets.playnccdn.com/static-lineageclassic-gamedata/resources/ItemIcon/20533.png
item,12557,안타라스의 기억,安塔瑞斯的記憶,安塔瑞斯的记忆,안타라스의_기억_12557.png,https://assets.playnccdn.com/static-lineageclassic-gamedata/resources/ItemIcon/20610.png
item,12860,지식의 반지,智力戒指,智力戒指,지식의_반지_12860.png,https://assets.playnccdn.com/static-lineageclassic-gamedata/resources/ItemIcon/5343.png
item,12875,엘릭서 선택 상자,萬能藥選擇箱,万能药选择箱,엘릭서_선택_상자_12875.png,https://assets.playnccdn.com/static-lineageclassic-gamedata/resources/ItemIcon/20084.png
item,12876,퓨어 엘릭서,純白的萬能藥,纯白的万能药,퓨어_엘릭서_12876.png,https://assets.playnccdn.com/static-lineageclassic-gamedata/resources/ItemIcon/4110.png
item,15090,멸마의 목걸이,滅魔項鍊,灭魔项链,멸마의_목걸이_15090.png,https://assets.playnccdn.com/static-lineageclassic-gamedata/resources/ItemIcon/20408.png
item,15091,멸마의 벨트,滅魔皮帶,灭魔皮带,멸마의_벨트_15091.png,https://assets.playnccdn.com/static-lineageclassic-gamedata/resources/ItemIcon/20605.png
item,15384,완력의 반지,力量戒指,力量戒指,완력의_반지_15384.png,https://assets.playnccdn.com/static-lineageclassic-gamedata/resources/ItemIcon/6488.png
item,15385,민첩의 반지,敏捷戒指,敏捷戒指,민첩의_반지_15385.png,https://assets.playnccdn.com/static-lineageclassic-gamedata/resources/ItemIcon/6486.png
item,15399,시어의 심안,幻象眼魔的心眼,幻象眼魔的心眼,시어의_심안_15399.png,https://assets.playnccdn.com/static-lineageclassic-gamedata/resources/ItemIcon/4996.png
item,15400,오만의 탑 1층 이동 주문서,傲慢之塔移動卷軸(1樓),傲慢之塔移动卷轴(1楼),오만의_탑_1층_이동_주문서_15400.png,https://assets.playnccdn.com/static-lineageclassic-gamedata/resources/ItemIcon/20535.png
item,15410,오만의 탑 11층 이동 주문서,傲慢之塔移動卷軸(11樓),傲慢之塔移动卷轴(11楼),오만의_탑_11층_이동_주문서_15410.png,https://assets.playnccdn.com/static-lineageclassic-gamedata/resources/ItemIcon/20566.png
item,15420,오만의 탑 1층 이동 부적,傲慢之塔傳送符(1樓),傲慢之塔传送符(1楼),오만의_탑_1층_이동_부적_15420.png,https://assets.playnccdn.com/static-lineageclassic-gamedata/resources/ItemIcon/20545.png
item,15430,오만의 탑 11층 이동 부적,傲慢之塔傳送符(11樓),傲慢之塔传送符(11楼),오만의_탑_11층_이동_부적_15430.png,https://assets.playnccdn.com/static-lineageclassic-gamedata/resources/ItemIcon/20576.png
item,15456,봉인된 오만의 탑 1층 이동 부적,封印的傲慢之塔1樓傳送符,封印的傲慢之塔1楼传送符,봉인된_오만의_탑_1층_이동_부적_15456.png,https://assets.playnccdn.com/static-lineageclassic-gamedata/resources/ItemIcon/20636.png
item,15457,봉인된 오만의 탑 11층 이동 부적,封印的傲慢之塔11樓傳送符,封印的傲慢之塔11楼传送符,봉인된_오만의_탑_11층_이동_부적_15457.png,https://assets.playnccdn.com/static-lineageclassic-gamedata/resources/ItemIcon/6700.png
item,2679,,畢克斯的沙漏,毕克斯的沙漏,畢克斯的沙漏_2679.png,https://assets.playnccdn.com/static-lineageclassic-gamedata/resources/ItemIcon/20027.png
item,12075,,畢克斯的沙漏箱,毕克斯的沙漏箱,畢克斯的沙漏箱_12075.png,https://assets.playnccdn.com/static-lineageclassic-gamedata/resources/ItemIcon/20048.png
spell,0,힐,初級治癒術,初级治愈术,힐_0.png,https://assets.playnccdn.com/static-lineageclassic-gamedata/resources/SpellIcon/383.png
spell,1,라이트,日光術,日光术,라이트_1.png,https://assets.playnccdn.com/static-lineageclassic-gamedata/resources/SpellIcon/384.png
spell,2,실드,保護罩,保护罩,실드_2.png,https://assets.playnccdn.com/static-lineageclassic-gamedata/resources/SpellIcon/385.png
spell,3,에너지 볼트,光箭,光箭,에너지_볼트_3.png,https://assets.playnccdn.com/static-lineageclassic-gamedata/resources/SpellIcon/386.png
spell,4,텔레포트,傳送術,传送术,텔레포트_4.png,https://assets.playnccdn.com/static-lineageclassic-gamedata/resources/SpellIcon/387.png
spell,5,아이스 대거,冰箭,冰箭,아이스_대거_5.png,https://assets.playnccdn.com/static-lineageclassic-gamedata/resources/SpellIcon/657.png
spell,6,윈드 커터,風刃,风刃,윈드_커터_6.png,https://assets.playnccdn.com/static-lineageclassic-gamedata/resources/SpellIcon/663.png
spell,7,홀리 웨폰,神聖武器,神圣武器,홀리_웨폰_7.png,https://assets.playnccdn.com/static-lineageclassic-gamedata/resources/SpellIcon/775.png
spell,8,큐어 포이즌,解毒術,解毒术,큐어_포이즌_8.png,https://assets.playnccdn.com/static-lineageclassic-gamedata/resources/SpellIcon/388.png
spell,9,칠 터치,寒冷戰慄,寒冷战栗,칠_터치_9.png,https://assets.playnccdn.com/static-lineageclassic-gamedata/resources/SpellIcon/389.png
spell,10,커스:포이즌,毒咒,毒咒,커스_포이즌_10.png,https://assets.playnccdn.com/static-lineageclassic-gamedata/resources/SpellIcon/390.png
spell,11,인챈트 웨폰,擬似魔法武器,拟似魔法武器,인챈트_웨폰_11.png,https://assets.playnccdn.com/static-lineageclassic-gamedata/resources/SpellIcon/391.png
spell,12,디텍션,無所遁形術,无所遁形术,디텍션_12.png,https://assets.playnccdn.com/static-lineageclassic-gamedata/resources/SpellIcon/392.png
spell,13,디크리즈 웨이트,負重強化,负重强化,디크리즈_웨이트_13.png,https://assets.playnccdn.com/static-lineageclassic-gamedata/resources/SpellIcon/755.png
spell,14,파이어 애로우,火箭,火箭,파이어_애로우_14.png,https://assets.playnccdn.com/static-lineageclassic-gamedata/resources/SpellIcon/651.png
spell,15,스탈락,地獄之牙,地狱之牙,스탈락_15.png,https://assets.playnccdn.com/static-lineageclassic-gamedata/resources/SpellIcon/659.png
spell,16,라이트닝,極光雷電,极光雷电,라이트닝_16.png,https://assets.playnccdn.com/static-lineageclassic-gamedata/resources/SpellIcon/393.png
spell,17,턴 언데드,起死回生術,起死回生术,턴_언데드_17.png,https://assets.playnccdn.com/static-lineageclassic-gamedata/resources/SpellIcon/394.png
spell,18,익스트라 힐,中級治癒術,中级治愈术,익스트라_힐_18.png,https://assets.playnccdn.com/static-lineageclassic-gamedata/resources/SpellIcon/395.png
spell,19,커스:블라인드,闇盲咒術,暗盲咒术,커스_블라인드_19.png,https://assets.playnccdn.com/static-lineageclassic-gamedata/resources/SpellIcon/396.png
spell,20,블레스드 아머,鎧甲護持,铠甲护持,블레스드_아머_20.png,https://assets.playnccdn.com/static-lineageclassic-gamedata/resources/SpellIcon/397.png
spell,21,프로즌 클라우드,寒冰氣息,寒冰气息,프로즌_클라우드_21.png,https://assets.playnccdn.com/static-lineageclassic-gamedata/resources/SpellIcon/655.png
spell,22,위크 엘리멘탈,能量感測,能量感测,위크_엘리멘탈_22.png,https://assets.playnccdn.com/static-lineageclassic-gamedata/resources/SpellIcon/848.png
spell,24,파이어볼,燃燒的火球,燃烧的火球,파이어볼_24.png,https://assets.playnccdn.com/static-lineageclassic-gamedata/resources/SpellIcon/398.png
spell,25,인챈트 덱스터리티,通暢氣脈術,通畅气脉术,인챈트_덱스터리티_25.png,https://assets.playnccdn.com/static-lineageclassic-gamedata/resources/SpellIcon/399.png
spell,26,웨폰 브레이크,壞物術,坏物术,웨폰_브레이크_26.png,https://assets.playnccdn.com/static-lineageclassic-gamedata/resources/SpellIcon/400.png
spell,27,뱀파이어릭 터치,吸血鬼之吻,吸血鬼之吻,뱀파이어릭_터치_27.png,https://assets.playnccdn.com/static-lineageclassic-gamedata/resources/SpellIcon/401.png
spell,28,슬로우,緩速術,缓速术,슬로우_28.png,https://assets.playnccdn.com/static-lineageclassic-gamedata/resources/SpellIcon/402.png
spell,29,어스재일,岩牢,岩牢,어스재일_29.png,https://assets.playnccdn.com/static-lineageclassic-gamedata/resources/SpellIcon/647.png
spell,30,카운터 매직,魔法屏障,魔法屏障,카운터_매직_30.png,https://assets.playnccdn.com/static-lineageclassic-gamedata/resources/SpellIcon/746.png
spell,31,메디테이션,冥想術,冥想术,메디테이션_31.png,https://assets.playnccdn.com/static-lineageclassic-gamedata/resources/SpellIcon/793.png
spell,32,커스:패럴라이즈,木乃伊的詛咒,木乃伊的诅咒,커스_패럴라이즈_32.png,https://assets.playnccdn.com/static-lineageclassic-gamedata/resources/SpellIcon/403.png
spell,33,콜 라이트닝,極道落雷,极道落雷,콜_라이트닝_33.png,https://assets.playnccdn.com/static-lineageclassic-gamedata/resources/SpellIcon/404.png
spell,34,그레이터 힐,高級治癒術,高级治愈术,그레이터_힐_34.png,https://assets.playnccdn.com/static-lineageclassic-gamedata/resources/SpellIcon/405.png
spell,35,테이밍 몬스터,迷魅術,迷魅术,테이밍_몬스터_35.png,https://assets.playnccdn.com/static-lineageclassic-gamedata/resources/SpellIcon/406.png
spell,36,리무브 커스,聖潔之光,圣洁之光,리무브_커스_36.png,https://assets.playnccdn.com/static-lineageclassic-gamedata/resources/SpellIcon/407.png
spell,37,콘 오브 콜드,冰錐,冰锥,콘_오브_콜드_37.png,https://assets.playnccdn.com/static-lineageclassic-gamedata/resources/SpellIcon/643.png
spell,38,마나 드레인,魔力奪取,魔力夺取,마나_드레인_38.png,https://assets.playnccdn.com/static-lineageclassic-gamedata/resources/SpellIcon/791.png
spell,39,다크니스,黑闇之影,黑暗之影,다크니스_39.png,https://assets.playnccdn.com/static-lineageclassic-gamedata/resources/SpellIcon/749.png
spell,40,크리에이트 좀비,造屍術,造尸术,크리에이트_좀비_40.png,https://assets.playnccdn.com/static-lineageclassic-gamedata/resources/SpellIcon/408.png
spell,41,인챈트 마이티,體魄強健術,体魄强健术,인챈트_마이티_41.png,https://assets.playnccdn.com/static-lineageclassic-gamedata/resources/SpellIcon/409.png
spell,42,헤이스트,加速術,加速术,헤이스트_42.png,https://assets.playnccdn.com/static-lineageclassic-gamedata/resources/SpellIcon/410.png
spell,43,캔슬레이션,魔法相消術,魔法相消术,캔슬레이션_43.png,https://assets.playnccdn.com/static-lineageclassic-gamedata/resources/SpellIcon/411.png
spell,44,이럽션,地裂術,地裂术,이럽션_44.png,https://assets.playnccdn.com/static-lineageclassic-gamedata/resources/SpellIcon/412.png
spell,45,선 버스트,烈炎術,烈炎术,선_버스트_45.png,https://assets.playnccdn.com/static-lineageclassic-gamedata/resources/SpellIcon/661.png
spell,46,위크니스,弱化術,弱化术,위크니스_46.png,https://assets.playnccdn.com/static-lineageclassic-gamedata/resources/SpellIcon/850.png
spell,47,블레스 웨폰,祝福魔法武器,祝福魔法武器,블레스_웨폰_47.png,https://assets.playnccdn.com/static-lineageclassic-gamedata/resources/SpellIcon/726.png
spell,48,힐 올,體力回復術,体力回复术,힐_올_48.png,https://assets.playnccdn.com/static-lineageclassic-gamedata/resources/SpellIcon/413.png
spell,49,아이스 랜스,冰矛圍籬,冰矛围篱,아이스_랜스_49.png,https://assets.playnccdn.com/static-lineageclassic-gamedata/resources/SpellIcon/414.png
spell,50,서먼 몬스터,召喚術,召唤术,서먼_몬스터_50.png,https://assets.playnccdn.com/static-lineageclassic-gamedata/resources/SpellIcon/415.png
spell,51,홀리 워크,神聖疾走,神圣疾走,홀리_워크_51.png,https://assets.playnccdn.com/static-lineageclassic-gamedata/resources/SpellIcon/1578.png
spell,52,토네이도,龍捲風,龙卷风,토네이도_52.png,https://assets.playnccdn.com/static-lineageclassic-gamedata/resources/SpellIcon/417.png
spell,53,그레이터 헤이스트,強力加速術,强力加速术,그레이터_헤이스트_53.png,https://assets.playnccdn.com/static-lineageclassic-gamedata/resources/SpellIcon/622.png
spell,54,버서커스,狂暴術,狂暴术,버서커스_54.png,https://assets.playnccdn.com/static-lineageclassic-gamedata/resources/SpellIcon/1570.png
spell,55,디지즈,疾病術,疾病术,디지즈_55.png,https://assets.playnccdn.com/static-lineageclassic-gamedata/resources/SpellIcon/758.png
spell,56,풀 힐,全部治癒術,全部治愈术,풀_힐_56.png,https://assets.playnccdn.com/static-lineageclassic-gamedata/resources/SpellIcon/418.png
spell,58,블리자드,冰雪暴,冰雪暴,블리자드_58.png,https://assets.playnccdn.com/static-lineageclassic-gamedata/resources/SpellIcon/420.png
spell,59,인비지블리티,隱身術,隐身术,인비지블리티_59.png,https://assets.playnccdn.com/static-lineageclassic-gamedata/resources/SpellIcon/421.png
spell,60,리절렉션,返生術,返生术,리절렉션_60.png,https://assets.playnccdn.com/static-lineageclassic-gamedata/resources/SpellIcon/422.png
spell,61,어스 퀘이크,震裂術,震裂术,어스_퀘이크_61.png,https://assets.playnccdn.com/static-lineageclassic-gamedata/resources/SpellIcon/649.png
spell,63,사일런스,魔法封印,魔法封印,사일런스_63.png,https://assets.playnccdn.com/static-lineageclassic-gamedata/resources/SpellIcon/822.png
spell,64,라이트닝 스톰,雷霆風暴,雷霆风暴,라이트닝_스톰_64.png,https://assets.playnccdn.com/static-lineageclassic-gamedata/resources/SpellIcon/1579.png
spell,65,포그 오브 슬리핑,沉睡之霧,沉睡之雾,포그_오브_슬리핑_65.png,https://assets.playnccdn.com/static-lineageclassic-gamedata/resources/SpellIcon/424.png
spell,67,이뮨 투 함,聖結界,圣结界,이뮨_투_함_67.png,https://assets.playnccdn.com/static-lineageclassic-gamedata/resources/SpellIcon/426.png
spell,68,매스 텔레포트,集體傳送術,集体传送术,매스_텔레포트_68.png,https://assets.playnccdn.com/static-lineageclassic-gamedata/resources/SpellIcon/427.png
spell,69,파이어 스톰,火風暴,火风暴,파이어_스톰_69.png,https://assets.playnccdn.com/static-lineageclassic-gamedata/resources/SpellIcon/653.png
spell,70,디케이 포션,藥水霜化術,药水霜化术,디케이_포션_70.png,https://assets.playnccdn.com/static-lineageclassic-gamedata/resources/SpellIcon/752.png
spell,73,미티어 스트라이크,流星雨,流星雨,미티어_스트라이크_73.png,https://assets.playnccdn.com/static-lineageclassic-gamedata/resources/SpellIcon/429.png
spell,78,어드밴스 스피릿,靈魂昇華,灵魂升华,어드밴스_스피릿_78.png,https://assets.playnccdn.com/static-lineageclassic-gamedata/resources/SpellIcon/1610.png
spell,86,쇼크 스턴,衝擊之暈,冲击之晕,쇼크_스턴_86.png,https://assets.playnccdn.com/static-lineageclassic-gamedata/resources/SpellIcon/1624.png
spell,87,리덕션 아머,增幅防禦,增幅防御,리덕션_아머_87.png,https://assets.playnccdn.com/static-lineageclassic-gamedata/resources/SpellIcon/1887.png
spell,88,바운스 어택,尖刺盔甲,尖刺盔甲,바운스_어택_88.png,https://assets.playnccdn.com/static-lineageclassic-gamedata/resources/SpellIcon/1881.png
spell,89,솔리드 캐리지,堅固防護,坚固防护,솔리드_캐리지_89.png,https://assets.playnccdn.com/static-lineageclassic-gamedata/resources/SpellIcon/20160.png
spell,90,카운터 배리어,反擊屏障,反击屏障,카운터_배리어_90.png,https://assets.playnccdn.com/static-lineageclassic-gamedata/resources/SpellIcon/20480.png
spell,112,트루 타겟,精準目標,精准目标,트루_타겟_112.png,https://assets.playnccdn.com/static-lineageclassic-gamedata/resources/SpellIcon/894.png
spell,113,글로잉 오라,灼熱靈氣,灼热灵气,글로잉_오라_113.png,https://assets.playnccdn.com/static-lineageclassic-gamedata/resources/SpellIcon/878.png
spell,115,콜 클랜,呼喚盟友,呼唤盟友,콜_클랜_115.png,https://assets.playnccdn.com/static-lineageclassic-gamedata/resources/SpellIcon/883.png
spell,116,브레이브 오라,勇敢靈氣,勇敢灵气,브레이브_오라_116.png,https://assets.playnccdn.com/static-lineageclassic-gamedata/resources/SpellIcon/885.png
spell,117,런 클랜,援護盟友,援护盟友,런_클랜_117.png,https://assets.playnccdn.com/static-lineageclassic-gamedata/resources/SpellIcon/1751.png
spell,128,레지스트 매직,魔法防禦,魔法防御,레지스트_매직_128.png,https://assets.playnccdn.com/static-lineageclassic-gamedata/resources/SpellIcon/811.png
spell,129,바디 투 마인드,心靈轉換,心灵转换,바디_투_마인드_129.png,https://assets.playnccdn.com/static-lineageclassic-gamedata/resources/SpellIcon/731.png
spell,130,텔레포트 투 마더,世界樹的呼喚,世界树的呼唤,텔레포트_투_마더_130.png,https://assets.playnccdn.com/static-lineageclassic-gamedata/resources/SpellIcon/846.png
spell,131,트리플 애로우,三重矢,三重矢,트리플_애로우_131.png,https://assets.playnccdn.com/static-lineageclassic-gamedata/resources/SpellIcon/1755.png
spell,136,클리어 마인드,淨化精神,净化精神,클리어_마인드_136.png,https://assets.playnccdn.com/static-lineageclassic-gamedata/resources/SpellIcon/743.png
spell,137,레지스트 엘리멘트,屬性防禦,属性防御,레지스트_엘리멘트_137.png,https://assets.playnccdn.com/static-lineageclassic-gamedata/resources/SpellIcon/802.png
spell,144,리턴 투 네이쳐,釋放元素,释放元素,리턴_투_네이쳐_144.png,https://assets.playnccdn.com/static-lineageclassic-gamedata/resources/SpellIcon/820.png
spell,145,블러드 투 소울,魂體轉換,魂体转换,블러드_투_소울_145.png,https://assets.playnccdn.com/static-lineageclassic-gamedata/resources/SpellIcon/729.png
spell,146,프로텍션 프롬 엘리멘트,單屬性防禦,单属性防御,프로텍션_프롬_엘리멘트_146.png,https://assets.playnccdn.com/static-lineageclassic-gamedata/resources/SpellIcon/871.png
spell,147,파이어 웨폰,火焰武器,火焰武器,파이어_웨폰_147.png,https://assets.playnccdn.com/static-lineageclassic-gamedata/resources/SpellIcon/772.png
spell,148,윈드 샷,風之神射,风之神射,윈드_샷_148.png,https://assets.playnccdn.com/static-lineageclassic-gamedata/resources/SpellIcon/853.png
spell,149,윈드 워크,風之疾走,风之疾走,윈드_워크_149.png,https://assets.playnccdn.com/static-lineageclassic-gamedata/resources/SpellIcon/856.png
spell,150,어스 스킨,大地防護,大地防护,어스_스킨_150.png,https://assets.playnccdn.com/static-lineageclassic-gamedata/resources/SpellIcon/761.png
spell,151,인탱글,地面障礙,地面障碍,인탱글_151.png,https://assets.playnccdn.com/static-lineageclassic-gamedata/resources/SpellIcon/764.png
spell,152,이레이즈 매직,魔法消除,魔法消除,이레이즈_매직_152.png,https://assets.playnccdn.com/static-lineageclassic-gamedata/resources/SpellIcon/767.png
spell,153,서먼 레서 엘리멘탈,召喚屬性精靈,召唤属性精灵,서먼_레서_엘리멘탈_153.png,https://assets.playnccdn.com/static-lineageclassic-gamedata/resources/SpellIcon/867.png
spell,154,브레스 오브 파이어,舞躍之火,舞跃之火,브레스_오브_파이어_154.png,https://assets.playnccdn.com/static-lineageclassic-gamedata/resources/SpellIcon/733.png
spell,155,아이 오브 스톰,暴風之眼,暴风之眼,아이_오브_스톰_155.png,https://assets.playnccdn.com/static-lineageclassic-gamedata/resources/SpellIcon/769.png
spell,156,어스 바인드,大地屏障,大地屏障,어스_바인드_156.png,https://assets.playnccdn.com/static-lineageclassic-gamedata/resources/SpellIcon/891.png
spell,157,네이쳐스 터치,生命之泉,生命之泉,네이쳐스_터치_157.png,https://assets.playnccdn.com/static-lineageclassic-gamedata/resources/SpellIcon/799.png
spell,158,블레스 오브 어스,大地的祝福,大地的祝福,블레스_오브_어스_158.png,https://assets.playnccdn.com/static-lineageclassic-gamedata/resources/SpellIcon/723.png
spell,160,에이리어 오브 사일런스,封印禁地,封印禁地,에이리어_오브_사일런스_160.png,https://assets.playnccdn.com/static-lineageclassic-gamedata/resources/SpellIcon/720.png
spell,161,서먼 그레이터 엘리멘탈,召喚強力屬性精靈,召唤强力属性精灵,서먼_그레이터_엘리멘탈_161.png,https://assets.playnccdn.com/static-lineageclassic-gamedata/resources/SpellIcon/869.png
spell,162,버닝 웨폰,烈炎武器,烈炎武器,버닝_웨폰_162.png,https://assets.playnccdn.com/static-lineageclassic-gamedata/resources/SpellIcon/736.png
spell,163,네이쳐스 블레싱,生命的祝福,生命的祝福,네이쳐스_블레싱_163.png,https://assets.playnccdn.com/static-lineageclassic-gamedata/resources/SpellIcon/796.png
spell,165,스톰 샷,暴風神射,暴风神射,스톰_샷_165.png,https://assets.playnccdn.com/static-lineageclassic-gamedata/resources/SpellIcon/825.png
spell,167,아이언 스킨,鋼鐵防護,钢铁防护,아이언_스킨_167.png,https://assets.playnccdn.com/static-lineageclassic-gamedata/resources/SpellIcon/781.png
spell,169,워터 라이프,水之元氣,水之元气,워터_라이프_169.png,https://assets.playnccdn.com/static-lineageclassic-gamedata/resources/SpellIcon/1756.png
spell,172,폴루트 워터,污濁之水,污浊之水,폴루트_워터_172.png,https://assets.playnccdn.com/static-lineageclassic-gamedata/resources/SpellIcon/20477.png
spell,173,스트라이커 게일,精準射擊,精准射击,스트라이커_게일_173.png,https://assets.playnccdn.com/static-lineageclassic-gamedata/resources/SpellIcon/20474.png
spell,174,소울 오브 프레임,烈焰之魂,烈焰之魂,소울_오브_프레임_174.png,https://assets.playnccdn.com/static-lineageclassic-gamedata/resources/SpellIcon/20471.png
