2026-09-24 07:27:25.986  INFO   session     Loading Manmabot from D:\Work\Lineage\ManmabotV1_final\engine
2026-09-24 07:27:25.989  INFO   session     Session log D:\Work\Lineage\ManmabotV1_final\engine\logs\bot-20260924-072725.log
2026-09-24 07:27:25.989  INFO   session     character=elf loot=all_items game_lang=ko map=talking_island farms=['area_3', 'area_2', 'area_1'] file=D:\Work\Lineage\ManmabotV1_final\engine\logs\bot-20260924-072725.log
2026-09-24 07:27:28.440  INFO   nav         building portal graph (cluster=32, 479x511)
2026-09-24 07:27:28.687  INFO   nav         portal graph: 188 components, 246 ms
2026-09-24 07:27:28.693  INFO   nav         farms=3 safe=11 home=(354, 203) (files farm=D:\Work\Lineage\ManmabotV1_final\engine\maps\talking_island\farms.yaml safe=D:\Work\Lineage\ManmabotV1_final\engine\maps\talking_island\safe.yaml home=D:\Work\Lineage\ManmabotV1_final\engine\maps\talking_island\home.yaml)
2026-09-24 07:27:28.970  INFO   capture     mss window capture process='LC.exe' title=None content_aspect=4:3
2026-09-24 07:27:32.211  INFO   session     Entity clicks use memory names, species, and world cells. Image recognition still runs. Set memory.entity_source to vision to restore image-only clicks.
2026-09-24 07:27:32.219  INFO   session     Player memory is read in this process (realtime_monitor.dll, offsets.json). No separate console.
2026-09-24 07:27:32.253  INFO   session     Inventory listen scanning in background (build inventory_listen.dll or place inv.json).
2026-09-24 07:27:32.257  INFO   session     Reading hotbar from memory (24 slots)…
2026-09-24 07:27:32.393  INFO   session     Hotbar scan done · hp_potion@box1/f5, talking_scroll@box1/f8
2026-09-24 07:27:32.398  INFO   session     Unmapped hotbar icons: box1/f6:+0 화살 (2,345), box1/f7:아데나 (969), box1/f12:상쾌한 초록 물약
2026-09-24 07:27:32.418  INFO   session     Loop ready · elf · ko · map=talking_island · loot=all_items · farms=['area_3', 'area_2', 'area_1']
2026-09-24 07:27:34.065  INFO   session     Entity shadow: vision=5 {'npc': 2, 'player': 2, 'monster': 1} memory=7 {'monster': 4, 'player': 1, 'npc': 2} paired=2 median=0.033 unleveled=68:警衛,10:警衛
2026-09-24 07:27:34.100  INFO   session     Inventory listen ready (dll) · hp=4 arrows=2345 silver=5 depoison=0
2026-09-24 07:27:34.155  INFO   decision    mode=farming behavior=talking_scroll action=use_talking_scroll target=- reason='go to shop (buy_hp_potions_talking_ch)' status=success
2026-09-24 07:27:37.785  INFO   decision    mode=farming behavior=shop action=shop_stop target=- reason='stop at shop' status=success
2026-09-24 07:27:38.405  INFO   decision    mode=farming behavior=shop action=shop_buy_arrows target=- reason='shop:buy_hp_potions_talking_ch' status=success
2026-09-24 07:27:47.364  INFO   session     Entity shadow: vision=20 {'npc': 1, 'player': 18, 'monster': 1} memory=60 {'player': 58, 'npc': 2} paired=19 median=0.026
2026-09-24 07:27:47.407  INFO   decision    mode=farming behavior=talking_scroll action=use_talking_scroll target=- reason='return to farm map after shop' status=success
2026-09-24 07:27:49.820  INFO   session     Paused — hotkey
2026-09-24 07:27:51.538  INFO   session     Resume → Running
2026-09-24 07:27:52.370  INFO   decision    mode=traveling behavior=traveling action=traveling target=- reason='enter farm area' status=success
2026-09-24 07:27:52.690  INFO   session     Entity shadow: vision=36 {'player': 30, 'monster': 2, 'npc': 4} memory=50 {'monster': 4, 'player': 39, 'npc': 7} paired=31 median=0.010 unleveled=189:鹿,319:?,14:青蛙,68:警衛
2026-09-24 07:27:57.933  INFO   session     Entity shadow: vision=30 {'player': 28, 'monster': 1, 'npc': 1} memory=71 {'player': 65, 'npc': 3, 'monster': 3} paired=28 median=0.017 unleveled=14:青蛙,319:?,68:警衛
2026-09-24 07:28:02.988  INFO   session     Entity shadow: vision=10 {'player': 8, 'npc': 2} memory=51 {'npc': 6, 'player': 45} paired=8 median=0.072
2026-09-24 07:28:06.876  INFO   decision    mode=traveling behavior=traveling action=traveling target=- reason='enter farm area' status=success (repeat)
2026-09-24 07:28:08.141  INFO   session     Entity shadow: vision=10 {'player': 8, 'npc': 2} memory=11 {'npc': 4, 'player': 7} paired=7 median=0.008
2026-09-24 07:28:13.232  INFO   session     Entity shadow: vision=3 {'player': 2, 'npc': 1} memory=7 {'monster': 1, 'npc': 3, 'player': 3} paired=1 median=0.021 unleveled=68:警衛
2026-09-24 07:28:16.442  INFO   decision    mode=traveling behavior=traveling action=traveling target=- reason='enter farm area' status=success (repeat)
2026-09-24 07:28:18.268  INFO   session     Entity shadow: vision=1 {'player': 1} memory=3 {'npc': 2, 'player': 1} paired=0 median=0.000
2026-09-24 07:28:23.306  INFO   session     Entity shadow: vision=2 {'player': 1, 'npc': 1} memory=3 {'monster': 1, 'npc': 1, 'player': 1} paired=0 median=0.000 unleveled=10:警衛
2026-09-24 07:28:24.793  INFO   decision    mode=traveling behavior=traveling action=traveling target=- reason='enter farm area' status=success (repeat)
2026-09-24 07:28:28.318  INFO   session     Entity shadow: vision=3 {'player': 1, 'npc': 2} memory=3 {'monster': 2, 'npc': 1} paired=0 median=0.000 unleveled=68:警衛,10:警衛
2026-09-24 07:28:29.224  INFO   decision    mode=traveling behavior=combat action=attack target=179 reason='engage target' status=success
2026-09-24 07:28:31.369  INFO   decision    mode=traveling behavior=loot action=searching target=180 reason='walk onto item' status=success
2026-09-24 07:28:33.455  INFO   session     Entity shadow: vision=4 {'player': 1, 'npc': 2, 'item': 1} memory=4 {'monster': 3, 'item': 1} paired=1 median=0.015 unleveled=207:兔子,68:警衛,10:警衛
2026-09-24 07:28:38.491  INFO   session     Entity shadow: vision=3 {'player': 1, 'item': 2} memory=3 {'monster': 2, 'item': 1} paired=1 median=0.012 unleveled=207:兔子
2026-09-24 07:28:38.531  INFO   decision    mode=traveling behavior=loot action=pickup target=180 reason='loot target' status=success
2026-09-24 07:28:43.534  INFO   session     Entity shadow: vision=1 {'player': 1} memory=1 {'monster': 1} paired=0 median=0.000 unleveled=207:兔子
2026-09-24 07:28:47.675  INFO   decision    mode=traveling behavior=traveling action=traveling target=- reason='enter farm area' status=success
2026-09-24 07:28:48.660  INFO   session     Entity shadow: vision=2 {'player': 1, 'npc': 1} memory=3 {'monster': 3} paired=0 median=0.000 unleveled=207:兔子,206:兔子,10:警衛
2026-09-24 07:28:53.776  INFO   session     Entity shadow: vision=1 {'player': 1} memory=1 {'monster': 1} paired=0 median=0.000 unleveled=206:兔子
2026-09-24 07:28:55.654  INFO   decision    mode=traveling behavior=traveling action=traveling target=- reason='enter farm area' status=success (repeat)
2026-09-24 07:28:58.818  INFO   session     Entity shadow: vision=1 {'player': 1} memory=1 {'monster': 1} paired=0 median=0.000 unleveled=206:兔子
2026-09-24 07:28:59.606  INFO   decision    mode=traveling behavior=combat action=attack target=187 reason='engage target' status=success
2026-09-24 07:29:02.812  INFO   decision    mode=traveling behavior=loot action=searching target=188 reason='walk onto item' status=success
2026-09-24 07:29:03.903  INFO   session     Entity shadow: vision=2 {'item': 1, 'monster': 1} memory=2 {'monster': 1, 'item': 1} paired=1 median=0.010 unleveled=206:兔子
2026-09-24 07:29:06.887  INFO   decision    mode=traveling behavior=loot action=pickup target=188 reason='loot target' status=success
2026-09-24 07:29:08.924  INFO   session     Entity shadow: vision=2 {'player': 1, 'monster': 1} memory=2 {'monster': 2} paired=1 median=0.021 unleveled=206:兔子
2026-09-24 07:29:13.987  INFO   session     Entity shadow: vision=2 {'monster': 1, 'player': 1} memory=1 {'monster': 1} paired=1 median=0.021
2026-09-24 07:29:14.713  INFO   decision    mode=traveling behavior=combat action=attack target=189 reason='engage target' status=success
2026-09-24 07:29:16.259  INFO   decision    mode=traveling behavior=loot action=searching target=190 reason='walk onto item' status=success
2026-09-24 07:29:19.102  INFO   session     Entity shadow: vision=2 {'player': 1, 'monster': 1} memory=1 {'item': 1} paired=0 median=0.000
2026-09-24 07:29:22.001  INFO   decision    mode=traveling behavior=loot action=pickup target=190 reason='loot target' status=success
2026-09-24 07:29:24.206  INFO   session     Entity shadow: vision=1 {'player': 1} memory=0 {} paired=0 median=0.000
2026-09-24 07:29:29.408  INFO   session     Entity shadow: vision=2 {'player': 1, 'monster': 1} memory=1 {'monster': 1} paired=1 median=0.010
2026-09-24 07:29:30.541  INFO   decision    mode=traveling behavior=combat action=attack target=191 reason='engage target' status=success
2026-09-24 07:29:33.197  INFO   decision    mode=traveling behavior=traveling action=traveling target=- reason='enter farm area' status=success
2026-09-24 07:29:34.542  INFO   session     Entity shadow: vision=2 {'player': 2} memory=0 {} paired=0 median=0.000
2026-09-24 07:29:36.309  INFO   decision    mode=traveling behavior=combat action=attack target=193 reason='engage target' status=success
2026-09-24 07:29:39.773  INFO   session     Entity shadow: vision=1 {'player': 1} memory=2 {'monster': 2} paired=0 median=0.000
2026-09-24 07:29:40.686  INFO   decision    mode=traveling behavior=loot action=searching target=195 reason='walk onto item' status=success
2026-09-24 07:29:44.891  INFO   session     Entity shadow: vision=5 {'player': 1, 'item': 1, 'npc': 1, 'monster': 2} memory=4 {'monster': 3, 'item': 1} paired=3 median=0.036 unleveled=68:警衛
2026-09-24 07:29:45.229  INFO   decision    mode=traveling behavior=combat action=attack target=194 reason='engage target' status=success
2026-09-24 07:29:50.084  INFO   session     Entity shadow: vision=3 {'item': 1, 'player': 1, 'monster': 1} memory=3 {'monster': 2, 'item': 1} paired=2 median=0.016 unleveled=68:警衛
2026-09-24 07:29:50.105  INFO   decision    mode=retreating behavior=talking_scroll action=use_talking_scroll target=- reason='retreat, 마법서 상인' status=success
2026-09-24 07:29:51.017  INFO   decision    mode=retreating behavior=retreating action=idle target=- reason='retreating, waiting for hp' status=success
2026-09-24 07:29:55.239  INFO   session     Entity shadow: vision=7 {'player': 3, 'npc': 2, 'monster': 2} memory=8 {'monster': 3, 'player': 2, 'npc': 3} paired=3 median=0.024 unleveled=68:警衛,10:警衛
2026-09-24 07:29:59.114  INFO   decision    mode=retreating behavior=retreating action=idle target=- reason='retreating, waiting for hp' status=success (repeat)
2026-09-24 07:30:00.345  INFO   session     Entity shadow: vision=5 {'player': 3, 'npc': 2} memory=8 {'monster': 3, 'player': 2, 'npc': 3} paired=2 median=0.024 unleveled=68:警衛,10:警衛
2026-09-24 07:30:05.355  INFO   session     Entity shadow: vision=7 {'npc': 3, 'player': 3, 'monster': 1} memory=8 {'monster': 3, 'player': 2, 'npc': 3} paired=3 median=0.021 unleveled=68:警衛,10:警衛
2026-09-24 07:30:07.413  INFO   decision    mode=retreating behavior=retreating action=idle target=- reason='retreating, waiting for hp' status=success (repeat)
2026-09-24 07:30:10.507  INFO   session     Entity shadow: vision=7 {'monster': 1, 'player': 3, 'npc': 3} memory=9 {'monster': 4, 'player': 2, 'npc': 3} paired=3 median=0.021 unleveled=68:警衛,10:警衛
2026-09-24 07:30:15.536  INFO   session     Entity shadow: vision=6 {'player': 3, 'npc': 2, 'monster': 1} memory=9 {'monster': 4, 'player': 2, 'npc': 3} paired=3 median=0.024 unleveled=68:警衛,10:警衛
2026-09-24 07:30:16.291  INFO   decision    mode=retreating behavior=retreating action=idle target=- reason='retreating, waiting for hp' status=success (repeat)
2026-09-24 07:30:20.549  INFO   session     Entity shadow: vision=4 {'npc': 2, 'monster': 1, 'player': 1} memory=7 {'monster': 3, 'player': 1, 'npc': 3} paired=2 median=0.022 unleveled=68:警衛,10:警衛
2026-09-24 07:30:24.508  INFO   decision    mode=retreating behavior=retreating action=idle target=- reason='retreating, waiting for hp' status=success (repeat)
2026-09-24 07:30:25.571  INFO   session     Entity shadow: vision=5 {'player': 2, 'npc': 2, 'monster': 1} memory=7 {'monster': 3, 'player': 1, 'npc': 3} paired=2 median=0.022 unleveled=68:警衛,10:警衛
2026-09-24 07:30:30.583  INFO   session     Entity shadow: vision=4 {'player': 2, 'npc': 2} memory=7 {'monster': 3, 'player': 1, 'npc': 3} paired=1 median=0.022 unleveled=68:警衛,10:警衛
2026-09-24 07:30:32.531  INFO   decision    mode=retreating behavior=retreating action=idle target=- reason='retreating, waiting for hp' status=success (repeat)
2026-09-24 07:30:35.670  INFO   session     Entity shadow: vision=4 {'npc': 2, 'player': 2} memory=7 {'monster': 3, 'player': 1, 'npc': 3} paired=1 median=0.022 unleveled=68:警衛,10:警衛
2026-09-24 07:30:40.706  INFO   session     Entity shadow: vision=5 {'monster': 1, 'npc': 2, 'player': 2} memory=7 {'monster': 3, 'player': 1, 'npc': 3} paired=2 median=0.022 unleveled=68:警衛,10:警衛
2026-09-24 07:30:40.729  INFO   decision    mode=retreating behavior=retreating action=idle target=- reason='retreating, waiting for hp' status=success (repeat)
2026-09-24 07:30:45.855  INFO   session     Entity shadow: vision=4 {'npc': 2, 'player': 2} memory=7 {'monster': 3, 'player': 1, 'npc': 3} paired=1 median=0.022 unleveled=68:警衛,10:警衛
2026-09-24 07:30:48.805  INFO   decision    mode=retreating behavior=retreating action=idle target=- reason='retreating, waiting for hp' status=success (repeat)
2026-09-24 07:30:50.893  INFO   session     Entity shadow: vision=3 {'player': 1, 'npc': 2} memory=6 {'monster': 3, 'npc': 3} paired=0 median=0.000 unleveled=68:警衛,10:警衛
2026-09-24 07:30:55.317  INFO   decision    mode=traveling behavior=combat action=attack target=206 reason='engage target' status=success
2026-09-24 07:30:56.008  INFO   session     Entity shadow: vision=2 {'npc': 2} memory=6 {'monster': 3, 'npc': 3} paired=0 median=0.000 unleveled=68:警衛,10:警衛
2026-09-24 07:30:56.793  INFO   decision    mode=traveling behavior=traveling action=traveling target=- reason='return to farm after retreat' status=success
2026-09-24 07:31:01.079  INFO   session     Entity shadow: vision=3 {'player': 1, 'npc': 2} memory=5 {'monster': 2, 'npc': 3} paired=1 median=0.114 unleveled=68:警衛,10:警衛
2026-09-24 07:31:05.387  INFO   decision    mode=traveling behavior=combat action=attack target=207 reason='engage target' status=success
2026-09-24 07:31:06.085  INFO   session     Entity shadow: vision=3 {'npc': 2, 'player': 1} memory=6 {'monster': 3, 'npc': 3} paired=0 median=0.000 unleveled=68:警衛,10:警衛
2026-09-24 07:31:06.723  INFO   decision    mode=traveling behavior=traveling action=traveling target=- reason='return to farm after retreat' status=success
2026-09-24 07:31:08.133  INFO   decision    mode=traveling behavior=loot action=searching target=208 reason='walk onto item' status=success
2026-09-24 07:31:11.121  INFO   session     Entity shadow: vision=2 {'player': 1, 'item': 1} memory=4 {'player': 1, 'item': 1, 'monster': 1, 'npc': 1} paired=1 median=0.103 unleveled=10:警衛
2026-09-24 07:31:16.324  INFO   session     Entity shadow: vision=2 {'player': 2} memory=2 {'player': 1, 'monster': 1} paired=1 median=0.022
2026-09-24 07:31:19.568  INFO   decision    mode=traveling behavior=combat action=attack target=210 reason='engage target' status=success
2026-09-24 07:31:21.360  INFO   session     Entity shadow: vision=3 {'player': 2, 'monster': 1} memory=2 {'player': 1, 'monster': 1} paired=2 median=0.042
2026-09-24 07:31:24.459  INFO   decision    mode=traveling behavior=loot action=searching target=211 reason='walk onto item' status=success
2026-09-24 07:31:26.548  INFO   session     Entity shadow: vision=3 {'player': 2, 'item': 1} memory=2 {'player': 1, 'item': 1} paired=2 median=0.075
2026-09-24 07:31:27.641  INFO   decision    mode=traveling behavior=loot action=pickup target=211 reason='loot target' status=success
2026-09-24 07:31:31.580  INFO   session     Entity shadow: vision=1 {'player': 1} memory=1 {'player': 1} paired=1 median=0.084
2026-09-24 07:31:35.114  INFO   decision    mode=traveling behavior=traveling action=traveling target=- reason='return to farm after retreat' status=success
2026-09-24 07:31:36.584  INFO   session     Entity shadow: vision=2 {'player': 2} memory=1 {'player': 1} paired=1 median=0.031
2026-09-24 07:31:41.695  INFO   session     Entity shadow: vision=2 {'player': 1, 'monster': 1} memory=0 {} paired=0 median=0.000
2026-09-24 07:31:43.340  INFO   decision    mode=traveling behavior=traveling action=traveling target=- reason='return to farm after retreat' status=success (repeat)
2026-09-24 07:31:44.052  INFO   decision    mode=traveling behavior=combat action=attack target=213 reason='engage target' status=success
2026-09-24 07:31:46.947  INFO   session     Entity shadow: vision=2 {'monster': 2} memory=3 {'monster': 2, 'item': 1} paired=1 median=0.049
2026-09-24 07:31:51.413  INFO   decision    mode=traveling behavior=combat action=attack target=216 reason='engage target' status=success
2026-09-24 07:31:52.106  INFO   session     Entity shadow: vision=2 {'player': 1, 'item': 1} memory=3 {'monster': 1, 'player': 1, 'item': 1} paired=2 median=0.051
2026-09-24 07:31:53.801  INFO   decision    mode=retreating behavior=talking_scroll action=use_talking_scroll target=- reason='retreat, 허수아비 수련장' status=success
2026-09-24 07:31:54.720  INFO   decision    mode=retreating behavior=retreating action=idle target=- reason='retreating, waiting for hp' status=success
2026-09-24 07:31:55.871  INFO   decision    mode=retreating behavior=loot action=pickup target=219 reason='engage item' status=success
2026-09-24 07:31:57.346  INFO   session     Entity shadow: vision=11 {'monster': 4, 'npc': 1, 'player': 6} memory=15 {'player': 10, 'monster': 5} paired=8 median=0.020 unleveled=10:警衛,20:?
2026-09-24 07:32:02.457  INFO   session     Entity shadow: vision=9 {'monster': 3, 'player': 5, 'npc': 1} memory=14 {'monster': 5, 'player': 9} paired=7 median=0.017 unleveled=10:警衛,20:?
2026-09-24 07:32:03.362  INFO   decision    mode=retreating behavior=retreating action=idle target=- reason='retreating, waiting for hp' status=success
2026-09-24 07:32:07.573  INFO   session     Entity shadow: vision=9 {'npc': 2, 'monster': 3, 'player': 4} memory=13 {'monster': 5, 'player': 8} paired=6 median=0.020 unleveled=10:警衛,20:?
2026-09-24 07:32:11.717  INFO   decision    mode=retreating behavior=retreating action=idle target=- reason='retreating, waiting for hp' status=success (repeat)
2026-09-24 07:32:12.552  INFO   session     Entity shadow: vision=9 {'monster': 3, 'npc': 1, 'player': 5} memory=13 {'monster': 5, 'player': 8} paired=7 median=0.018 unleveled=10:警衛,20:?
2026-09-24 07:32:17.660  INFO   session     Entity shadow: vision=9 {'monster': 2, 'npc': 2, 'player': 5} memory=13 {'monster': 5, 'player': 8} paired=7 median=0.017 unleveled=10:警衛,20:?
2026-09-24 07:32:19.872  INFO   decision    mode=retreating behavior=retreating action=idle target=- reason='retreating, waiting for hp' status=success (repeat)
2026-09-24 07:32:22.747  INFO   session     Entity shadow: vision=9 {'monster': 2, 'player': 6, 'npc': 1} memory=14 {'monster': 5, 'player': 9} paired=8 median=0.019 unleveled=10:警衛,20:?
2026-09-24 07:32:27.754  INFO   session     Entity shadow: vision=9 {'npc': 1, 'monster': 2, 'player': 6} memory=14 {'monster': 5, 'player': 9} paired=8 median=0.019 unleveled=10:警衛,20:?
2026-09-24 07:32:28.279  INFO   decision    mode=retreating behavior=retreating action=idle target=- reason='retreating, waiting for hp' status=success (repeat)
2026-09-24 07:32:32.861  INFO   session     Entity shadow: vision=9 {'monster': 2, 'player': 6, 'npc': 1} memory=14 {'monster': 5, 'player': 9} paired=8 median=0.019 unleveled=10:警衛,20:?
2026-09-24 07:32:36.591  INFO   decision    mode=retreating behavior=retreating action=idle target=- reason='retreating, waiting for hp' status=success (repeat)
2026-09-24 07:32:37.978  INFO   session     Entity shadow: vision=9 {'monster': 2, 'player': 6, 'npc': 1} memory=15 {'monster': 5, 'player': 10} paired=8 median=0.017 unleveled=10:警衛,20:?
2026-09-24 07:32:43.023  INFO   session     Entity shadow: vision=9 {'player': 6, 'monster': 2, 'npc': 1} memory=14 {'monster': 5, 'player': 9} paired=8 median=0.017 unleveled=10:警衛,20:?
2026-09-24 07:32:45.023  INFO   decision    mode=retreating behavior=retreating action=idle target=- reason='retreating, waiting for hp' status=success (repeat)
2026-09-24 07:32:48.134  INFO   session     Entity shadow: vision=8 {'monster': 2, 'player': 5, 'npc': 1} memory=14 {'monster': 5, 'player': 9} paired=7 median=0.018 unleveled=10:警衛,20:?
2026-09-24 07:32:53.220  INFO   session     Entity shadow: vision=8 {'player': 5, 'npc': 1, 'monster': 2} memory=14 {'monster': 5, 'player': 9} paired=7 median=0.018 unleveled=10:警衛,20:?
2026-09-24 07:32:53.390  INFO   decision    mode=retreating behavior=retreating action=idle target=- reason='retreating, waiting for hp' status=success (repeat)
2026-09-24 07:32:58.274  INFO   session     Entity shadow: vision=9 {'monster': 2, 'player': 6, 'npc': 1} memory=14 {'monster': 5, 'player': 9} paired=8 median=0.017 unleveled=10:警衛,20:?
2026-09-24 07:33:01.709  INFO   decision    mode=retreating behavior=retreating action=idle target=- reason='retreating, waiting for hp' status=success (repeat)
2026-09-24 07:33:03.459  INFO   session     Entity shadow: vision=9 {'monster': 2, 'player': 6, 'npc': 1} memory=16 {'monster': 5, 'player': 11} paired=8 median=0.017 unleveled=10:警衛,20:?
2026-09-24 07:33:07.057  INFO   decision    mode=traveling behavior=traveling action=traveling target=- reason='return to farm after retreat' status=success
2026-09-24 07:33:08.584  INFO   session     Entity shadow: vision=11 {'monster': 3, 'player': 6, 'npc': 2} memory=14 {'player': 11, 'monster': 3} paired=7 median=0.011 unleveled=10:警衛,19:?
2026-09-24 07:33:13.754  INFO   session     Entity shadow: vision=6 {'player': 5, 'npc': 1} memory=9 {'monster': 1, 'player': 8} paired=4 median=0.015 unleveled=10:警衛
2026-09-24 07:33:16.378  INFO   decision    mode=traveling behavior=traveling action=traveling target=- reason='return to farm after retreat' status=success (repeat)
2026-09-24 07:33:18.853  INFO   session     Entity shadow: vision=1 {'player': 1} memory=0 {} paired=0 median=0.000
2026-09-24 07:33:23.972  INFO   session     Entity shadow: vision=1 {'player': 1} memory=0 {} paired=0 median=0.000
2026-09-24 07:33:24.287  INFO   decision    mode=traveling behavior=traveling action=traveling target=- reason='return to farm after retreat' status=success (repeat)
2026-09-24 07:33:29.098  INFO   session     Entity shadow: vision=2 {'player': 1, 'npc': 1} memory=1 {'monster': 1} paired=0 median=0.000 unleveled=68:警衛
2026-09-24 07:33:32.367  INFO   decision    mode=traveling behavior=traveling action=traveling target=- reason='return to farm after retreat' status=success (repeat)
2026-09-24 07:33:34.216  INFO   session     Entity shadow: vision=4 {'player': 2, 'npc': 2} memory=5 {'monster': 4, 'player': 1} paired=1 median=0.029 unleveled=206:兔子,209:兔子,10:警衛,68:警衛
2026-09-24 07:33:35.292  INFO   decision    mode=traveling behavior=combat action=attack target=252 reason='engage target' status=success
2026-09-24 07:33:35.805  INFO   decision    mode=traveling behavior=traveling action=traveling target=- reason='return to farm after retreat' status=success
2026-09-24 07:33:36.635  INFO   decision    mode=traveling behavior=combat action=attack target=253 reason='engage target' status=success
2026-09-24 07:33:39.469  INFO   session     Entity shadow: vision=6 {'item': 1, 'npc': 2, 'monster': 1, 'player': 2} memory=8 {'player': 1, 'monster': 6, 'item': 1} paired=3 median=0.015 unleveled=209:兔子,206:兔子,10:警衛,68:警衛
2026-09-24 07:33:44.600  INFO   session     Entity shadow: vision=5 {'npc': 2, 'player': 2, 'monster': 1} memory=6 {'player': 1, 'monster': 5} paired=2 median=0.018 unleveled=209:兔子,206:兔子,10:警衛,68:警衛
2026-09-24 07:33:46.119  INFO   decision    mode=traveling behavior=loot action=searching target=255 reason='walk onto item' status=success
2026-09-24 07:33:49.832  INFO   session     Entity shadow: vision=4 {'player': 2, 'npc': 2} memory=3 {'player': 1, 'monster': 2} paired=1 median=0.019 unleveled=10:警衛,68:警衛
2026-09-24 07:33:51.464  INFO   decision    mode=traveling behavior=traveling action=traveling target=- reason='return to farm after retreat' status=success
2026-09-24 07:33:54.937  INFO   session     Entity shadow: vision=3 {'player': 1, 'npc': 2} memory=2 {'monster': 2} paired=0 median=0.000 unleveled=10:警衛,68:警衛
2026-09-24 07:34:00.073  INFO   session     Entity shadow: vision=4 {'player': 1, 'npc': 3} memory=3 {'monster': 3} paired=0 median=0.000 unleveled=10:警衛,68:警衛
2026-09-24 07:34:00.268  INFO   decision    mode=traveling behavior=traveling action=traveling target=- reason='return to farm after retreat' status=success (repeat)
2026-09-24 07:34:05.211  INFO   session     Entity shadow: vision=4 {'player': 1, 'npc': 2, 'monster': 1} memory=2 {'player': 1, 'monster': 1} paired=0 median=0.000 unleveled=68:警衛
2026-09-24 07:34:05.679  INFO   decision    mode=traveling behavior=combat action=attack target=259 reason='engage target' status=success
2026-09-24 07:34:10.295  INFO   session     Entity shadow: vision=2 {'player': 1, 'npc': 1} memory=2 {'player': 1, 'monster': 1} paired=0 median=0.000 unleveled=68:警衛
2026-09-24 07:34:10.315  INFO   decision    mode=traveling behavior=loot action=searching target=260 reason='walk onto item' status=success
2026-09-24 07:34:15.479  INFO   session     Entity shadow: vision=3 {'player': 2, 'monster': 1} memory=3 {'monster': 2, 'player': 1} paired=2 median=0.029
2026-09-24 07:34:18.540  INFO   decision    mode=traveling behavior=combat action=attack target=262 reason='engage target' status=success
2026-09-24 07:34:20.634  INFO   session     Entity shadow: vision=2 {'monster': 2} memory=4 {'monster': 4} paired=1 median=0.013 unleveled=210:兔子
2026-09-24 07:34:23.519  INFO   decision    mode=traveling behavior=combat action=attack target=261 reason='engage target' status=success
2026-09-24 07:34:25.637  INFO   session     Entity shadow: vision=2 {'monster': 1, 'player': 1} memory=5 {'monster': 5} paired=1 median=0.011 unleveled=207:兔子,210:兔子
2026-09-24 07:34:30.667  INFO   session     Entity shadow: vision=1 {'monster': 1} memory=5 {'monster': 5} paired=1 median=0.011 unleveled=207:兔子,210:兔子
2026-09-24 07:34:34.792  INFO   decision    mode=traveling behavior=combat action=attack target=261 reason='attack target' status=success (repeat)
2026-09-24 07:34:35.889  INFO   session     Entity shadow: vision=3 {'monster': 2, 'player': 1} memory=4 {'monster': 4} paired=2 median=0.031
2026-09-24 07:34:40.910  INFO   session     Entity shadow: vision=1 {'monster': 1} memory=3 {'monster': 3} paired=1 median=0.011
2026-09-24 07:34:45.403  INFO   decision    mode=traveling behavior=combat action=attack target=261 reason='attack target' status=success (repeat)
2026-09-24 07:34:46.049  INFO   session     Entity shadow: vision=3 {'monster': 2, 'player': 1} memory=2 {'monster': 2} paired=1 median=0.011
2026-09-24 07:34:51.098  INFO   session     Entity shadow: vision=1 {'monster': 1} memory=1 {'monster': 1} paired=1 median=0.011
2026-09-24 07:34:55.543  INFO   decision    mode=traveling behavior=combat action=attack target=261 reason='attack target' status=success (repeat)
2026-09-24 07:34:56.151  INFO   session     Entity shadow: vision=2 {'monster': 1, 'player': 1} memory=1 {'monster': 1} paired=1 median=0.011
2026-09-24 07:35:01.184  INFO   session     Entity shadow: vision=1 {'monster': 1} memory=2 {'monster': 2} paired=1 median=0.011 unleveled=189:鹿
2026-09-24 07:35:06.173  INFO   decision    mode=traveling behavior=combat action=attack target=261 reason='attack target' status=success (repeat)
2026-09-24 07:35:06.378  INFO   session     Entity shadow: vision=2 {'monster': 1, 'player': 1} memory=2 {'monster': 2} paired=1 median=0.011 unleveled=189:鹿
2026-09-24 07:35:11.427  INFO   session     Entity shadow: vision=2 {'monster': 1, 'player': 1} memory=2 {'monster': 2} paired=1 median=0.011 unleveled=189:鹿
2026-09-24 07:35:16.551  INFO   session     Entity shadow: vision=2 {'player': 1, 'monster': 1} memory=1 {'monster': 1} paired=1 median=0.011
2026-09-24 07:35:16.987  INFO   decision    mode=traveling behavior=combat action=attack target=261 reason='attack target' status=success (repeat)
2026-09-24 07:35:21.626  INFO   session     Entity shadow: vision=2 {'player': 1, 'monster': 1} memory=1 {'monster': 1} paired=1 median=0.011
2026-09-24 07:35:26.792  INFO   session     Entity shadow: vision=2 {'monster': 1, 'player': 1} memory=1 {'monster': 1} paired=1 median=0.011
2026-09-24 07:35:27.022  INFO   decision    mode=traveling behavior=combat action=attack target=261 reason='attack target' status=success (repeat)
2026-09-24 07:35:31.960  INFO   session     Entity shadow: vision=2 {'monster': 1, 'player': 1} memory=1 {'monster': 1} paired=1 median=0.011
2026-09-24 07:35:37.186  INFO   session     Entity shadow: vision=2 {'monster': 1, 'player': 1} memory=1 {'monster': 1} paired=1 median=0.011
2026-09-24 07:35:38.035  INFO   decision    mode=traveling behavior=combat action=attack target=261 reason='attack target' status=success (repeat)
2026-09-24 07:35:42.398  INFO   session     Entity shadow: vision=1 {'monster': 1} memory=1 {'monster': 1} paired=1 median=0.011
2026-09-24 07:35:47.583  INFO   session     Entity shadow: vision=2 {'monster': 1, 'player': 1} memory=1 {'monster': 1} paired=1 median=0.011
2026-09-24 07:35:49.216  INFO   decision    mode=traveling behavior=combat action=attack target=261 reason='attack target' status=success (repeat)
2026-09-24 07:35:52.666  INFO   session     Entity shadow: vision=1 {'monster': 1} memory=1 {'monster': 1} paired=1 median=0.011
2026-09-24 07:35:57.819  INFO   session     Entity shadow: vision=2 {'monster': 1, 'player': 1} memory=2 {'monster': 2} paired=1 median=0.011 unleveled=207:兔子
2026-09-24 07:35:59.884  INFO   decision    mode=traveling behavior=combat action=attack target=261 reason='attack target' status=success (repeat)
2026-09-24 07:36:03.025  INFO   session     Entity shadow: vision=2 {'monster': 1, 'player': 1} memory=2 {'monster': 2} paired=1 median=0.011 unleveled=207:兔子
2026-09-24 07:36:06.375  INFO   decision    mode=traveling behavior=loot action=searching target=273 reason='walk onto item' status=success
2026-09-24 07:36:08.263  INFO   session     Entity shadow: vision=2 {'monster': 1, 'item': 1} memory=4 {'monster': 2, 'player': 1, 'item': 1} paired=1 median=0.006 unleveled=207:兔子,210:兔子
2026-09-24 07:36:11.000  INFO   decision    mode=traveling behavior=loot action=pickup target=273 reason='loot target' status=success
2026-09-24 07:36:13.341  INFO   session     Entity shadow: vision=1 {'player': 1} memory=3 {'player': 1, 'monster': 2} paired=1 median=0.097 unleveled=210:兔子,207:兔子
2026-09-24 07:36:18.463  INFO   session     Entity shadow: vision=2 {'monster': 1, 'player': 1} memory=1 {'player': 1} paired=1 median=0.021
2026-09-24 07:36:18.772  INFO   decision    mode=traveling behavior=traveling action=traveling target=- reason='return to farm after retreat' status=success
2026-09-24 07:36:23.548  INFO   session     Entity shadow: vision=0 {} memory=2 {'monster': 2} paired=0 median=0.000 unleveled=210:兔子,207:兔子
2026-09-24 07:36:27.026  INFO   decision    mode=traveling behavior=combat action=attack target=277 reason='engage target' status=success
2026-09-24 07:36:28.695  INFO   session     Entity shadow: vision=1 {'monster': 1} memory=3 {'monster': 3} paired=0 median=0.000 unleveled=207:兔子,210:兔子
2026-09-24 07:36:33.746  INFO   session     Entity shadow: vision=2 {'monster': 2} memory=6 {'monster': 6} paired=1 median=0.026 unleveled=210:兔子,14:青蛙,207:兔子
2026-09-24 07:36:37.894  INFO   decision    mode=traveling behavior=combat action=attack target=277 reason='attack target' status=success (repeat)
2026-09-24 07:36:38.822  INFO   session     Entity shadow: vision=1 {'monster': 1} memory=6 {'monster': 6} paired=1 median=0.006 unleveled=14:青蛙,210:兔子,207:兔子
2026-09-24 07:36:41.643  INFO   decision    mode=traveling behavior=combat action=attack target=278 reason='engage target' status=success
2026-09-24 07:36:43.877  INFO   session     Entity shadow: vision=2 {'monster': 1, 'player': 1} memory=5 {'monster': 3, 'item': 1, 'npc': 1} paired=0 median=0.000 unleveled=14:青蛙,210:兔子,207:兔子
2026-09-24 07:36:43.904  INFO   decision    mode=traveling behavior=loot action=searching target=282 reason='walk onto item' status=success
2026-09-24 07:36:48.913  INFO   session     Entity shadow: vision=1 {'player': 1} memory=5 {'monster': 3, 'npc': 1, 'item': 1} paired=0 median=0.000 unleveled=207:兔子,14:青蛙,210:兔子
2026-09-24 07:36:49.192  INFO   decision    mode=traveling behavior=loot action=pickup target=282 reason='loot target' status=success
2026-09-24 07:36:54.093  INFO   session     Entity shadow: vision=1 {'player': 1} memory=4 {'monster': 3, 'npc': 1} paired=0 median=0.000 unleveled=207:兔子,210:兔子,14:青蛙
2026-09-24 07:36:57.183  INFO   decision    mode=traveling behavior=loot action=searching target=283 reason='walk onto item' status=success
2026-09-24 07:36:59.330  INFO   session     Entity shadow: vision=2 {'player': 1, 'item': 1} memory=8 {'monster': 6, 'npc': 1, 'item': 1} paired=1 median=0.009 unleveled=207:兔子,209:兔子,189:鹿,206:兔子,14:青蛙
2026-09-24 07:37:03.219  INFO   decision    mode=traveling behavior=loot action=pickup target=283 reason='loot target' status=success
2026-09-24 07:37:04.362  INFO   session     Entity shadow: vision=2 {'item': 1, 'player': 1} memory=9 {'monster': 7, 'npc': 1, 'item': 1} paired=1 median=0.004 unleveled=14:青蛙,189:鹿,209:兔子,206:兔子,68:警衛
2026-09-24 07:37:09.464  INFO   session     Entity shadow: vision=3 {'player': 1, 'item': 1, 'npc': 1} memory=7 {'monster': 5, 'npc': 1, 'item': 1} paired=1 median=0.004 unleveled=14:青蛙,189:鹿,209:兔子,206:兔子,68:警衛
2026-09-24 07:37:14.494  INFO   session     Entity shadow: vision=4 {'player': 1, 'npc': 3} memory=7 {'monster': 7} paired=0 median=0.000 unleveled=209:兔子,206:兔子,189:鹿,68:警衛,10:警衛
2026-09-24 07:37:15.369  INFO   decision    mode=traveling behavior=loot action=pickup target=283 reason='loot target' status=success (repeat)
2026-09-24 07:37:18.451  INFO   decision    mode=traveling behavior=traveling action=traveling target=- reason='unstick' status=success
2026-09-24 07:37:19.675  INFO   session     Entity shadow: vision=5 {'player': 1, 'monster': 1, 'npc': 3} memory=6 {'monster': 6} paired=1 median=0.007 unleveled=206:兔子,209:兔子,68:警衛,10:警衛
2026-09-24 07:37:21.366  INFO   decision    mode=traveling behavior=combat action=attack target=299 reason='engage target' status=success
2026-09-24 07:37:24.721  INFO   session     Entity shadow: vision=4 {'player': 1, 'monster': 1, 'npc': 2} memory=6 {'monster': 6} paired=1 median=0.003 unleveled=206:兔子,209:兔子,14:青蛙,68:警衛,10:警衛
2026-09-24 07:37:27.835  INFO   decision    mode=traveling behavior=loot action=searching target=302 reason='walk onto item' status=success
2026-09-24 07:37:30.000  INFO   session     Entity shadow: vision=5 {'player': 1, 'item': 3, 'npc': 1} memory=8 {'monster': 5, 'item': 3} paired=3 median=0.012 unleveled=209:兔子,14:青蛙,206:兔子,68:警衛,10:警衛
2026-09-24 07:37:34.468  INFO   decision    mode=traveling behavior=loot action=pickup target=302 reason='loot target' status=success
2026-09-24 07:37:35.009  INFO   session     Entity shadow: vision=4 {'item': 2, 'npc': 1, 'monster': 1} memory=5 {'monster': 2, 'item': 3} paired=3 median=0.052 unleveled=68:警衛
2026-09-24 07:37:40.117  INFO   session     Entity shadow: vision=3 {'player': 3} memory=2 {'player': 2} paired=2 median=0.026
2026-09-24 07:37:42.985  INFO   decision    mode=traveling behavior=loot action=searching target=304 reason='walk onto item' status=success
2026-09-24 07:37:45.156  INFO   session     Entity shadow: vision=4 {'player': 2, 'item': 2} memory=3 {'player': 1, 'item': 2} paired=3 median=0.023
2026-09-24 07:37:45.466  INFO   decision    mode=traveling behavior=loot action=searching target=311 reason='walk onto item' status=success
2026-09-24 07:37:50.245  INFO   session     Entity shadow: vision=3 {'player': 1, 'item': 2} memory=4 {'monster': 2, 'item': 2} paired=2 median=0.007
2026-09-24 07:37:50.508  INFO   decision    mode=traveling behavior=loot action=pickup target=311 reason='loot target' status=success
2026-09-24 07:37:55.371  INFO   session     Entity shadow: vision=1 {'player': 1} memory=0 {} paired=0 median=0.000
2026-09-24 07:37:58.686  INFO   decision    mode=traveling behavior=loot action=searching target=312 reason='walk onto item' status=success
2026-09-24 07:38:00.424  INFO   session     Entity shadow: vision=2 {'player': 2} memory=1 {'player': 1} paired=1 median=0.011
2026-09-24 07:38:02.560  INFO   decision    mode=traveling behavior=combat action=attack target=316 reason='engage target' status=success
2026-09-24 07:38:04.252  INFO   decision    mode=traveling behavior=combat action=attack target=317 reason='engage target' status=success
2026-09-24 07:38:05.486  INFO   session     Entity shadow: vision=1 {'player': 1} memory=1 {'monster': 1} paired=0 median=0.000
2026-09-24 07:38:10.629  INFO   session     Entity shadow: vision=2 {'player': 1, 'monster': 1} memory=1 {'monster': 1} paired=1 median=0.027
2026-09-24 07:38:13.711  INFO   decision    mode=retreating behavior=talking_scroll action=use_talking_scroll target=- reason='retreat, 펫 관리인' status=success
2026-09-24 07:38:14.602  INFO   decision    mode=retreating behavior=retreating action=idle target=- reason='retreating, waiting for hp' status=success
2026-09-24 07:38:15.675  INFO   session     Entity shadow: vision=6 {'player': 1, 'monster': 5} memory=0 {} paired=0 median=0.000
2026-09-24 07:38:20.756  INFO   session     Entity shadow: vision=8 {'monster': 5, 'player': 2, 'npc': 1} memory=7 {'player': 1, 'npc': 1, 'monster': 5} paired=7 median=0.016
2026-09-24 07:38:22.948  INFO   decision    mode=retreating behavior=retreating action=idle target=- reason='retreating, waiting for hp' status=success (repeat)
2026-09-24 07:38:25.728  INFO   session     Entity shadow: vision=6 {'monster': 3, 'npc': 1, 'player': 2} memory=7 {'player': 1, 'npc': 1, 'monster': 5} paired=5 median=0.015
2026-09-24 07:38:30.831  INFO   session     Entity shadow: vision=7 {'monster': 4, 'player': 2, 'npc': 1} memory=8 {'monster': 6, 'player': 1, 'npc': 1} paired=6 median=0.023 unleveled=189:鹿
2026-09-24 07:38:31.358  INFO   decision    mode=retreating behavior=retreating action=idle target=- reason='retreating, waiting for hp' status=success (repeat)
2026-09-24 07:38:35.964  INFO   session     Entity shadow: vision=6 {'monster': 3, 'npc': 1, 'player': 2} memory=8 {'monster': 6, 'player': 1, 'npc': 1} paired=5 median=0.016 unleveled=189:鹿
2026-09-24 07:38:39.957  INFO   decision    mode=retreating behavior=retreating action=idle target=- reason='retreating, waiting for hp' status=success (repeat)
2026-09-24 07:38:40.976  INFO   session     Entity shadow: vision=6 {'monster': 4, 'npc': 1, 'player': 1} memory=8 {'monster': 7, 'npc': 1} paired=5 median=0.016 unleveled=189:鹿
2026-09-24 07:38:46.000  INFO   session     Entity shadow: vision=6 {'monster': 4, 'player': 1, 'npc': 1} memory=8 {'monster': 7, 'npc': 1} paired=5 median=0.016 unleveled=189:鹿
2026-09-24 07:38:48.195  INFO   decision    mode=retreating behavior=retreating action=idle target=- reason='retreating, waiting for hp' status=success (repeat)
2026-09-24 07:38:51.092  INFO   session     Entity shadow: vision=6 {'monster': 4, 'npc': 1, 'player': 1} memory=9 {'monster': 8, 'npc': 1} paired=5 median=0.016 unleveled=189:鹿
2026-09-24 07:38:55.365  INFO   decision    mode=traveling behavior=combat action=attack target=329 reason='engage target' status=success
2026-09-24 07:38:56.288  INFO   session     Entity shadow: vision=8 {'monster': 6, 'npc': 1, 'player': 1} memory=9 {'monster': 8, 'npc': 1} paired=7 median=0.018 unleveled=189:鹿
2026-09-24 07:38:59.264  INFO   decision    mode=traveling behavior=loot action=searching target=330 reason='walk onto item' status=success
2026-09-24 07:39:00.648  INFO   decision    mode=traveling behavior=loot action=pickup target=330 reason='loot target' status=success
2026-09-24 07:39:01.479  INFO   session     Entity shadow: vision=7 {'monster': 5, 'npc': 1, 'player': 1} memory=8 {'monster': 7, 'npc': 1} paired=6 median=0.019 unleveled=189:鹿
2026-09-24 07:39:06.512  INFO   session     Entity shadow: vision=4 {'player': 1, 'npc': 1, 'monster': 2} memory=4 {'npc': 1, 'monster': 3} paired=3 median=0.015
2026-09-24 07:39:08.756  INFO   decision    mode=traveling behavior=loot action=searching target=331 reason='walk onto item' status=success
2026-09-24 07:39:11.821  INFO   session     Entity shadow: vision=6 {'player': 1, 'item': 1, 'monster': 4} memory=6 {'monster': 5, 'item': 1} paired=5 median=0.005
2026-09-24 07:39:16.914  INFO   session     Entity shadow: vision=6 {'player': 1, 'monster': 3, 'item': 2} memory=9 {'monster': 7, 'item': 2} paired=5 median=0.014 unleveled=206:兔子
2026-09-24 07:39:18.507  INFO   decision    mode=traveling behavior=loot action=pickup target=331 reason='loot target' status=success
2026-09-24 07:39:22.253  INFO   session     Entity shadow: vision=3 {'player': 1, 'item': 1, 'monster': 1} memory=6 {'monster': 4, 'item': 2} paired=2 median=0.007 unleveled=206:兔子,14:青蛙
2026-09-24 07:39:27.544  INFO   session     Entity shadow: vision=8 {'player': 1, 'monster': 5, 'npc': 1, 'item': 1} memory=8 {'monster': 7, 'item': 1} paired=6 median=0.024 unleveled=206:兔子
2026-09-24 07:39:32.707  INFO   session     Entity shadow: vision=6 {'player': 1, 'monster': 3, 'npc': 2} memory=8 {'player': 1, 'monster': 6, 'npc': 1} paired=4 median=0.022 unleveled=206:兔子
2026-09-24 07:39:34.951  INFO   decision    mode=traveling behavior=traveling action=traveling target=- reason='return to farm after retreat' status=success
2026-09-24 07:39:35.237  INFO   decision    mode=traveling behavior=combat action=attack target=345 reason='engage target' status=success
2026-09-24 07:39:37.486  INFO   decision    mode=traveling behavior=traveling action=traveling target=- reason='return to farm after retreat' status=success
2026-09-24 07:39:37.720  INFO   session     Entity shadow: vision=9 {'monster': 6, 'player': 2, 'npc': 1} memory=8 {'player': 2, 'npc': 1, 'monster': 5} paired=6 median=0.016
2026-09-24 07:39:42.861  INFO   session     Entity shadow: vision=8 {'player': 3, 'npc': 1, 'monster': 4} memory=5 {'player': 2, 'npc': 1, 'monster': 2} paired=5 median=0.020
2026-09-24 07:39:46.163  INFO   decision    mode=traveling behavior=combat action=attack target=346 reason='engage target' status=success
2026-09-24 07:39:46.967  INFO   decision    mode=traveling behavior=traveling action=traveling target=- reason='return to farm after retreat' status=success
2026-09-24 07:39:47.221  INFO   decision    mode=traveling behavior=combat action=attack target=347 reason='engage target' status=success
2026-09-24 07:39:47.799  INFO   decision    mode=traveling behavior=combat action=attack target=349 reason='attack target' status=success
2026-09-24 07:39:48.005  INFO   session     Entity shadow: vision=4 {'player': 2, 'npc': 2} memory=3 {'monster': 1, 'player': 1, 'npc': 1} paired=2 median=0.021
2026-09-24 07:39:53.079  INFO   session     Entity shadow: vision=5 {'player': 2, 'npc': 1, 'item': 1, 'monster': 1} memory=4 {'monster': 2, 'player': 1, 'npc': 1} paired=3 median=0.014
2026-09-24 07:39:53.573  INFO   decision    mode=traveling behavior=loot action=searching target=351 reason='walk onto item' status=success
2026-09-24 07:39:57.087  INFO   decision    mode=traveling behavior=loot action=pickup target=351 reason='loot target' status=success
2026-09-24 07:39:58.288  INFO   session     Entity shadow: vision=4 {'player': 1, 'npc': 2, 'monster': 1} memory=3 {'monster': 1, 'player': 1, 'npc': 1} paired=1 median=0.034 unleveled=189:鹿
2026-09-24 07:40:03.403  INFO   session     Entity shadow: vision=2 {'player': 2} memory=1 {'monster': 1} paired=0 median=0.000 unleveled=189:鹿
2026-09-24 07:40:04.517  INFO   decision    mode=traveling behavior=traveling action=traveling target=- reason='return to farm after retreat' status=success
2026-09-24 07:40:08.566  INFO   session     Entity shadow: vision=1 {'player': 1} memory=1 {'monster': 1} paired=0 median=0.000 unleveled=189:鹿
2026-09-24 07:40:12.614  INFO   decision    mode=traveling behavior=traveling action=traveling target=- reason='return to farm after retreat' status=success (repeat)
2026-09-24 07:40:13.785  INFO   session     Entity shadow: vision=1 {'player': 1} memory=1 {'monster': 1} paired=0 median=0.000 unleveled=189:鹿
2026-09-24 07:40:18.940  INFO   session     Entity shadow: vision=1 {'player': 1} memory=1 {'monster': 1} paired=0 median=0.000 unleveled=189:鹿
2026-09-24 07:40:21.156  INFO   decision    mode=traveling behavior=traveling action=traveling target=- reason='return to farm after retreat' status=success (repeat)
2026-09-24 07:40:21.644  INFO   decision    mode=traveling behavior=combat action=attack target=353 reason='engage target' status=success
2026-09-24 07:40:23.899  INFO   decision    mode=traveling behavior=traveling action=traveling target=- reason='return to farm after retreat' status=success
2026-09-24 07:40:24.136  INFO   session     Entity shadow: vision=1 {'player': 1} memory=0 {} paired=0 median=0.000
2026-09-24 07:40:29.179  INFO   session     Entity shadow: vision=0 {} memory=1 {'monster': 1} paired=0 median=0.000 unleveled=189:鹿
2026-09-24 07:40:32.023  INFO   decision    mode=traveling behavior=traveling action=traveling target=- reason='return to farm after retreat' status=success (repeat)
2026-09-24 07:40:34.274  INFO   session     Entity shadow: vision=2 {'player': 1, 'npc': 1} memory=1 {'monster': 1} paired=0 median=0.000 unleveled=189:鹿
2026-09-24 07:40:35.797  INFO   decision    mode=traveling behavior=combat action=attack target=355 reason='engage target' status=success
2026-09-24 07:40:39.518  INFO   session     Entity shadow: vision=2 {'player': 1, 'monster': 1} memory=2 {'monster': 2} paired=1 median=0.009 unleveled=189:鹿
2026-09-24 07:40:40.166  INFO   decision    mode=traveling behavior=traveling action=traveling target=- reason='return to farm after retreat' status=success
2026-09-24 07:40:44.622  INFO   session     Entity shadow: vision=1 {'player': 1} memory=2 {'monster': 2} paired=0 median=0.000 unleveled=189:鹿,12:史萊姆
2026-09-24 07:40:48.234  INFO   decision    mode=traveling behavior=traveling action=traveling target=- reason='return to farm after retreat' status=success (repeat)
2026-09-24 07:40:49.691  INFO   session     Entity shadow: vision=1 {'player': 1} memory=2 {'monster': 2} paired=0 median=0.000 unleveled=14:青蛙,12:史萊姆
2026-09-24 07:40:54.853  INFO   session     Entity shadow: vision=1 {'npc': 1} memory=2 {'monster': 2} paired=0 median=0.000 unleveled=14:青蛙,12:史萊姆
2026-09-24 07:40:55.380  INFO   decision    mode=farming behavior=search action=searching target=- reason='search area' status=success
2026-09-24 07:40:59.853  INFO   session     Entity shadow: vision=1 {'player': 1} memory=1 {'monster': 1} paired=0 median=0.000 unleveled=14:青蛙
2026-09-24 07:41:01.306  INFO   decision    mode=farming behavior=combat action=attack target=362 reason='engage target' status=success
2026-09-24 07:41:04.997  INFO   session     Entity shadow: vision=2 {'monster': 2} memory=5 {'monster': 5} paired=2 median=0.036 unleveled=209:兔子,206:兔子,12:史萊姆
2026-09-24 07:41:10.063  INFO   session     Entity shadow: vision=3 {'item': 1, 'player': 1, 'monster': 1} memory=6 {'monster': 5, 'item': 1} paired=2 median=0.030 unleveled=209:兔子,206:兔子,12:史萊姆
2026-09-24 07:41:10.344  INFO   decision    mode=farming behavior=loot action=searching target=366 reason='walk onto item' status=success
2026-09-24 07:41:12.584  INFO   decision    mode=farming behavior=combat action=attack target=364 reason='engage target' status=success
2026-09-24 07:41:13.312  INFO   decision    mode=farming behavior=combat action=attack target=365 reason='attack target' status=success
2026-09-24 07:41:15.170  INFO   session     Entity shadow: vision=2 {'item': 1, 'player': 1} memory=5 {'monster': 4, 'item': 1} paired=1 median=0.002 unleveled=12:史萊姆,209:兔子,206:兔子
2026-09-24 07:41:19.106  INFO   decision    mode=farming behavior=loot action=searching target=367 reason='walk onto item' status=success
2026-09-24 07:41:19.614  INFO   decision    mode=farming behavior=loot action=pickup target=367 reason='loot target' status=success
2026-09-24 07:41:20.306  INFO   session     Entity shadow: vision=2 {'item': 2} memory=5 {'monster': 3, 'item': 2} paired=2 median=0.007 unleveled=12:史萊姆,209:兔子,206:兔子
2026-09-24 07:41:25.520  INFO   session     Entity shadow: vision=2 {'item': 1, 'monster': 1} memory=5 {'monster': 4, 'item': 1} paired=2 median=0.032 unleveled=209:兔子,206:兔子
2026-09-24 07:41:27.920  INFO   decision    mode=farming behavior=loot action=searching target=366 reason='walk onto item' status=success
2026-09-24 07:41:29.802  INFO   decision    mode=farming behavior=loot action=pickup target=366 reason='loot target' status=success
2026-09-24 07:41:30.525  INFO   session     Entity shadow: vision=3 {'item': 1, 'player': 2} memory=3 {'monster': 2, 'item': 1} paired=1 median=0.001 unleveled=14:青蛙,12:史萊姆
2026-09-24 07:41:35.526  INFO   session     Entity shadow: vision=4 {'monster': 1, 'player': 3} memory=3 {'player': 2, 'monster': 1} paired=2 median=0.057 unleveled=12:史萊姆
2026-09-24 07:41:39.084  INFO   decision    mode=farming behavior=loot action=searching target=372 reason='walk onto item' status=success
2026-09-24 07:41:40.712  INFO   session     Entity shadow: vision=3 {'player': 2, 'item': 1} memory=3 {'player': 1, 'monster': 1, 'item': 1} paired=2 median=0.030 unleveled=12:史萊姆
2026-09-24 07:41:45.907  INFO   session     Entity shadow: vision=4 {'player': 2, 'item': 2} memory=4 {'monster': 1, 'player': 1, 'item': 2} paired=3 median=0.013 unleveled=12:史萊姆
2026-09-24 07:41:48.706  INFO   decision    mode=farming behavior=loot action=pickup target=372 reason='loot target' status=success
2026-09-24 07:41:50.908  INFO   session     Entity shadow: vision=1 {'item': 1} memory=2 {'monster': 1, 'item': 1} paired=1 median=0.035 unleveled=12:史萊姆
2026-09-24 07:41:56.082  INFO   session     Entity shadow: vision=1 {'player': 1} memory=1 {'monster': 1} paired=0 median=0.000 unleveled=12:史萊姆
2026-09-24 07:41:56.481  INFO   decision    mode=farming behavior=loot action=searching target=373 reason='walk onto item' status=success
2026-09-24 07:42:00.137  INFO   decision    mode=farming behavior=loot action=searching target=374 reason='walk onto item' status=success
2026-09-24 07:42:01.198  INFO   session     Entity shadow: vision=1 {'player': 1} memory=2 {'monster': 1, 'item': 1} paired=0 median=0.000 unleveled=12:史萊姆
2026-09-24 07:42:06.207  INFO   session     Entity shadow: vision=3 {'player': 1, 'item': 2} memory=2 {'monster': 1, 'item': 1} paired=1 median=0.001 unleveled=12:史萊姆
2026-09-24 07:42:10.145  INFO   decision    mode=farming behavior=loot action=pickup target=374 reason='loot target' status=success
2026-09-24 07:42:10.929  INFO   decision    mode=farming behavior=talking_scroll action=use_talking_scroll target=- reason='go to shop (sell_garbage_ch)' status=success
2026-09-24 07:42:14.144  INFO   session     Entity shadow: vision=18 {'player': 16, 'npc': 2} memory=60 {'player': 58, 'npc': 2} paired=18 median=0.026
2026-09-24 07:42:14.222  INFO   decision    mode=farming behavior=shop action=shop_stop target=- reason='stop at shop' status=success
2026-09-24 07:42:14.872  INFO   decision    mode=farming behavior=shop action=shop_buy_arrows target=- reason='shop:sell_garbage_ch' status=success
2026-09-24 07:42:19.546  INFO   session     Entity shadow: vision=20 {'npc': 2, 'player': 17, 'monster': 1} memory=60 {'player': 58, 'npc': 2} paired=19 median=0.024
2026-09-24 07:42:19.629  INFO   decision    mode=farming behavior=talking_scroll action=use_talking_scroll target=- reason='go to shop (sell_garbage_weapon_ch)' status=success
2026-09-24 07:42:22.295  INFO   nav         async nav configure start map=mainland
2026-09-24 07:42:23.163  INFO   decision    mode=farming behavior=shop action=shop_stop target=- reason='stop at shop' status=success
2026-09-24 07:42:23.264  INFO   nav         building portal graph (cluster=32, 1755x1414)
2026-09-24 07:42:27.289  INFO   nav         portal graph: 2586 components, 4025 ms
2026-09-24 07:42:27.293  INFO   nav         farms=6 safe=0 home=None (files farm=D:\Work\Lineage\ManmabotV1_final\engine\maps\mainland\farms.yaml safe=D:\Work\Lineage\ManmabotV1_final\engine\maps\mainland\safe.yaml home=D:\Work\Lineage\ManmabotV1_final\engine\maps\mainland\home.yaml)
2026-09-24 07:42:27.294  INFO   nav         async nav configure done map=mainland (4999 ms)
2026-09-24 07:42:27.516  INFO   session     Entity shadow: vision=26 {'player': 25, 'item': 1} memory=43 {'player': 39, 'npc': 4} paired=23 median=0.029
2026-09-24 07:42:27.596  INFO   decision    mode=farming behavior=shop action=shop_buy_arrows target=- reason='shop:sell_garbage_weapon_ch' status=success
2026-09-24 07:42:32.071  INFO   decision    mode=farming behavior=talking_scroll action=use_talking_scroll target=- reason='go to shop (sell_garbage_ch)' status=success
2026-09-24 07:42:34.717  INFO   nav         async nav configure start map=talking_island
2026-09-24 07:42:34.787  INFO   nav         building portal graph (cluster=32, 479x511)
2026-09-24 07:42:35.107  INFO   nav         portal graph: 188 components, 319 ms
2026-09-24 07:42:35.115  INFO   nav         farms=4 safe=11 home=(354, 203) (files farm=D:\Work\Lineage\ManmabotV1_final\engine\maps\talking_island\farms.yaml safe=D:\Work\Lineage\ManmabotV1_final\engine\maps\talking_island\safe.yaml home=D:\Work\Lineage\ManmabotV1_final\engine\maps\talking_island\home.yaml)
2026-09-24 07:42:35.115  INFO   nav         async nav configure done map=talking_island (398 ms)
2026-09-24 07:42:35.310  INFO   session     Entity shadow: vision=20 {'npc': 2, 'player': 18} memory=55 {'player': 53, 'npc': 2} paired=20 median=0.026
2026-09-24 07:42:35.399  INFO   decision    mode=farming behavior=shop action=shop_stop target=- reason='stop at shop' status=success
2026-09-24 07:42:36.016  INFO   decision    mode=farming behavior=shop action=shop_buy_arrows target=- reason='shop:sell_garbage_ch' status=success
2026-09-24 07:42:40.379  INFO   session     Entity shadow: vision=20 {'player': 18, 'npc': 2} memory=56 {'player': 54, 'npc': 2} paired=20 median=0.027
2026-09-24 07:42:40.467  INFO   decision    mode=farming behavior=talking_scroll action=use_talking_scroll target=- reason='go to shop (sell_garbage_weapon_ch)' status=success
2026-09-24 07:42:43.147  INFO   nav         async nav configure start map=mainland
2026-09-24 07:42:43.556  INFO   decision    mode=farming behavior=shop action=shop_stop target=- reason='stop at shop' status=success
2026-09-24 07:42:43.879  INFO   nav         building portal graph (cluster=32, 1755x1414)
2026-09-24 07:42:48.083  INFO   nav         portal graph: 2586 components, 4204 ms
2026-09-24 07:42:48.088  INFO   nav         farms=6 safe=0 home=None (files farm=D:\Work\Lineage\ManmabotV1_final\engine\maps\mainland\farms.yaml safe=D:\Work\Lineage\ManmabotV1_final\engine\maps\mainland\safe.yaml home=D:\Work\Lineage\ManmabotV1_final\engine\maps\mainland\home.yaml)
2026-09-24 07:42:48.089  INFO   nav         async nav configure done map=mainland (4941 ms)
2026-09-24 07:42:48.263  INFO   session     Entity shadow: vision=23 {'player': 23} memory=39 {'player': 34, 'npc': 5} paired=21 median=0.030
2026-09-24 07:42:48.343  INFO   decision    mode=farming behavior=shop action=shop_buy_arrows target=- reason='shop:sell_garbage_weapon_ch' status=success
2026-09-24 07:42:52.808  INFO   decision    mode=farming behavior=talking_scroll action=use_talking_scroll target=- reason='go to shop (sell_garbage_ch)' status=success
2026-09-24 07:42:55.536  INFO   nav         async nav configure start map=talking_island
2026-09-24 07:42:55.601  INFO   nav         building portal graph (cluster=32, 479x511)
2026-09-24 07:42:55.957  INFO   nav         portal graph: 188 components, 356 ms
2026-09-24 07:42:55.964  INFO   nav         farms=4 safe=11 home=(354, 203) (files farm=D:\Work\Lineage\ManmabotV1_final\engine\maps\talking_island\farms.yaml safe=D:\Work\Lineage\ManmabotV1_final\engine\maps\talking_island\safe.yaml home=D:\Work\Lineage\ManmabotV1_final\engine\maps\talking_island\home.yaml)
2026-09-24 07:42:55.964  INFO   nav         async nav configure done map=talking_island (428 ms)
2026-09-24 07:42:56.170  INFO   session     Entity shadow: vision=20 {'player': 17, 'npc': 3} memory=58 {'monster': 1, 'player': 55, 'npc': 2} paired=19 median=0.025 unleveled=10:警衛
2026-09-24 07:42:56.246  INFO   decision    mode=farming behavior=shop action=shop_stop target=- reason='stop at shop' status=success
2026-09-24 07:42:56.936  INFO   decision    mode=farming behavior=shop action=shop_buy_arrows target=- reason='shop:sell_garbage_ch' status=success
2026-09-24 07:43:01.330  INFO   session     Entity shadow: vision=22 {'player': 20, 'npc': 2} memory=55 {'player': 53, 'npc': 2} paired=22 median=0.025
2026-09-24 07:43:01.408  INFO   decision    mode=farming behavior=talking_scroll action=use_talking_scroll target=- reason='go to shop (sell_garbage_weapon_ch)' status=success
2026-09-24 07:43:04.110  INFO   nav         async nav configure start map=mainland
2026-09-24 07:43:04.501  INFO   decision    mode=farming behavior=shop action=shop_stop target=- reason='stop at shop' status=success
2026-09-24 07:43:04.825  INFO   nav         building portal graph (cluster=32, 1755x1414)
2026-09-24 07:43:08.996  INFO   nav         portal graph: 2586 components, 4171 ms
2026-09-24 07:43:09.001  INFO   nav         farms=6 safe=0 home=None (files farm=D:\Work\Lineage\ManmabotV1_final\engine\maps\mainland\farms.yaml safe=D:\Work\Lineage\ManmabotV1_final\engine\maps\mainland\safe.yaml home=D:\Work\Lineage\ManmabotV1_final\engine\maps\mainland\home.yaml)
2026-09-24 07:43:09.002  INFO   nav         async nav configure done map=mainland (4891 ms)
2026-09-24 07:43:09.169  INFO   session     Entity shadow: vision=26 {'player': 26} memory=36 {'player': 32, 'npc': 4} paired=21 median=0.029
2026-09-24 07:43:09.251  INFO   decision    mode=farming behavior=shop action=shop_buy_arrows target=- reason='shop:sell_garbage_weapon_ch' status=success
2026-09-24 07:43:13.696  INFO   decision    mode=farming behavior=talking_scroll action=use_talking_scroll target=- reason='go to shop (sell_garbage_ch)' status=success
2026-09-24 07:43:16.350  INFO   nav         async nav configure start map=talking_island
2026-09-24 07:43:16.421  INFO   nav         building portal graph (cluster=32, 479x511)
2026-09-24 07:43:16.785  INFO   nav         portal graph: 188 components, 364 ms
2026-09-24 07:43:16.794  INFO   nav         farms=4 safe=11 home=(354, 203) (files farm=D:\Work\Lineage\ManmabotV1_final\engine\maps\talking_island\farms.yaml safe=D:\Work\Lineage\ManmabotV1_final\engine\maps\talking_island\safe.yaml home=D:\Work\Lineage\ManmabotV1_final\engine\maps\talking_island\home.yaml)
2026-09-24 07:43:16.794  INFO   nav         async nav configure done map=talking_island (444 ms)
2026-09-24 07:43:16.967  INFO   session     Entity shadow: vision=20 {'player': 18, 'npc': 2} memory=55 {'player': 53, 'npc': 2} paired=20 median=0.026
2026-09-24 07:43:17.055  INFO   decision    mode=farming behavior=shop action=shop_stop target=- reason='stop at shop' status=success
2026-09-24 07:43:17.673  INFO   decision    mode=farming behavior=shop action=shop_buy_arrows target=- reason='shop:sell_garbage_ch' status=success
2026-09-24 07:43:22.069  INFO   session     Entity shadow: vision=21 {'player': 19, 'npc': 2} memory=55 {'player': 53, 'npc': 2} paired=21 median=0.024
2026-09-24 07:43:22.150  INFO   decision    mode=farming behavior=talking_scroll action=use_talking_scroll target=- reason='go to shop (sell_garbage_weapon_ch)' status=success
2026-09-24 07:43:24.846  INFO   nav         async nav configure start map=mainland
2026-09-24 07:43:25.244  INFO   decision    mode=farming behavior=shop action=shop_stop target=- reason='stop at shop' status=success
2026-09-24 07:43:25.555  INFO   nav         building portal graph (cluster=32, 1755x1414)
2026-09-24 07:43:29.782  INFO   nav         portal graph: 2586 components, 4228 ms
2026-09-24 07:43:29.788  INFO   nav         farms=6 safe=0 home=None (files farm=D:\Work\Lineage\ManmabotV1_final\engine\maps\mainland\farms.yaml safe=D:\Work\Lineage\ManmabotV1_final\engine\maps\mainland\safe.yaml home=D:\Work\Lineage\ManmabotV1_final\engine\maps\mainland\home.yaml)
2026-09-24 07:43:29.788  INFO   nav         async nav configure done map=mainland (4942 ms)
2026-09-24 07:43:29.953  INFO   session     Entity shadow: vision=24 {'player': 22, 'monster': 1, 'item': 1} memory=41 {'player': 37, 'npc': 4} paired=21 median=0.030
2026-09-24 07:43:30.026  INFO   decision    mode=farming behavior=shop action=shop_buy_arrows target=- reason='shop:sell_garbage_weapon_ch' status=success
2026-09-24 07:43:34.533  INFO   decision    mode=farming behavior=talking_scroll action=use_talking_scroll target=- reason='go to shop (sell_garbage_ch)' status=success
2026-09-24 07:43:37.200  INFO   nav         async nav configure start map=talking_island
2026-09-24 07:43:37.265  INFO   nav         building portal graph (cluster=32, 479x511)
2026-09-24 07:43:37.640  INFO   nav         portal graph: 188 components, 374 ms
2026-09-24 07:43:37.648  INFO   nav         farms=4 safe=11 home=(354, 203) (files farm=D:\Work\Lineage\ManmabotV1_final\engine\maps\talking_island\farms.yaml safe=D:\Work\Lineage\ManmabotV1_final\engine\maps\talking_island\safe.yaml home=D:\Work\Lineage\ManmabotV1_final\engine\maps\talking_island\home.yaml)
2026-09-24 07:43:37.648  INFO   nav         async nav configure done map=talking_island (447 ms)
2026-09-24 07:43:37.848  INFO   session     Entity shadow: vision=19 {'player': 17, 'npc': 2} memory=56 {'player': 54, 'npc': 2} paired=19 median=0.025
2026-09-24 07:43:37.927  INFO   decision    mode=farming behavior=shop action=shop_stop target=- reason='stop at shop' status=success
2026-09-24 07:43:38.556  INFO   decision    mode=farming behavior=shop action=shop_buy_arrows target=- reason='shop:sell_garbage_ch' status=success
2026-09-24 07:43:42.971  INFO   session     Entity shadow: vision=20 {'player': 18, 'npc': 2} memory=56 {'player': 54, 'npc': 2} paired=20 median=0.026
2026-09-24 07:43:43.064  INFO   decision    mode=farming behavior=talking_scroll action=use_talking_scroll target=- reason='go to shop (sell_garbage_weapon_ch)' status=success
2026-09-24 07:43:45.787  INFO   nav         async nav configure start map=mainland
2026-09-24 07:43:46.193  INFO   decision    mode=farming behavior=shop action=shop_stop target=- reason='stop at shop' status=success
2026-09-24 07:43:46.512  INFO   nav         building portal graph (cluster=32, 1755x1414)
2026-09-24 07:43:50.632  INFO   nav         portal graph: 2586 components, 4120 ms
2026-09-24 07:43:50.639  INFO   nav         farms=6 safe=0 home=None (files farm=D:\Work\Lineage\ManmabotV1_final\engine\maps\mainland\farms.yaml safe=D:\Work\Lineage\ManmabotV1_final\engine\maps\mainland\safe.yaml home=D:\Work\Lineage\ManmabotV1_final\engine\maps\mainland\home.yaml)
2026-09-24 07:43:50.639  INFO   nav         async nav configure done map=mainland (4852 ms)
2026-09-24 07:43:50.821  INFO   session     Entity shadow: vision=25 {'player': 25} memory=39 {'player': 35, 'npc': 4} paired=23 median=0.029
2026-09-24 07:43:50.894  INFO   decision    mode=farming behavior=shop action=shop_buy_arrows target=- reason='shop:sell_garbage_weapon_ch' status=success
2026-09-24 07:43:55.376  INFO   decision    mode=farming behavior=talking_scroll action=use_talking_scroll target=- reason='go to shop (sell_garbage_ch)' status=success
2026-09-24 07:43:58.044  INFO   nav         async nav configure start map=talking_island
2026-09-24 07:43:58.103  INFO   nav         building portal graph (cluster=32, 479x511)
2026-09-24 07:43:58.437  INFO   nav         portal graph: 188 components, 335 ms
2026-09-24 07:43:58.447  INFO   nav         farms=4 safe=11 home=(354, 203) (files farm=D:\Work\Lineage\ManmabotV1_final\engine\maps\talking_island\farms.yaml safe=D:\Work\Lineage\ManmabotV1_final\engine\maps\talking_island\safe.yaml home=D:\Work\Lineage\ManmabotV1_final\engine\maps\talking_island\home.yaml)
2026-09-24 07:43:58.447  INFO   nav         async nav configure done map=talking_island (403 ms)
2026-09-24 07:43:58.673  INFO   session     Entity shadow: vision=21 {'player': 19, 'npc': 2} memory=64 {'player': 62, 'npc': 2} paired=21 median=0.026
2026-09-24 07:43:58.761  INFO   decision    mode=farming behavior=shop action=shop_stop target=- reason='stop at shop' status=success
2026-09-24 07:43:59.412  INFO   decision    mode=farming behavior=shop action=shop_buy_arrows target=- reason='shop:sell_garbage_ch' status=success
2026-09-24 07:44:03.898  INFO   session     Entity shadow: vision=20 {'npc': 2, 'player': 18} memory=63 {'player': 61, 'npc': 2} paired=19 median=0.024
2026-09-24 07:44:04.005  INFO   decision    mode=farming behavior=talking_scroll action=use_talking_scroll target=- reason='go to shop (sell_garbage_weapon_ch)' status=success
2026-09-24 07:44:06.661  INFO   nav         async nav configure start map=mainland
2026-09-24 07:44:07.179  INFO   decision    mode=farming behavior=shop action=shop_stop target=- reason='stop at shop' status=success
2026-09-24 07:44:07.470  INFO   nav         building portal graph (cluster=32, 1755x1414)
2026-09-24 07:44:12.114  INFO   nav         portal graph: 2586 components, 4644 ms
2026-09-24 07:44:12.120  INFO   nav         farms=6 safe=0 home=None (files farm=D:\Work\Lineage\ManmabotV1_final\engine\maps\mainland\farms.yaml safe=D:\Work\Lineage\ManmabotV1_final\engine\maps\mainland\safe.yaml home=D:\Work\Lineage\ManmabotV1_final\engine\maps\mainland\home.yaml)
2026-09-24 07:44:12.120  INFO   nav         async nav configure done map=mainland (5459 ms)
2026-09-24 07:44:12.288  INFO   session     Entity shadow: vision=25 {'player': 25} memory=39 {'player': 35, 'npc': 4} paired=22 median=0.029
2026-09-24 07:44:12.368  INFO   decision    mode=farming behavior=shop action=shop_buy_arrows target=- reason='shop:sell_garbage_weapon_ch' status=success
2026-09-24 07:44:16.860  INFO   decision    mode=farming behavior=talking_scroll action=use_talking_scroll target=- reason='go to shop (sell_garbage_ch)' status=success
2026-09-24 07:44:19.538  INFO   nav         async nav configure start map=talking_island
2026-09-24 07:44:19.616  INFO   nav         building portal graph (cluster=32, 479x511)
2026-09-24 07:44:19.949  INFO   nav         portal graph: 188 components, 332 ms
2026-09-24 07:44:19.957  INFO   nav         farms=4 safe=11 home=(354, 203) (files farm=D:\Work\Lineage\ManmabotV1_final\engine\maps\talking_island\farms.yaml safe=D:\Work\Lineage\ManmabotV1_final\engine\maps\talking_island\safe.yaml home=D:\Work\Lineage\ManmabotV1_final\engine\maps\talking_island\home.yaml)
2026-09-24 07:44:19.957  INFO   nav         async nav configure done map=talking_island (419 ms)
2026-09-24 07:44:20.147  INFO   session     Entity shadow: vision=19 {'player': 17, 'npc': 2} memory=65 {'player': 63, 'npc': 2} paired=19 median=0.025
2026-09-24 07:44:20.221  INFO   decision    mode=farming behavior=shop action=shop_stop target=- reason='stop at shop' status=success
2026-09-24 07:44:20.820  INFO   decision    mode=farming behavior=shop action=shop_buy_arrows target=- reason='shop:sell_garbage_ch' status=success
2026-09-24 07:44:25.231  INFO   session     Entity shadow: vision=21 {'player': 17, 'npc': 2, 'monster': 2} memory=63 {'player': 61, 'npc': 2} paired=19 median=0.026
2026-09-24 07:44:25.320  INFO   decision    mode=farming behavior=talking_scroll action=use_talking_scroll target=- reason='go to shop (sell_garbage_weapon_ch)' status=success
2026-09-24 07:44:28.007  INFO   nav         async nav configure start map=mainland
2026-09-24 07:44:28.413  INFO   decision    mode=farming behavior=shop action=shop_stop target=- reason='stop at shop' status=success
2026-09-24 07:44:28.728  INFO   nav         building portal graph (cluster=32, 1755x1414)
2026-09-24 07:44:32.845  INFO   nav         portal graph: 2586 components, 4117 ms
2026-09-24 07:44:32.852  INFO   nav         farms=6 safe=0 home=None (files farm=D:\Work\Lineage\ManmabotV1_final\engine\maps\mainland\farms.yaml safe=D:\Work\Lineage\ManmabotV1_final\engine\maps\mainland\safe.yaml home=D:\Work\Lineage\ManmabotV1_final\engine\maps\mainland\home.yaml)
2026-09-24 07:44:32.852  INFO   nav         async nav configure done map=mainland (4845 ms)
2026-09-24 07:44:33.056  INFO   session     Entity shadow: vision=28 {'player': 26, 'monster': 1, 'item': 1} memory=42 {'player': 38, 'npc': 4} paired=23 median=0.030
2026-09-24 07:44:33.139  INFO   decision    mode=farming behavior=shop action=shop_buy_arrows target=- reason='shop:sell_garbage_weapon_ch' status=success
2026-09-24 07:44:37.592  INFO   decision    mode=farming behavior=talking_scroll action=use_talking_scroll target=- reason='go to shop (sell_garbage_ch)' status=success
2026-09-24 07:44:40.256  INFO   nav         async nav configure start map=talking_island
2026-09-24 07:44:40.339  INFO   nav         building portal graph (cluster=32, 479x511)
2026-09-24 07:44:40.674  INFO   nav         portal graph: 188 components, 334 ms
2026-09-24 07:44:40.681  INFO   nav         farms=4 safe=11 home=(354, 203) (files farm=D:\Work\Lineage\ManmabotV1_final\engine\maps\talking_island\farms.yaml safe=D:\Work\Lineage\ManmabotV1_final\engine\maps\talking_island\safe.yaml home=D:\Work\Lineage\ManmabotV1_final\engine\maps\talking_island\home.yaml)
2026-09-24 07:44:40.681  INFO   nav         async nav configure done map=talking_island (425 ms)
2026-09-24 07:44:40.893  INFO   session     Entity shadow: vision=21 {'npc': 2, 'player': 19} memory=62 {'player': 60, 'npc': 2} paired=20 median=0.025
2026-09-24 07:44:40.977  INFO   decision    mode=farming behavior=shop action=shop_stop target=- reason='stop at shop' status=success
2026-09-24 07:44:41.605  INFO   decision    mode=farming behavior=shop action=shop_buy_arrows target=- reason='shop:sell_garbage_ch' status=success
2026-09-24 07:44:46.039  INFO   session     Entity shadow: vision=20 {'player': 18, 'npc': 2} memory=62 {'player': 60, 'npc': 2} paired=20 median=0.028
2026-09-24 07:44:46.131  INFO   decision    mode=farming behavior=talking_scroll action=use_talking_scroll target=- reason='go to shop (sell_garbage_weapon_ch)' status=success
2026-09-24 07:44:48.798  INFO   nav         async nav configure start map=mainland
2026-09-24 07:44:49.208  INFO   decision    mode=farming behavior=shop action=shop_stop target=- reason='stop at shop' status=success
2026-09-24 07:44:49.538  INFO   nav         building portal graph (cluster=32, 1755x1414)
2026-09-24 07:44:53.682  INFO   nav         portal graph: 2586 components, 4143 ms
2026-09-24 07:44:53.686  INFO   nav         farms=6 safe=0 home=None (files farm=D:\Work\Lineage\ManmabotV1_final\engine\maps\mainland\farms.yaml safe=D:\Work\Lineage\ManmabotV1_final\engine\maps\mainland\safe.yaml home=D:\Work\Lineage\ManmabotV1_final\engine\maps\mainland\home.yaml)
2026-09-24 07:44:53.686  INFO   nav         async nav configure done map=mainland (4888 ms)
2026-09-24 07:44:53.873  INFO   session     Entity shadow: vision=25 {'player': 24, 'monster': 1} memory=49 {'player': 45, 'npc': 4} paired=22 median=0.029
2026-09-24 07:44:53.951  INFO   decision    mode=farming behavior=shop action=shop_buy_arrows target=- reason='shop:sell_garbage_weapon_ch' status=success
2026-09-24 07:44:58.592  INFO   decision    mode=farming behavior=talking_scroll action=use_talking_scroll target=- reason='go to shop (sell_garbage_ch)' status=success
2026-09-24 07:45:01.318  INFO   nav         async nav configure start map=talking_island
2026-09-24 07:45:01.398  INFO   nav         building portal graph (cluster=32, 479x511)
2026-09-24 07:45:01.778  INFO   nav         portal graph: 188 components, 380 ms
2026-09-24 07:45:01.786  INFO   nav         farms=4 safe=11 home=(354, 203) (files farm=D:\Work\Lineage\ManmabotV1_final\engine\maps\talking_island\farms.yaml safe=D:\Work\Lineage\ManmabotV1_final\engine\maps\talking_island\safe.yaml home=D:\Work\Lineage\ManmabotV1_final\engine\maps\talking_island\home.yaml)
2026-09-24 07:45:01.786  INFO   nav         async nav configure done map=talking_island (468 ms)
2026-09-24 07:45:02.006  INFO   session     Entity shadow: vision=21 {'npc': 2, 'player': 19} memory=63 {'player': 61, 'npc': 2} paired=20 median=0.027
2026-09-24 07:45:02.092  INFO   decision    mode=farming behavior=shop action=shop_stop target=- reason='stop at shop' status=success
2026-09-24 07:45:02.757  INFO   decision    mode=farming behavior=shop action=shop_buy_arrows target=- reason='shop:sell_garbage_ch' status=success
2026-09-24 07:45:07.158  INFO   session     Entity shadow: vision=20 {'player': 18, 'npc': 2} memory=66 {'player': 64, 'npc': 2} paired=20 median=0.025
2026-09-24 07:45:07.250  INFO   decision    mode=farming behavior=talking_scroll action=use_talking_scroll target=- reason='go to shop (sell_garbage_weapon_ch)' status=success
2026-09-24 07:45:09.961  INFO   nav         async nav configure start map=mainland
2026-09-24 07:45:10.474  INFO   decision    mode=farming behavior=shop action=shop_stop target=- reason='stop at shop' status=success
2026-09-24 07:45:10.708  INFO   nav         building portal graph (cluster=32, 1755x1414)
2026-09-24 07:45:14.774  INFO   nav         portal graph: 2586 components, 4066 ms
2026-09-24 07:45:14.779  INFO   nav         farms=6 safe=0 home=None (files farm=D:\Work\Lineage\ManmabotV1_final\engine\maps\mainland\farms.yaml safe=D:\Work\Lineage\ManmabotV1_final\engine\maps\mainland\safe.yaml home=D:\Work\Lineage\ManmabotV1_final\engine\maps\mainland\home.yaml)
2026-09-24 07:45:14.779  INFO   nav         async nav configure done map=mainland (4818 ms)
2026-09-24 07:45:15.014  INFO   session     Entity shadow: vision=31 {'player': 30, 'monster': 1} memory=41 {'player': 37, 'npc': 4} paired=27 median=0.029
2026-09-24 07:45:15.091  INFO   decision    mode=farming behavior=shop action=shop_buy_arrows target=- reason='shop:sell_garbage_weapon_ch' status=success
2026-09-24 07:45:19.573  INFO   decision    mode=farming behavior=talking_scroll action=use_talking_scroll target=- reason='go to shop (sell_garbage_ch)' status=success
2026-09-24 07:45:22.241  INFO   nav         async nav configure start map=talking_island
2026-09-24 07:45:22.303  INFO   nav         building portal graph (cluster=32, 479x511)
2026-09-24 07:45:22.642  INFO   nav         portal graph: 188 components, 339 ms
2026-09-24 07:45:22.650  INFO   nav         farms=4 safe=11 home=(354, 203) (files farm=D:\Work\Lineage\ManmabotV1_final\engine\maps\talking_island\farms.yaml safe=D:\Work\Lineage\ManmabotV1_final\engine\maps\talking_island\safe.yaml home=D:\Work\Lineage\ManmabotV1_final\engine\maps\talking_island\home.yaml)
2026-09-24 07:45:22.650  INFO   nav         async nav configure done map=talking_island (410 ms)
2026-09-24 07:45:22.873  INFO   session     Entity shadow: vision=19 {'npc': 2, 'player': 17} memory=66 {'player': 64, 'npc': 2} paired=19 median=0.026
2026-09-24 07:45:22.953  INFO   decision    mode=farming behavior=shop action=shop_stop target=- reason='stop at shop' status=success
2026-09-24 07:45:23.567  INFO   decision    mode=farming behavior=shop action=shop_buy_arrows target=- reason='shop:sell_garbage_ch' status=success
2026-09-24 07:45:27.922  INFO   session     Entity shadow: vision=20 {'player': 18, 'npc': 2} memory=59 {'player': 57, 'npc': 2} paired=19 median=0.026
2026-09-24 07:45:28.008  INFO   decision    mode=farming behavior=talking_scroll action=use_talking_scroll target=- reason='go to shop (sell_garbage_weapon_ch)' status=success
2026-09-24 07:45:30.643  INFO   nav         async nav configure start map=mainland
2026-09-24 07:45:31.086  INFO   decision    mode=farming behavior=shop action=shop_stop target=- reason='stop at shop' status=success
2026-09-24 07:45:31.375  INFO   nav         building portal graph (cluster=32, 1755x1414)
2026-09-24 07:45:35.575  INFO   nav         portal graph: 2586 components, 4200 ms
2026-09-24 07:45:35.580  INFO   nav         farms=6 safe=0 home=None (files farm=D:\Work\Lineage\ManmabotV1_final\engine\maps\mainland\farms.yaml safe=D:\Work\Lineage\ManmabotV1_final\engine\maps\mainland\safe.yaml home=D:\Work\Lineage\ManmabotV1_final\engine\maps\mainland\home.yaml)
2026-09-24 07:45:35.580  INFO   nav         async nav configure done map=mainland (4936 ms)
2026-09-24 07:45:35.807  INFO   session     Entity shadow: vision=27 {'player': 27} memory=50 {'player': 46, 'npc': 4} paired=27 median=0.030
2026-09-24 07:45:35.879  INFO   decision    mode=farming behavior=shop action=shop_buy_arrows target=- reason='shop:sell_garbage_weapon_ch' status=success
2026-09-24 07:45:40.338  INFO   decision    mode=farming behavior=talking_scroll action=use_talking_scroll target=- reason='go to shop (sell_garbage_ch)' status=success
2026-09-24 07:45:42.996  INFO   nav         async nav configure start map=talking_island
2026-09-24 07:45:43.063  INFO   nav         building portal graph (cluster=32, 479x511)
2026-09-24 07:45:43.425  INFO   nav         portal graph: 188 components, 362 ms
2026-09-24 07:45:43.431  INFO   nav         farms=4 safe=11 home=(354, 203) (files farm=D:\Work\Lineage\ManmabotV1_final\engine\maps\talking_island\farms.yaml safe=D:\Work\Lineage\ManmabotV1_final\engine\maps\talking_island\safe.yaml home=D:\Work\Lineage\ManmabotV1_final\engine\maps\talking_island\home.yaml)
2026-09-24 07:45:43.432  INFO   nav         async nav configure done map=talking_island (435 ms)
2026-09-24 07:45:43.674  INFO   session     Entity shadow: vision=21 {'player': 19, 'npc': 2} memory=56 {'player': 54, 'npc': 2} paired=20 median=0.025
2026-09-24 07:45:43.755  INFO   decision    mode=farming behavior=shop action=shop_stop target=- reason='stop at shop' status=success
2026-09-24 07:45:44.407  INFO   decision    mode=farming behavior=shop action=shop_buy_arrows target=- reason='shop:sell_garbage_ch' status=success
2026-09-24 07:45:48.763  INFO   session     Entity shadow: vision=18 {'player': 16, 'npc': 2} memory=54 {'player': 52, 'npc': 2} paired=18 median=0.027
2026-09-24 07:45:48.848  INFO   decision    mode=farming behavior=talking_scroll action=use_talking_scroll target=- reason='go to shop (sell_garbage_weapon_ch)' status=success
2026-09-24 07:45:51.533  INFO   nav         async nav configure start map=mainland
2026-09-24 07:45:52.047  INFO   decision    mode=farming behavior=shop action=shop_stop target=- reason='stop at shop' status=success
2026-09-24 07:45:52.286  INFO   nav         building portal graph (cluster=32, 1755x1414)
2026-09-24 07:45:56.667  INFO   nav         portal graph: 2586 components, 4381 ms
2026-09-24 07:45:56.672  INFO   nav         farms=6 safe=0 home=None (files farm=D:\Work\Lineage\ManmabotV1_final\engine\maps\mainland\farms.yaml safe=D:\Work\Lineage\ManmabotV1_final\engine\maps\mainland\safe.yaml home=D:\Work\Lineage\ManmabotV1_final\engine\maps\mainland\home.yaml)
2026-09-24 07:45:56.672  INFO   nav         async nav configure done map=mainland (5139 ms)
2026-09-24 07:45:56.898  INFO   session     Entity shadow: vision=28 {'player': 27, 'monster': 1} memory=42 {'player': 38, 'npc': 4} paired=25 median=0.031
2026-09-24 07:45:56.972  INFO   decision    mode=farming behavior=shop action=shop_buy_arrows target=- reason='shop:sell_garbage_weapon_ch' status=success
2026-09-24 07:46:01.501  INFO   decision    mode=farming behavior=talking_scroll action=use_talking_scroll target=- reason='go to shop (sell_garbage_ch)' status=success
2026-09-24 07:46:04.179  INFO   nav         async nav configure start map=talking_island
2026-09-24 07:46:04.247  INFO   nav         building portal graph (cluster=32, 479x511)
2026-09-24 07:46:04.557  INFO   nav         portal graph: 188 components, 311 ms
2026-09-24 07:46:04.565  INFO   nav         farms=4 safe=11 home=(354, 203) (files farm=D:\Work\Lineage\ManmabotV1_final\engine\maps\talking_island\farms.yaml safe=D:\Work\Lineage\ManmabotV1_final\engine\maps\talking_island\safe.yaml home=D:\Work\Lineage\ManmabotV1_final\engine\maps\talking_island\home.yaml)
2026-09-24 07:46:04.565  INFO   nav         async nav configure done map=talking_island (386 ms)
2026-09-24 07:46:04.798  INFO   session     Entity shadow: vision=19 {'player': 17, 'npc': 2} memory=57 {'player': 55, 'npc': 2} paired=19 median=0.026
2026-09-24 07:46:04.880  INFO   decision    mode=farming behavior=shop action=shop_stop target=- reason='stop at shop' status=success
2026-09-24 07:46:05.544  INFO   decision    mode=farming behavior=shop action=shop_buy_arrows target=- reason='shop:sell_garbage_ch' status=success
2026-09-24 07:46:09.977  INFO   session     Entity shadow: vision=21 {'player': 17, 'npc': 2, 'monster': 2} memory=55 {'player': 53, 'npc': 2} paired=19 median=0.025
2026-09-24 07:46:10.059  INFO   decision    mode=farming behavior=talking_scroll action=use_talking_scroll target=- reason='go to shop (sell_garbage_weapon_ch)' status=success
2026-09-24 07:46:12.722  INFO   nav         async nav configure start map=mainland
2026-09-24 07:46:13.287  INFO   decision    mode=farming behavior=shop action=shop_stop target=- reason='stop at shop' status=success
2026-09-24 07:46:13.519  INFO   nav         building portal graph (cluster=32, 1755x1414)
2026-09-24 07:46:17.786  INFO   nav         portal graph: 2586 components, 4267 ms
2026-09-24 07:46:17.791  INFO   nav         farms=6 safe=0 home=None (files farm=D:\Work\Lineage\ManmabotV1_final\engine\maps\mainland\farms.yaml safe=D:\Work\Lineage\ManmabotV1_final\engine\maps\mainland\safe.yaml home=D:\Work\Lineage\ManmabotV1_final\engine\maps\mainland\home.yaml)
2026-09-24 07:46:17.791  INFO   nav         async nav configure done map=mainland (5069 ms)
2026-09-24 07:46:17.986  INFO   session     Entity shadow: vision=28 {'player': 28} memory=42 {'player': 38, 'npc': 4} paired=23 median=0.033
2026-09-24 07:46:18.062  INFO   decision    mode=farming behavior=shop action=shop_buy_arrows target=- reason='shop:sell_garbage_weapon_ch' status=success
2026-09-24 07:46:22.499  INFO   decision    mode=farming behavior=talking_scroll action=use_talking_scroll target=- reason='go to shop (sell_garbage_ch)' status=success
2026-09-24 07:46:25.199  INFO   nav         async nav configure start map=talking_island
2026-09-24 07:46:25.274  INFO   nav         building portal graph (cluster=32, 479x511)
2026-09-24 07:46:25.656  INFO   nav         portal graph: 188 components, 383 ms
2026-09-24 07:46:25.664  INFO   nav         farms=4 safe=11 home=(354, 203) (files farm=D:\Work\Lineage\ManmabotV1_final\engine\maps\talking_island\farms.yaml safe=D:\Work\Lineage\ManmabotV1_final\engine\maps\talking_island\safe.yaml home=D:\Work\Lineage\ManmabotV1_final\engine\maps\talking_island\home.yaml)
2026-09-24 07:46:25.664  INFO   nav         async nav configure done map=talking_island (465 ms)
2026-09-24 07:46:25.872  INFO   session     Entity shadow: vision=22 {'npc': 2, 'player': 19, 'monster': 1} memory=60 {'player': 58, 'npc': 2} paired=21 median=0.026
2026-09-24 07:46:25.952  INFO   decision    mode=farming behavior=shop action=shop_stop target=- reason='stop at shop' status=success
2026-09-24 07:46:26.589  INFO   decision    mode=farming behavior=shop action=shop_buy_arrows target=- reason='shop:sell_garbage_ch' status=success
2026-09-24 07:46:30.996  INFO   session     Entity shadow: vision=20 {'player': 18, 'npc': 2} memory=63 {'player': 61, 'npc': 2} paired=19 median=0.027
2026-09-24 07:46:31.081  INFO   decision    mode=farming behavior=talking_scroll action=use_talking_scroll target=- reason='go to shop (sell_garbage_weapon_ch)' status=success
2026-09-24 07:46:33.769  INFO   nav         async nav configure start map=mainland
2026-09-24 07:46:34.203  INFO   decision    mode=farming behavior=shop action=shop_stop target=- reason='stop at shop' status=success
2026-09-24 07:46:34.491  INFO   nav         building portal graph (cluster=32, 1755x1414)
2026-09-24 07:46:38.525  INFO   nav         portal graph: 2586 components, 4034 ms
2026-09-24 07:46:38.532  INFO   nav         farms=6 safe=0 home=None (files farm=D:\Work\Lineage\ManmabotV1_final\engine\maps\mainland\farms.yaml safe=D:\Work\Lineage\ManmabotV1_final\engine\maps\mainland\safe.yaml home=D:\Work\Lineage\ManmabotV1_final\engine\maps\mainland\home.yaml)
2026-09-24 07:46:38.533  INFO   nav         async nav configure done map=mainland (4763 ms)
2026-09-24 07:46:38.761  INFO   session     Entity shadow: vision=30 {'player': 28, 'monster': 1, 'item': 1} memory=46 {'player': 42, 'npc': 4} paired=26 median=0.029
2026-09-24 07:46:38.845  INFO   decision    mode=farming behavior=shop action=shop_buy_arrows target=- reason='shop:sell_garbage_weapon_ch' status=success
2026-09-24 07:46:43.353  INFO   decision    mode=farming behavior=talking_scroll action=use_talking_scroll target=- reason='go to shop (sell_garbage_ch)' status=success
2026-09-24 07:46:46.017  INFO   nav         async nav configure start map=talking_island
2026-09-24 07:46:46.090  INFO   nav         building portal graph (cluster=32, 479x511)
2026-09-24 07:46:46.458  INFO   nav         portal graph: 188 components, 367 ms
2026-09-24 07:46:46.465  INFO   nav         farms=4 safe=11 home=(354, 203) (files farm=D:\Work\Lineage\ManmabotV1_final\engine\maps\talking_island\farms.yaml safe=D:\Work\Lineage\ManmabotV1_final\engine\maps\talking_island\safe.yaml home=D:\Work\Lineage\ManmabotV1_final\engine\maps\talking_island\home.yaml)
2026-09-24 07:46:46.465  INFO   nav         async nav configure done map=talking_island (448 ms)
2026-09-24 07:46:46.649  INFO   session     Entity shadow: vision=19 {'npc': 2, 'player': 17} memory=63 {'player': 61, 'npc': 2} paired=19 median=0.027
2026-09-24 07:46:46.730  INFO   decision    mode=farming behavior=shop action=shop_stop target=- reason='stop at shop' status=success
2026-09-24 07:46:47.391  INFO   decision    mode=farming behavior=shop action=shop_buy_arrows target=- reason='shop:sell_garbage_ch' status=success
2026-09-24 07:46:51.848  INFO   session     Entity shadow: vision=20 {'npc': 3, 'player': 17} memory=69 {'player': 67, 'npc': 2} paired=19 median=0.025
2026-09-24 07:46:51.938  INFO   decision    mode=farming behavior=talking_scroll action=use_talking_scroll target=- reason='go to shop (sell_garbage_weapon_ch)' status=success
2026-09-24 07:46:54.596  INFO   nav         async nav configure start map=mainland
2026-09-24 07:46:55.133  INFO   decision    mode=farming behavior=shop action=shop_stop target=- reason='stop at shop' status=success
2026-09-24 07:46:55.381  INFO   nav         building portal graph (cluster=32, 1755x1414)
2026-09-24 07:46:59.506  INFO   nav         portal graph: 2586 components, 4126 ms
2026-09-24 07:46:59.512  INFO   nav         farms=6 safe=0 home=None (files farm=D:\Work\Lineage\ManmabotV1_final\engine\maps\mainland\farms.yaml safe=D:\Work\Lineage\ManmabotV1_final\engine\maps\mainland\safe.yaml home=D:\Work\Lineage\ManmabotV1_final\engine\maps\mainland\home.yaml)
2026-09-24 07:46:59.512  INFO   nav         async nav configure done map=mainland (4916 ms)
2026-09-24 07:46:59.740  INFO   session     Entity shadow: vision=31 {'npc': 2, 'player': 29} memory=46 {'player': 42, 'npc': 4} paired=27 median=0.031
2026-09-24 07:46:59.813  INFO   decision    mode=farming behavior=shop action=shop_buy_arrows target=- reason='shop:sell_garbage_weapon_ch' status=success
2026-09-24 07:47:04.412  INFO   decision    mode=farming behavior=talking_scroll action=use_talking_scroll target=- reason='go to shop (sell_garbage_ch)' status=success
2026-09-24 07:47:07.060  INFO   nav         async nav configure start map=talking_island
2026-09-24 07:47:07.134  INFO   nav         building portal graph (cluster=32, 479x511)
2026-09-24 07:47:07.450  INFO   nav         portal graph: 188 components, 316 ms
2026-09-24 07:47:07.459  INFO   nav         farms=4 safe=11 home=(354, 203) (files farm=D:\Work\Lineage\ManmabotV1_final\engine\maps\talking_island\farms.yaml safe=D:\Work\Lineage\ManmabotV1_final\engine\maps\talking_island\safe.yaml home=D:\Work\Lineage\ManmabotV1_final\engine\maps\talking_island\home.yaml)
2026-09-24 07:47:07.459  INFO   nav         async nav configure done map=talking_island (399 ms)
2026-09-24 07:47:07.666  INFO   session     Entity shadow: vision=19 {'player': 17, 'npc': 2} memory=64 {'player': 62, 'npc': 2} paired=19 median=0.024
2026-09-24 07:47:07.745  INFO   decision    mode=farming behavior=shop action=shop_stop target=- reason='stop at shop' status=success
2026-09-24 07:47:08.386  INFO   decision    mode=farming behavior=shop action=shop_buy_arrows target=- reason='shop:sell_garbage_ch' status=success
2026-09-24 07:47:12.799  INFO   session     Entity shadow: vision=19 {'player': 17, 'npc': 2} memory=61 {'player': 59, 'npc': 2} paired=19 median=0.026
2026-09-24 07:47:12.874  INFO   decision    mode=farming behavior=talking_scroll action=use_talking_scroll target=- reason='go to shop (sell_garbage_weapon_ch)' status=success
2026-09-24 07:47:15.499  INFO   nav         async nav configure start map=mainland
2026-09-24 07:47:15.930  INFO   decision    mode=farming behavior=shop action=shop_stop target=- reason='stop at shop' status=success
2026-09-24 07:47:16.223  INFO   nav         building portal graph (cluster=32, 1755x1414)
2026-09-24 07:47:20.554  INFO   nav         portal graph: 2586 components, 4331 ms
2026-09-24 07:47:20.559  INFO   nav         farms=6 safe=0 home=None (files farm=D:\Work\Lineage\ManmabotV1_final\engine\maps\mainland\farms.yaml safe=D:\Work\Lineage\ManmabotV1_final\engine\maps\mainland\safe.yaml home=D:\Work\Lineage\ManmabotV1_final\engine\maps\mainland\home.yaml)
2026-09-24 07:47:20.559  INFO   nav         async nav configure done map=mainland (5060 ms)
2026-09-24 07:47:20.778  INFO   session     Entity shadow: vision=32 {'player': 31, 'item': 1} memory=41 {'player': 37, 'npc': 4} paired=27 median=0.030
2026-09-24 07:47:20.857  INFO   decision    mode=farming behavior=shop action=shop_buy_arrows target=- reason='shop:sell_garbage_weapon_ch' status=success
2026-09-24 07:47:25.297  INFO   decision    mode=farming behavior=talking_scroll action=use_talking_scroll target=- reason='go to shop (sell_garbage_ch)' status=success
2026-09-24 07:47:27.993  INFO   nav         async nav configure start map=talking_island
2026-09-24 07:47:28.057  INFO   nav         building portal graph (cluster=32, 479x511)
2026-09-24 07:47:28.390  INFO   nav         portal graph: 188 components, 332 ms
2026-09-24 07:47:28.397  INFO   nav         farms=4 safe=11 home=(354, 203) (files farm=D:\Work\Lineage\ManmabotV1_final\engine\maps\talking_island\farms.yaml safe=D:\Work\Lineage\ManmabotV1_final\engine\maps\talking_island\safe.yaml home=D:\Work\Lineage\ManmabotV1_final\engine\maps\talking_island\home.yaml)
2026-09-24 07:47:28.397  INFO   nav         async nav configure done map=talking_island (404 ms)
2026-09-24 07:47:28.645  INFO   session     Entity shadow: vision=22 {'player': 20, 'npc': 2} memory=63 {'player': 61, 'npc': 2} paired=21 median=0.025
2026-09-24 07:47:28.732  INFO   decision    mode=farming behavior=shop action=shop_stop target=- reason='stop at shop' status=success
2026-09-24 07:47:29.382  INFO   decision    mode=farming behavior=shop action=shop_buy_arrows target=- reason='shop:sell_garbage_ch' status=success
2026-09-24 07:47:33.801  INFO   session     Entity shadow: vision=19 {'player': 16, 'npc': 3} memory=65 {'monster': 1, 'player': 62, 'npc': 2} paired=18 median=0.029 unleveled=10:警衛
2026-09-24 07:47:33.890  INFO   decision    mode=farming behavior=talking_scroll action=use_talking_scroll target=- reason='go to shop (sell_garbage_weapon_ch)' status=success
2026-09-24 07:47:36.544  INFO   nav         async nav configure start map=mainland
2026-09-24 07:47:36.920  INFO   decision    mode=farming behavior=shop action=shop_stop target=- reason='stop at shop' status=success
2026-09-24 07:47:37.234  INFO   nav         building portal graph (cluster=32, 1755x1414)
2026-09-24 07:47:41.501  INFO   nav         portal graph: 2586 components, 4267 ms
2026-09-24 07:47:41.508  INFO   nav         farms=6 safe=0 home=None (files farm=D:\Work\Lineage\ManmabotV1_final\engine\maps\mainland\farms.yaml safe=D:\Work\Lineage\ManmabotV1_final\engine\maps\mainland\safe.yaml home=D:\Work\Lineage\ManmabotV1_final\engine\maps\mainland\home.yaml)
2026-09-24 07:47:41.508  INFO   nav         async nav configure done map=mainland (4965 ms)
2026-09-24 07:47:41.732  INFO   session     Entity shadow: vision=32 {'player': 32} memory=46 {'player': 42, 'npc': 4} paired=28 median=0.030
2026-09-24 07:47:41.813  INFO   decision    mode=farming behavior=shop action=shop_buy_arrows target=- reason='shop:sell_garbage_weapon_ch' status=success
2026-09-24 07:47:46.255  INFO   decision    mode=farming behavior=talking_scroll action=use_talking_scroll target=- reason='go to shop (sell_garbage_ch)' status=success
2026-09-24 07:47:48.901  INFO   nav         async nav configure start map=talking_island
2026-09-24 07:47:48.964  INFO   nav         building portal graph (cluster=32, 479x511)
2026-09-24 07:47:49.298  INFO   nav         portal graph: 188 components, 333 ms
2026-09-24 07:47:49.308  INFO   nav         farms=4 safe=11 home=(354, 203) (files farm=D:\Work\Lineage\ManmabotV1_final\engine\maps\talking_island\farms.yaml safe=D:\Work\Lineage\ManmabotV1_final\engine\maps\talking_island\safe.yaml home=D:\Work\Lineage\ManmabotV1_final\engine\maps\talking_island\home.yaml)
2026-09-24 07:47:49.308  INFO   nav         async nav configure done map=talking_island (406 ms)
2026-09-24 07:47:49.582  INFO   session     Entity shadow: vision=20 {'npc': 3, 'player': 17} memory=70 {'player': 68, 'npc': 2} paired=19 median=0.026
2026-09-24 07:47:49.669  INFO   decision    mode=farming behavior=shop action=shop_stop target=- reason='stop at shop' status=success
2026-09-24 07:47:50.321  INFO   decision    mode=farming behavior=shop action=shop_buy_arrows target=- reason='shop:sell_garbage_ch' status=success
2026-09-24 07:47:54.848  INFO   session     Entity shadow: vision=22 {'player': 20, 'npc': 2} memory=69 {'player': 67, 'npc': 2} paired=22 median=0.027
2026-09-24 07:47:54.940  INFO   decision    mode=farming behavior=talking_scroll action=use_talking_scroll target=- reason='go to shop (sell_garbage_weapon_ch)' status=success
2026-09-24 07:47:57.626  INFO   nav         async nav configure start map=mainland
2026-09-24 07:47:58.156  INFO   decision    mode=farming behavior=shop action=shop_stop target=- reason='stop at shop' status=success
2026-09-24 07:47:58.389  INFO   nav         building portal graph (cluster=32, 1755x1414)
2026-09-24 07:48:02.609  INFO   nav         portal graph: 2586 components, 4220 ms
2026-09-24 07:48:02.613  INFO   nav         farms=6 safe=0 home=None (files farm=D:\Work\Lineage\ManmabotV1_final\engine\maps\mainland\farms.yaml safe=D:\Work\Lineage\ManmabotV1_final\engine\maps\mainland\safe.yaml home=D:\Work\Lineage\ManmabotV1_final\engine\maps\mainland\home.yaml)
2026-09-24 07:48:02.613  INFO   nav         async nav configure done map=mainland (4986 ms)
2026-09-24 07:48:02.823  INFO   session     Entity shadow: vision=28 {'player': 27, 'npc': 1} memory=40 {'player': 36, 'npc': 4} paired=24 median=0.029
2026-09-24 07:48:02.907  INFO   decision    mode=farming behavior=shop action=shop_buy_arrows target=- reason='shop:sell_garbage_weapon_ch' status=success
2026-09-24 07:48:07.421  INFO   decision    mode=farming behavior=talking_scroll action=use_talking_scroll target=- reason='go to shop (sell_garbage_ch)' status=success
2026-09-24 07:48:10.094  INFO   nav         async nav configure start map=talking_island
2026-09-24 07:48:10.169  INFO   nav         building portal graph (cluster=32, 479x511)
2026-09-24 07:48:10.525  INFO   nav         portal graph: 188 components, 355 ms
2026-09-24 07:48:10.533  INFO   nav         farms=4 safe=11 home=(354, 203) (files farm=D:\Work\Lineage\ManmabotV1_final\engine\maps\talking_island\farms.yaml safe=D:\Work\Lineage\ManmabotV1_final\engine\maps\talking_island\safe.yaml home=D:\Work\Lineage\ManmabotV1_final\engine\maps\talking_island\home.yaml)
2026-09-24 07:48:10.533  INFO   nav         async nav configure done map=talking_island (439 ms)
2026-09-24 07:48:10.736  INFO   session     Entity shadow: vision=22 {'npc': 2, 'player': 20} memory=64 {'player': 62, 'npc': 2} paired=22 median=0.025
2026-09-24 07:48:10.821  INFO   decision    mode=farming behavior=shop action=shop_stop target=- reason='stop at shop' status=success
2026-09-24 07:48:11.484  INFO   decision    mode=farming behavior=shop action=shop_buy_arrows target=- reason='shop:sell_garbage_ch' status=success
2026-09-24 07:48:15.906  INFO   session     Entity shadow: vision=23 {'player': 21, 'npc': 2} memory=66 {'player': 64, 'npc': 2} paired=22 median=0.024
2026-09-24 07:48:15.987  INFO   decision    mode=farming behavior=talking_scroll action=use_talking_scroll target=- reason='go to shop (sell_garbage_weapon_ch)' status=success
2026-09-24 07:48:18.671  INFO   nav         async nav configure start map=mainland
2026-09-24 07:48:19.090  INFO   decision    mode=farming behavior=shop action=shop_stop target=- reason='stop at shop' status=success
2026-09-24 07:48:19.389  INFO   nav         building portal graph (cluster=32, 1755x1414)
2026-09-24 07:48:23.491  INFO   nav         portal graph: 2586 components, 4102 ms
2026-09-24 07:48:23.497  INFO   nav         farms=6 safe=0 home=None (files farm=D:\Work\Lineage\ManmabotV1_final\engine\maps\mainland\farms.yaml safe=D:\Work\Lineage\ManmabotV1_final\engine\maps\mainland\safe.yaml home=D:\Work\Lineage\ManmabotV1_final\engine\maps\mainland\home.yaml)
2026-09-24 07:48:23.498  INFO   nav         async nav configure done map=mainland (4826 ms)
2026-09-24 07:48:23.655  INFO   session     Entity shadow: vision=28 {'player': 27, 'npc': 1} memory=38 {'player': 34, 'npc': 4} paired=26 median=0.030
2026-09-24 07:48:23.738  INFO   decision    mode=farming behavior=shop action=shop_buy_arrows target=- reason='shop:sell_garbage_weapon_ch' status=success
2026-09-24 07:48:28.249  INFO   decision    mode=farming behavior=talking_scroll action=use_talking_scroll target=- reason='go to shop (sell_garbage_ch)' status=success
2026-09-24 07:48:30.897  INFO   nav         async nav configure start map=talking_island
2026-09-24 07:48:30.972  INFO   nav         building portal graph (cluster=32, 479x511)
2026-09-24 07:48:31.367  INFO   nav         portal graph: 188 components, 395 ms
2026-09-24 07:48:31.375  INFO   nav         farms=4 safe=11 home=(354, 203) (files farm=D:\Work\Lineage\ManmabotV1_final\engine\maps\talking_island\farms.yaml safe=D:\Work\Lineage\ManmabotV1_final\engine\maps\talking_island\safe.yaml home=D:\Work\Lineage\ManmabotV1_final\engine\maps\talking_island\home.yaml)
2026-09-24 07:48:31.375  INFO   nav         async nav configure done map=talking_island (477 ms)
2026-09-24 07:48:31.594  INFO   session     Entity shadow: vision=21 {'player': 19, 'npc': 2} memory=68 {'player': 66, 'npc': 2} paired=21 median=0.028
2026-09-24 07:48:31.669  INFO   decision    mode=farming behavior=shop action=shop_stop target=- reason='stop at shop' status=success
2026-09-24 07:48:32.296  INFO   decision    mode=farming behavior=shop action=shop_buy_arrows target=- reason='shop:sell_garbage_ch' status=success
2026-09-24 07:48:36.705  INFO   session     Entity shadow: vision=21 {'player': 19, 'npc': 2} memory=69 {'player': 67, 'npc': 2} paired=21 median=0.027
2026-09-24 07:48:36.787  INFO   decision    mode=farming behavior=talking_scroll action=use_talking_scroll target=- reason='go to shop (sell_garbage_weapon_ch)' status=success
2026-09-24 07:48:39.458  INFO   nav         async nav configure start map=mainland
2026-09-24 07:48:39.830  INFO   decision    mode=farming behavior=shop action=shop_stop target=- reason='stop at shop' status=success
2026-09-24 07:48:40.157  INFO   nav         building portal graph (cluster=32, 1755x1414)
2026-09-24 07:48:44.537  INFO   nav         portal graph: 2586 components, 4379 ms
2026-09-24 07:48:44.541  INFO   nav         farms=6 safe=0 home=None (files farm=D:\Work\Lineage\ManmabotV1_final\engine\maps\mainland\farms.yaml safe=D:\Work\Lineage\ManmabotV1_final\engine\maps\mainland\safe.yaml home=D:\Work\Lineage\ManmabotV1_final\engine\maps\mainland\home.yaml)
2026-09-24 07:48:44.541  INFO   nav         async nav configure done map=mainland (5083 ms)
2026-09-24 07:48:44.798  INFO   session     Entity shadow: vision=32 {'player': 29, 'npc': 1, 'monster': 1, 'item': 1} memory=38 {'player': 34, 'npc': 4} paired=23 median=0.028
2026-09-24 07:48:44.880  INFO   decision    mode=farming behavior=shop action=shop_buy_arrows target=- reason='shop:sell_garbage_weapon_ch' status=success
2026-09-24 07:48:49.355  INFO   decision    mode=farming behavior=talking_scroll action=use_talking_scroll target=- reason='go to shop (sell_garbage_ch)' status=success
2026-09-24 07:48:52.064  INFO   nav         async nav configure start map=talking_island
2026-09-24 07:48:52.138  INFO   nav         building portal graph (cluster=32, 479x511)
2026-09-24 07:48:52.502  INFO   nav         portal graph: 188 components, 363 ms
2026-09-24 07:48:52.511  INFO   nav         farms=4 safe=11 home=(354, 203) (files farm=D:\Work\Lineage\ManmabotV1_final\engine\maps\talking_island\farms.yaml safe=D:\Work\Lineage\ManmabotV1_final\engine\maps\talking_island\safe.yaml home=D:\Work\Lineage\ManmabotV1_final\engine\maps\talking_island\home.yaml)
2026-09-24 07:48:52.511  INFO   nav         async nav configure done map=talking_island (447 ms)
2026-09-24 07:48:52.735  INFO   session     Entity shadow: vision=23 {'player': 21, 'npc': 2} memory=71 {'player': 69, 'npc': 2} paired=23 median=0.026
2026-09-24 07:48:52.820  INFO   decision    mode=farming behavior=shop action=shop_stop target=- reason='stop at shop' status=success
2026-09-24 07:48:53.492  INFO   decision    mode=farming behavior=shop action=shop_buy_arrows target=- reason='shop:sell_garbage_ch' status=success
2026-09-24 07:48:57.898  INFO   session     Entity shadow: vision=21 {'player': 18, 'npc': 3} memory=71 {'player': 69, 'npc': 2} paired=20 median=0.026
2026-09-24 07:48:57.982  INFO   decision    mode=farming behavior=talking_scroll action=use_talking_scroll target=- reason='go to shop (sell_garbage_weapon_ch)' status=success
2026-09-24 07:49:00.647  INFO   nav         async nav configure start map=mainland
2026-09-24 07:49:01.092  INFO   decision    mode=farming behavior=shop action=shop_stop target=- reason='stop at shop' status=success
2026-09-24 07:49:01.392  INFO   nav         building portal graph (cluster=32, 1755x1414)
2026-09-24 07:49:05.910  INFO   nav         portal graph: 2586 components, 4518 ms
2026-09-24 07:49:05.916  INFO   nav         farms=6 safe=0 home=None (files farm=D:\Work\Lineage\ManmabotV1_final\engine\maps\mainland\farms.yaml safe=D:\Work\Lineage\ManmabotV1_final\engine\maps\mainland\safe.yaml home=D:\Work\Lineage\ManmabotV1_final\engine\maps\mainland\home.yaml)
2026-09-24 07:49:05.916  INFO   nav         async nav configure done map=mainland (5269 ms)
2026-09-24 07:49:06.062  INFO   session     Entity shadow: vision=27 {'player': 26, 'monster': 1} memory=42 {'player': 38, 'npc': 4} paired=24 median=0.029
2026-09-24 07:49:06.142  INFO   decision    mode=farming behavior=shop action=shop_buy_arrows target=- reason='shop:sell_garbage_weapon_ch' status=success
2026-09-24 07:49:10.679  INFO   decision    mode=farming behavior=talking_scroll action=use_talking_scroll target=- reason='go to shop (sell_garbage_ch)' status=success
2026-09-24 07:49:13.367  INFO   nav         async nav configure start map=talking_island
2026-09-24 07:49:13.436  INFO   nav         building portal graph (cluster=32, 479x511)
2026-09-24 07:49:13.784  INFO   nav         portal graph: 188 components, 348 ms
2026-09-24 07:49:13.791  INFO   nav         farms=4 safe=11 home=(354, 203) (files farm=D:\Work\Lineage\ManmabotV1_final\engine\maps\talking_island\farms.yaml safe=D:\Work\Lineage\ManmabotV1_final\engine\maps\talking_island\safe.yaml home=D:\Work\Lineage\ManmabotV1_final\engine\maps\talking_island\home.yaml)
2026-09-24 07:49:13.791  INFO   nav         async nav configure done map=talking_island (424 ms)
2026-09-24 07:49:14.048  INFO   session     Entity shadow: vision=21 {'npc': 2, 'player': 18, 'monster': 1} memory=64 {'player': 62, 'npc': 2} paired=19 median=0.026
2026-09-24 07:49:14.133  INFO   decision    mode=farming behavior=shop action=shop_stop target=- reason='stop at shop' status=success
2026-09-24 07:49:14.832  INFO   decision    mode=farming behavior=shop action=shop_buy_arrows target=- reason='shop:sell_garbage_ch' status=success
2026-09-24 07:49:19.247  INFO   session     Entity shadow: vision=22 {'player': 18, 'npc': 2, 'monster': 2} memory=67 {'player': 65, 'npc': 2} paired=19 median=0.025
2026-09-24 07:49:19.333  INFO   decision    mode=farming behavior=talking_scroll action=use_talking_scroll target=- reason='go to shop (sell_garbage_weapon_ch)' status=success
2026-09-24 07:49:22.039  INFO   nav         async nav configure start map=mainland
2026-09-24 07:49:22.535  INFO   decision    mode=farming behavior=shop action=shop_stop target=- reason='stop at shop' status=success
2026-09-24 07:49:22.766  INFO   nav         building portal graph (cluster=32, 1755x1414)
2026-09-24 07:49:26.925  INFO   nav         portal graph: 2586 components, 4159 ms
2026-09-24 07:49:26.930  INFO   nav         farms=6 safe=0 home=None (files farm=D:\Work\Lineage\ManmabotV1_final\engine\maps\mainland\farms.yaml safe=D:\Work\Lineage\ManmabotV1_final\engine\maps\mainland\safe.yaml home=D:\Work\Lineage\ManmabotV1_final\engine\maps\mainland\home.yaml)
2026-09-24 07:49:26.930  INFO   nav         async nav configure done map=mainland (4890 ms)
2026-09-24 07:49:27.134  INFO   session     Entity shadow: vision=28 {'player': 26, 'monster': 1, 'npc': 1} memory=38 {'player': 34, 'npc': 4} paired=22 median=0.028
2026-09-24 07:49:27.208  INFO   decision    mode=farming behavior=shop action=shop_buy_arrows target=- reason='shop:sell_garbage_weapon_ch' status=success
2026-09-24 07:49:31.693  INFO   decision    mode=farming behavior=talking_scroll action=use_talking_scroll target=- reason='go to shop (sell_garbage_ch)' status=success
2026-09-24 07:49:34.407  INFO   nav         async nav configure start map=talking_island
2026-09-24 07:49:34.475  INFO   nav         building portal graph (cluster=32, 479x511)
2026-09-24 07:49:34.865  INFO   nav         portal graph: 188 components, 389 ms
2026-09-24 07:49:34.873  INFO   nav         farms=4 safe=11 home=(354, 203) (files farm=D:\Work\Lineage\ManmabotV1_final\engine\maps\talking_island\farms.yaml safe=D:\Work\Lineage\ManmabotV1_final\engine\maps\talking_island\safe.yaml home=D:\Work\Lineage\ManmabotV1_final\engine\maps\talking_island\home.yaml)
2026-09-24 07:49:34.873  INFO   nav         async nav configure done map=talking_island (465 ms)
2026-09-24 07:49:35.122  INFO   session     Entity shadow: vision=23 {'player': 20, 'npc': 2, 'monster': 1} memory=67 {'player': 65, 'npc': 2} paired=21 median=0.025
2026-09-24 07:49:35.205  INFO   decision    mode=farming behavior=shop action=shop_stop target=- reason='stop at shop' status=success
2026-09-24 07:49:35.879  INFO   decision    mode=farming behavior=shop action=shop_buy_arrows target=- reason='shop:sell_garbage_ch' status=success
2026-09-24 07:49:40.279  INFO   session     Entity shadow: vision=24 {'player': 20, 'npc': 2, 'monster': 2} memory=68 {'player': 66, 'npc': 2} paired=21 median=0.024
2026-09-24 07:49:40.372  INFO   decision    mode=farming behavior=talking_scroll action=use_talking_scroll target=- reason='go to shop (sell_garbage_weapon_ch)' status=success
2026-09-24 07:49:43.047  INFO   nav         async nav configure start map=mainland
2026-09-24 07:49:43.560  INFO   decision    mode=farming behavior=shop action=shop_stop target=- reason='stop at shop' status=success
2026-09-24 07:49:43.799  INFO   nav         building portal graph (cluster=32, 1755x1414)
2026-09-24 07:49:48.061  INFO   nav         portal graph: 2586 components, 4261 ms
2026-09-24 07:49:48.065  INFO   nav         farms=6 safe=0 home=None (files farm=D:\Work\Lineage\ManmabotV1_final\engine\maps\mainland\farms.yaml safe=D:\Work\Lineage\ManmabotV1_final\engine\maps\mainland\safe.yaml home=D:\Work\Lineage\ManmabotV1_final\engine\maps\mainland\home.yaml)
2026-09-24 07:49:48.065  INFO   nav         async nav configure done map=mainland (5017 ms)
2026-09-24 07:49:48.235  INFO   session     Entity shadow: vision=26 {'player': 25, 'monster': 1} memory=39 {'player': 35, 'npc': 4} paired=22 median=0.028
2026-09-24 07:49:48.319  INFO   decision    mode=farming behavior=shop action=shop_buy_arrows target=- reason='shop:sell_garbage_weapon_ch' status=success
2026-09-24 07:49:52.904  INFO   decision    mode=farming behavior=talking_scroll action=use_talking_scroll target=- reason='go to shop (sell_garbage_ch)' status=success
2026-09-24 07:49:55.608  INFO   nav         async nav configure start map=talking_island
2026-09-24 07:49:55.675  INFO   nav         building portal graph (cluster=32, 479x511)
2026-09-24 07:49:55.990  INFO   nav         portal graph: 188 components, 315 ms
2026-09-24 07:49:56.001  INFO   nav         farms=4 safe=11 home=(354, 203) (files farm=D:\Work\Lineage\ManmabotV1_final\engine\maps\talking_island\farms.yaml safe=D:\Work\Lineage\ManmabotV1_final\engine\maps\talking_island\safe.yaml home=D:\Work\Lineage\ManmabotV1_final\engine\maps\talking_island\home.yaml)
2026-09-24 07:49:56.001  INFO   nav         async nav configure done map=talking_island (392 ms)
2026-09-24 07:49:56.273  INFO   session     Entity shadow: vision=24 {'player': 20, 'npc': 3, 'monster': 1} memory=67 {'player': 64, 'monster': 1, 'npc': 2} paired=21 median=0.025 unleveled=10:警衛
2026-09-24 07:49:56.358  INFO   decision    mode=farming behavior=shop action=shop_stop target=- reason='stop at shop' status=success
2026-09-24 07:49:57.036  INFO   decision    mode=farming behavior=shop action=shop_buy_arrows target=- reason='shop:sell_garbage_ch' status=success
2026-09-24 07:50:01.432  INFO   session     Entity shadow: vision=23 {'player': 18, 'npc': 2, 'monster': 3} memory=70 {'player': 68, 'npc': 2} paired=20 median=0.025
2026-09-24 07:50:01.514  INFO   decision    mode=farming behavior=talking_scroll action=use_talking_scroll target=- reason='go to shop (sell_garbage_weapon_ch)' status=success
2026-09-24 07:50:04.176  INFO   nav         async nav configure start map=mainland
2026-09-24 07:50:04.639  INFO   decision    mode=farming behavior=shop action=shop_stop target=- reason='stop at shop' status=success
2026-09-24 07:50:04.889  INFO   nav         building portal graph (cluster=32, 1755x1414)
2026-09-24 07:50:09.018  INFO   nav         portal graph: 2586 components, 4129 ms
2026-09-24 07:50:09.023  INFO   nav         farms=6 safe=0 home=None (files farm=D:\Work\Lineage\ManmabotV1_final\engine\maps\mainland\farms.yaml safe=D:\Work\Lineage\ManmabotV1_final\engine\maps\mainland\safe.yaml home=D:\Work\Lineage\ManmabotV1_final\engine\maps\mainland\home.yaml)
2026-09-24 07:50:09.024  INFO   nav         async nav configure done map=mainland (4848 ms)
2026-09-24 07:50:09.194  INFO   session     Entity shadow: vision=28 {'player': 26, 'npc': 1, 'monster': 1} memory=44 {'player': 40, 'npc': 4} paired=22 median=0.030
2026-09-24 07:50:09.279  INFO   decision    mode=farming behavior=shop action=shop_buy_arrows target=- reason='shop:sell_garbage_weapon_ch' status=success
2026-09-24 07:50:13.686  INFO   decision    mode=farming behavior=talking_scroll action=use_talking_scroll target=- reason='go to shop (sell_garbage_ch)' status=success
2026-09-24 07:50:16.341  INFO   nav         async nav configure start map=talking_island
2026-09-24 07:50:16.415  INFO   nav         building portal graph (cluster=32, 479x511)
2026-09-24 07:50:16.798  INFO   nav         portal graph: 188 components, 382 ms
2026-09-24 07:50:16.805  INFO   nav         farms=4 safe=11 home=(354, 203) (files farm=D:\Work\Lineage\ManmabotV1_final\engine\maps\talking_island\farms.yaml safe=D:\Work\Lineage\ManmabotV1_final\engine\maps\talking_island\safe.yaml home=D:\Work\Lineage\ManmabotV1_final\engine\maps\talking_island\home.yaml)
2026-09-24 07:50:16.806  INFO   nav         async nav configure done map=talking_island (464 ms)
2026-09-24 07:50:17.005  INFO   session     Entity shadow: vision=20 {'player': 18, 'npc': 2} memory=76 {'player': 74, 'npc': 2} paired=20 median=0.026
2026-09-24 07:50:17.088  INFO   decision    mode=farming behavior=shop action=shop_stop target=- reason='stop at shop' status=success
2026-09-24 07:50:17.734  INFO   decision    mode=farming behavior=shop action=shop_buy_arrows target=- reason='shop:sell_garbage_ch' status=success
2026-09-24 07:50:22.120  INFO   session     Entity shadow: vision=20 {'player': 18, 'npc': 2} memory=75 {'player': 73, 'npc': 2} paired=20 median=0.025
2026-09-24 07:50:22.206  INFO   decision    mode=farming behavior=talking_scroll action=use_talking_scroll target=- reason='go to shop (sell_garbage_weapon_ch)' status=success
2026-09-24 07:50:24.862  INFO   nav         async nav configure start map=mainland
2026-09-24 07:50:25.255  INFO   decision    mode=farming behavior=shop action=shop_stop target=- reason='stop at shop' status=success
2026-09-24 07:50:25.564  INFO   nav         building portal graph (cluster=32, 1755x1414)
2026-09-24 07:50:29.839  INFO   nav         portal graph: 2586 components, 4274 ms
2026-09-24 07:50:29.844  INFO   nav         farms=6 safe=0 home=None (files farm=D:\Work\Lineage\ManmabotV1_final\engine\maps\mainland\farms.yaml safe=D:\Work\Lineage\ManmabotV1_final\engine\maps\mainland\safe.yaml home=D:\Work\Lineage\ManmabotV1_final\engine\maps\mainland\home.yaml)
2026-09-24 07:50:29.845  INFO   nav         async nav configure done map=mainland (4982 ms)
2026-09-24 07:50:30.036  INFO   session     Entity shadow: vision=24 {'player': 23, 'monster': 1} memory=44 {'player': 40, 'npc': 4} paired=23 median=0.030
2026-09-24 07:50:30.113  INFO   decision    mode=farming behavior=shop action=shop_buy_arrows target=- reason='shop:sell_garbage_weapon_ch' status=success
2026-09-24 07:50:34.568  INFO   decision    mode=farming behavior=talking_scroll action=use_talking_scroll target=- reason='go to shop (sell_garbage_ch)' status=success
2026-09-24 07:50:37.218  INFO   nav         async nav configure start map=talking_island
2026-09-24 07:50:37.280  INFO   nav         building portal graph (cluster=32, 479x511)
2026-09-24 07:50:37.637  INFO   nav         portal graph: 188 components, 357 ms
2026-09-24 07:50:37.644  INFO   nav         farms=4 safe=11 home=(354, 203) (files farm=D:\Work\Lineage\ManmabotV1_final\engine\maps\talking_island\farms.yaml safe=D:\Work\Lineage\ManmabotV1_final\engine\maps\talking_island\safe.yaml home=D:\Work\Lineage\ManmabotV1_final\engine\maps\talking_island\home.yaml)
2026-09-24 07:50:37.644  INFO   nav         async nav configure done map=talking_island (426 ms)
2026-09-24 07:50:37.948  INFO   session     Entity shadow: vision=22 {'player': 18, 'npc': 2, 'monster': 2} memory=65 {'player': 63, 'npc': 2} paired=20 median=0.026
2026-09-24 07:50:38.035  INFO   decision    mode=farming behavior=shop action=shop_stop target=- reason='stop at shop' status=success
2026-09-24 07:50:38.705  INFO   decision    mode=farming behavior=shop action=shop_buy_arrows target=- reason='shop:sell_garbage_ch' status=success
2026-09-24 07:50:43.095  INFO   session     Entity shadow: vision=20 {'player': 17, 'npc': 2, 'monster': 1} memory=64 {'player': 62, 'npc': 2} paired=19 median=0.026
2026-09-24 07:50:43.180  INFO   decision    mode=farming behavior=talking_scroll action=use_talking_scroll target=- reason='go to shop (sell_garbage_weapon_ch)' status=success
2026-09-24 07:50:45.832  INFO   nav         async nav configure start map=mainland
2026-09-24 07:50:46.239  INFO   decision    mode=farming behavior=shop action=shop_stop target=- reason='stop at shop' status=success
2026-09-24 07:50:46.562  INFO   nav         building portal graph (cluster=32, 1755x1414)
2026-09-24 07:50:51.031  INFO   nav         portal graph: 2586 components, 4469 ms
2026-09-24 07:50:51.037  INFO   nav         farms=6 safe=0 home=None (files farm=D:\Work\Lineage\ManmabotV1_final\engine\maps\mainland\farms.yaml safe=D:\Work\Lineage\ManmabotV1_final\engine\maps\mainland\safe.yaml home=D:\Work\Lineage\ManmabotV1_final\engine\maps\mainland\home.yaml)
2026-09-24 07:50:51.037  INFO   nav         async nav configure done map=mainland (5205 ms)
2026-09-24 07:50:51.339  INFO   session     Entity shadow: vision=26 {'player': 22, 'npc': 3, 'monster': 1} memory=49 {'player': 45, 'npc': 4} paired=21 median=0.028
2026-09-24 07:50:51.422  INFO   decision    mode=farming behavior=shop action=shop_buy_arrows target=- reason='shop:sell_garbage_weapon_ch' status=success
2026-09-24 07:50:55.980  INFO   decision    mode=farming behavior=talking_scroll action=use_talking_scroll target=- reason='go to shop (sell_garbage_ch)' status=success
2026-09-24 07:50:58.676  INFO   nav         async nav configure start map=talking_island
2026-09-24 07:50:58.746  INFO   nav         building portal graph (cluster=32, 479x511)
2026-09-24 07:50:59.063  INFO   nav         portal graph: 188 components, 317 ms
2026-09-24 07:50:59.070  INFO   nav         farms=4 safe=11 home=(354, 203) (files farm=D:\Work\Lineage\ManmabotV1_final\engine\maps\talking_island\farms.yaml safe=D:\Work\Lineage\ManmabotV1_final\engine\maps\talking_island\safe.yaml home=D:\Work\Lineage\ManmabotV1_final\engine\maps\talking_island\home.yaml)
2026-09-24 07:50:59.071  INFO   nav         async nav configure done map=talking_island (395 ms)
2026-09-24 07:50:59.267  INFO   session     Entity shadow: vision=18 {'player': 15, 'npc': 2, 'monster': 1} memory=61 {'player': 59, 'npc': 2} paired=17 median=0.026
2026-09-24 07:50:59.366  INFO   decision    mode=farming behavior=shop action=shop_stop target=- reason='stop at shop' status=success
2026-09-24 07:51:00.005  INFO   decision    mode=farming behavior=shop action=shop_buy_arrows target=- reason='shop:sell_garbage_ch' status=success
2026-09-24 07:51:04.439  INFO   session     Entity shadow: vision=18 {'player': 15, 'npc': 2, 'monster': 1} memory=59 {'player': 57, 'npc': 2} paired=16 median=0.024
2026-09-24 07:51:04.523  INFO   decision    mode=farming behavior=talking_scroll action=use_talking_scroll target=- reason='go to shop (sell_garbage_weapon_ch)' status=success
2026-09-24 07:51:07.204  INFO   nav         async nav configure start map=mainland
2026-09-24 07:51:07.628  INFO   decision    mode=farming behavior=shop action=shop_stop target=- reason='stop at shop' status=success
2026-09-24 07:51:07.946  INFO   nav         building portal graph (cluster=32, 1755x1414)
2026-09-24 07:51:12.231  INFO   nav         portal graph: 2586 components, 4285 ms
2026-09-24 07:51:12.235  INFO   nav         farms=6 safe=0 home=None (files farm=D:\Work\Lineage\ManmabotV1_final\engine\maps\mainland\farms.yaml safe=D:\Work\Lineage\ManmabotV1_final\engine\maps\mainland\safe.yaml home=D:\Work\Lineage\ManmabotV1_final\engine\maps\mainland\home.yaml)
2026-09-24 07:51:12.235  INFO   nav         async nav configure done map=mainland (5031 ms)
2026-09-24 07:51:12.396  INFO   session     Entity shadow: vision=25 {'player': 24, 'npc': 1} memory=42 {'player': 38, 'npc': 4} paired=23 median=0.030
2026-09-24 07:51:12.471  INFO   decision    mode=farming behavior=shop action=shop_buy_arrows target=- reason='shop:sell_garbage_weapon_ch' status=success
2026-09-24 07:51:16.953  INFO   decision    mode=farming behavior=talking_scroll action=use_talking_scroll target=- reason='go to shop (sell_garbage_ch)' status=success
2026-09-24 07:51:19.566  INFO   nav         async nav configure start map=talking_island
2026-09-24 07:51:19.625  INFO   nav         building portal graph (cluster=32, 479x511)
2026-09-24 07:51:19.980  INFO   nav         portal graph: 188 components, 355 ms
2026-09-24 07:51:19.990  INFO   nav         farms=4 safe=11 home=(354, 203) (files farm=D:\Work\Lineage\ManmabotV1_final\engine\maps\talking_island\farms.yaml safe=D:\Work\Lineage\ManmabotV1_final\engine\maps\talking_island\safe.yaml home=D:\Work\Lineage\ManmabotV1_final\engine\maps\talking_island\home.yaml)
2026-09-24 07:51:19.990  INFO   nav         async nav configure done map=talking_island (424 ms)
2026-09-24 07:51:20.200  INFO   session     Entity shadow: vision=18 {'npc': 2, 'player': 16} memory=59 {'player': 57, 'npc': 2} paired=18 median=0.026
2026-09-24 07:51:20.282  INFO   decision    mode=farming behavior=shop action=shop_stop target=- reason='stop at shop' status=success
2026-09-24 07:51:20.958  INFO   decision    mode=farming behavior=shop action=shop_buy_arrows target=- reason='shop:sell_garbage_ch' status=success
2026-09-24 07:51:25.353  INFO   session     Entity shadow: vision=20 {'player': 17, 'npc': 2, 'monster': 1} memory=58 {'player': 56, 'npc': 2} paired=19 median=0.026
2026-09-24 07:51:25.433  INFO   decision    mode=farming behavior=talking_scroll action=use_talking_scroll target=- reason='go to shop (sell_garbage_weapon_ch)' status=success
2026-09-24 07:51:28.083  INFO   nav         async nav configure start map=mainland
2026-09-24 07:51:28.620  INFO   decision    mode=farming behavior=shop action=shop_stop target=- reason='stop at shop' status=success
2026-09-24 07:51:28.855  INFO   nav         building portal graph (cluster=32, 1755x1414)
2026-09-24 07:51:32.910  INFO   nav         portal graph: 2586 components, 4055 ms
2026-09-24 07:51:32.915  INFO   nav         farms=6 safe=0 home=None (files farm=D:\Work\Lineage\ManmabotV1_final\engine\maps\mainland\farms.yaml safe=D:\Work\Lineage\ManmabotV1_final\engine\maps\mainland\safe.yaml home=D:\Work\Lineage\ManmabotV1_final\engine\maps\mainland\home.yaml)
2026-09-24 07:51:32.915  INFO   nav         async nav configure done map=mainland (4832 ms)
2026-09-24 07:51:33.132  INFO   session     Entity shadow: vision=28 {'player': 25, 'npc': 1, 'monster': 2} memory=40 {'player': 36, 'npc': 4} paired=21 median=0.030
2026-09-24 07:51:33.212  INFO   decision    mode=farming behavior=shop action=shop_buy_arrows target=- reason='shop:sell_garbage_weapon_ch' status=success
2026-09-24 07:51:37.651  INFO   decision    mode=farming behavior=talking_scroll action=use_talking_scroll target=- reason='go to shop (sell_garbage_ch)' status=success
2026-09-24 07:51:40.283  INFO   nav         async nav configure start map=talking_island
2026-09-24 07:51:40.350  INFO   nav         building portal graph (cluster=32, 479x511)
2026-09-24 07:51:40.673  INFO   nav         portal graph: 188 components, 323 ms
2026-09-24 07:51:40.681  INFO   nav         farms=4 safe=11 home=(354, 203) (files farm=D:\Work\Lineage\ManmabotV1_final\engine\maps\talking_island\farms.yaml safe=D:\Work\Lineage\ManmabotV1_final\engine\maps\talking_island\safe.yaml home=D:\Work\Lineage\ManmabotV1_final\engine\maps\talking_island\home.yaml)
2026-09-24 07:51:40.681  INFO   nav         async nav configure done map=talking_island (398 ms)
2026-09-24 07:51:40.874  INFO   session     Entity shadow: vision=21 {'monster': 1, 'player': 18, 'npc': 2} memory=59 {'player': 57, 'npc': 2} paired=20 median=0.026
2026-09-24 07:51:40.951  INFO   decision    mode=farming behavior=shop action=shop_stop target=- reason='stop at shop' status=success
2026-09-24 07:51:41.593  INFO   decision    mode=farming behavior=shop action=shop_buy_arrows target=- reason='shop:sell_garbage_ch' status=success
2026-09-24 07:51:45.989  INFO   session     Entity shadow: vision=19 {'player': 17, 'npc': 2} memory=58 {'player': 56, 'npc': 2} paired=18 median=0.025
2026-09-24 07:51:46.077  INFO   decision    mode=farming behavior=talking_scroll action=use_talking_scroll target=- reason='go to shop (sell_garbage_weapon_ch)' status=success
2026-09-24 07:51:48.796  INFO   nav         async nav configure start map=mainland
2026-09-24 07:51:49.222  INFO   decision    mode=farming behavior=shop action=shop_stop target=- reason='stop at shop' status=success
2026-09-24 07:51:49.506  INFO   nav         building portal graph (cluster=32, 1755x1414)
2026-09-24 07:51:53.657  INFO   nav         portal graph: 2586 components, 4151 ms
2026-09-24 07:51:53.662  INFO   nav         farms=6 safe=0 home=None (files farm=D:\Work\Lineage\ManmabotV1_final\engine\maps\mainland\farms.yaml safe=D:\Work\Lineage\ManmabotV1_final\engine\maps\mainland\safe.yaml home=D:\Work\Lineage\ManmabotV1_final\engine\maps\mainland\home.yaml)
2026-09-24 07:51:53.662  INFO   nav         async nav configure done map=mainland (4866 ms)
2026-09-24 07:51:53.834  INFO   session     Entity shadow: vision=26 {'player': 25, 'monster': 1} memory=42 {'player': 38, 'npc': 4} paired=23 median=0.030
2026-09-24 07:51:53.913  INFO   decision    mode=farming behavior=shop action=shop_buy_arrows target=- reason='shop:sell_garbage_weapon_ch' status=success
2026-09-24 07:51:58.337  INFO   decision    mode=farming behavior=talking_scroll action=use_talking_scroll target=- reason='go to shop (sell_garbage_ch)' status=success
2026-09-24 07:52:01.056  INFO   nav         async nav configure start map=talking_island
2026-09-24 07:52:01.132  INFO   nav         building portal graph (cluster=32, 479x511)
2026-09-24 07:52:01.474  INFO   nav         portal graph: 188 components, 342 ms
2026-09-24 07:52:01.482  INFO   nav         farms=4 safe=11 home=(354, 203) (files farm=D:\Work\Lineage\ManmabotV1_final\engine\maps\talking_island\farms.yaml safe=D:\Work\Lineage\ManmabotV1_final\engine\maps\talking_island\safe.yaml home=D:\Work\Lineage\ManmabotV1_final\engine\maps\talking_island\home.yaml)
2026-09-24 07:52:01.482  INFO   nav         async nav configure done map=talking_island (426 ms)
2026-09-24 07:52:01.748  INFO   session     Entity shadow: vision=22 {'player': 20, 'npc': 2} memory=60 {'player': 58, 'npc': 2} paired=21 median=0.025
2026-09-24 07:52:01.826  INFO   decision    mode=farming behavior=shop action=shop_stop target=- reason='stop at shop' status=success
2026-09-24 07:52:02.478  INFO   decision    mode=farming behavior=shop action=shop_buy_arrows target=- reason='shop:sell_garbage_ch' status=success
2026-09-24 07:52:06.898  INFO   session     Entity shadow: vision=21 {'player': 18, 'npc': 2, 'monster': 1} memory=66 {'player': 64, 'npc': 2} paired=19 median=0.025
2026-09-24 07:52:06.984  INFO   decision    mode=farming behavior=talking_scroll action=use_talking_scroll target=- reason='go to shop (sell_garbage_weapon_ch)' status=success
2026-09-24 07:52:09.686  INFO   nav         async nav configure start map=mainland
2026-09-24 07:52:10.183  INFO   decision    mode=farming behavior=shop action=shop_stop target=- reason='stop at shop' status=success
2026-09-24 07:52:10.422  INFO   nav         building portal graph (cluster=32, 1755x1414)
2026-09-24 07:52:14.786  INFO   nav         portal graph: 2586 components, 4364 ms
2026-09-24 07:52:14.791  INFO   nav         farms=6 safe=0 home=None (files farm=D:\Work\Lineage\ManmabotV1_final\engine\maps\mainland\farms.yaml safe=D:\Work\Lineage\ManmabotV1_final\engine\maps\mainland\safe.yaml home=D:\Work\Lineage\ManmabotV1_final\engine\maps\mainland\home.yaml)
2026-09-24 07:52:14.791  INFO   nav         async nav configure done map=mainland (5105 ms)
2026-09-24 07:52:14.954  INFO   session     Entity shadow: vision=25 {'player': 25} memory=37 {'player': 33, 'npc': 4} paired=22 median=0.030
2026-09-24 07:52:15.038  INFO   decision    mode=farming behavior=shop action=shop_buy_arrows target=- reason='shop:sell_garbage_weapon_ch' status=success
2026-09-24 07:52:19.529  INFO   decision    mode=farming behavior=talking_scroll action=use_talking_scroll target=- reason='go to shop (sell_garbage_ch)' status=success
2026-09-24 07:52:22.238  INFO   nav         async nav configure start map=talking_island
2026-09-24 07:52:22.310  INFO   nav         building portal graph (cluster=32, 479x511)
2026-09-24 07:52:22.656  INFO   nav         portal graph: 188 components, 346 ms
2026-09-24 07:52:22.664  INFO   nav         farms=4 safe=11 home=(354, 203) (files farm=D:\Work\Lineage\ManmabotV1_final\engine\maps\talking_island\farms.yaml safe=D:\Work\Lineage\ManmabotV1_final\engine\maps\talking_island\safe.yaml home=D:\Work\Lineage\ManmabotV1_final\engine\maps\talking_island\home.yaml)
2026-09-24 07:52:22.664  INFO   nav         async nav configure done map=talking_island (425 ms)
2026-09-24 07:52:22.888  INFO   session     Entity shadow: vision=21 {'player': 19, 'npc': 1, 'monster': 1} memory=65 {'player': 63, 'npc': 2} paired=20 median=0.026
2026-09-24 07:52:22.974  INFO   decision    mode=farming behavior=shop action=shop_stop target=- reason='stop at shop' status=success
2026-09-24 07:52:23.622  INFO   decision    mode=farming behavior=shop action=shop_buy_arrows target=- reason='shop:sell_garbage_ch' status=success
2026-09-24 07:52:23.757  INFO   session     Paused — hotkey
2026-09-24 07:53:50.253  INFO   session     Stop → Stopped
2026-09-24 07:53:52.116  INFO   session     Bot worker exited
