2026-09-29 12:51:23.071  INFO   session     Loading Manmabot from D:\KRR\1.LCBot\ManmabotV1_final\engine
2026-09-29 12:51:23.099  INFO   session     Session log D:\KRR\1.LCBot\ManmabotV1_final\engine\logs\bot-20260929-125123.log
2026-09-29 12:51:23.110  INFO   session     character=elf loot=adena_only game_lang=ko map=talking_island farms=['area_1', 'area_3'] file=D:\KRR\1.LCBot\ManmabotV1_final\engine\logs\bot-20260929-125123.log
2026-09-29 12:51:23.592  INFO   nav         building portal graph (cluster=32, 479x511)
2026-09-29 12:51:24.200  INFO   nav         portal graph: 188 components, 608 ms
2026-09-29 12:51:24.264  INFO   nav         farms=2 safe=11 home=(354, 203) (files farm=D:\KRR\1.LCBot\ManmabotV1_final\engine\maps\talking_island\farms.yaml safe=D:\KRR\1.LCBot\ManmabotV1_final\engine\maps\talking_island\safe.yaml home=D:\KRR\1.LCBot\ManmabotV1_final\engine\maps\talking_island\home.yaml)
2026-09-29 12:51:24.678  INFO   capture     mss window capture process='LC.exe' title=None content_aspect=4:3
2026-09-29 12:51:25.431  INFO   session     Entity clicks use memory names, species, and world cells. Image recognition still runs. Set memory.entity_source to vision to restore image-only clicks.
2026-09-29 12:51:25.475  INFO   session     Player memory is read in this process (realtime_monitor.dll, offsets.json). No separate console.
2026-09-29 12:51:25.505  INFO   session     Inventory listen scanning in background (inventory_listen.dll or place inv.json).
2026-09-29 12:51:25.544  INFO   session     Reading hotbar from memory (24 slots)…
2026-09-29 12:51:25.828  INFO   session     Hotbar scan done · Power-up@box1/f5, Armor-up@box1/f6, Light@box1/f7, Heal@box1/f8, HP potion@box2/f9, Teleport@box1/f10, Mage attack@box1/f12, Talking scroll@box2/f5, Mother tree@box2/f6, HP to MP@box2/f7
2026-09-29 12:51:25.935  INFO   session     Unmapped hotbar icons: box1/f8:SPELL, box1/f11:Adena, box1/f12:Arrow, box2/f10:Silver Arrow, box2/f12:SPELL, box3/f10:SPELL
2026-09-29 12:51:25.984  INFO   session     Loop ready · Elf · Korean · map=Talking Island · loot=Adená only · farms=Area 1, Area 3
2026-09-29 12:51:26.444  INFO   session     Entity shadow: vision=3 {'player': 1, 'monster': 2} memory=4 {'monster': 4} paired=2 median=0.023 unleveled=206:兔子
2026-09-29 12:51:26.508  INFO   session     Inventory listen ready (dll) · hp=0 arrows=9735 silver=0 depoison=0
2026-09-29 12:51:26.554  INFO   hp          hp action=item:빨간 물약
2026-09-29 12:51:26.555  INFO   decision    mode=farming goal=survival_potion action=use_hp_potion target=- sticky=- origin=(261,285) shop=0 scrolled=0 reason='low hp' status=success
2026-09-29 12:51:27.525  INFO   hp          hp action=item:빨간 물약
2026-09-29 12:51:28.149  INFO   hp          hp action=item:빨간 물약
2026-09-29 12:51:29.445  INFO   hp          hp action=item:빨간 물약
2026-09-29 12:51:30.035  INFO   hp          hp action=item:빨간 물약
2026-09-29 12:51:30.632  INFO   hp          hp action=item:빨간 물약
2026-09-29 12:51:31.239  INFO   hp          hp action=item:빨간 물약
2026-09-29 12:51:31.817  INFO   session     Entity shadow: vision=0 {} memory=4 {'monster': 4} paired=0 median=0.000 unleveled=206:兔子
2026-09-29 12:51:31.894  INFO   hp          hp action=item:빨간 물약
2026-09-29 12:51:32.964  INFO   hp          hp action=item:빨간 물약
2026-09-29 12:51:34.209  INFO   hp          hp action=item:빨간 물약
2026-09-29 12:51:34.830  INFO   hp          hp action=item:빨간 물약
2026-09-29 12:51:35.426  INFO   hp          hp action=item:빨간 물약
2026-09-29 12:51:35.959  INFO   hp          hp action=item:빨간 물약
2026-09-29 12:51:36.628  INFO   hp          hp action=item:빨간 물약
2026-09-29 12:51:37.152  INFO   session     Entity shadow: vision=1 {'monster': 1} memory=4 {'monster': 4} paired=1 median=0.005 unleveled=206:兔子
2026-09-29 12:51:37.196  INFO   hp          hp action=item:빨간 물약
2026-09-29 12:51:37.780  INFO   hp          hp action=item:빨간 물약
2026-09-29 12:51:38.359  INFO   hp          hp action=item:빨간 물약
2026-09-29 12:51:38.967  INFO   hp          hp action=item:빨간 물약
2026-09-29 12:51:39.590  INFO   hp          hp action=item:빨간 물약
2026-09-29 12:51:40.807  INFO   hp          hp action=item:빨간 물약
2026-09-29 12:51:41.379  INFO   hp          hp action=item:빨간 물약
2026-09-29 12:51:42.033  INFO   hp          hp action=item:빨간 물약
2026-09-29 12:51:42.560  INFO   session     Entity shadow: vision=1 {'npc': 1} memory=4 {'monster': 4} paired=0 median=0.000 unleveled=206:兔子
2026-09-29 12:51:42.606  INFO   hp          hp action=item:빨간 물약
2026-09-29 12:51:43.213  INFO   hp          hp action=item:빨간 물약
2026-09-29 12:51:43.810  INFO   hp          hp action=item:빨간 물약
2026-09-29 12:51:44.387  INFO   hp          hp action=item:빨간 물약
2026-09-29 12:51:44.937  INFO   hp          hp action=item:빨간 물약
2026-09-29 12:51:45.577  INFO   hp          hp action=item:빨간 물약
2026-09-29 12:51:46.183  INFO   hp          hp action=item:빨간 물약
2026-09-29 12:51:47.204  INFO   hp          hp action=item:빨간 물약
2026-09-29 12:51:47.858  INFO   session     Entity shadow: vision=1 {'npc': 1} memory=4 {'monster': 4} paired=0 median=0.000 unleveled=206:兔子
2026-09-29 12:51:47.927  INFO   hp          hp action=item:빨간 물약
2026-09-29 12:51:48.479  INFO   hp          hp action=item:빨간 물약
2026-09-29 12:51:48.916  INFO   session     Paused — hotkey
2026-09-29 12:51:49.147  INFO   session     Resume → Running
2026-09-29 12:51:49.663  INFO   hp          hp action=item:빨간 물약
2026-09-29 12:51:50.270  INFO   hp          hp action=item:빨간 물약
2026-09-29 12:51:50.837  INFO   hp          hp action=item:빨간 물약
2026-09-29 12:51:51.469  INFO   hp          hp action=item:빨간 물약
2026-09-29 12:51:52.091  INFO   hp          hp action=item:빨간 물약
2026-09-29 12:51:52.669  INFO   hp          hp action=item:빨간 물약
2026-09-29 12:51:53.171  INFO   session     Entity shadow: vision=2 {'monster': 1, 'player': 1} memory=4 {'monster': 4} paired=1 median=0.019 unleveled=206:兔子
2026-09-29 12:51:53.316  INFO   hp          hp action=item:빨간 물약
2026-09-29 12:51:54.499  INFO   hp          hp action=item:빨간 물약
2026-09-29 12:51:55.082  INFO   hp          hp action=item:빨간 물약
2026-09-29 12:51:55.713  INFO   hp          hp action=item:빨간 물약
2026-09-29 12:51:56.240  INFO   hp          hp action=item:빨간 물약
2026-09-29 12:51:56.863  INFO   hp          hp action=item:빨간 물약
2026-09-29 12:51:57.428  INFO   hp          hp action=item:빨간 물약
2026-09-29 12:51:57.992  INFO   hp          hp action=item:빨간 물약
2026-09-29 12:51:58.515  INFO   session     Entity shadow: vision=3 {'monster': 1, 'player': 1, 'npc': 1} memory=5 {'monster': 5} paired=1 median=0.020 unleveled=10:警衛,206:兔子
2026-09-29 12:51:58.574  INFO   hp          hp action=item:빨간 물약
2026-09-29 12:51:59.224  INFO   hp          hp action=item:빨간 물약
2026-09-29 12:51:59.785  INFO   hp          hp action=item:빨간 물약
2026-09-29 12:52:00.784  INFO   hp          hp action=item:빨간 물약
2026-09-29 12:52:01.533  INFO   hp          hp action=item:빨간 물약
2026-09-29 12:52:01.536  INFO   decision    mode=farming goal=survival_potion action=use_hp_potion target=- sticky=- origin=(261,285) shop=0 scrolled=0 reason='low hp' status=success (repeat x50)
2026-09-29 12:52:02.098  INFO   hp          hp action=item:빨간 물약
2026-09-29 12:52:02.685  INFO   hp          hp action=item:빨간 물약
2026-09-29 12:52:03.237  INFO   hp          hp action=item:빨간 물약
2026-09-29 12:52:03.818  INFO   session     Entity shadow: vision=3 {'monster': 1, 'player': 1, 'npc': 1} memory=6 {'monster': 6} paired=1 median=0.019 unleveled=206:兔子,10:警衛
2026-09-29 12:52:03.890  INFO   hp          hp action=item:빨간 물약
2026-09-29 12:52:04.432  INFO   hp          hp action=item:빨간 물약
2026-09-29 12:52:05.047  INFO   hp          hp action=item:빨간 물약
2026-09-29 12:52:05.630  INFO   hp          hp action=item:빨간 물약
2026-09-29 12:52:06.214  INFO   hp          hp action=item:빨간 물약
2026-09-29 12:52:06.873  INFO   hp          hp action=item:빨간 물약
2026-09-29 12:52:08.038  INFO   hp          hp action=item:빨간 물약
2026-09-29 12:52:08.628  INFO   hp          hp action=item:빨간 물약
2026-09-29 12:52:09.173  INFO   session     Entity shadow: vision=3 {'monster': 1, 'player': 1, 'npc': 1} memory=6 {'monster': 6} paired=1 median=0.020 unleveled=10:警衛,206:兔子
2026-09-29 12:52:09.252  INFO   hp          hp action=item:빨간 물약
2026-09-29 12:52:09.819  INFO   hp          hp action=item:빨간 물약
2026-09-29 12:52:10.433  INFO   hp          hp action=item:빨간 물약
2026-09-29 12:52:11.033  INFO   hp          hp action=item:빨간 물약
2026-09-29 12:52:11.605  INFO   hp          hp action=item:빨간 물약
2026-09-29 12:52:12.186  INFO   hp          hp action=item:빨간 물약
2026-09-29 12:52:12.790  INFO   hp          hp action=item:빨간 물약
2026-09-29 12:52:13.786  INFO   hp          hp action=item:빨간 물약
2026-09-29 12:52:14.451  INFO   session     Entity shadow: vision=4 {'monster': 2, 'player': 1, 'npc': 1} memory=6 {'monster': 6} paired=2 median=0.019 unleveled=10:警衛,206:兔子
2026-09-29 12:52:14.528  INFO   hp          hp action=item:빨간 물약
2026-09-29 12:52:15.078  INFO   hp          hp action=item:빨간 물약
2026-09-29 12:52:15.699  INFO   hp          hp action=item:빨간 물약
2026-09-29 12:52:16.278  INFO   hp          hp action=item:빨간 물약
2026-09-29 12:52:16.849  INFO   hp          hp action=item:빨간 물약
2026-09-29 12:52:17.390  INFO   hp          hp action=item:빨간 물약
2026-09-29 12:52:17.964  INFO   hp          hp action=item:빨간 물약
2026-09-29 12:52:18.569  INFO   hp          hp action=item:빨간 물약
2026-09-29 12:52:19.158  INFO   hp          hp action=item:빨간 물약
2026-09-29 12:52:19.638  INFO   session     Entity shadow: vision=4 {'player': 1, 'npc': 1, 'monster': 2} memory=6 {'monster': 6} paired=2 median=0.022 unleveled=206:兔子,10:警衛
2026-09-29 12:52:19.689  INFO   hp          hp action=item:빨간 물약
2026-09-29 12:52:20.728  INFO   hp          hp action=item:빨간 물약
2026-09-29 12:52:21.496  INFO   hp          hp action=item:빨간 물약
2026-09-29 12:52:22.047  INFO   hp          hp action=item:빨간 물약
2026-09-29 12:52:22.718  INFO   hp          hp action=item:빨간 물약
2026-09-29 12:52:23.714  INFO   hp          hp action=item:빨간 물약
2026-09-29 12:52:24.295  INFO   hp          hp action=item:빨간 물약
2026-09-29 12:52:24.877  INFO   session     Entity shadow: vision=3 {'npc': 1, 'player': 1, 'monster': 1} memory=5 {'monster': 5} paired=1 median=0.023 unleveled=206:兔子,10:警衛
2026-09-29 12:52:24.949  INFO   hp          hp action=item:빨간 물약
2026-09-29 12:52:25.555  INFO   hp          hp action=item:빨간 물약
2026-09-29 12:52:26.757  INFO   hp          hp action=item:빨간 물약
2026-09-29 12:52:27.338  INFO   hp          hp action=item:빨간 물약
2026-09-29 12:52:27.949  INFO   hp          hp action=item:빨간 물약
2026-09-29 12:52:28.502  INFO   hp          hp action=item:빨간 물약
2026-09-29 12:52:29.118  INFO   hp          hp action=item:빨간 물약
2026-09-29 12:52:29.740  INFO   hp          hp action=item:빨간 물약
2026-09-29 12:52:30.290  INFO   session     Entity shadow: vision=1 {'player': 1} memory=5 {'monster': 5} paired=0 median=0.000 unleveled=10:警衛,206:兔子
2026-09-29 12:52:30.367  INFO   hp          hp action=item:빨간 물약
2026-09-29 12:52:31.340  INFO   hp          hp action=item:빨간 물약
2026-09-29 12:52:32.018  INFO   decision    mode=farming goal=buff action=buff target=- sticky=- origin=(261,285) shop=0 scrolled=0 reason='armor_up' status=success
2026-09-29 12:52:33.213  INFO   combat      farm branch=screen_combat id=1 dist=8
2026-09-29 12:52:33.687  INFO   combat      engage id=1 species=monster_도베르만_6 rel=(-8,2)
2026-09-29 12:52:33.739  INFO   decision    mode=farming goal=combat action=attack target=1 sticky=1 origin=(261,285) shop=0 scrolled=0 reason='screen engage' status=success
2026-09-29 12:52:34.518  INFO   combat      farm branch=sticky id=1 dist=8
2026-09-29 12:52:35.139  INFO   combat      farm branch=sticky id=1 dist=8
2026-09-29 12:52:35.991  INFO   session     Entity shadow: vision=2 {'player': 1, 'item': 1} memory=3 {'monster': 2, 'item': 1} paired=1 median=0.021 unleveled=206:兔子
2026-09-29 12:52:36.072  INFO   loot        begin_loot_item id=10
2026-09-29 12:52:36.074  INFO   loot        approach hop item=10 wp=(249, 289) reason=walk onto item
2026-09-29 12:52:36.081  INFO   loot        farm branch=loot item_id=10
2026-09-29 12:52:36.113  INFO   decision    mode=farming goal=loot action=searching target=10 sticky=- origin=(261,285) shop=0 scrolled=0 reason='walk onto item' status=success
2026-09-29 12:52:36.665  INFO   loot        farm branch=loot item_id=10
2026-09-29 12:52:36.936  INFO   loot        farm branch=loot item_id=10
2026-09-29 12:52:37.486  INFO   loot        farm branch=loot item_id=10
2026-09-29 12:52:38.018  INFO   loot        farm branch=loot item_id=10
2026-09-29 12:52:38.963  INFO   loot        approach hop item=10 wp=(249, 289) reason=walk onto item
2026-09-29 12:52:39.103  INFO   loot        farm branch=loot item_id=10
2026-09-29 12:52:39.714  INFO   loot        farm branch=loot item_id=10
2026-09-29 12:52:40.105  INFO   loot        farm branch=loot item_id=10
2026-09-29 12:52:40.319  INFO   loot        farm branch=loot item_id=10
2026-09-29 12:52:40.698  INFO   session     Entity shadow: vision=3 {'player': 2, 'item': 1} memory=4 {'player': 2, 'monster': 1, 'item': 1} paired=2 median=0.013 unleveled=206:兔子
2026-09-29 12:52:40.779  INFO   loot        farm branch=loot item_id=10
2026-09-29 12:52:41.109  INFO   loot        approach hop item=10 wp=(249, 289) reason=walk onto item
2026-09-29 12:52:41.238  INFO   loot        farm branch=loot item_id=10
2026-09-29 12:52:41.704  INFO   loot        farm branch=loot item_id=10
2026-09-29 12:52:42.103  INFO   decision    mode=farming goal=buff action=buff target=- sticky=- origin=(252,289) shop=0 scrolled=0 reason='light' status=success
2026-09-29 12:52:43.097  INFO   search      farm branch=none (wander/search next)
2026-09-29 12:52:43.098  INFO   travel      return/enter farm needed at (251,289)
2026-09-29 12:52:43.134  INFO   search      farm branch=none (wander/search next)
2026-09-29 12:52:43.222  INFO   travel      hop begin wp=(247, 301) purpose=enter_farm reason=enter farm area
2026-09-29 12:52:43.545  INFO   decision    mode=traveling goal=traveling action=traveling target=- sticky=- origin=(251,289) shop=0 scrolled=0 reason='enter farm area' status=success
2026-09-29 12:52:44.207  INFO   search      farm branch=none (wander/search next)
2026-09-29 12:52:44.831  INFO   search      farm branch=none (wander/search next)
2026-09-29 12:52:45.100  INFO   search      farm branch=none (wander/search next)
2026-09-29 12:52:45.429  INFO   travel      hop begin wp=(246, 302) purpose=enter_farm reason=enter farm area
2026-09-29 12:52:45.953  INFO   session     Entity shadow: vision=2 {'monster': 2} memory=2 {'player': 1, 'monster': 1} paired=0 median=0.000 unleveled=206:兔子
2026-09-29 12:52:46.022  INFO   search      farm branch=none (wander/search next)
2026-09-29 12:52:46.263  INFO   search      farm branch=none (wander/search next)
2026-09-29 12:52:46.703  INFO   search      farm branch=none (wander/search next)
2026-09-29 12:52:47.117  INFO   search      farm branch=none (wander/search next)
2026-09-29 12:52:47.384  INFO   search      farm branch=none (wander/search next)
2026-09-29 12:52:47.742  INFO   travel      hop begin wp=(245, 303) purpose=enter_farm reason=enter farm area
2026-09-29 12:52:48.364  INFO   combat      farm branch=screen_combat id=13 dist=12
2026-09-29 12:52:48.388  INFO   combat      engage id=13 species=monster_세퍼드_5 rel=(-7,12)
2026-09-29 12:52:48.397  INFO   decision    mode=traveling goal=combat action=attack target=13 sticky=13 origin=(246,292) shop=0 scrolled=0 reason='screen engage' status=success
2026-09-29 12:52:48.987  INFO   combat      farm branch=sticky id=13 dist=10
2026-09-29 12:52:48.999  INFO   combat      wall/fence LOS blocked id=13 — A* detour hop to (242, 303)
2026-09-29 12:52:49.007  INFO   decision    mode=traveling goal=combat action=searching target=13 sticky=13 origin=(246,293) shop=0 scrolled=0 reason='wall detour A*' status=success
2026-09-29 12:52:49.627  INFO   loot        begin_loot_item id=14
2026-09-29 12:52:50.065  INFO   loot        approach hop item=14 wp=(242, 303) reason=walk onto item
2026-09-29 12:52:50.097  INFO   loot        farm branch=loot item_id=14
2026-09-29 12:52:50.109  INFO   decision    mode=traveling goal=loot action=searching target=14 sticky=- origin=(246,293) shop=0 scrolled=0 reason='walk onto item' status=success
2026-09-29 12:52:50.687  INFO   loot        farm branch=loot item_id=14
2026-09-29 12:52:50.877  INFO   loot        farm branch=loot item_id=14
2026-09-29 12:52:51.251  INFO   session     Entity shadow: vision=3 {'item': 1, 'player': 2} memory=3 {'item': 1, 'monster': 1, 'player': 1} paired=2 median=0.077 unleveled=206:兔子
2026-09-29 12:52:51.306  INFO   loot        farm branch=loot item_id=14
2026-09-29 12:52:51.479  INFO   loot        farm branch=loot item_id=14
2026-09-29 12:52:52.031  INFO   loot        farm branch=loot item_id=14
2026-09-29 12:52:52.435  INFO   loot        approach hop item=14 wp=(241, 303) reason=walk onto item
2026-09-29 12:52:52.436  INFO   loot        farm branch=loot item_id=14
2026-09-29 12:52:52.975  INFO   loot        farm branch=loot item_id=14
2026-09-29 12:52:53.167  INFO   loot        farm branch=loot item_id=14
2026-09-29 12:52:53.580  INFO   loot        farm branch=loot item_id=14
2026-09-29 12:52:53.786  INFO   loot        farm branch=loot item_id=14
2026-09-29 12:52:54.349  INFO   loot        farm branch=loot item_id=14
2026-09-29 12:52:54.906  INFO   loot        approach hop item=14 wp=(241, 303) reason=walk onto item
2026-09-29 12:52:55.197  INFO   loot        farm branch=loot item_id=14
2026-09-29 12:52:55.665  INFO   search      farm branch=none (wander/search next)
2026-09-29 12:52:55.889  INFO   travel      hop begin wp=(240, 313) purpose=enter_farm reason=enter farm area
2026-09-29 12:52:55.909  INFO   decision    mode=traveling goal=traveling action=traveling target=- sticky=- origin=(241,298) shop=0 scrolled=0 reason='enter farm area' status=success
2026-09-29 12:52:56.440  INFO   session     Entity shadow: vision=1 {'player': 1} memory=1 {'player': 1} paired=1 median=0.034
2026-09-29 12:52:56.575  INFO   search      farm branch=none (wander/search next)
2026-09-29 12:52:57.292  INFO   search      farm branch=none (wander/search next)
2026-09-29 12:52:57.715  INFO   search      farm branch=none (wander/search next)
2026-09-29 12:52:57.897  INFO   search      farm branch=none (wander/search next)
2026-09-29 12:52:58.349  INFO   travel      hop begin wp=(240, 316) purpose=enter_farm reason=enter farm area
2026-09-29 12:52:58.900  INFO   search      farm branch=none (wander/search next)
2026-09-29 12:52:59.073  INFO   search      farm branch=none (wander/search next)
2026-09-29 12:52:59.641  INFO   search      farm branch=none (wander/search next)
2026-09-29 12:53:00.246  INFO   search      farm branch=none (wander/search next)
2026-09-29 12:53:00.653  INFO   travel      hop begin wp=(239, 320) purpose=enter_farm reason=enter farm area
2026-09-29 12:53:01.246  INFO   search      farm branch=none (wander/search next)
2026-09-29 12:53:01.431  INFO   combat      farm branch=screen_combat id=15 dist=12
2026-09-29 12:53:01.738  INFO   combat      engage id=15 species=monster_오크 궁수_3 rel=(4,12)
2026-09-29 12:53:01.754  INFO   decision    mode=traveling goal=combat action=attack target=15 sticky=15 origin=(240,307) shop=0 scrolled=0 reason='screen engage' status=success
2026-09-29 12:53:02.431  INFO   session     Entity shadow: vision=2 {'player': 1, 'monster': 1} memory=3 {'player': 1, 'monster': 2} paired=1 median=0.033
2026-09-29 12:53:02.916  INFO   combat      farm branch=sticky id=15 dist=11
2026-09-29 12:53:03.617  INFO   combat      farm branch=screen_combat id=18 dist=9
2026-09-29 12:53:03.638  INFO   combat      engage id=18 species=monster_오크_2 rel=(9,3)
2026-09-29 12:53:03.647  INFO   decision    mode=traveling goal=combat action=attack target=18 sticky=18 origin=(240,310) shop=0 scrolled=0 reason='screen engage' status=success
2026-09-29 12:53:04.241  INFO   combat      farm branch=sticky id=18 dist=7
2026-09-29 12:53:04.758  INFO   combat      farm branch=sticky id=18 dist=6
2026-09-29 12:53:05.203  INFO   combat      farm branch=sticky id=18 dist=4
2026-09-29 12:53:05.544  INFO   combat      farm branch=sticky id=18 dist=4
2026-09-29 12:53:06.176  INFO   loot        begin_loot_item id=21
2026-09-29 12:53:06.368  INFO   loot        approach hop item=21 wp=(243, 319) reason=walk onto item
2026-09-29 12:53:06.373  INFO   loot        farm branch=loot item_id=21
2026-09-29 12:53:06.385  INFO   decision    mode=traveling goal=loot action=searching target=21 sticky=- origin=(243,313) shop=0 scrolled=0 reason='walk onto item' status=success
2026-09-29 12:53:06.882  INFO   loot        farm branch=loot item_id=21
2026-09-29 12:53:07.200  INFO   loot        farm branch=loot item_id=21
2026-09-29 12:53:07.701  INFO   session     Entity shadow: vision=3 {'player': 1, 'item': 1, 'monster': 1} memory=4 {'item': 1, 'monster': 2, 'player': 1} paired=3 median=0.021
2026-09-29 12:53:07.758  INFO   loot        farm branch=loot item_id=21
2026-09-29 12:53:08.216  INFO   loot        farm branch=loot item_id=21
2026-09-29 12:53:08.518  INFO   loot        approach hop item=21 wp=(243, 319) reason=walk onto item
2026-09-29 12:53:08.672  INFO   loot        farm branch=loot item_id=21
2026-09-29 12:53:09.305  INFO   loot        farm branch=loot item_id=21
2026-09-29 12:53:09.896  INFO   loot        farm branch=loot item_id=21
2026-09-29 12:53:10.237  INFO   loot        farm branch=loot item_id=21
2026-09-29 12:53:10.411  INFO   decision    mode=traveling goal=loot action=pickup target=21 sticky=- origin=(243,318) shop=0 scrolled=0 reason='loot target' status=success
2026-09-29 12:53:11.171  INFO   loot        pickup retry id=21 (await still listed)
2026-09-29 12:53:11.171  INFO   loot        pickup emit item=21 reason=pickup retry
2026-09-29 12:53:11.180  INFO   loot        farm branch=loot item_id=None
2026-09-29 12:53:11.802  INFO   loot        pickup retry id=21 (await still listed)
2026-09-29 12:53:11.803  INFO   loot        pickup emit item=21 reason=pickup retry
2026-09-29 12:53:11.812  INFO   loot        farm branch=loot item_id=None
2026-09-29 12:53:12.351  INFO   loot        begin_loot_item id=25
2026-09-29 12:53:12.354  INFO   loot        approach hop item=25 wp=(246, 331) reason=walk onto item
2026-09-29 12:53:12.360  INFO   loot        farm branch=loot item_id=25
2026-09-29 12:53:12.370  INFO   decision    mode=traveling goal=loot action=searching target=25 sticky=- origin=(243,320) shop=0 scrolled=0 reason='walk onto item' status=success
2026-09-29 12:53:12.889  INFO   session     Entity shadow: vision=7 {'monster': 4, 'item': 1, 'player': 2} memory=9 {'monster': 7, 'item': 1, 'player': 1} paired=6 median=0.056
2026-09-29 12:53:12.944  INFO   loot        farm branch=loot item_id=25
2026-09-29 12:53:13.448  INFO   loot        farm branch=loot item_id=25
2026-09-29 12:53:13.923  INFO   loot        farm branch=loot item_id=25
2026-09-29 12:53:14.217  INFO   loot        farm branch=loot item_id=25
2026-09-29 12:53:14.904  INFO   loot        approach hop item=25 wp=(246, 332) reason=walk onto item
2026-09-29 12:53:15.091  INFO   loot        farm branch=loot item_id=25
2026-09-29 12:53:16.267  INFO   loot        farm branch=loot item_id=25
2026-09-29 12:53:17.101  INFO   loot        approach hop item=25 wp=(246, 332) reason=walk onto item
2026-09-29 12:53:17.373  INFO   loot        farm branch=loot item_id=25
2026-09-29 12:53:17.967  INFO   loot        farm branch=loot item_id=25
2026-09-29 12:53:18.525  INFO   session     Entity shadow: vision=10 {'player': 4, 'item': 4, 'monster': 2} memory=11 {'monster': 7, 'player': 1, 'item': 3} paired=6 median=0.018 unleveled=208:兔子
2026-09-29 12:53:18.641  INFO   loot        farm branch=loot item_id=25
2026-09-29 12:53:19.192  INFO   loot        approach hop item=25 wp=(246, 332) reason=walk onto item
2026-09-29 12:53:19.192  INFO   loot        farm branch=loot item_id=25
2026-09-29 12:53:19.898  INFO   loot        farm branch=loot item_id=25
2026-09-29 12:53:20.386  INFO   loot        farm branch=loot item_id=25
2026-09-29 12:53:20.898  INFO   loot        farm branch=loot item_id=25
2026-09-29 12:53:21.262  INFO   loot        farm branch=loot item_id=25
2026-09-29 12:53:21.398  INFO   decision    mode=traveling goal=loot action=pickup target=25 sticky=- origin=(246,330) shop=0 scrolled=0 reason='loot target' status=success
2026-09-29 12:53:22.208  INFO   loot        pickup retry id=25 (await still listed)
2026-09-29 12:53:22.647  INFO   loot        pickup emit item=25 reason=pickup retry
2026-09-29 12:53:22.666  INFO   loot        farm branch=loot item_id=None
2026-09-29 12:53:23.362  INFO   session     Entity shadow: vision=3 {'player': 1, 'item': 1, 'monster': 1} memory=7 {'monster': 5, 'player': 1, 'item': 1} paired=2 median=0.014
2026-09-29 12:53:23.442  INFO   loot        begin_loot_item id=27
2026-09-29 12:53:23.453  INFO   loot        pickup emit item=27 reason=engage item
2026-09-29 12:53:23.461  INFO   loot        farm branch=loot item_id=27
2026-09-29 12:53:23.470  INFO   decision    mode=traveling goal=loot action=pickup target=27 sticky=- origin=(246,332) shop=0 scrolled=0 reason='engage item' status=success
2026-09-29 12:53:24.499  INFO   loot        pickup retry id=27 (await still listed)
2026-09-29 12:53:24.499  INFO   loot        pickup emit item=27 reason=pickup retry
2026-09-29 12:53:24.509  INFO   loot        farm branch=loot item_id=None
2026-09-29 12:53:25.126  INFO   loot        pickup retry id=27 (await still listed)
2026-09-29 12:53:25.126  INFO   loot        pickup emit item=27 reason=pickup retry
2026-09-29 12:53:25.135  INFO   loot        farm branch=loot item_id=None
2026-09-29 12:53:25.783  INFO   combat      farm branch=screen_combat id=28 dist=9
2026-09-29 12:53:25.839  INFO   combat      engage id=28 species=monster_그렘린_4 rel=(-4,-9)
2026-09-29 12:53:25.849  INFO   decision    mode=traveling goal=combat action=attack target=28 sticky=28 origin=(247,333) shop=0 scrolled=0 reason='screen engage' status=success
2026-09-29 12:53:26.929  INFO   combat      farm branch=sticky id=28 dist=9
2026-09-29 12:53:27.403  INFO   combat      farm branch=sticky id=28 dist=9
2026-09-29 12:53:27.899  INFO   combat      farm branch=sticky id=28 dist=9
2026-09-29 12:53:28.270  INFO   combat      farm branch=screen_combat id=38 dist=7
2026-09-29 12:53:28.593  INFO   combat      engage id=38 species=monster_고블린_2 rel=(-6,7)
2026-09-29 12:53:28.616  INFO   decision    mode=traveling goal=combat action=attack target=38 sticky=38 origin=(247,333) shop=0 scrolled=0 reason='screen engage' status=success
2026-09-29 12:53:29.264  INFO   session     Entity shadow: vision=3 {'monster': 2, 'player': 1} memory=2 {'item': 1, 'monster': 1} paired=1 median=0.014
2026-09-29 12:53:29.746  INFO   loot        begin_loot_item id=39
2026-09-29 12:53:29.858  INFO   loot        approach hop item=39 wp=(241, 339) reason=walk onto item
2026-09-29 12:53:29.864  INFO   loot        farm branch=loot item_id=39
2026-09-29 12:53:29.875  INFO   decision    mode=traveling goal=loot action=searching target=39 sticky=- origin=(247,333) shop=0 scrolled=0 reason='walk onto item' status=success
2026-09-29 12:53:30.482  INFO   loot        farm branch=loot item_id=39
2026-09-29 12:53:30.888  INFO   loot        farm branch=loot item_id=39
2026-09-29 12:53:31.068  INFO   loot        farm branch=loot item_id=39
2026-09-29 12:53:31.428  INFO   loot        farm branch=loot item_id=39
2026-09-29 12:53:31.674  INFO   loot        farm branch=loot item_id=39
2026-09-29 12:53:32.120  INFO   loot        approach hop item=39 wp=(241, 339) reason=walk onto item
2026-09-29 12:53:32.121  INFO   loot        farm branch=loot item_id=39
2026-09-29 12:53:32.692  INFO   loot        farm branch=loot item_id=39
2026-09-29 12:53:32.891  INFO   loot        farm branch=loot item_id=39
2026-09-29 12:53:33.378  INFO   loot        farm branch=loot item_id=39
2026-09-29 12:53:33.766  INFO   loot        farm branch=loot item_id=39
2026-09-29 12:53:33.982  INFO   loot        farm branch=loot item_id=39
2026-09-29 12:53:34.382  INFO   session     Entity shadow: vision=3 {'player': 2, 'item': 1} memory=3 {'player': 1, 'monster': 1, 'item': 1} paired=2 median=0.011
2026-09-29 12:53:34.439  INFO   loot        approach hop item=39 wp=(241, 339) reason=walk onto item
2026-09-29 12:53:34.440  INFO   loot        farm branch=loot item_id=39
2026-09-29 12:53:35.033  INFO   loot        farm branch=loot item_id=39
2026-09-29 12:53:35.330  INFO   loot        farm branch=loot item_id=39
2026-09-29 12:53:35.480  INFO   decision    mode=traveling goal=loot action=pickup target=39 sticky=- origin=(243,337) shop=0 scrolled=0 reason='loot target' status=success
2026-09-29 12:53:36.225  INFO   loot        pickup retry id=39 (await still listed)
2026-09-29 12:53:36.662  INFO   loot        pickup emit item=39 reason=pickup retry
2026-09-29 12:53:36.680  INFO   loot        farm branch=loot item_id=None
2026-09-29 12:53:37.494  INFO   combat      farm branch=screen_combat id=40 dist=10
2026-09-29 12:53:37.847  INFO   combat      engage id=40 species=monster_그렘린_4 rel=(5,-10)
2026-09-29 12:53:37.873  INFO   decision    mode=traveling goal=combat action=attack target=40 sticky=40 origin=(241,339) shop=0 scrolled=0 reason='screen engage' status=success
2026-09-29 12:53:38.649  INFO   combat      farm branch=sticky id=40 dist=9
2026-09-29 12:53:39.107  INFO   combat      farm branch=sticky id=40 dist=9
2026-09-29 12:53:39.593  INFO   session     Entity shadow: vision=3 {'player': 2, 'monster': 1} memory=1 {'player': 1} paired=1 median=0.020
2026-09-29 12:53:39.688  INFO   search      farm branch=none (wander/search next)
2026-09-29 12:53:39.732  INFO   travel      hop begin wp=(249, 345) purpose=enter_farm reason=enter farm area
2026-09-29 12:53:39.740  INFO   decision    mode=traveling goal=traveling action=traveling target=- sticky=- origin=(242,338) shop=0 scrolled=0 reason='enter farm area' status=success
2026-09-29 12:53:40.313  INFO   search      farm branch=none (wander/search next)
2026-09-29 12:53:40.652  INFO   search      farm branch=none (wander/search next)
2026-09-29 12:53:40.979  INFO   search      farm branch=none (wander/search next)
2026-09-29 12:53:41.411  INFO   search      farm branch=none (wander/search next)
2026-09-29 12:53:41.582  INFO   search      farm branch=none (wander/search next)
2026-09-29 12:53:41.974  INFO   travel      hop begin wp=(249, 345) purpose=enter_farm reason=enter farm area
2026-09-29 12:53:42.685  INFO   search      farm branch=none (wander/search next)
2026-09-29 12:53:43.385  INFO   search      farm branch=none (wander/search next)
2026-09-29 12:53:43.995  INFO   search      farm branch=none (wander/search next)
2026-09-29 12:53:44.333  INFO   travel      hop begin wp=(249, 345) purpose=enter_farm reason=enter farm area
2026-09-29 12:53:44.880  INFO   session     Entity shadow: vision=2 {'player': 2} memory=1 {'player': 1} paired=1 median=0.053
2026-09-29 12:53:44.942  INFO   search      farm branch=none (wander/search next)
2026-09-29 12:53:45.205  INFO   search      farm branch=none (wander/search next)
2026-09-29 12:53:45.426  INFO   travel      hop begin wp=(239, 337) purpose=enter_farm reason=unstick nearby
2026-09-29 12:53:45.794  INFO   search      farm branch=none (wander/search next)
2026-09-29 12:53:46.275  INFO   search      farm branch=none (wander/search next)
2026-09-29 12:53:46.783  INFO   search      farm branch=none (wander/search next)
2026-09-29 12:53:47.188  INFO   search      farm branch=none (wander/search next)
2026-09-29 12:53:47.401  INFO   search      farm branch=none (wander/search next)
2026-09-29 12:53:47.828  INFO   search      farm branch=none (wander/search next)
2026-09-29 12:53:47.875  INFO   travel      hop begin wp=(249, 346) purpose=enter_farm reason=enter farm area
2026-09-29 12:53:48.501  INFO   search      farm branch=none (wander/search next)
2026-09-29 12:53:49.240  INFO   search      farm branch=none (wander/search next)
2026-09-29 12:53:49.796  INFO   search      farm branch=none (wander/search next)
2026-09-29 12:53:50.168  INFO   session     Entity shadow: vision=1 {'player': 1} memory=0 {} paired=0 median=0.000
2026-09-29 12:53:50.221  INFO   search      farm branch=none (wander/search next)
2026-09-29 12:53:50.263  INFO   travel      hop begin wp=(250, 348) purpose=enter_farm reason=enter farm area
2026-09-29 12:53:50.830  INFO   search      farm branch=none (wander/search next)
2026-09-29 12:53:51.077  INFO   search      farm branch=none (wander/search next)
2026-09-29 12:53:51.558  INFO   search      farm branch=none (wander/search next)
2026-09-29 12:53:51.992  INFO   combat      farm branch=screen_combat id=42 dist=12
2026-09-29 12:53:52.000  INFO   combat      engage id=42 species=monster_오크 궁수_3 rel=(12,4)
2026-09-29 12:53:52.009  INFO   decision    mode=traveling goal=combat action=attack target=42 sticky=42 origin=(246,344) shop=0 scrolled=0 reason='screen engage' status=success
2026-09-29 12:53:52.653  INFO   combat      farm branch=sticky id=42 dist=12
2026-09-29 12:53:53.095  INFO   combat      farm branch=sticky id=42 dist=12
2026-09-29 12:53:53.410  INFO   combat      farm branch=sticky id=42 dist=12
2026-09-29 12:53:54.293  INFO   combat      farm branch=sticky id=42 dist=11
2026-09-29 12:53:54.933  INFO   combat      farm branch=sticky id=42 dist=12
2026-09-29 12:53:55.382  INFO   session     Entity shadow: vision=1 {'player': 1} memory=2 {'monster': 2} paired=0 median=0.000
2026-09-29 12:53:55.432  INFO   combat      farm branch=sticky id=42 dist=12
2026-09-29 12:53:55.707  INFO   combat      farm branch=sticky id=42 dist=11
2026-09-29 12:53:56.331  INFO   combat      farm branch=sticky id=42 dist=11
2026-09-29 12:53:56.868  INFO   combat      farm branch=sticky id=42 dist=11
2026-09-29 12:53:57.423  INFO   loot        begin_loot_item id=46
2026-09-29 12:53:57.681  INFO   loot        approach hop item=46 wp=(262, 344) reason=walk onto item
2026-09-29 12:53:57.699  INFO   loot        farm branch=loot item_id=46
2026-09-29 12:53:57.714  INFO   decision    mode=traveling goal=loot action=searching target=46 sticky=- origin=(250,345) shop=0 scrolled=0 reason='walk onto item' status=success
2026-09-29 12:53:58.246  INFO   loot        farm branch=loot item_id=46
2026-09-29 12:53:58.469  INFO   loot        farm branch=loot item_id=46
2026-09-29 12:53:58.835  INFO   loot        farm branch=loot item_id=46
2026-09-29 12:53:59.008  INFO   loot        farm branch=loot item_id=46
2026-09-29 12:53:59.403  INFO   loot        farm branch=loot item_id=46
2026-09-29 12:53:59.636  INFO   loot        farm branch=loot item_id=46
2026-09-29 12:54:00.060  INFO   loot        approach hop item=46 wp=(262, 344) reason=walk onto item
2026-09-29 12:54:00.061  INFO   loot        farm branch=loot item_id=46
2026-09-29 12:54:00.612  INFO   session     Entity shadow: vision=3 {'player': 1, 'monster': 1, 'item': 1} memory=2 {'monster': 1, 'item': 1} paired=2 median=0.063
2026-09-29 12:54:00.686  INFO   loot        farm branch=loot item_id=46
2026-09-29 12:54:01.150  INFO   loot        farm branch=loot item_id=46
2026-09-29 12:54:01.791  INFO   loot        farm branch=loot item_id=46
2026-09-29 12:54:02.029  INFO   loot        farm branch=loot item_id=46
2026-09-29 12:54:02.518  INFO   loot        approach hop item=46 wp=(262, 344) reason=walk onto item
2026-09-29 12:54:02.823  INFO   loot        farm branch=loot item_id=46
2026-09-29 12:54:03.430  INFO   loot        farm branch=loot item_id=46
2026-09-29 12:54:03.667  INFO   loot        farm branch=loot item_id=46
2026-09-29 12:54:04.269  INFO   loot        farm branch=loot item_id=46
2026-09-29 12:54:04.809  INFO   loot        farm branch=loot item_id=46
2026-09-29 12:54:04.810  INFO   decision    mode=traveling goal=loot action=pickup target=46 sticky=- origin=(261,344) shop=0 scrolled=0 reason='loot target' status=success
2026-09-29 12:54:05.318  INFO   loot        pickup retry id=46 (await still listed)
2026-09-29 12:54:05.319  INFO   loot        pickup emit item=46 reason=pickup retry
2026-09-29 12:54:05.329  INFO   loot        farm branch=loot item_id=None
2026-09-29 12:54:05.878  INFO   session     Entity shadow: vision=4 {'item': 1, 'npc': 1, 'monster': 2} memory=5 {'npc': 1, 'monster': 2, 'item': 1, 'player': 1} paired=2 median=0.009 unleveled=10:警衛
2026-09-29 12:54:05.962  INFO   loot        begin_loot_item id=49
2026-09-29 12:54:05.963  INFO   loot        approach hop item=49 wp=(270, 345) reason=walk onto item
2026-09-29 12:54:05.972  INFO   loot        farm branch=loot item_id=49
2026-09-29 12:54:05.983  INFO   decision    mode=traveling goal=loot action=searching target=49 sticky=- origin=(262,344) shop=0 scrolled=0 reason='walk onto item' status=success
2026-09-29 12:54:06.678  INFO   loot        farm branch=loot item_id=49
2026-09-29 12:54:07.553  INFO   combat      farm branch=screen_combat id=45 dist=5
2026-09-29 12:54:07.724  INFO   combat      engage id=45 species=monster_고블린_2 rel=(-5,-3)
2026-09-29 12:54:08.060  INFO   decision    mode=traveling goal=combat action=attack target=45 sticky=45 origin=(262,344) shop=0 scrolled=0 reason='screen engage' status=success
2026-09-29 12:54:08.830  INFO   combat      farm branch=sticky id=45 dist=8
2026-09-29 12:54:09.341  INFO   combat      farm branch=sticky id=45 dist=8
2026-09-29 12:54:09.855  INFO   combat      farm branch=sticky id=53 dist=15
2026-09-29 12:54:09.857  INFO   decision    mode=traveling goal=combat action=attack target=53 sticky=53 origin=(263,344) shop=0 scrolled=0 reason='attack target' status=success
2026-09-29 12:54:10.253  INFO   search      farm branch=none (wander/search next)
2026-09-29 12:54:10.473  INFO   travel      hop begin wp=(267, 353) purpose=enter_farm reason=enter farm area
2026-09-29 12:54:10.490  INFO   decision    mode=traveling goal=traveling action=traveling target=- sticky=- origin=(263,344) shop=0 scrolled=0 reason='enter farm area' status=success
2026-09-29 12:54:11.063  INFO   session     Entity shadow: vision=3 {'npc': 1, 'player': 2} memory=5 {'monster': 3, 'player': 1, 'npc': 1} paired=1 median=0.044 unleveled=10:警衛
2026-09-29 12:54:11.174  INFO   combat      farm branch=screen_combat id=55 dist=16
2026-09-29 12:54:11.208  INFO   combat      engage id=55 species=monster_고블린_2 rel=(1,16)
2026-09-29 12:54:11.227  INFO   decision    mode=traveling goal=combat action=attack target=55 sticky=55 origin=(262,343) shop=0 scrolled=0 reason='screen engage' status=success
2026-09-29 12:54:12.324  INFO   combat      farm branch=sticky id=55 dist=14
2026-09-29 12:54:12.917  INFO   combat      farm branch=sticky id=55 dist=13
2026-09-29 12:54:13.759  INFO   combat      farm branch=sticky id=55 dist=14
2026-09-29 12:54:14.330  INFO   combat      farm branch=sticky id=55 dist=13
2026-09-29 12:54:14.909  INFO   combat      farm branch=sticky id=55 dist=12
2026-09-29 12:54:15.477  INFO   combat      farm branch=sticky id=55 dist=13
2026-09-29 12:54:16.386  INFO   session     Entity shadow: vision=3 {'player': 2, 'item': 1} memory=5 {'monster': 3, 'player': 1, 'item': 1} paired=2 median=0.013
2026-09-29 12:54:16.498  INFO   combat      farm branch=sticky id=55 dist=13
2026-09-29 12:54:17.009  INFO   loot        begin_loot_item id=58
2026-09-29 12:54:17.013  INFO   loot        approach hop item=58 wp=(271, 348) reason=walk onto item
2026-09-29 12:54:17.021  INFO   loot        farm branch=loot item_id=58
2026-09-29 12:54:17.032  INFO   decision    mode=traveling goal=loot action=searching target=58 sticky=- origin=(263,350) shop=0 scrolled=0 reason='walk onto item' status=success
2026-09-29 12:54:17.583  INFO   loot        farm branch=loot item_id=58
2026-09-29 12:54:17.755  INFO   loot        farm branch=loot item_id=58
2026-09-29 12:54:18.160  INFO   loot        farm branch=loot item_id=58
2026-09-29 12:54:18.354  INFO   loot        farm branch=loot item_id=58
2026-09-29 12:54:18.931  INFO   loot        farm branch=loot item_id=58
2026-09-29 12:54:19.525  INFO   loot        approach hop item=58 wp=(271, 348) reason=walk onto item
2026-09-29 12:54:20.031  INFO   loot        farm branch=loot item_id=58
2026-09-29 12:54:20.618  INFO   loot        farm branch=loot item_id=58
2026-09-29 12:54:20.872  INFO   loot        farm branch=loot item_id=58
2026-09-29 12:54:21.432  INFO   session     Entity shadow: vision=6 {'player': 2, 'monster': 2, 'npc': 1, 'item': 1} memory=5 {'monster': 2, 'player': 2, 'item': 1} paired=4 median=0.021
2026-09-29 12:54:21.488  INFO   loot        farm branch=loot item_id=58
2026-09-29 12:54:22.190  INFO   loot        approach hop item=58 wp=(271, 348) reason=walk onto item
2026-09-29 12:54:22.414  INFO   loot        farm branch=loot item_id=58
2026-09-29 12:54:23.007  INFO   loot        farm branch=loot item_id=58
2026-09-29 12:54:23.332  INFO   loot        farm branch=loot item_id=58
2026-09-29 12:54:23.934  INFO   loot        farm branch=loot item_id=58
2026-09-29 12:54:24.527  INFO   loot        farm branch=loot item_id=58
2026-09-29 12:54:24.734  INFO   decision    mode=traveling goal=loot action=pickup target=58 sticky=- origin=(270,347) shop=0 scrolled=0 reason='loot target' status=success
2026-09-29 12:54:25.372  INFO   loot        pickup retry id=58 (await still listed)
2026-09-29 12:54:25.373  INFO   loot        pickup emit item=58 reason=pickup retry
2026-09-29 12:54:25.381  INFO   loot        farm branch=loot item_id=None
2026-09-29 12:54:26.152  INFO   loot        begin_loot_item id=67
2026-09-29 12:54:26.595  INFO   loot        approach hop item=67 wp=(266, 351) reason=walk onto item
2026-09-29 12:54:26.610  INFO   loot        farm branch=loot item_id=67
2026-09-29 12:54:26.629  INFO   decision    mode=traveling goal=loot action=searching target=67 sticky=- origin=(270,347) shop=0 scrolled=0 reason='walk onto item' status=success
2026-09-29 12:54:27.195  INFO   session     Entity shadow: vision=5 {'npc': 2, 'item': 1, 'player': 2} memory=6 {'player': 1, 'item': 1, 'monster': 3, 'npc': 1} paired=2 median=0.029 unleveled=10:警衛
2026-09-29 12:54:27.286  INFO   loot        farm branch=loot item_id=67
2026-09-29 12:54:27.604  INFO   loot        farm branch=loot item_id=67
2026-09-29 12:54:28.010  INFO   loot        farm branch=loot item_id=67
2026-09-29 12:54:28.523  INFO   combat      farm branch=screen_combat id=57 dist=13
2026-09-29 12:54:28.555  INFO   combat      engage id=57 species=monster_그렘린_4 rel=(-3,13)
2026-09-29 12:54:28.564  INFO   decision    mode=traveling goal=combat action=attack target=57 sticky=57 origin=(269,348) shop=0 scrolled=0 reason='screen engage' status=success
2026-09-29 12:54:29.199  INFO   combat      farm branch=sticky id=57 dist=13
2026-09-29 12:54:29.945  INFO   search      farm branch=none (wander/search next)
2026-09-29 12:54:30.278  INFO   travel      hop begin wp=(270, 356) purpose=enter_farm reason=enter farm area
2026-09-29 12:54:30.279  INFO   decision    mode=traveling goal=traveling action=traveling target=- sticky=- origin=(269,348) shop=0 scrolled=0 reason='enter farm area' status=success
2026-09-29 12:54:30.946  INFO   combat      farm branch=screen_combat id=68 dist=17
2026-09-29 12:54:30.975  INFO   combat      engage id=68 species=monster_오크_2 rel=(-17,3)
2026-09-29 12:54:30.987  INFO   decision    mode=traveling goal=combat action=attack target=68 sticky=68 origin=(268,349) shop=0 scrolled=0 reason='screen engage' status=success
2026-09-29 12:54:31.607  INFO   combat      farm branch=sticky id=68 dist=15
2026-09-29 12:54:32.174  INFO   combat      farm branch=sticky id=68 dist=15
2026-09-29 12:54:33.198  INFO   session     Entity shadow: vision=2 {'player': 2} memory=3 {'player': 1, 'monster': 2} paired=1 median=0.016
2026-09-29 12:54:33.280  INFO   combat      farm branch=sticky id=68 dist=15
2026-09-29 12:54:33.839  INFO   combat      farm branch=sticky id=68 dist=15
2026-09-29 12:54:34.225  INFO   combat      farm branch=sticky id=68 dist=13
2026-09-29 12:54:34.747  INFO   combat      farm branch=sticky id=68 dist=13
2026-09-29 12:54:35.258  INFO   search      farm branch=none (wander/search next)
2026-09-29 12:54:35.622  INFO   travel      hop begin wp=(272, 357) purpose=enter_farm reason=enter farm area
2026-09-29 12:54:35.627  INFO   decision    mode=traveling goal=traveling action=traveling target=- sticky=- origin=(263,352) shop=0 scrolled=0 reason='enter farm area' status=success
2026-09-29 12:54:36.224  INFO   search      farm branch=none (wander/search next)
2026-09-29 12:54:36.443  INFO   combat      farm branch=screen_combat id=69 dist=12
2026-09-29 12:54:36.753  INFO   combat      engage id=69 species=monster_고블린_2 rel=(-12,6)
2026-09-29 12:54:36.762  INFO   decision    mode=traveling goal=combat action=attack target=69 sticky=69 origin=(262,352) shop=0 scrolled=0 reason='screen engage' status=success
2026-09-29 12:54:37.517  INFO   search      farm branch=none (wander/search next)
2026-09-29 12:54:37.563  INFO   travel      hop begin wp=(272, 357) purpose=enter_farm reason=enter farm area
2026-09-29 12:54:37.571  INFO   decision    mode=traveling goal=traveling action=traveling target=- sticky=- origin=(262,353) shop=0 scrolled=0 reason='enter farm area' status=success
2026-09-29 12:54:38.452  INFO   session     Entity shadow: vision=2 {'monster': 1, 'player': 1} memory=1 {'player': 1} paired=1 median=0.026
2026-09-29 12:54:38.662  INFO   search      farm branch=none (wander/search next)
2026-09-29 12:54:39.363  INFO   search      farm branch=none (wander/search next)
2026-09-29 12:54:39.728  INFO   travel      hop begin wp=(272, 359) purpose=enter_farm reason=enter farm area
2026-09-29 12:54:40.289  INFO   search      farm branch=none (wander/search next)
2026-09-29 12:54:40.546  INFO   search      farm branch=none (wander/search next)
2026-09-29 12:54:41.042  INFO   search      farm branch=none (wander/search next)
2026-09-29 12:54:41.424  INFO   search      farm branch=none (wander/search next)
2026-09-29 12:54:41.620  INFO   search      farm branch=none (wander/search next)
2026-09-29 12:54:42.074  INFO   search      farm branch=none (wander/search next)
2026-09-29 12:54:42.128  INFO   travel      hop begin wp=(275, 362) purpose=enter_farm reason=enter farm area
2026-09-29 12:54:42.672  INFO   search      farm branch=none (wander/search next)
2026-09-29 12:54:42.962  INFO   search      farm branch=none (wander/search next)
2026-09-29 12:54:43.330  INFO   session     Entity shadow: vision=3 {'player': 2, 'item': 1} memory=2 {'player': 1, 'item': 1} paired=2 median=0.033
2026-09-29 12:54:43.396  INFO   search      farm branch=none (wander/search next)
2026-09-29 12:54:43.997  INFO   search      farm branch=none (wander/search next)
2026-09-29 12:54:44.371  INFO   travel      hop begin wp=(269, 356) purpose=enter_farm reason=enter farm area
2026-09-29 12:54:45.014  INFO   combat      farm branch=screen_combat id=71 dist=13
2026-09-29 12:54:45.044  INFO   combat      engage id=71 species=monster_늑대인간_9 rel=(13,3)
2026-09-29 12:54:45.054  INFO   decision    mode=traveling goal=combat action=attack target=71 sticky=71 origin=(268,362) shop=0 scrolled=0 reason='screen engage' status=success
2026-09-29 12:54:45.761  INFO   combat      farm branch=sticky id=71 dist=11
2026-09-29 12:54:46.648  INFO   combat      farm branch=sticky id=71 dist=10
2026-09-29 12:54:47.134  INFO   combat      farm branch=sticky id=71 dist=9
2026-09-29 12:54:47.705  INFO   combat      farm branch=sticky id=71 dist=6
2026-09-29 12:54:48.238  INFO   combat      farm branch=sticky id=71 dist=6
2026-09-29 12:54:49.131  INFO   session     Entity shadow: vision=3 {'player': 3} memory=3 {'monster': 2, 'player': 1} paired=1 median=0.036
2026-09-29 12:54:49.221  INFO   combat      farm branch=sticky id=71 dist=7
2026-09-29 12:54:49.790  INFO   combat      farm branch=sticky id=71 dist=7
2026-09-29 12:54:50.391  INFO   combat      farm branch=sticky id=71 dist=7
2026-09-29 12:54:50.853  INFO   combat      farm branch=sticky id=71 dist=6
2026-09-29 12:54:51.134  INFO   combat      farm branch=sticky id=71 dist=6
2026-09-29 12:54:51.849  INFO   combat      farm branch=sticky id=71 dist=3
2026-09-29 12:54:52.671  INFO   combat      farm branch=sticky id=71 dist=1
2026-09-29 12:54:53.377  INFO   loot        begin_loot_item id=75
2026-09-29 12:54:53.377  INFO   loot        pickup emit item=75 reason=engage item
2026-09-29 12:54:53.385  INFO   loot        farm branch=loot item_id=75
2026-09-29 12:54:53.393  INFO   decision    mode=traveling goal=loot action=pickup target=75 sticky=- origin=(277,367) shop=0 scrolled=0 reason='engage item' status=success
2026-09-29 12:54:53.921  INFO   session     Entity shadow: vision=3 {'player': 2, 'item': 1} memory=2 {'player': 1, 'item': 1} paired=2 median=0.076
2026-09-29 12:54:53.972  INFO   loot        pickup retry id=75 (await still listed)
2026-09-29 12:54:53.972  INFO   loot        pickup emit item=75 reason=pickup retry
2026-09-29 12:54:53.981  INFO   loot        farm branch=loot item_id=None
2026-09-29 12:54:54.566  INFO   loot        pickup retry id=75 (await still listed)
2026-09-29 12:54:54.567  INFO   loot        pickup emit item=75 reason=pickup retry
2026-09-29 12:54:54.576  INFO   loot        farm branch=loot item_id=None
2026-09-29 12:54:55.134  INFO   loot        pickup retry id=75 (await still listed)
2026-09-29 12:54:55.134  INFO   loot        pickup emit item=75 reason=pickup retry
2026-09-29 12:54:55.143  INFO   loot        farm branch=loot item_id=None
2026-09-29 12:54:55.790  INFO   search      farm branch=none (wander/search next)
2026-09-29 12:54:55.826  INFO   travel      hop begin wp=(282, 375) purpose=enter_farm reason=enter farm area
2026-09-29 12:54:55.835  INFO   decision    mode=traveling goal=traveling action=traveling target=- sticky=- origin=(277,366) shop=0 scrolled=0 reason='enter farm area' status=success
2026-09-29 12:54:56.496  INFO   search      farm branch=none (wander/search next)
2026-09-29 12:54:57.085  INFO   search      farm branch=none (wander/search next)
2026-09-29 12:54:57.535  INFO   search      farm branch=none (wander/search next)
2026-09-29 12:54:57.950  INFO   search      farm branch=none (wander/search next)
2026-09-29 12:54:57.990  INFO   travel      hop begin wp=(282, 375) purpose=enter_farm reason=enter farm area
2026-09-29 12:54:58.651  INFO   search      farm branch=none (wander/search next)
2026-09-29 12:54:59.280  INFO   session     Entity shadow: vision=1 {'player': 1} memory=3 {'monster': 1, 'player': 2} paired=0 median=0.000
2026-09-29 12:54:59.353  INFO   search      farm branch=none (wander/search next)
2026-09-29 12:54:59.945  INFO   search      farm branch=none (wander/search next)
2026-09-29 12:55:00.324  INFO   travel      hop begin wp=(284, 380) purpose=enter_farm reason=enter farm area
2026-09-29 12:55:00.862  INFO   search      farm branch=none (wander/search next)
2026-09-29 12:55:01.130  INFO   search      farm branch=none (wander/search next)
2026-09-29 12:55:01.656  INFO   search      farm branch=none (wander/search next)
2026-09-29 12:55:02.043  INFO   combat      farm branch=screen_combat id=78 dist=14
2026-09-29 12:55:02.058  INFO   combat      engage id=78 species=monster_늑대_4 rel=(4,14)
2026-09-29 12:55:02.068  INFO   decision    mode=traveling goal=combat action=attack target=78 sticky=78 origin=(284,372) shop=0 scrolled=0 reason='screen engage' status=success
2026-09-29 12:55:02.708  INFO   session     Paused — hotkey
2026-09-29 12:57:03.495  INFO   session     Pause / Resume → Running
2026-09-29 12:57:04.096  INFO   session     Entity shadow: vision=2 {'player': 1, 'monster': 1} memory=5 {'monster': 5} paired=1 median=0.107 unleveled=14:青蛙
2026-09-29 12:57:04.359  INFO   combat      farm branch=screen_combat id=82 dist=1
2026-09-29 12:57:04.868  INFO   combat      engage id=82 species=monster_오크_2 rel=(-1,-1)
2026-09-29 12:57:04.880  INFO   decision    mode=traveling goal=combat action=attack target=82 sticky=82 origin=(289,386) shop=0 scrolled=0 reason='screen engage' status=success
2026-09-29 12:57:05.623  INFO   combat      farm branch=sticky id=82 dist=1
2026-09-29 12:57:06.157  INFO   combat      farm branch=sticky id=82 dist=1
2026-09-29 12:57:06.481  INFO   combat      farm branch=sticky id=82 dist=1
2026-09-29 12:57:06.997  INFO   combat      farm branch=sticky id=82 dist=1
2026-09-29 12:57:07.485  INFO   combat      farm branch=sticky id=82 dist=1
2026-09-29 12:57:08.124  INFO   combat      farm branch=sticky id=82 dist=1
2026-09-29 12:57:08.728  INFO   combat      farm branch=sticky id=82 dist=1
2026-09-29 12:57:09.549  INFO   session     Entity shadow: vision=2 {'monster': 1, 'player': 1} memory=5 {'monster': 5} paired=1 median=0.102 unleveled=14:青蛙
2026-09-29 12:57:09.708  INFO   combat      farm branch=sticky id=82 dist=1
2026-09-29 12:57:10.560  INFO   combat      farm branch=screen_combat id=83 dist=1
2026-09-29 12:57:10.808  INFO   combat      engage id=83 species=monster_오크 전사_8 rel=(0,1)
2026-09-29 12:57:10.819  INFO   decision    mode=traveling goal=combat action=attack target=83 sticky=83 origin=(289,386) shop=0 scrolled=0 reason='screen engage' status=success
2026-09-29 12:57:11.550  INFO   combat      farm branch=sticky id=83 dist=2
2026-09-29 12:57:12.038  INFO   combat      farm branch=sticky id=83 dist=2
2026-09-29 12:57:12.404  INFO   combat      farm branch=sticky id=83 dist=2
2026-09-29 12:57:12.899  INFO   combat      farm branch=sticky id=83 dist=2
2026-09-29 12:57:13.386  INFO   combat      farm branch=sticky id=83 dist=1
2026-09-29 12:57:14.057  INFO   combat      farm branch=sticky id=83 dist=1
2026-09-29 12:57:14.876  INFO   session     Entity shadow: vision=4 {'monster': 2, 'player': 1, 'item': 1} memory=4 {'item': 1, 'monster': 3} paired=3 median=0.028 unleveled=14:青蛙
2026-09-29 12:57:14.949  INFO   combat      farm branch=sticky id=83 dist=1
2026-09-29 12:57:15.391  INFO   loot        begin_loot_item id=86
2026-09-29 12:57:15.479  INFO   loot        pickup emit item=86 reason=engage item
2026-09-29 12:57:15.489  INFO   loot        farm branch=loot item_id=86
2026-09-29 12:57:15.497  INFO   decision    mode=traveling goal=loot action=pickup target=86 sticky=- origin=(288,385) shop=0 scrolled=0 reason='engage item' status=success
2026-09-29 12:57:15.711  INFO   action      cursor reject id=86 item=true reason=cursor=arrow/attack score=1.000 not allowed
2026-09-29 12:57:16.244  INFO   loot        farm branch=loot item_id=86
2026-09-29 12:57:16.891  INFO   action      cursor reject id=86 item=true reason=cursor=arrow/attack score=1.000 not allowed
2026-09-29 12:57:17.297  INFO   loot        farm branch=loot item_id=86
2026-09-29 12:57:17.511  INFO   action      cursor reject id=86 item=true reason=cursor=arrow/attack score=1.000 not allowed
2026-09-29 12:57:17.885  INFO   loot        farm branch=loot item_id=86
2026-09-29 12:57:18.103  INFO   action      cursor reject id=86 item=true reason=cursor=arrow/attack score=1.000 not allowed
2026-09-29 12:57:18.105  INFO   loot        abandon item id=86 (path/cursor exhausted) — short loot cooldown only
2026-09-29 12:57:18.119  INFO   action      cursor give-up id=86 item=true reason=cursor=arrow/attack score=1.000 not allowed
2026-09-29 12:57:18.620  INFO   loot        begin_loot_item id=85
2026-09-29 12:57:18.627  INFO   loot        approach hop item=85 wp=(290, 373) reason=walk onto item
2026-09-29 12:57:18.634  INFO   loot        farm branch=loot item_id=85
2026-09-29 12:57:18.647  INFO   decision    mode=traveling goal=loot action=searching target=85 sticky=- origin=(288,385) shop=0 scrolled=0 reason='walk onto item' status=success
2026-09-29 12:57:19.170  INFO   loot        farm branch=loot item_id=85
2026-09-29 12:57:19.371  INFO   loot        farm branch=loot item_id=85
2026-09-29 12:57:19.894  INFO   session     Entity shadow: vision=2 {'player': 1, 'item': 1} memory=3 {'monster': 2, 'item': 1} paired=1 median=0.025 unleveled=14:青蛙
2026-09-29 12:57:20.000  INFO   combat      farm branch=loot_miss_combat id=84 dist=2
2026-09-29 12:57:20.289  INFO   combat      engage id=84 species=monster_늑대인간_9 rel=(-1,2)
2026-09-29 12:57:20.300  INFO   decision    mode=traveling goal=combat action=attack target=84 sticky=84 origin=(289,384) shop=0 scrolled=0 reason='engage target' status=success
2026-09-29 12:57:21.039  INFO   combat      farm branch=sticky id=84 dist=3
2026-09-29 12:57:21.529  INFO   combat      farm branch=sticky id=84 dist=3
2026-09-29 12:57:21.847  INFO   combat      farm branch=sticky id=84 dist=2
2026-09-29 12:57:22.370  INFO   combat      farm branch=sticky id=84 dist=1
2026-09-29 12:57:22.840  INFO   combat      farm branch=sticky id=84 dist=1
2026-09-29 12:57:23.768  INFO   combat      farm branch=sticky id=84 dist=1
2026-09-29 12:57:24.382  INFO   combat      farm branch=sticky id=84 dist=1
2026-09-29 12:57:24.754  INFO   combat      farm branch=sticky id=84 dist=1
2026-09-29 12:57:25.459  INFO   session     Entity shadow: vision=3 {'item': 1, 'monster': 1, 'player': 1} memory=4 {'monster': 3, 'item': 1} paired=2 median=0.023 unleveled=14:青蛙
2026-09-29 12:57:25.523  INFO   combat      farm branch=sticky id=84 dist=1
2026-09-29 12:57:25.941  INFO   loot        begin_loot_item id=86
2026-09-29 12:57:26.055  INFO   loot        approach hop item=86 wp=(289, 385) reason=walk onto item
2026-09-29 12:57:26.062  INFO   loot        farm branch=loot item_id=86
2026-09-29 12:57:26.075  INFO   decision    mode=traveling goal=loot action=searching target=86 sticky=- origin=(290,382) shop=0 scrolled=0 reason='walk onto item' status=success
2026-09-29 12:57:26.631  INFO   loot        farm branch=loot item_id=86
2026-09-29 12:57:26.890  INFO   loot        farm branch=loot item_id=86
2026-09-29 12:57:27.276  INFO   loot        farm branch=loot item_id=86
2026-09-29 12:57:27.458  INFO   loot        farm branch=loot item_id=86
2026-09-29 12:57:27.839  INFO   loot        farm branch=loot item_id=86
2026-09-29 12:57:28.040  INFO   loot        farm branch=loot item_id=86
2026-09-29 12:57:28.436  INFO   loot        approach hop item=86 wp=(289, 385) reason=walk onto item
2026-09-29 12:57:28.437  INFO   loot        farm branch=loot item_id=86
2026-09-29 12:57:28.823  INFO   loot        farm branch=loot item_id=86
2026-09-29 12:57:29.209  INFO   loot        farm branch=loot item_id=86
2026-09-29 12:57:29.630  INFO   loot        farm branch=loot item_id=86
2026-09-29 12:57:29.821  INFO   loot        farm branch=loot item_id=86
2026-09-29 12:57:30.344  INFO   session     Entity shadow: vision=3 {'item': 1, 'player': 2} memory=4 {'player': 1, 'monster': 2, 'item': 1} paired=2 median=0.017 unleveled=14:青蛙
2026-09-29 12:57:30.776  INFO   loot        approach hop item=86 wp=(289, 385) reason=walk onto item
2026-09-29 12:57:30.900  INFO   loot        farm branch=loot item_id=86
2026-09-29 12:57:31.431  INFO   hp          hp action=item:빨간 물약
2026-09-29 12:57:31.432  INFO   decision    mode=traveling goal=survival_potion action=use_hp_potion target=- sticky=- origin=(290,382) shop=0 scrolled=0 reason='low hp' status=success
2026-09-29 12:57:32.556  INFO   hp          hp action=item:빨간 물약
2026-09-29 12:57:33.162  INFO   hp          hp action=item:빨간 물약
2026-09-29 12:57:33.786  INFO   hp          hp action=item:빨간 물약
2026-09-29 12:57:34.361  INFO   hp          hp action=item:빨간 물약
2026-09-29 12:57:34.958  INFO   hp          hp action=item:빨간 물약
2026-09-29 12:57:35.494  INFO   session     Entity shadow: vision=1 {'player': 1} memory=3 {'monster': 2, 'player': 1} paired=1 median=0.022 unleveled=14:青蛙
2026-09-29 12:57:35.542  INFO   hp          hp action=item:빨간 물약
2026-09-29 12:57:36.168  INFO   hp          hp action=item:빨간 물약
2026-09-29 12:57:36.691  INFO   hp          hp action=item:빨간 물약
2026-09-29 12:57:37.354  INFO   hp          hp action=item:빨간 물약
2026-09-29 12:57:38.547  INFO   hp          hp action=item:빨간 물약
2026-09-29 12:57:39.179  INFO   hp          hp action=item:빨간 물약
2026-09-29 12:57:39.785  INFO   hp          hp action=item:빨간 물약
2026-09-29 12:57:40.337  INFO   hp          hp action=item:빨간 물약
2026-09-29 12:57:40.877  INFO   session     Entity shadow: vision=1 {'player': 1} memory=1 {'player': 1} paired=0 median=0.000
2026-09-29 12:57:40.941  INFO   hp          hp action=item:빨간 물약
2026-09-29 12:57:41.517  INFO   hp          hp action=item:빨간 물약
2026-09-29 12:57:42.120  INFO   hp          hp action=item:빨간 물약
2026-09-29 12:57:42.652  INFO   hp          hp action=item:빨간 물약
2026-09-29 12:57:43.275  INFO   hp          hp action=item:빨간 물약
2026-09-29 12:57:43.941  INFO   hp          hp action=item:빨간 물약
2026-09-29 12:57:45.123  INFO   hp          hp action=item:빨간 물약
2026-09-29 12:57:45.696  INFO   hp          hp action=item:빨간 물약
2026-09-29 12:57:46.269  INFO   session     Entity shadow: vision=1 {'player': 1} memory=1 {'player': 1} paired=0 median=0.000
2026-09-29 12:57:46.334  INFO   hp          hp action=item:빨간 물약
2026-09-29 12:57:46.877  INFO   hp          hp action=item:빨간 물약
2026-09-29 12:57:47.477  INFO   hp          hp action=item:빨간 물약
2026-09-29 12:57:48.059  INFO   hp          hp action=item:빨간 물약
2026-09-29 12:57:48.696  INFO   hp          hp action=item:빨간 물약
2026-09-29 12:57:49.378  INFO   hp          hp action=item:빨간 물약
2026-09-29 12:57:50.547  INFO   hp          hp action=item:빨간 물약
2026-09-29 12:57:51.176  INFO   hp          hp action=item:빨간 물약
2026-09-29 12:57:51.716  INFO   session     Entity shadow: vision=1 {'player': 1} memory=1 {'monster': 1} paired=0 median=0.000
2026-09-29 12:57:51.780  INFO   hp          hp action=item:빨간 물약
2026-09-29 12:57:52.294  INFO   hp          hp action=item:빨간 물약
2026-09-29 12:57:52.905  INFO   hp          hp action=item:빨간 물약
2026-09-29 12:57:53.482  INFO   hp          hp action=item:빨간 물약
2026-09-29 12:57:54.092  INFO   hp          hp action=item:빨간 물약
2026-09-29 12:57:54.757  INFO   hp          hp action=item:빨간 물약
2026-09-29 12:57:55.919  INFO   nav         unstick TP emit reason=unstick confined
2026-09-29 12:57:55.920  INFO   nav         confined escape fired (bubble timeout)
2026-09-29 12:57:55.930  INFO   decision    mode=traveling goal=unstick action=teleport target=- sticky=- origin=(289,384) shop=0 scrolled=0 reason='unstick confined' status=success
2026-09-29 12:57:57.156  INFO   session     Entity shadow: vision=1 {'player': 1} memory=1 {'monster': 1} paired=0 median=0.000
2026-09-29 12:57:57.236  INFO   combat      farm branch=screen_combat id=92 dist=12
2026-09-29 12:57:57.583  INFO   combat      engage id=92 species=monster_도베르만_6 rel=(12,0)
2026-09-29 12:57:57.601  INFO   decision    mode=traveling goal=combat action=attack target=92 sticky=92 origin=(289,384) shop=0 scrolled=0 reason='screen engage' status=success
2026-09-29 12:57:58.360  INFO   combat      farm branch=screen_combat id=94 dist=5
2026-09-29 12:57:58.394  INFO   combat      engage id=94 species=monster_고블린_2 rel=(-5,-2)
2026-09-29 12:57:58.402  INFO   decision    mode=traveling goal=combat action=attack target=94 sticky=94 origin=(192,191) shop=0 scrolled=0 reason='screen engage' status=success
2026-09-29 12:57:59.033  INFO   combat      farm branch=sticky id=94 dist=7
2026-09-29 12:57:59.689  INFO   combat      farm branch=sticky id=94 dist=7
2026-09-29 12:58:00.608  INFO   combat      farm branch=sticky id=94 dist=8
2026-09-29 12:58:01.273  INFO   combat      farm branch=sticky id=94 dist=7
2026-09-29 12:58:01.624  INFO   combat      farm branch=sticky id=94 dist=7
2026-09-29 12:58:02.022  INFO   combat      farm branch=sticky id=94 dist=5
2026-09-29 12:58:02.906  INFO   session     Entity shadow: vision=1 {'player': 1} memory=2 {'monster': 2} paired=0 median=0.000
2026-09-29 12:58:02.972  INFO   combat      farm branch=sticky id=94 dist=5
2026-09-29 12:58:03.296  INFO   combat      farm branch=sticky id=94 dist=5
2026-09-29 12:58:03.870  INFO   combat      farm branch=screen_combat id=96 dist=9
2026-09-29 12:58:04.114  INFO   combat      engage id=96 species=monster_그렘린_4 rel=(4,9)
2026-09-29 12:58:04.124  INFO   decision    mode=traveling goal=combat action=attack target=96 sticky=96 origin=(190,187) shop=0 scrolled=0 reason='screen engage' status=success
2026-09-29 12:58:04.843  INFO   combat      farm branch=sticky id=96 dist=9
2026-09-29 12:58:05.298  INFO   combat      farm branch=sticky id=96 dist=9
2026-09-29 12:58:05.606  INFO   combat      farm branch=sticky id=96 dist=8
2026-09-29 12:58:06.197  INFO   combat      farm branch=sticky id=99 dist=14
2026-09-29 12:58:06.419  INFO   decision    mode=traveling goal=combat action=attack target=99 sticky=99 origin=(190,187) shop=0 scrolled=0 reason='attack target' status=success
2026-09-29 12:58:06.689  INFO   combat      farm branch=sticky id=99 dist=13
2026-09-29 12:58:07.682  INFO   combat      farm branch=sticky id=99 dist=13
2026-09-29 12:58:08.301  INFO   session     Entity shadow: vision=2 {'monster': 1, 'item': 1} memory=2 {'item': 1, 'monster': 1} paired=1 median=0.016
2026-09-29 12:58:08.378  INFO   combat      farm branch=sticky id=99 dist=10
2026-09-29 12:58:08.888  INFO   combat      farm branch=sticky id=99 dist=10
2026-09-29 12:58:09.319  INFO   combat      farm branch=sticky id=99 dist=9
2026-09-29 12:58:09.734  INFO   combat      farm branch=sticky id=99 dist=8
2026-09-29 12:58:10.427  INFO   combat      farm branch=sticky id=99 dist=6
2026-09-29 12:58:10.880  INFO   combat      farm branch=sticky id=99 dist=5
2026-09-29 12:58:11.348  INFO   combat      farm branch=sticky id=99 dist=4
2026-09-29 12:58:12.018  INFO   loot        begin_loot_item id=98
2026-09-29 12:58:12.282  INFO   loot        approach hop item=98 wp=(195, 194) reason=walk onto item
2026-09-29 12:58:12.284  INFO   loot        farm branch=loot item_id=98
2026-09-29 12:58:12.297  INFO   decision    mode=traveling goal=loot action=searching target=98 sticky=- origin=(190,193) shop=0 scrolled=0 reason='walk onto item' status=success
2026-09-29 12:58:12.898  INFO   loot        farm branch=loot item_id=98
2026-09-29 12:58:13.485  INFO   session     Entity shadow: vision=1 {'item': 1} memory=2 {'monster': 1, 'item': 1} paired=1 median=0.011
2026-09-29 12:58:13.557  INFO   loot        farm branch=loot item_id=98
2026-09-29 12:58:13.802  INFO   loot        farm branch=loot item_id=98
2026-09-29 12:58:14.274  INFO   loot        farm branch=loot item_id=98
2026-09-29 12:58:14.917  INFO   loot        approach hop item=98 wp=(195, 194) reason=walk onto item
2026-09-29 12:58:15.144  INFO   loot        farm branch=loot item_id=98
2026-09-29 12:58:15.499  INFO   loot        farm branch=loot item_id=98
2026-09-29 12:58:15.750  INFO   decision    mode=traveling goal=loot action=pickup target=98 sticky=- origin=(193,195) shop=0 scrolled=0 reason='loot target' status=success
2026-09-29 12:58:16.446  INFO   loot        pickup retry id=98 (await still listed)
2026-09-29 12:58:16.447  INFO   loot        pickup emit item=98 reason=pickup retry
2026-09-29 12:58:16.456  INFO   loot        farm branch=loot item_id=None
2026-09-29 12:58:17.033  INFO   loot        pickup retry id=98 (await still listed)
2026-09-29 12:58:17.034  INFO   loot        pickup emit item=98 reason=pickup retry
2026-09-29 12:58:17.043  INFO   loot        farm branch=loot item_id=None
2026-09-29 12:58:17.685  INFO   combat      farm branch=screen_combat id=101 dist=7
2026-09-29 12:58:17.710  INFO   combat      engage id=101 species=monster_늑대인간_9 rel=(7,5)
2026-09-29 12:58:17.720  INFO   decision    mode=traveling goal=combat action=attack target=101 sticky=101 origin=(196,193) shop=0 scrolled=0 reason='screen engage' status=success
2026-09-29 12:58:18.294  INFO   combat      farm branch=sticky id=101 dist=6
2026-09-29 12:58:18.761  INFO   session     Entity shadow: vision=2 {'player': 1, 'monster': 1} memory=2 {'player': 1, 'monster': 1} paired=1 median=0.027
2026-09-29 12:58:18.924  INFO   combat      farm branch=sticky id=101 dist=6
2026-09-29 12:58:19.723  INFO   combat      farm branch=sticky id=101 dist=6
2026-09-29 12:58:20.343  INFO   loot        begin_loot_item id=104
2026-09-29 12:58:20.541  INFO   loot        approach hop item=104 wp=(203, 195) reason=walk onto item
2026-09-29 12:58:20.550  INFO   loot        farm branch=loot item_id=104
2026-09-29 12:58:20.561  INFO   decision    mode=traveling goal=loot action=searching target=104 sticky=- origin=(197,194) shop=0 scrolled=0 reason='walk onto item' status=success
2026-09-29 12:58:21.134  INFO   loot        farm branch=loot item_id=104
2026-09-29 12:58:21.339  INFO   loot        farm branch=loot item_id=104
2026-09-29 12:58:21.753  INFO   loot        farm branch=loot item_id=104
2026-09-29 12:58:21.915  INFO   loot        farm branch=loot item_id=104
2026-09-29 12:58:22.236  INFO   loot        farm branch=loot item_id=104
2026-09-29 12:58:22.505  INFO   loot        farm branch=loot item_id=104
2026-09-29 12:58:22.870  INFO   loot        approach hop item=104 wp=(203, 195) reason=walk onto item
2026-09-29 12:58:22.871  INFO   loot        farm branch=loot item_id=104
2026-09-29 12:58:23.169  INFO   loot        farm branch=loot item_id=104
2026-09-29 12:58:23.685  INFO   loot        farm branch=loot item_id=104
2026-09-29 12:58:24.050  INFO   session     Entity shadow: vision=2 {'item': 1, 'player': 1} memory=5 {'monster': 3, 'player': 1, 'item': 1} paired=2 median=0.040
2026-09-29 12:58:24.102  INFO   loot        farm branch=loot item_id=104
2026-09-29 12:58:24.316  INFO   loot        farm branch=loot item_id=104
2026-09-29 12:58:24.882  INFO   loot        approach hop item=104 wp=(203, 195) reason=walk onto item
2026-09-29 12:58:25.173  INFO   loot        farm branch=loot item_id=104
2026-09-29 12:58:25.851  INFO   loot        farm branch=loot item_id=104
2026-09-29 12:58:26.456  INFO   combat      farm branch=screen_combat id=107 dist=9
2026-09-29 12:58:26.493  INFO   combat      engage id=107 species=monster_고블린_2 rel=(-9,8)
2026-09-29 12:58:26.502  INFO   decision    mode=traveling goal=combat action=attack target=107 sticky=107 origin=(202,195) shop=0 scrolled=0 reason='screen engage' status=success
2026-09-29 12:58:27.186  INFO   combat      farm branch=sticky id=107 dist=10
2026-09-29 12:58:27.669  INFO   combat      farm branch=sticky id=107 dist=9
2026-09-29 12:58:28.006  INFO   combat      farm branch=sticky id=107 dist=9
2026-09-29 12:58:28.430  INFO   combat      farm branch=sticky id=107 dist=9
2026-09-29 12:58:29.113  INFO   combat      farm branch=screen_combat id=103 dist=12
2026-09-29 12:58:29.378  INFO   combat      engage id=103 species=monster_그렘린_4 rel=(-12,1)
2026-09-29 12:58:29.390  INFO   decision    mode=traveling goal=combat action=attack target=103 sticky=103 origin=(204,195) shop=0 scrolled=0 reason='screen engage' status=success
2026-09-29 12:58:30.108  INFO   session     Entity shadow: vision=3 {'player': 2, 'monster': 1} memory=2 {'monster': 1, 'player': 1} paired=1 median=0.020
2026-09-29 12:58:30.184  INFO   combat      farm branch=sticky id=103 dist=11
2026-09-29 12:58:30.659  INFO   combat      farm branch=sticky id=103 dist=10
2026-09-29 12:58:31.118  INFO   combat      farm branch=sticky id=103 dist=10
2026-09-29 12:58:31.446  INFO   combat      farm branch=sticky id=103 dist=10
2026-09-29 12:58:31.976  INFO   combat      farm branch=sticky id=103 dist=9
2026-09-29 12:58:32.911  INFO   search      farm branch=none (wander/search next)
2026-09-29 12:58:33.042  INFO   travel      hop begin wp=(212, 200) purpose=enter_farm reason=enter farm area
2026-09-29 12:58:33.051  INFO   decision    mode=traveling goal=traveling action=traveling target=- sticky=- origin=(204,195) shop=0 scrolled=0 reason='enter farm area' status=success
2026-09-29 12:58:33.623  INFO   search      farm branch=none (wander/search next)
2026-09-29 12:58:33.981  INFO   search      farm branch=none (wander/search next)
2026-09-29 12:58:34.232  INFO   search      farm branch=none (wander/search next)
2026-09-29 12:58:34.529  INFO   search      farm branch=none (wander/search next)
2026-09-29 12:58:34.897  INFO   search      farm branch=none (wander/search next)
2026-09-29 12:58:35.227  INFO   travel      hop begin wp=(213, 201) purpose=enter_farm reason=enter farm area
2026-09-29 12:58:35.784  INFO   session     Entity shadow: vision=1 {'player': 1} memory=1 {'player': 1} paired=0 median=0.000
2026-09-29 12:58:35.847  INFO   search      farm branch=none (wander/search next)
2026-09-29 12:58:36.123  INFO   combat      farm branch=screen_combat id=108 dist=11
2026-09-29 12:58:36.436  INFO   combat      engage id=108 species=monster_고블린_2 rel=(6,11)
2026-09-29 12:58:36.449  INFO   decision    mode=traveling goal=combat action=attack target=108 sticky=108 origin=(207,198) shop=0 scrolled=0 reason='screen engage' status=success
2026-09-29 12:58:37.167  INFO   combat      farm branch=sticky id=108 dist=10
2026-09-29 12:58:37.684  INFO   combat      farm branch=sticky id=108 dist=8
2026-09-29 12:58:38.146  INFO   combat      farm branch=sticky id=108 dist=8
2026-09-29 12:58:38.771  INFO   combat      farm branch=screen_combat id=109 dist=12
2026-09-29 12:58:38.937  INFO   combat      engage id=109 species=monster_늑대인간_9 rel=(-12,6)
2026-09-29 12:58:38.946  INFO   decision    mode=traveling goal=combat action=attack target=109 sticky=109 origin=(211,201) shop=0 scrolled=0 reason='screen engage' status=success
2026-09-29 12:58:40.044  INFO   search      farm branch=none (wander/search next)
2026-09-29 12:58:40.048  INFO   travel      hop begin wp=(218, 208) purpose=enter_farm reason=enter farm area
2026-09-29 12:58:40.056  INFO   decision    mode=traveling goal=traveling action=traveling target=- sticky=- origin=(211,201) shop=0 scrolled=0 reason='enter farm area' status=success
2026-09-29 12:58:40.572  INFO   search      farm branch=none (wander/search next)
2026-09-29 12:58:41.022  INFO   session     Entity shadow: vision=1 {'player': 1} memory=1 {'player': 1} paired=0 median=0.000
2026-09-29 12:58:41.122  INFO   search      farm branch=none (wander/search next)
2026-09-29 12:58:41.418  INFO   search      farm branch=none (wander/search next)
2026-09-29 12:58:41.838  INFO   search      farm branch=none (wander/search next)
2026-09-29 12:58:42.294  INFO   search      farm branch=none (wander/search next)
2026-09-29 12:58:42.297  INFO   travel      hop begin wp=(220, 210) purpose=enter_farm reason=enter farm area
2026-09-29 12:58:42.884  INFO   combat      farm branch=screen_combat id=111 dist=11
2026-09-29 12:58:42.905  INFO   combat      engage id=111 species=monster_오크 전사_8 rel=(11,3)
2026-09-29 12:58:42.916  INFO   decision    mode=traveling goal=combat action=attack target=111 sticky=111 origin=(214,204) shop=0 scrolled=0 reason='screen engage' status=success
2026-09-29 12:58:43.646  INFO   combat      farm branch=sticky id=111 dist=8
2026-09-29 12:58:44.091  INFO   combat      farm branch=sticky id=111 dist=7
2026-09-29 12:58:44.455  INFO   combat      farm branch=sticky id=111 dist=6
2026-09-29 12:58:45.215  INFO   combat      farm branch=sticky id=111 dist=5
2026-09-29 12:58:45.893  INFO   session     Entity shadow: vision=2 {'player': 1, 'monster': 1} memory=2 {'monster': 2} paired=1 median=0.038 unleveled=189:鹿
2026-09-29 12:58:45.979  INFO   combat      farm branch=sticky id=111 dist=2
2026-09-29 12:58:46.463  INFO   combat      farm branch=sticky id=111 dist=1
2026-09-29 12:58:46.867  INFO   combat      farm branch=sticky id=111 dist=1
2026-09-29 12:58:47.302  INFO   combat      farm branch=sticky id=111 dist=1
2026-09-29 12:58:47.874  INFO   combat      farm branch=sticky id=111 dist=1
2026-09-29 12:58:48.459  INFO   combat      farm branch=sticky id=111 dist=1
2026-09-29 12:58:49.033  INFO   combat      farm branch=sticky id=111 dist=1
2026-09-29 12:58:49.653  INFO   loot        begin_loot_item id=113
2026-09-29 12:58:49.850  INFO   loot        pickup emit item=113 reason=engage item
2026-09-29 12:58:49.857  INFO   loot        farm branch=loot item_id=113
2026-09-29 12:58:49.866  INFO   decision    mode=traveling goal=loot action=pickup target=113 sticky=- origin=(218,206) shop=0 scrolled=0 reason='engage item' status=success
2026-09-29 12:58:50.414  INFO   loot        pickup retry id=113 (await still listed)
2026-09-29 12:58:50.457  INFO   loot        pickup emit item=113 reason=pickup retry
2026-09-29 12:58:50.467  INFO   loot        farm branch=loot item_id=None
2026-09-29 12:58:51.081  INFO   session     Entity shadow: vision=2 {'player': 1, 'item': 1} memory=0 {} paired=0 median=0.000
2026-09-29 12:58:51.161  INFO   search      farm branch=none (wander/search next)
2026-09-29 12:58:51.164  INFO   travel      hop begin wp=(223, 215) purpose=enter_farm reason=enter farm area
2026-09-29 12:58:51.174  INFO   decision    mode=traveling goal=traveling action=traveling target=- sticky=- origin=(218,206) shop=0 scrolled=0 reason='enter farm area' status=success
2026-09-29 12:58:51.836  INFO   search      farm branch=none (wander/search next)
2026-09-29 12:58:52.522  INFO   search      farm branch=none (wander/search next)
2026-09-29 12:58:53.035  INFO   search      farm branch=none (wander/search next)
2026-09-29 12:58:53.345  INFO   search      farm branch=none (wander/search next)
2026-09-29 12:58:53.429  INFO   travel      hop begin wp=(223, 216) purpose=enter_farm reason=enter farm area
2026-09-29 12:58:53.929  INFO   search      farm branch=none (wander/search next)
2026-09-29 12:58:54.238  INFO   search      farm branch=none (wander/search next)
2026-09-29 12:58:54.577  INFO   search      farm branch=none (wander/search next)
2026-09-29 12:58:54.840  INFO   search      farm branch=none (wander/search next)
2026-09-29 12:58:55.237  INFO   search      farm branch=none (wander/search next)
2026-09-29 12:58:55.401  INFO   search      farm branch=none (wander/search next)
2026-09-29 12:58:55.630  INFO   search      farm branch=none (wander/search next)
2026-09-29 12:58:55.807  INFO   travel      hop begin wp=(223, 222) purpose=enter_farm reason=enter farm area
2026-09-29 12:58:56.393  INFO   session     Entity shadow: vision=1 {'player': 1} memory=1 {'monster': 1} paired=0 median=0.000 unleveled=14:青蛙
2026-09-29 12:58:56.474  INFO   search      farm branch=none (wander/search next)
2026-09-29 12:58:56.701  INFO   search      farm branch=none (wander/search next)
2026-09-29 12:58:57.262  INFO   search      farm branch=none (wander/search next)
2026-09-29 12:58:58.234  INFO   search      farm branch=none (wander/search next)
2026-09-29 12:58:58.375  INFO   travel      hop begin wp=(224, 224) purpose=enter_farm reason=enter farm area
2026-09-29 12:58:58.911  INFO   search      farm branch=none (wander/search next)
2026-09-29 12:58:59.234  INFO   search      farm branch=none (wander/search next)
2026-09-29 12:58:59.508  INFO   combat      farm branch=screen_combat id=115 dist=12
2026-09-29 12:58:59.525  INFO   combat      engage id=115 species=monster_늑대인간_9 rel=(12,6)
2026-09-29 12:58:59.534  INFO   decision    mode=traveling goal=combat action=attack target=115 sticky=115 origin=(223,213) shop=0 scrolled=0 reason='screen engage' status=success
2026-09-29 12:59:00.160  INFO   combat      farm branch=sticky id=115 dist=10
2026-09-29 12:59:00.580  INFO   combat      farm branch=sticky id=115 dist=10
2026-09-29 12:59:00.878  INFO   combat      farm branch=sticky id=115 dist=9
2026-09-29 12:59:01.643  INFO   session     Entity shadow: vision=1 {'player': 1} memory=4 {'monster': 4} paired=0 median=0.000 unleveled=189:鹿,14:青蛙,207:兔子
2026-09-29 12:59:01.722  INFO   combat      farm branch=sticky id=115 dist=9
2026-09-29 12:59:02.051  INFO   combat      farm branch=sticky id=115 dist=7
2026-09-29 12:59:02.606  INFO   combat      farm branch=sticky id=115 dist=6
2026-09-29 12:59:03.165  INFO   combat      farm branch=sticky id=115 dist=4
2026-09-29 12:59:04.039  INFO   combat      farm branch=sticky id=115 dist=3
2026-09-29 12:59:04.713  INFO   combat      farm branch=sticky id=115 dist=1
2026-09-29 12:59:05.222  INFO   combat      farm branch=sticky id=115 dist=1
2026-09-29 12:59:05.541  INFO   combat      farm branch=sticky id=115 dist=1
2026-09-29 12:59:06.101  INFO   combat      farm branch=sticky id=115 dist=1
2026-09-29 12:59:06.930  INFO   session     Entity shadow: vision=4 {'monster': 1, 'player': 1, 'item': 2} memory=5 {'monster': 3, 'item': 2} paired=2 median=0.027 unleveled=207:兔子,14:青蛙,189:鹿
2026-09-29 12:59:07.003  INFO   loot        begin_loot_item id=119
2026-09-29 12:59:07.004  INFO   loot        pickup emit item=119 reason=engage item
2026-09-29 12:59:07.011  INFO   loot        farm branch=loot item_id=119
2026-09-29 12:59:07.020  INFO   decision    mode=traveling goal=loot action=pickup target=119 sticky=- origin=(226,217) shop=0 scrolled=0 reason='engage item' status=success
2026-09-29 12:59:07.678  INFO   loot        pickup retry id=119 (await still listed)
2026-09-29 12:59:07.678  INFO   loot        pickup emit item=119 reason=pickup retry
2026-09-29 12:59:07.687  INFO   loot        farm branch=loot item_id=None
2026-09-29 12:59:08.282  INFO   search      farm branch=none (wander/search next)
2026-09-29 12:59:08.288  INFO   travel      hop begin wp=(232, 225) purpose=enter_farm reason=enter farm area
2026-09-29 12:59:08.297  INFO   decision    mode=traveling goal=traveling action=traveling target=- sticky=- origin=(227,217) shop=0 scrolled=0 reason='enter farm area' status=success
2026-09-29 12:59:08.800  INFO   search      farm branch=none (wander/search next)
2026-09-29 12:59:09.030  INFO   search      farm branch=none (wander/search next)
2026-09-29 12:59:09.495  INFO   combat      farm branch=screen_combat id=120 dist=11
2026-09-29 12:59:09.504  INFO   combat      engage id=120 species=monster_오크_2 rel=(8,11)
2026-09-29 12:59:09.513  INFO   decision    mode=traveling goal=combat action=attack target=120 sticky=120 origin=(227,217) shop=0 scrolled=0 reason='screen engage' status=success
2026-09-29 12:59:10.654  INFO   combat      farm branch=sticky id=120 dist=7
2026-09-29 12:59:11.437  INFO   combat      farm branch=sticky id=120 dist=5
2026-09-29 12:59:12.246  INFO   session     Entity shadow: vision=3 {'player': 1, 'monster': 1, 'item': 1} memory=5 {'monster': 4, 'item': 1} paired=2 median=0.046 unleveled=207:兔子,189:鹿
2026-09-29 12:59:12.335  INFO   combat      farm branch=sticky id=120 dist=3
2026-09-29 12:59:12.905  INFO   combat      farm branch=sticky id=120 dist=2
2026-09-29 12:59:13.237  INFO   combat      farm branch=sticky id=120 dist=1
2026-09-29 12:59:13.796  INFO   combat      farm branch=sticky id=120 dist=1
2026-09-29 12:59:14.315  INFO   combat      farm branch=sticky id=120 dist=1
2026-09-29 12:59:14.887  INFO   combat      farm branch=sticky id=120 dist=1
2026-09-29 12:59:15.587  INFO   loot        begin_loot_item id=122
2026-09-29 12:59:15.812  INFO   loot        pickup emit item=122 reason=engage item
2026-09-29 12:59:15.827  INFO   loot        farm branch=loot item_id=122
2026-09-29 12:59:15.836  INFO   decision    mode=traveling goal=loot action=pickup target=122 sticky=- origin=(234,224) shop=0 scrolled=0 reason='engage item' status=success
2026-09-29 12:59:16.552  INFO   loot        pickup retry id=122 (await still listed)
2026-09-29 12:59:16.553  INFO   loot        pickup emit item=122 reason=pickup retry
2026-09-29 12:59:16.563  INFO   loot        farm branch=loot item_id=None
2026-09-29 12:59:17.141  INFO   session     Entity shadow: vision=3 {'item': 1, 'monster': 1, 'player': 1} memory=4 {'monster': 3, 'item': 1} paired=2 median=0.017 unleveled=189:鹿,207:兔子
2026-09-29 12:59:17.650  INFO   combat      farm branch=screen_combat id=121 dist=7
2026-09-29 12:59:17.787  INFO   combat      engage id=121 species=monster_그렘린_4 rel=(7,-3)
2026-09-29 12:59:17.799  INFO   decision    mode=traveling goal=combat action=attack target=121 sticky=121 origin=(234,224) shop=0 scrolled=0 reason='screen engage' status=success
2026-09-29 12:59:18.566  INFO   combat      farm branch=sticky id=121 dist=6
2026-09-29 12:59:19.110  INFO   combat      farm branch=sticky id=121 dist=5
2026-09-29 12:59:19.746  INFO   combat      farm branch=sticky id=121 dist=4
2026-09-29 12:59:20.317  INFO   combat      farm branch=sticky id=121 dist=3
2026-09-29 12:59:21.005  INFO   combat      farm branch=sticky id=121 dist=3
2026-09-29 12:59:21.496  INFO   combat      farm branch=sticky id=121 dist=3
2026-09-29 12:59:22.116  INFO   loot        begin_loot_item id=124
2026-09-29 12:59:22.326  INFO   loot        approach hop item=124 wp=(240, 218) reason=walk onto item
2026-09-29 12:59:22.336  INFO   loot        farm branch=loot item_id=124
2026-09-29 12:59:22.355  INFO   decision    mode=traveling goal=loot action=searching target=124 sticky=- origin=(237,221) shop=0 scrolled=0 reason='walk onto item' status=success
2026-09-29 12:59:22.933  INFO   session     Entity shadow: vision=6 {'player': 1, 'item': 2, 'monster': 3} memory=6 {'monster': 4, 'item': 2} paired=5 median=0.009 unleveled=189:鹿
2026-09-29 12:59:22.989  INFO   loot        farm branch=loot item_id=124
2026-09-29 12:59:22.990  INFO   decision    mode=traveling goal=loot action=pickup target=124 sticky=- origin=(238,220) shop=0 scrolled=0 reason='loot target' status=success
2026-09-29 12:59:24.155  INFO   combat      farm branch=screen_combat id=123 dist=4
2026-09-29 12:59:24.327  INFO   combat      engage id=123 species=monster_고블린_2 rel=(2,-4)
2026-09-29 12:59:24.684  INFO   decision    mode=traveling goal=combat action=attack target=123 sticky=123 origin=(238,220) shop=0 scrolled=0 reason='screen engage' status=success
2026-09-29 12:59:25.518  INFO   combat      farm branch=sticky id=123 dist=1
2026-09-29 12:59:26.256  INFO   combat      farm branch=sticky id=123 dist=3
2026-09-29 12:59:26.986  INFO   combat      farm branch=sticky id=123 dist=4
2026-09-29 12:59:27.304  INFO   combat      farm branch=sticky id=123 dist=3
2026-09-29 12:59:27.988  INFO   combat      farm branch=sticky id=123 dist=3
2026-09-29 12:59:28.762  INFO   session     Entity shadow: vision=7 {'item': 1, 'player': 1, 'monster': 5} memory=7 {'monster': 6, 'item': 1} paired=6 median=0.021 unleveled=189:鹿
2026-09-29 12:59:28.821  INFO   combat      farm branch=sticky id=123 dist=4
2026-09-29 12:59:29.258  INFO   loot        begin_loot_item id=130
2026-09-29 12:59:29.361  INFO   loot        approach hop item=130 wp=(235, 222) reason=walk onto item
2026-09-29 12:59:29.375  INFO   loot        farm branch=loot item_id=130
2026-09-29 12:59:29.387  INFO   decision    mode=traveling goal=loot action=searching target=130 sticky=- origin=(239,217) shop=0 scrolled=0 reason='walk onto item' status=success
2026-09-29 12:59:29.890  INFO   loot        farm branch=loot item_id=130
2026-09-29 12:59:30.254  INFO   loot        farm branch=loot item_id=130
2026-09-29 12:59:31.159  INFO   loot        farm branch=loot item_id=130
2026-09-29 12:59:31.819  INFO   loot        approach hop item=130 wp=(235, 222) reason=walk onto item
2026-09-29 12:59:31.820  INFO   loot        farm branch=loot item_id=130
2026-09-29 12:59:32.377  INFO   loot        farm branch=loot item_id=130
2026-09-29 12:59:32.378  INFO   decision    mode=traveling goal=loot action=pickup target=130 sticky=- origin=(236,220) shop=0 scrolled=0 reason='loot target' status=success
2026-09-29 12:59:33.057  INFO   loot        pickup retry id=130 (await still listed)
2026-09-29 12:59:33.058  INFO   loot        pickup emit item=130 reason=pickup retry
2026-09-29 12:59:33.067  INFO   loot        farm branch=loot item_id=None
2026-09-29 12:59:33.666  INFO   session     Entity shadow: vision=4 {'item': 1, 'player': 1, 'monster': 2} memory=7 {'monster': 5, 'item': 2} paired=3 median=0.014 unleveled=14:青蛙,189:鹿
2026-09-29 12:59:33.727  INFO   loot        pickup retry id=130 (await still listed)
2026-09-29 12:59:34.036  INFO   loot        pickup emit item=130 reason=pickup retry
2026-09-29 12:59:34.048  INFO   loot        farm branch=loot item_id=None
2026-09-29 12:59:34.176  INFO   action      cursor reject id=130 item=true reason=cursor=arrow/attack score=1.000 not allowed
2026-09-29 12:59:34.627  INFO   combat      farm branch=loot_miss_combat id=126 dist=1
2026-09-29 12:59:34.688  INFO   combat      engage id=126 species=monster_늑대인간_9 rel=(1,0)
2026-09-29 12:59:34.697  INFO   decision    mode=traveling goal=combat action=attack target=126 sticky=126 origin=(234,222) shop=0 scrolled=0 reason='engage target' status=success
2026-09-29 12:59:35.394  INFO   combat      farm branch=sticky id=126 dist=1
2026-09-29 12:59:35.847  INFO   combat      farm branch=sticky id=126 dist=1
2026-09-29 12:59:36.473  INFO   combat      farm branch=sticky id=126 dist=1
2026-09-29 12:59:37.149  INFO   combat      farm branch=sticky id=126 dist=1
2026-09-29 12:59:37.650  INFO   combat      farm branch=sticky id=126 dist=1
2026-09-29 12:59:37.938  INFO   combat      farm branch=sticky id=126 dist=1
2026-09-29 12:59:38.545  INFO   combat      farm branch=sticky id=126 dist=1
2026-09-29 12:59:39.317  INFO   session     Entity shadow: vision=5 {'item': 1, 'player': 1, 'monster': 3} memory=6 {'monster': 5, 'item': 1} paired=4 median=0.014 unleveled=189:鹿,14:青蛙
2026-09-29 12:59:39.399  INFO   combat      farm branch=sticky id=126 dist=1
2026-09-29 12:59:39.965  INFO   combat      farm branch=sticky id=126 dist=1
2026-09-29 12:59:40.291  INFO   combat      farm branch=sticky id=126 dist=1
2026-09-29 12:59:40.493  INFO   decision    mode=traveling goal=combat action=searching target=126 sticky=126 origin=(234,222) shop=0 scrolled=0 reason='sidestep combat block' status=success
2026-09-29 12:59:40.906  INFO   combat      farm branch=sticky id=126 dist=1
2026-09-29 12:59:41.092  INFO   decision    mode=traveling goal=combat action=attack target=126 sticky=126 origin=(234,222) shop=0 scrolled=0 reason='attack target' status=success
2026-09-29 12:59:41.865  INFO   combat      farm branch=sticky id=125 dist=1
2026-09-29 12:59:41.867  INFO   decision    mode=traveling goal=combat action=attack target=125 sticky=125 origin=(234,222) shop=0 scrolled=0 reason='attack target' status=success
2026-09-29 12:59:42.485  INFO   combat      farm branch=sticky id=125 dist=2
2026-09-29 12:59:43.465  INFO   combat      farm branch=sticky id=125 dist=1
2026-09-29 12:59:43.887  INFO   combat      farm branch=sticky id=125 dist=1
2026-09-29 12:59:44.695  INFO   session     Entity shadow: vision=5 {'item': 1, 'player': 1, 'monster': 3} memory=8 {'monster': 5, 'item': 2, 'player': 1} paired=5 median=0.017 unleveled=14:青蛙,189:鹿
2026-09-29 12:59:44.804  INFO   combat      farm branch=sticky id=125 dist=1
2026-09-29 12:59:45.294  INFO   combat      farm branch=sticky id=125 dist=1
2026-09-29 12:59:45.581  INFO   combat      farm branch=sticky id=125 dist=1
2026-09-29 12:59:46.294  INFO   combat      farm branch=sticky id=125 dist=1
2026-09-29 12:59:46.836  INFO   loot        begin_loot_item id=135
2026-09-29 12:59:47.044  INFO   loot        pickup emit item=135 reason=engage item
2026-09-29 12:59:47.054  INFO   loot        farm branch=loot item_id=135
2026-09-29 12:59:47.066  INFO   decision    mode=traveling goal=loot action=pickup target=135 sticky=- origin=(236,221) shop=0 scrolled=0 reason='engage item' status=success
2026-09-29 12:59:47.842  INFO   loot        pickup retry id=135 (await still listed)
2026-09-29 12:59:48.330  INFO   loot        pickup emit item=135 reason=pickup retry
2026-09-29 12:59:48.340  INFO   loot        farm branch=loot item_id=None
2026-09-29 12:59:49.088  INFO   loot        pickup retry id=135 (await still listed)
2026-09-29 12:59:49.089  INFO   loot        pickup emit item=135 reason=pickup retry
2026-09-29 12:59:49.098  INFO   loot        farm branch=loot item_id=None
2026-09-29 12:59:49.697  INFO   session     Entity shadow: vision=5 {'npc': 1, 'player': 2, 'item': 1, 'monster': 1} memory=8 {'monster': 4, 'item': 3, 'player': 1} paired=3 median=0.029 unleveled=189:鹿,14:青蛙
2026-09-29 12:59:49.759  INFO   loot        pickup retry id=135 (await still listed)
2026-09-29 12:59:49.760  INFO   loot        pickup emit item=135 reason=pickup retry
2026-09-29 12:59:49.769  INFO   loot        farm branch=loot item_id=None
2026-09-29 12:59:50.381  INFO   combat      farm branch=screen_combat id=128 dist=1
2026-09-29 12:59:50.728  INFO   combat      engage id=128 species=monster_그렘린_4 rel=(0,-1)
2026-09-29 12:59:50.739  INFO   decision    mode=traveling goal=combat action=attack target=128 sticky=128 origin=(235,222) shop=0 scrolled=0 reason='screen engage' status=success
2026-09-29 12:59:51.511  INFO   combat      farm branch=sticky id=128 dist=1
2026-09-29 12:59:51.966  INFO   combat      farm branch=sticky id=128 dist=1
2026-09-29 12:59:52.310  INFO   combat      farm branch=sticky id=128 dist=1
2026-09-29 12:59:52.887  INFO   combat      farm branch=screen_combat id=132 dist=1
2026-09-29 12:59:53.089  INFO   combat      engage id=132 species=monster_오크_2 rel=(0,1)
2026-09-29 12:59:53.100  INFO   decision    mode=traveling goal=combat action=attack target=132 sticky=132 origin=(234,222) shop=0 scrolled=0 reason='screen engage' status=success
2026-09-29 12:59:53.773  INFO   combat      farm branch=sticky id=132 dist=1
2026-09-29 12:59:54.304  INFO   combat      farm branch=sticky id=132 dist=1
2026-09-29 12:59:54.772  INFO   session     Entity shadow: vision=4 {'item': 2, 'player': 2} memory=7 {'player': 1, 'monster': 2, 'item': 4} paired=3 median=0.021 unleveled=14:青蛙
2026-09-29 12:59:54.911  INFO   combat      farm branch=sticky id=132 dist=1
2026-09-29 12:59:55.812  INFO   loot        begin_loot_item id=137
2026-09-29 12:59:55.937  INFO   loot        pickup emit item=137 reason=engage item
2026-09-29 12:59:55.944  INFO   loot        farm branch=loot item_id=137
2026-09-29 12:59:55.956  INFO   decision    mode=traveling goal=loot action=pickup target=137 sticky=- origin=(234,222) shop=0 scrolled=0 reason='engage item' status=success
2026-09-29 12:59:56.669  INFO   loot        pickup retry id=137 (await still listed)
2026-09-29 12:59:56.670  INFO   loot        pickup emit item=137 reason=pickup retry
2026-09-29 12:59:56.679  INFO   loot        farm branch=loot item_id=None
2026-09-29 12:59:57.297  INFO   search      farm branch=none (wander/search next)
2026-09-29 12:59:57.301  INFO   travel      hop begin wp=(241, 230) purpose=enter_farm reason=enter farm area
2026-09-29 12:59:57.312  INFO   decision    mode=traveling goal=traveling action=traveling target=- sticky=- origin=(234,223) shop=0 scrolled=0 reason='enter farm area' status=success
2026-09-29 12:59:57.820  INFO   search      farm branch=none (wander/search next)
2026-09-29 12:59:58.267  INFO   search      farm branch=none (wander/search next)
2026-09-29 12:59:58.585  INFO   search      farm branch=none (wander/search next)
2026-09-29 12:59:59.073  INFO   search      farm branch=none (wander/search next)
2026-09-29 12:59:59.393  INFO   travel      hop begin wp=(242, 231) purpose=enter_farm reason=enter farm area
2026-09-29 12:59:59.968  INFO   session     Entity shadow: vision=3 {'player': 1, 'item': 2} memory=3 {'item': 2, 'monster': 1} paired=2 median=0.010 unleveled=14:青蛙
2026-09-29 13:00:00.075  INFO   search      farm branch=none (wander/search next)
2026-09-29 13:00:00.624  INFO   search      farm branch=none (wander/search next)
2026-09-29 13:00:01.339  INFO   combat      farm branch=screen_combat id=139 dist=15
2026-09-29 13:00:01.358  INFO   combat      engage id=139 species=monster_고블린_2 rel=(1,15)
2026-09-29 13:00:01.371  INFO   decision    mode=traveling goal=combat action=attack target=139 sticky=139 origin=(238,227) shop=0 scrolled=0 reason='screen engage' status=success
2026-09-29 13:00:02.159  INFO   combat      farm branch=sticky id=139 dist=14
2026-09-29 13:00:02.758  INFO   combat      farm branch=sticky id=139 dist=13
2026-09-29 13:00:03.317  INFO   combat      farm branch=sticky id=139 dist=13
2026-09-29 13:00:03.773  INFO   combat      farm branch=sticky id=140 dist=17
2026-09-29 13:00:04.069  INFO   decision    mode=traveling goal=combat action=attack target=140 sticky=140 origin=(239,231) shop=0 scrolled=0 reason='attack target' status=success
2026-09-29 13:00:04.448  INFO   combat      farm branch=sticky id=140 dist=16
2026-09-29 13:00:05.271  INFO   session     Entity shadow: vision=4 {'player': 1, 'item': 2, 'monster': 1} memory=4 {'monster': 2, 'item': 2} paired=3 median=0.022 unleveled=14:青蛙
2026-09-29 13:00:05.369  INFO   combat      farm branch=sticky id=140 dist=15
2026-09-29 13:00:05.957  INFO   combat      farm branch=sticky id=140 dist=14
2026-09-29 13:00:10.024  INFO   session     Entity shadow: vision=5 {'item': 2, 'player': 2, 'monster': 1} memory=5 {'monster': 2, 'item': 2, 'player': 1} paired=4 median=0.013 unleveled=14:青蛙
2026-09-29 13:00:15.276  INFO   session     Entity shadow: vision=4 {'item': 2, 'player': 1, 'monster': 1} memory=4 {'monster': 2, 'item': 2} paired=3 median=0.013 unleveled=206:兔子
2026-09-29 13:00:20.592  INFO   session     Entity shadow: vision=3 {'item': 2, 'player': 1} memory=4 {'monster': 2, 'item': 2} paired=2 median=0.013 unleveled=206:兔子
2026-09-29 13:00:25.813  INFO   session     Entity shadow: vision=4 {'item': 2, 'player': 1, 'monster': 1} memory=4 {'monster': 2, 'item': 2} paired=3 median=0.013 unleveled=206:兔子
2026-09-29 13:00:30.707  INFO   session     Entity shadow: vision=4 {'item': 3, 'player': 1} memory=4 {'monster': 1, 'item': 3} paired=3 median=0.013 unleveled=206:兔子
2026-09-29 13:00:32.768  INFO   loot        begin_loot_item id=143
2026-09-29 13:00:32.832  INFO   loot        approach hop item=143 wp=(223, 231) reason=walk onto item
2026-09-29 13:00:32.839  INFO   loot        farm branch=loot item_id=143
2026-09-29 13:00:32.853  INFO   decision    mode=traveling goal=loot action=searching target=143 sticky=- origin=(236,230) shop=0 scrolled=0 reason='walk onto item' status=success
2026-09-29 13:00:35.786  INFO   session     Entity shadow: vision=4 {'player': 1, 'item': 3} memory=4 {'monster': 1, 'item': 3} paired=3 median=0.013 unleveled=206:兔子
2026-09-29 13:00:37.634  INFO   loot        approach hop item=143 wp=(223, 231) reason=walk onto item
2026-09-29 13:00:37.635  INFO   loot        farm branch=loot item_id=143
2026-09-29 13:00:38.188  INFO   loot        farm branch=loot item_id=143
2026-09-29 13:00:38.582  INFO   loot        farm branch=loot item_id=143
2026-09-29 13:00:38.863  INFO   loot        farm branch=loot item_id=143
2026-09-29 13:00:39.383  INFO   loot        farm branch=loot item_id=143
2026-09-29 13:00:40.201  INFO   loot        approach hop item=143 wp=(223, 231) reason=walk onto item
2026-09-29 13:00:40.412  INFO   loot        farm branch=loot item_id=143
2026-09-29 13:00:40.979  INFO   session     Entity shadow: vision=6 {'player': 1, 'item': 5} memory=5 {'item': 4, 'monster': 1} paired=4 median=0.025 unleveled=206:兔子
2026-09-29 13:00:41.038  INFO   loot        farm branch=loot item_id=143
2026-09-29 13:00:41.038  INFO   decision    mode=traveling goal=loot action=pickup target=143 sticky=- origin=(225,231) shop=0 scrolled=0 reason='loot target' status=success
2026-09-29 13:00:41.712  INFO   loot        pickup retry id=143 (await still listed)
2026-09-29 13:00:41.712  INFO   loot        pickup emit item=143 reason=pickup retry
2026-09-29 13:00:41.722  INFO   loot        farm branch=loot item_id=None
2026-09-29 13:00:42.290  INFO   loot        pickup retry id=143 (await still listed)
2026-09-29 13:00:42.291  INFO   loot        pickup emit item=143 reason=pickup retry
2026-09-29 13:00:42.301  INFO   loot        farm branch=loot item_id=None
2026-09-29 13:00:42.894  INFO   search      farm branch=none (wander/search next)
2026-09-29 13:00:42.897  INFO   travel      hop begin wp=(231, 237) purpose=enter_farm reason=enter farm area
2026-09-29 13:00:42.906  INFO   decision    mode=traveling goal=traveling action=traveling target=- sticky=- origin=(223,231) shop=0 scrolled=0 reason='enter farm area' status=success
2026-09-29 13:00:43.418  INFO   search      farm branch=none (wander/search next)
2026-09-29 13:00:43.583  INFO   search      farm branch=none (wander/search next)
2026-09-29 13:00:44.188  INFO   search      farm branch=none (wander/search next)
2026-09-29 13:00:44.723  INFO   search      farm branch=none (wander/search next)
2026-09-29 13:00:45.104  INFO   search      farm branch=none (wander/search next)
2026-09-29 13:00:45.107  INFO   travel      hop begin wp=(229, 237) purpose=enter_farm reason=enter farm area
2026-09-29 13:00:45.550  INFO   search      farm branch=none (wander/search next)
2026-09-29 13:00:45.860  INFO   search      farm branch=none (wander/search next)
2026-09-29 13:00:46.227  INFO   session     Entity shadow: vision=1 {'player': 1} memory=0 {} paired=0 median=0.000
2026-09-29 13:00:46.360  INFO   search      farm branch=none (wander/search next)
2026-09-29 13:00:47.117  INFO   search      farm branch=none (wander/search next)
2026-09-29 13:00:47.446  INFO   travel      hop begin wp=(233, 237) purpose=enter_farm reason=enter farm area
2026-09-29 13:00:47.854  INFO   search      farm branch=none (wander/search next)
2026-09-29 13:00:48.255  INFO   search      farm branch=none (wander/search next)
2026-09-29 13:00:48.777  INFO   search      farm branch=none (wander/search next)
2026-09-29 13:00:49.109  INFO   search      farm branch=none (wander/search next)
2026-09-29 13:00:49.401  INFO   search      farm branch=none (wander/search next)
2026-09-29 13:00:49.818  INFO   search      farm branch=none (wander/search next)
2026-09-29 13:00:49.829  INFO   travel      hop begin wp=(236, 240) purpose=enter_farm reason=enter farm area
2026-09-29 13:00:50.311  INFO   search      farm branch=none (wander/search next)
2026-09-29 13:00:50.492  INFO   search      farm branch=none (wander/search next)
2026-09-29 13:00:50.812  INFO   search      farm branch=none (wander/search next)
2026-09-29 13:00:51.040  INFO   search      farm branch=none (wander/search next)
2026-09-29 13:00:51.456  INFO   session     Entity shadow: vision=0 {} memory=0 {} paired=0 median=0.000
2026-09-29 13:00:51.597  INFO   search      farm branch=none (wander/search next)
2026-09-29 13:00:52.070  INFO   travel      hop begin wp=(239, 243) purpose=enter_farm reason=enter farm area
2026-09-29 13:00:52.432  INFO   search      farm branch=none (wander/search next)
2026-09-29 13:00:52.885  INFO   search      farm branch=none (wander/search next)
2026-09-29 13:00:53.321  INFO   search      farm branch=none (wander/search next)
2026-09-29 13:00:53.499  INFO   search      farm branch=none (wander/search next)
2026-09-29 13:00:54.029  INFO   search      farm branch=none (wander/search next)
2026-09-29 13:00:54.445  INFO   search      farm branch=none (wander/search next)
2026-09-29 13:00:54.453  INFO   travel      hop begin wp=(244, 247) purpose=enter_farm reason=enter farm area
2026-09-29 13:00:54.961  INFO   search      farm branch=none (wander/search next)
2026-09-29 13:00:55.164  INFO   search      farm branch=none (wander/search next)
2026-09-29 13:00:55.552  INFO   search      farm branch=none (wander/search next)
2026-09-29 13:00:55.760  INFO   search      farm branch=none (wander/search next)
2026-09-29 13:00:56.197  INFO   search      farm branch=none (wander/search next)
2026-09-29 13:00:56.662  INFO   session     Entity shadow: vision=2 {'player': 2} memory=2 {'monster': 1, 'player': 1} paired=1 median=0.041 unleveled=208:兔子
2026-09-29 13:00:56.805  INFO   search      farm branch=none (wander/search next)
2026-09-29 13:00:57.248  INFO   travel      hop begin wp=(247, 251) purpose=enter_farm reason=enter farm area
2026-09-29 13:00:57.782  INFO   search      farm branch=none (wander/search next)
2026-09-29 13:00:58.015  INFO   search      farm branch=none (wander/search next)
2026-09-29 13:00:58.350  INFO   search      farm branch=none (wander/search next)
2026-09-29 13:00:58.614  INFO   search      farm branch=none (wander/search next)
2026-09-29 13:00:58.978  INFO   search      farm branch=none (wander/search next)
2026-09-29 13:00:59.166  INFO   search      farm branch=none (wander/search next)
2026-09-29 13:00:59.361  INFO   search      farm branch=none (wander/search next)
2026-09-29 13:00:59.597  INFO   travel      hop begin wp=(249, 254) purpose=enter_farm reason=enter farm area
2026-09-29 13:01:00.045  INFO   search      farm branch=none (wander/search next)
2026-09-29 13:01:00.389  INFO   search      farm branch=none (wander/search next)
2026-09-29 13:01:00.827  INFO   search      farm branch=none (wander/search next)
2026-09-29 13:01:01.021  INFO   search      farm branch=none (wander/search next)
2026-09-29 13:01:01.476  INFO   session     Entity shadow: vision=1 {'player': 1} memory=2 {'npc': 1, 'monster': 1} paired=0 median=0.000 unleveled=208:兔子
2026-09-29 13:01:01.529  INFO   search      farm branch=none (wander/search next)
2026-09-29 13:01:02.030  INFO   search      farm branch=none (wander/search next)
2026-09-29 13:01:02.459  INFO   travel      hop begin wp=(255, 255) purpose=enter_farm reason=enter farm area
2026-09-29 13:01:02.988  INFO   search      farm branch=none (wander/search next)
2026-09-29 13:01:03.223  INFO   search      farm branch=none (wander/search next)
2026-09-29 13:01:03.468  INFO   search      farm branch=none (wander/search next)
2026-09-29 13:01:03.814  INFO   search      farm branch=none (wander/search next)
2026-09-29 13:01:04.168  INFO   search      farm branch=none (wander/search next)
2026-09-29 13:01:04.207  INFO   decision    mode=traveling goal=traveling action=traveling target=- sticky=- origin=(248,254) shop=0 scrolled=0 reason='enter farm area' status=success (repeat x50)
2026-09-29 13:01:04.378  INFO   search      farm branch=none (wander/search next)
2026-09-29 13:01:04.604  INFO   search      farm branch=none (wander/search next)
2026-09-29 13:01:04.780  INFO   travel      hop begin wp=(260, 260) purpose=enter_farm reason=enter farm area
2026-09-29 13:01:05.209  INFO   search      farm branch=none (wander/search next)
2026-09-29 13:01:05.588  INFO   search      farm branch=none (wander/search next)
2026-09-29 13:01:05.971  INFO   search      farm branch=none (wander/search next)
2026-09-29 13:01:06.182  INFO   search      farm branch=none (wander/search next)
2026-09-29 13:01:06.526  INFO   session     Entity shadow: vision=1 {'player': 1} memory=1 {'npc': 1} paired=0 median=0.000
2026-09-29 13:01:06.575  INFO   search      farm branch=none (wander/search next)
2026-09-29 13:01:06.778  INFO   search      farm branch=none (wander/search next)
2026-09-29 13:01:07.106  INFO   travel      hop begin wp=(264, 262) purpose=enter_farm reason=enter farm area
2026-09-29 13:01:07.550  INFO   search      farm branch=none (wander/search next)
2026-09-29 13:01:08.335  INFO   combat      farm branch=screen_combat id=150 dist=17
2026-09-29 13:01:08.478  INFO   combat      engage id=150 species=monster_오크_2 rel=(17,1)
2026-09-29 13:01:08.489  INFO   decision    mode=traveling goal=combat action=attack target=150 sticky=150 origin=(254,260) shop=0 scrolled=0 reason='screen engage' status=success
2026-09-29 13:01:09.102  INFO   combat      farm branch=sticky id=150 dist=15
2026-09-29 13:01:09.722  INFO   combat      farm branch=sticky id=150 dist=14
2026-09-29 13:01:10.402  INFO   combat      farm branch=sticky id=150 dist=12
2026-09-29 13:01:11.034  INFO   combat      farm branch=sticky id=150 dist=12
2026-09-29 13:01:11.628  INFO   loot        begin_loot_item id=152
2026-09-29 13:01:11.827  INFO   loot        approach hop item=152 wp=(271, 260) reason=walk onto item
2026-09-29 13:01:11.835  INFO   loot        farm branch=loot item_id=152
2026-09-29 13:01:11.847  INFO   decision    mode=traveling goal=loot action=searching target=152 sticky=- origin=(260,261) shop=0 scrolled=0 reason='walk onto item' status=success
2026-09-29 13:01:12.442  INFO   session     Entity shadow: vision=2 {'player': 1, 'monster': 1} memory=3 {'item': 1, 'npc': 1, 'monster': 1} paired=0 median=0.000
2026-09-29 13:01:12.505  INFO   loot        farm branch=loot item_id=152
2026-09-29 13:01:12.843  INFO   loot        farm branch=loot item_id=152
2026-09-29 13:01:13.238  INFO   loot        farm branch=loot item_id=152
2026-09-29 13:01:13.611  INFO   loot        farm branch=loot item_id=152
2026-09-29 13:01:13.833  INFO   loot        approach hop item=152 wp=(271, 260) reason=walk onto item
2026-09-29 13:01:13.833  INFO   loot        farm branch=loot item_id=152
2026-09-29 13:01:14.394  INFO   loot        farm branch=loot item_id=152
2026-09-29 13:01:15.134  INFO   loot        farm branch=loot item_id=152
2026-09-29 13:01:15.676  INFO   loot        farm branch=loot item_id=152
2026-09-29 13:01:16.132  INFO   loot        approach hop item=152 wp=(271, 260) reason=walk onto item
2026-09-29 13:01:16.132  INFO   loot        farm branch=loot item_id=152
2026-09-29 13:01:16.634  INFO   loot        farm branch=loot item_id=152
2026-09-29 13:01:16.869  INFO   loot        farm branch=loot item_id=152
2026-09-29 13:01:17.259  INFO   session     Entity shadow: vision=2 {'monster': 1, 'item': 1} memory=2 {'npc': 1, 'item': 1} paired=1 median=0.011
2026-09-29 13:01:17.332  INFO   loot        farm branch=loot item_id=152
2026-09-29 13:01:17.492  INFO   loot        farm branch=loot item_id=152
2026-09-29 13:01:18.004  INFO   loot        farm branch=loot item_id=152
2026-09-29 13:01:18.480  INFO   loot        approach hop item=152 wp=(271, 260) reason=walk onto item
2026-09-29 13:01:18.481  INFO   loot        farm branch=loot item_id=152
2026-09-29 13:01:18.962  INFO   loot        farm branch=loot item_id=152
2026-09-29 13:01:19.136  INFO   loot        farm branch=loot item_id=152
2026-09-29 13:01:19.554  INFO   loot        farm branch=loot item_id=152
2026-09-29 13:01:19.776  INFO   loot        farm branch=loot item_id=152
2026-09-29 13:01:20.164  INFO   loot        farm branch=loot item_id=152
2026-09-29 13:01:20.347  INFO   loot        farm branch=loot item_id=152
2026-09-29 13:01:20.889  INFO   loot        farm branch=loot item_id=152
2026-09-29 13:01:21.322  INFO   decision    mode=traveling goal=loot action=pickup target=152 sticky=- origin=(269,260) shop=0 scrolled=0 reason='loot target' status=success
2026-09-29 13:01:22.122  INFO   combat      farm branch=screen_combat id=156 dist=8
2026-09-29 13:01:22.143  INFO   combat      engage id=156 species=monster_고블린_2 rel=(7,-8)
2026-09-29 13:01:22.155  INFO   decision    mode=traveling goal=combat action=attack target=156 sticky=156 origin=(270,260) shop=0 scrolled=0 reason='screen engage' status=success
2026-09-29 13:01:22.727  INFO   session     Entity shadow: vision=5 {'monster': 4, 'player': 1} memory=4 {'monster': 3, 'npc': 1} paired=2 median=0.020 unleveled=207:兔子
2026-09-29 13:01:22.784  INFO   combat      farm branch=sticky id=156 dist=8
2026-09-29 13:01:23.566  INFO   combat      farm branch=sticky id=156 dist=8
2026-09-29 13:01:24.086  INFO   combat      farm branch=sticky id=156 dist=8
2026-09-29 13:01:24.896  INFO   combat      farm branch=sticky id=156 dist=7
2026-09-29 13:01:25.467  INFO   combat      farm branch=sticky id=156 dist=6
2026-09-29 13:01:25.723  INFO   combat      farm branch=sticky id=156 dist=6
2026-09-29 13:01:26.686  INFO   combat      farm branch=sticky id=156 dist=6
2026-09-29 13:01:27.416  INFO   combat      farm branch=sticky id=155 dist=4
2026-09-29 13:01:27.417  INFO   decision    mode=traveling goal=combat action=attack target=155 sticky=155 origin=(276,255) shop=0 scrolled=0 reason='attack target' status=success
2026-09-29 13:01:27.845  INFO   session     Entity shadow: vision=6 {'monster': 4, 'item': 1, 'player': 1} memory=5 {'monster': 3, 'item': 1, 'npc': 1} paired=4 median=0.041
2026-09-29 13:01:27.927  INFO   combat      farm branch=sticky id=155 dist=4
2026-09-29 13:01:28.460  INFO   combat      farm branch=sticky id=155 dist=4
2026-09-29 13:01:28.931  INFO   combat      farm branch=sticky id=155 dist=4
2026-09-29 13:01:29.318  INFO   combat      farm branch=sticky id=155 dist=4
2026-09-29 13:01:29.948  INFO   loot        begin_loot_item id=160
2026-09-29 13:01:30.154  INFO   loot        approach hop item=160 wp=(278, 258) reason=walk onto item
2026-09-29 13:01:30.162  INFO   loot        farm branch=loot item_id=160
2026-09-29 13:01:30.173  INFO   decision    mode=traveling goal=loot action=searching target=160 sticky=- origin=(276,255) shop=0 scrolled=0 reason='walk onto item' status=success
2026-09-29 13:01:30.842  INFO   loot        farm branch=loot item_id=160
2026-09-29 13:01:30.843  INFO   decision    mode=traveling goal=loot action=pickup target=160 sticky=- origin=(277,256) shop=0 scrolled=0 reason='loot target' status=success
2026-09-29 13:01:31.080  INFO   action      cursor reject id=160 item=true reason=cursor=arrow/attack score=1.000 not allowed
2026-09-29 13:01:31.658  INFO   loot        farm branch=loot item_id=160
2026-09-29 13:01:32.533  INFO   loot        pickup retry id=160 (await still listed)
2026-09-29 13:01:32.533  INFO   loot        pickup emit item=160 reason=pickup retry
2026-09-29 13:01:32.543  INFO   loot        farm branch=loot item_id=None
2026-09-29 13:01:33.165  INFO   session     Entity shadow: vision=4 {'item': 1, 'player': 2, 'monster': 1} memory=5 {'npc': 2, 'monster': 1, 'player': 1, 'item': 1} paired=3 median=0.014
2026-09-29 13:01:33.221  INFO   loot        begin_loot_item id=161
2026-09-29 13:01:33.221  INFO   loot        pickup emit item=161 reason=engage item
2026-09-29 13:01:33.228  INFO   loot        farm branch=loot item_id=161
2026-09-29 13:01:33.237  INFO   decision    mode=traveling goal=loot action=pickup target=161 sticky=- origin=(279,257) shop=0 scrolled=0 reason='engage item' status=success
2026-09-29 13:01:33.910  INFO   loot        pickup retry id=161 (await still listed)
2026-09-29 13:01:34.330  INFO   loot        pickup emit item=161 reason=pickup retry
2026-09-29 13:01:34.340  INFO   loot        farm branch=loot item_id=None
2026-09-29 13:01:35.116  INFO   combat      farm branch=loot_miss_combat id=158 dist=9
2026-09-29 13:01:35.133  INFO   combat      engage id=158 species=monster_오크 전사_8 rel=(0,9)
2026-09-29 13:01:35.144  INFO   decision    mode=traveling goal=combat action=attack target=158 sticky=158 origin=(279,256) shop=0 scrolled=0 reason='engage target' status=success
2026-09-29 13:01:35.798  INFO   combat      farm branch=sticky id=158 dist=10
2026-09-29 13:01:36.481  INFO   search      farm branch=none (wander/search next)
2026-09-29 13:01:36.704  INFO   travel      hop begin wp=(284, 265) purpose=enter_farm reason=enter farm area
2026-09-29 13:01:36.715  INFO   decision    mode=traveling goal=traveling action=traveling target=- sticky=- origin=(279,256) shop=0 scrolled=0 reason='enter farm area' status=success
2026-09-29 13:01:37.091  INFO   search      farm branch=none (wander/search next)
2026-09-29 13:01:37.567  INFO   search      farm branch=none (wander/search next)
2026-09-29 13:01:38.057  INFO   search      farm branch=none (wander/search next)
2026-09-29 13:01:38.464  INFO   session     Entity shadow: vision=2 {'player': 2} memory=2 {'npc': 1, 'player': 1} paired=1 median=0.029
2026-09-29 13:01:38.528  INFO   search      farm branch=none (wander/search next)
2026-09-29 13:01:38.776  INFO   search      farm branch=none (wander/search next)
2026-09-29 13:01:39.037  INFO   travel      hop begin wp=(284, 265) purpose=enter_farm reason=enter farm area
2026-09-29 13:01:39.404  INFO   search      farm branch=none (wander/search next)
2026-09-29 13:01:40.284  INFO   search      farm branch=none (wander/search next)
2026-09-29 13:01:40.991  INFO   search      farm branch=none (wander/search next)
2026-09-29 13:01:41.433  INFO   search      farm branch=none (wander/search next)
2026-09-29 13:01:41.436  INFO   travel      hop begin wp=(286, 267) purpose=enter_farm reason=enter farm area
2026-09-29 13:01:41.855  INFO   search      farm branch=none (wander/search next)
2026-09-29 13:01:42.311  INFO   search      farm branch=none (wander/search next)
2026-09-29 13:01:42.850  INFO   search      farm branch=none (wander/search next)
2026-09-29 13:01:43.513  INFO   search      farm branch=none (wander/search next)
2026-09-29 13:01:43.769  INFO   travel      hop begin wp=(289, 270) purpose=enter_farm reason=enter farm area
2026-09-29 13:01:44.324  INFO   session     Entity shadow: vision=1 {'player': 1} memory=3 {'monster': 1, 'npc': 2} paired=0 median=0.000 unleveled=14:青蛙
2026-09-29 13:01:44.400  INFO   search      farm branch=none (wander/search next)
2026-09-29 13:01:44.721  INFO   search      farm branch=none (wander/search next)
2026-09-29 13:01:45.554  INFO   search      farm branch=none (wander/search next)
2026-09-29 13:01:46.173  INFO   search      farm branch=none (wander/search next)
2026-09-29 13:01:46.231  INFO   travel      hop begin wp=(294, 272) purpose=enter_farm reason=enter farm area
2026-09-29 13:01:46.748  INFO   search      farm branch=none (wander/search next)
2026-09-29 13:01:46.956  INFO   search      farm branch=none (wander/search next)
2026-09-29 13:01:47.490  INFO   search      farm branch=none (wander/search next)
2026-09-29 13:01:47.874  INFO   session     Paused — hotkey
2026-09-29 13:02:24.682  INFO   session     Pause / Resume → Running
2026-09-29 13:02:25.181  INFO   session     Entity shadow: vision=3 {'player': 1, 'npc': 2} memory=3 {'monster': 1, 'item': 1, 'npc': 1} paired=1 median=0.016 unleveled=14:青蛙
2026-09-29 13:02:25.347  INFO   nav         unstick TP emit reason=unstick confined
2026-09-29 13:02:25.788  INFO   nav         confined escape fired (bubble timeout)
2026-09-29 13:02:25.799  INFO   decision    mode=traveling goal=unstick action=teleport target=- sticky=- origin=(290,260) shop=0 scrolled=0 reason='unstick confined' status=success
2026-09-29 13:02:27.058  INFO   loot        begin_loot_item id=170
2026-09-29 13:02:27.070  INFO   loot        approach hop item=170 wp=(295, 248) reason=walk onto item
2026-09-29 13:02:27.076  INFO   loot        farm branch=loot item_id=170
2026-09-29 13:02:27.088  INFO   decision    mode=traveling goal=loot action=searching target=170 sticky=- origin=(290,260) shop=0 scrolled=0 reason='walk onto item' status=success
2026-09-29 13:02:27.738  INFO   loot        farm branch=loot item_id=170
2026-09-29 13:02:27.739  INFO   decision    mode=traveling goal=loot action=pickup target=170 sticky=- origin=(295,249) shop=0 scrolled=0 reason='loot target' status=success
2026-09-29 13:02:28.343  INFO   loot        pickup retry id=170 (await still listed)
2026-09-29 13:02:28.344  INFO   loot        pickup emit item=170 reason=pickup retry
2026-09-29 13:02:28.355  INFO   loot        farm branch=loot item_id=None
2026-09-29 13:02:28.885  INFO   loot        pickup retry id=170 (await still listed)
2026-09-29 13:02:28.886  INFO   loot        pickup emit item=170 reason=pickup retry
2026-09-29 13:02:28.895  INFO   loot        farm branch=loot item_id=None
2026-09-29 13:02:29.428  INFO   loot        pickup retry id=170 (await still listed)
2026-09-29 13:02:29.428  INFO   loot        pickup emit item=170 reason=pickup retry
2026-09-29 13:02:29.438  INFO   loot        farm branch=loot item_id=None
2026-09-29 13:02:30.043  INFO   combat      farm branch=screen_combat id=171 dist=3
2026-09-29 13:02:30.059  INFO   combat      engage id=171 species=monster_고블린_2 rel=(-3,-1)
2026-09-29 13:02:30.070  INFO   decision    mode=traveling goal=combat action=attack target=171 sticky=171 origin=(296,248) shop=0 scrolled=0 reason='screen engage' status=success
2026-09-29 13:02:30.648  INFO   session     Entity shadow: vision=5 {'npc': 1, 'monster': 3, 'player': 1} memory=5 {'monster': 3, 'npc': 2} paired=3 median=0.020 unleveled=14:青蛙
2026-09-29 13:02:30.726  INFO   combat      farm branch=sticky id=171 dist=3
2026-09-29 13:02:31.364  INFO   combat      farm branch=screen_combat id=174 dist=11
2026-09-29 13:02:31.611  INFO   combat      engage id=174 species=monster_오크_2 rel=(-11,2)
2026-09-29 13:02:31.623  INFO   decision    mode=traveling goal=combat action=attack target=174 sticky=174 origin=(296,248) shop=0 scrolled=0 reason='screen engage' status=success
2026-09-29 13:02:32.813  INFO   decision    mode=traveling goal=buff action=buff target=- sticky=174 origin=(296,248) shop=0 scrolled=0 reason='power_up' status=success
2026-09-29 13:02:33.589  INFO   combat      farm branch=sticky id=174 dist=8
2026-09-29 13:02:33.590  INFO   decision    mode=traveling goal=combat action=attack target=174 sticky=174 origin=(296,248) shop=0 scrolled=0 reason='attack target' status=success
2026-09-29 13:02:34.296  INFO   combat      farm branch=sticky id=174 dist=7
2026-09-29 13:02:34.898  INFO   combat      farm branch=sticky id=174 dist=6
2026-09-29 13:02:35.453  INFO   combat      farm branch=sticky id=174 dist=6
2026-09-29 13:02:36.294  INFO   session     Entity shadow: vision=5 {'player': 2, 'monster': 2, 'npc': 1} memory=3 {'monster': 1, 'npc': 2} paired=2 median=0.034
2026-09-29 13:02:36.373  INFO   combat      farm branch=sticky id=174 dist=5
2026-09-29 13:02:36.932  INFO   combat      farm branch=sticky id=174 dist=3
2026-09-29 13:02:37.455  INFO   combat      farm branch=sticky id=174 dist=1
2026-09-29 13:02:37.880  INFO   combat      farm branch=sticky id=174 dist=1
2026-09-29 13:02:38.418  INFO   loot        begin_loot_item id=175
2026-09-29 13:02:38.613  INFO   loot        pickup emit item=175 reason=engage item
2026-09-29 13:02:38.623  INFO   loot        farm branch=loot item_id=175
2026-09-29 13:02:38.635  INFO   decision    mode=traveling goal=loot action=pickup target=175 sticky=- origin=(294,248) shop=0 scrolled=0 reason='engage item' status=success
2026-09-29 13:02:39.335  INFO   loot        pickup retry id=175 (await still listed)
2026-09-29 13:02:39.336  INFO   loot        pickup emit item=175 reason=pickup retry
2026-09-29 13:02:39.345  INFO   loot        farm branch=loot item_id=None
2026-09-29 13:02:40.017  INFO   search      farm branch=none (wander/search next)
2026-09-29 13:02:40.457  INFO   travel      hop begin wp=(303, 253) purpose=enter_farm reason=enter farm area
2026-09-29 13:02:40.479  INFO   decision    mode=traveling goal=traveling action=traveling target=- sticky=- origin=(293,249) shop=0 scrolled=0 reason='enter farm area' status=success
2026-09-29 13:02:40.911  INFO   search      farm branch=none (wander/search next)
2026-09-29 13:02:41.253  INFO   session     Entity shadow: vision=2 {'npc': 1, 'player': 1} memory=3 {'npc': 3} paired=1 median=0.028
2026-09-29 13:02:41.315  INFO   search      farm branch=none (wander/search next)
2026-09-29 13:02:41.903  INFO   search      farm branch=none (wander/search next)
2026-09-29 13:02:42.510  INFO   search      farm branch=none (wander/search next)
2026-09-29 13:02:42.797  INFO   travel      hop begin wp=(303, 253) purpose=enter_farm reason=enter farm area
2026-09-29 13:02:43.370  INFO   search      farm branch=none (wander/search next)
2026-09-29 13:02:43.663  INFO   search      farm branch=none (wander/search next)
2026-09-29 13:02:44.213  INFO   search      farm branch=none (wander/search next)
2026-09-29 13:02:44.729  INFO   search      farm branch=none (wander/search next)
2026-09-29 13:02:45.057  INFO   search      farm branch=none (wander/search next)
2026-09-29 13:02:45.160  INFO   travel      hop begin wp=(303, 252) purpose=enter_farm reason=enter farm area
2026-09-29 13:02:45.519  INFO   search      farm branch=none (wander/search next)
2026-09-29 13:02:46.370  INFO   search      farm branch=none (wander/search next)
2026-09-29 13:02:46.994  INFO   session     Entity shadow: vision=3 {'player': 1, 'npc': 1, 'monster': 1} memory=3 {'npc': 2, 'monster': 1} paired=1 median=0.047 unleveled=14:青蛙
2026-09-29 13:02:47.089  INFO   search      farm branch=none (wander/search next)
2026-09-29 13:02:47.381  INFO   search      farm branch=none (wander/search next)
2026-09-29 13:02:47.525  INFO   travel      hop begin wp=(303, 264) purpose=enter_farm reason=enter farm area
2026-09-29 13:02:48.022  INFO   search      farm branch=none (wander/search next)
2026-09-29 13:02:48.368  INFO   search      farm branch=none (wander/search next)
2026-09-29 13:02:48.941  INFO   search      farm branch=none (wander/search next)
2026-09-29 13:02:49.572  INFO   search      farm branch=none (wander/search next)
2026-09-29 13:02:49.913  INFO   travel      hop begin wp=(303, 269) purpose=enter_farm reason=enter farm area
2026-09-29 13:02:50.360  INFO   search      farm branch=none (wander/search next)
2026-09-29 13:02:50.756  INFO   search      farm branch=none (wander/search next)
2026-09-29 13:02:51.179  INFO   search      farm branch=none (wander/search next)
2026-09-29 13:02:51.360  INFO   search      farm branch=none (wander/search next)
2026-09-29 13:02:52.285  INFO   search      farm branch=none (wander/search next)
2026-09-29 13:02:52.493  INFO   travel      hop begin wp=(305, 271) purpose=enter_farm reason=enter farm area
2026-09-29 13:02:53.420  INFO   session     Entity shadow: vision=2 {'player': 1, 'npc': 1} memory=2 {'monster': 1, 'npc': 1} paired=1 median=0.030 unleveled=14:青蛙
2026-09-29 13:02:53.511  INFO   search      farm branch=none (wander/search next)
2026-09-29 13:02:53.712  INFO   search      farm branch=none (wander/search next)
2026-09-29 13:02:54.289  INFO   combat      farm branch=screen_combat id=179 dist=16
2026-09-29 13:02:54.607  INFO   combat      engage id=179 species=monster_오크_2 rel=(16,2)
2026-09-29 13:02:54.619  INFO   decision    mode=traveling goal=combat action=attack target=179 sticky=179 origin=(304,261) shop=0 scrolled=0 reason='screen engage' status=success
2026-09-29 13:02:55.358  INFO   combat      farm branch=sticky id=179 dist=15
2026-09-29 13:02:55.850  INFO   combat      farm branch=sticky id=179 dist=15
2026-09-29 13:02:56.399  INFO   combat      farm branch=sticky id=179 dist=15
2026-09-29 13:02:56.755  INFO   combat      farm branch=sticky id=179 dist=13
2026-09-29 13:02:57.164  INFO   combat      farm branch=sticky id=179 dist=13
2026-09-29 13:02:57.744  INFO   combat      farm branch=sticky id=179 dist=12
2026-09-29 13:02:58.597  INFO   session     Entity shadow: vision=2 {'player': 1, 'monster': 1} memory=2 {'monster': 2} paired=1 median=0.012 unleveled=14:青蛙
2026-09-29 13:02:58.746  INFO   combat      farm branch=sticky id=179 dist=12
2026-09-29 13:02:59.735  INFO   search      farm branch=none (wander/search next)
2026-09-29 13:02:59.887  INFO   travel      hop begin wp=(305, 275) purpose=enter_farm reason=enter farm area
2026-09-29 13:02:59.898  INFO   decision    mode=traveling goal=traveling action=traveling target=- sticky=- origin=(309,263) shop=0 scrolled=0 reason='enter farm area' status=success
2026-09-29 13:03:00.468  INFO   search      farm branch=none (wander/search next)
2026-09-29 13:03:00.735  INFO   search      farm branch=none (wander/search next)
2026-09-29 13:03:01.250  INFO   search      farm branch=none (wander/search next)
2026-09-29 13:03:01.852  INFO   search      farm branch=none (wander/search next)
2026-09-29 13:03:02.260  INFO   travel      hop begin wp=(305, 275) purpose=enter_farm reason=enter farm area
2026-09-29 13:03:02.854  INFO   search      farm branch=none (wander/search next)
2026-09-29 13:03:03.038  INFO   search      farm branch=none (wander/search next)
2026-09-29 13:03:03.523  INFO   session     Entity shadow: vision=1 {'npc': 1} memory=2 {'monster': 2} paired=0 median=0.000 unleveled=14:青蛙,68:警衛
2026-09-29 13:03:03.577  INFO   search      farm branch=none (wander/search next)
2026-09-29 13:03:04.077  INFO   search      farm branch=none (wander/search next)
2026-09-29 13:03:04.619  INFO   search      farm branch=none (wander/search next)
2026-09-29 13:03:04.688  INFO   travel      hop begin wp=(305, 283) purpose=enter_farm reason=enter farm area
2026-09-29 13:03:05.265  INFO   search      farm branch=none (wander/search next)
2026-09-29 13:03:05.578  INFO   search      farm branch=none (wander/search next)
2026-09-29 13:03:05.908  INFO   search      farm branch=none (wander/search next)
2026-09-29 13:03:06.310  INFO   search      farm branch=none (wander/search next)
2026-09-29 13:03:06.535  INFO   search      farm branch=none (wander/search next)
2026-09-29 13:03:06.913  INFO   search      farm branch=none (wander/search next)
2026-09-29 13:03:06.972  INFO   travel      hop begin wp=(305, 284) purpose=enter_farm reason=enter farm area
2026-09-29 13:03:07.466  INFO   search      farm branch=none (wander/search next)
2026-09-29 13:03:07.681  INFO   search      farm branch=none (wander/search next)
2026-09-29 13:03:07.914  INFO   search      farm branch=none (wander/search next)
2026-09-29 13:03:08.362  INFO   search      farm branch=none (wander/search next)
2026-09-29 13:03:08.888  INFO   session     Entity shadow: vision=2 {'player': 1, 'npc': 1} memory=2 {'monster': 2} paired=0 median=0.000 unleveled=14:青蛙,68:警衛
2026-09-29 13:03:08.978  INFO   search      farm branch=none (wander/search next)
2026-09-29 13:03:09.303  INFO   travel      hop begin wp=(305, 288) purpose=enter_farm reason=enter farm area
2026-09-29 13:03:09.890  INFO   search      farm branch=none (wander/search next)
2026-09-29 13:03:10.160  INFO   search      farm branch=none (wander/search next)
2026-09-29 13:03:11.033  INFO   search      farm branch=none (wander/search next)
2026-09-29 13:03:11.505  INFO   search      farm branch=none (wander/search next)
2026-09-29 13:03:11.628  INFO   travel      hop begin wp=(305, 291) purpose=enter_farm reason=enter farm area
2026-09-29 13:03:12.123  INFO   search      farm branch=none (wander/search next)
2026-09-29 13:03:12.337  INFO   search      farm branch=none (wander/search next)
2026-09-29 13:03:12.641  INFO   search      farm branch=none (wander/search next)
2026-09-29 13:03:12.929  INFO   search      farm branch=none (wander/search next)
2026-09-29 13:03:13.209  INFO   search      farm branch=none (wander/search next)
2026-09-29 13:03:13.537  INFO   search      farm branch=none (wander/search next)
2026-09-29 13:03:13.920  INFO   search      farm branch=none (wander/search next)
2026-09-29 13:03:13.965  INFO   travel      hop begin wp=(305, 296) purpose=enter_farm reason=enter farm area
2026-09-29 13:03:14.522  INFO   session     Entity shadow: vision=1 {'player': 1} memory=1 {'monster': 1} paired=0 median=0.000 unleveled=68:警衛
2026-09-29 13:03:14.591  INFO   search      farm branch=none (wander/search next)
2026-09-29 13:03:14.799  INFO   search      farm branch=none (wander/search next)
2026-09-29 13:03:15.370  INFO   search      farm branch=none (wander/search next)
2026-09-29 13:03:15.817  INFO   search      farm branch=none (wander/search next)
2026-09-29 13:03:16.025  INFO   search      farm branch=none (wander/search next)
2026-09-29 13:03:16.383  INFO   travel      hop begin wp=(305, 299) purpose=enter_farm reason=enter farm area
2026-09-29 13:03:16.899  INFO   search      farm branch=none (wander/search next)
2026-09-29 13:03:17.089  INFO   search      farm branch=none (wander/search next)
2026-09-29 13:03:17.507  INFO   search      farm branch=none (wander/search next)
2026-09-29 13:03:18.121  INFO   search      farm branch=none (wander/search next)
2026-09-29 13:03:18.714  INFO   search      farm branch=none (wander/search next)
2026-09-29 13:03:18.774  INFO   travel      hop begin wp=(303, 302) purpose=enter_farm reason=enter farm area
2026-09-29 13:03:19.296  INFO   session     Entity shadow: vision=3 {'player': 2, 'npc': 1} memory=1 {'monster': 1} paired=0 median=0.000 unleveled=10:警衛
2026-09-29 13:03:19.349  INFO   search      farm branch=none (wander/search next)
2026-09-29 13:03:19.647  INFO   search      farm branch=none (wander/search next)
2026-09-29 13:03:20.040  INFO   search      farm branch=none (wander/search next)
2026-09-29 13:03:20.397  INFO   search      farm branch=none (wander/search next)
2026-09-29 13:03:20.570  INFO   search      farm branch=none (wander/search next)
2026-09-29 13:03:20.821  INFO   search      farm branch=none (wander/search next)
2026-09-29 13:03:21.015  INFO   travel      hop begin wp=(303, 306) purpose=enter_farm reason=enter farm area
2026-09-29 13:03:21.618  INFO   search      farm branch=none (wander/search next)
2026-09-29 13:03:21.823  INFO   search      farm branch=none (wander/search next)
2026-09-29 13:03:22.331  INFO   search      farm branch=none (wander/search next)
2026-09-29 13:03:22.331  INFO   decision    mode=traveling goal=traveling action=traveling target=- sticky=- origin=(303,294) shop=0 scrolled=0 reason='enter farm area' status=success (repeat x50)
2026-09-29 13:03:22.787  INFO   search      farm branch=none (wander/search next)
2026-09-29 13:03:23.295  INFO   search      farm branch=none (wander/search next)
2026-09-29 13:03:23.519  INFO   travel      hop begin wp=(303, 308) purpose=enter_farm reason=enter farm area
2026-09-29 13:03:24.324  INFO   search      farm branch=none (wander/search next)
2026-09-29 13:03:24.571  INFO   session     Entity shadow: vision=2 {'player': 1, 'npc': 1} memory=1 {'monster': 1} paired=0 median=0.000 unleveled=10:警衛
2026-09-29 13:03:24.634  INFO   search      farm branch=none (wander/search next)
2026-09-29 13:03:25.021  INFO   search      farm branch=none (wander/search next)
2026-09-29 13:03:25.211  INFO   search      farm branch=none (wander/search next)
2026-09-29 13:03:25.527  INFO   search      farm branch=none (wander/search next)
2026-09-29 13:03:25.642  INFO   travel      hop begin wp=(303, 311) purpose=enter_farm reason=enter farm area
2026-09-29 13:03:26.223  INFO   search      farm branch=none (wander/search next)
2026-09-29 13:03:26.421  INFO   search      farm branch=none (wander/search next)
2026-09-29 13:03:26.867  INFO   search      farm branch=none (wander/search next)
2026-09-29 13:03:27.038  INFO   search      farm branch=none (wander/search next)
2026-09-29 13:03:27.543  INFO   search      farm branch=none (wander/search next)
2026-09-29 13:03:27.839  INFO   search      farm branch=none (wander/search next)
2026-09-29 13:03:27.963  INFO   travel      hop begin wp=(304, 313) purpose=enter_farm reason=enter farm area
2026-09-29 13:03:28.345  INFO   search      farm branch=none (wander/search next)
2026-09-29 13:03:28.754  INFO   search      farm branch=none (wander/search next)
2026-09-29 13:03:29.171  INFO   search      farm branch=none (wander/search next)
2026-09-29 13:03:29.704  INFO   session     Entity shadow: vision=2 {'player': 1, 'npc': 1} memory=1 {'monster': 1} paired=0 median=0.000 unleveled=10:警衛
2026-09-29 13:03:29.780  INFO   search      farm branch=none (wander/search next)
2026-09-29 13:03:29.941  INFO   search      farm branch=none (wander/search next)
2026-09-29 13:03:30.307  INFO   search      farm branch=none (wander/search next)
2026-09-29 13:03:30.346  INFO   travel      hop begin wp=(308, 317) purpose=enter_farm reason=enter farm area
2026-09-29 13:03:30.888  INFO   search      farm branch=none (wander/search next)
2026-09-29 13:03:31.110  INFO   search      farm branch=none (wander/search next)
2026-09-29 13:03:31.495  INFO   loot        begin_loot_item id=183
2026-09-29 13:03:31.497  INFO   loot        approach hop item=183 wp=(312, 314) reason=walk onto item
2026-09-29 13:03:31.504  INFO   loot        farm branch=loot item_id=183
2026-09-29 13:03:31.515  INFO   decision    mode=traveling goal=loot action=searching target=183 sticky=- origin=(305,307) shop=0 scrolled=0 reason='walk onto item' status=success
2026-09-29 13:03:31.874  INFO   loot        farm branch=loot item_id=183
2026-09-29 13:03:32.357  INFO   loot        farm branch=loot item_id=183
2026-09-29 13:03:32.881  INFO   loot        farm branch=loot item_id=183
2026-09-29 13:03:33.492  INFO   loot        farm branch=loot item_id=183
2026-09-29 13:03:34.043  INFO   loot        approach hop item=183 wp=(314, 315) reason=walk onto item
2026-09-29 13:03:34.417  INFO   loot        farm branch=loot item_id=183
2026-09-29 13:03:35.015  INFO   session     Entity shadow: vision=2 {'player': 1, 'item': 1} memory=1 {'item': 1} paired=1 median=0.004
2026-09-29 13:03:35.101  INFO   loot        farm branch=loot item_id=183
2026-09-29 13:03:35.361  INFO   loot        farm branch=loot item_id=183
2026-09-29 13:03:35.835  INFO   loot        farm branch=loot item_id=183
2026-09-29 13:03:36.352  INFO   loot        farm branch=loot item_id=183
2026-09-29 13:03:36.792  INFO   decision    mode=traveling goal=loot action=pickup target=183 sticky=- origin=(313,315) shop=0 scrolled=0 reason='loot target' status=success
2026-09-29 13:03:37.409  INFO   loot        pickup retry id=183 (await still listed)
2026-09-29 13:03:37.410  INFO   loot        pickup emit item=183 reason=pickup retry
2026-09-29 13:03:37.429  INFO   loot        farm branch=loot item_id=None
2026-09-29 13:03:38.097  INFO   loot        pickup retry id=183 (await still listed)
2026-09-29 13:03:38.098  INFO   loot        pickup emit item=183 reason=pickup retry
2026-09-29 13:03:38.108  INFO   loot        farm branch=loot item_id=None
2026-09-29 13:03:38.732  INFO   loot        pickup retry id=183 (await still listed)
2026-09-29 13:03:38.733  INFO   loot        pickup emit item=183 reason=pickup retry
2026-09-29 13:03:38.742  INFO   loot        farm branch=loot item_id=None
2026-09-29 13:03:39.275  INFO   loot        pickup retry id=183 (await still listed)
2026-09-29 13:03:39.275  INFO   loot        pickup emit item=183 reason=pickup retry
2026-09-29 13:03:39.285  INFO   loot        farm branch=loot item_id=None
2026-09-29 13:03:39.832  INFO   session     Entity shadow: vision=3 {'player': 1, 'monster': 2} memory=3 {'monster': 3} paired=2 median=0.082
2026-09-29 13:03:39.913  INFO   combat      farm branch=screen_combat id=185 dist=3
2026-09-29 13:03:39.925  INFO   combat      engage id=185 species=monster_오크_2 rel=(3,1)
2026-09-29 13:03:39.934  INFO   decision    mode=traveling goal=combat action=attack target=185 sticky=185 origin=(315,315) shop=0 scrolled=0 reason='screen engage' status=success
2026-09-29 13:03:40.578  INFO   combat      farm branch=sticky id=185 dist=3
2026-09-29 13:03:41.221  INFO   combat      farm branch=screen_combat id=184 dist=4
2026-09-29 13:03:41.485  INFO   combat      engage id=184 species=monster_오크 전사_8 rel=(4,0)
2026-09-29 13:03:41.496  INFO   decision    mode=traveling goal=combat action=attack target=184 sticky=184 origin=(315,315) shop=0 scrolled=0 reason='screen engage' status=success
2026-09-29 13:03:42.298  INFO   combat      farm branch=sticky id=184 dist=5
2026-09-29 13:03:43.047  INFO   combat      farm branch=sticky id=184 dist=4
2026-09-29 13:03:43.746  INFO   combat      farm branch=sticky id=184 dist=4
2026-09-29 13:03:44.281  INFO   combat      farm branch=sticky id=184 dist=4
2026-09-29 13:03:44.928  INFO   loot        begin_loot_item id=189
2026-09-29 13:03:45.115  INFO   loot        approach hop item=189 wp=(320, 318) reason=walk onto item
2026-09-29 13:03:45.122  INFO   loot        farm branch=loot item_id=189
2026-09-29 13:03:45.136  INFO   decision    mode=traveling goal=loot action=searching target=189 sticky=- origin=(315,315) shop=0 scrolled=0 reason='walk onto item' status=success
2026-09-29 13:03:45.686  INFO   session     Entity shadow: vision=4 {'player': 1, 'item': 2, 'monster': 1} memory=4 {'player': 2, 'item': 2} paired=2 median=0.043
2026-09-29 13:03:45.741  INFO   loot        farm branch=loot item_id=189
2026-09-29 13:03:46.012  INFO   loot        farm branch=loot item_id=189
2026-09-29 13:03:46.522  INFO   loot        farm branch=loot item_id=189
2026-09-29 13:03:46.900  INFO   loot        farm branch=loot item_id=189
2026-09-29 13:03:47.129  INFO   loot        approach hop item=189 wp=(320, 318) reason=walk onto item
2026-09-29 13:03:47.410  INFO   loot        farm branch=loot item_id=189
2026-09-29 13:03:47.791  INFO   loot        farm branch=loot item_id=189
2026-09-29 13:03:48.635  INFO   loot        farm branch=loot item_id=189
2026-09-29 13:03:49.294  INFO   combat      farm branch=screen_combat id=191 dist=8
2026-09-29 13:03:49.309  INFO   combat      engage id=191 species=monster_오크 전사_8 rel=(8,7)
2026-09-29 13:03:49.321  INFO   decision    mode=traveling goal=combat action=attack target=191 sticky=191 origin=(318,318) shop=0 scrolled=0 reason='screen engage' status=success
2026-09-29 13:03:50.015  INFO   combat      farm branch=sticky id=191 dist=7
2026-09-29 13:03:50.718  INFO   combat      farm branch=sticky id=191 dist=5
2026-09-29 13:03:51.475  INFO   session     Entity shadow: vision=3 {'player': 1, 'monster': 2} memory=3 {'player': 2, 'monster': 1} paired=2 median=0.027
2026-09-29 13:03:51.533  INFO   combat      farm branch=sticky id=191 dist=3
2026-09-29 13:03:51.955  INFO   combat      farm branch=sticky id=191 dist=3
2026-09-29 13:03:52.374  INFO   combat      farm branch=sticky id=191 dist=1
2026-09-29 13:03:53.063  INFO   combat      farm branch=sticky id=191 dist=1
2026-09-29 13:03:53.525  INFO   combat      farm branch=sticky id=191 dist=1
2026-09-29 13:03:54.445  INFO   combat      farm branch=sticky id=191 dist=1
2026-09-29 13:03:55.141  INFO   search      farm branch=none (wander/search next)
2026-09-29 13:03:55.172  INFO   travel      hop begin wp=(316, 330) purpose=enter_farm reason=enter farm area
2026-09-29 13:03:55.183  INFO   decision    mode=traveling goal=traveling action=traveling target=- sticky=- origin=(321,320) shop=0 scrolled=0 reason='enter farm area' status=success
2026-09-29 13:03:55.764  INFO   search      farm branch=none (wander/search next)
2026-09-29 13:03:56.181  INFO   search      farm branch=none (wander/search next)
2026-09-29 13:03:56.330  INFO   session     Entity shadow: vision=3 {'monster': 2, 'player': 1} memory=2 {'player': 1, 'monster': 1} paired=1 median=0.024 unleveled=14:青蛙
2026-09-29 13:03:56.399  INFO   search      farm branch=none (wander/search next)
2026-09-29 13:03:56.823  INFO   search      farm branch=none (wander/search next)
2026-09-29 13:03:57.013  INFO   search      farm branch=none (wander/search next)
2026-09-29 13:03:57.314  INFO   travel      hop begin wp=(315, 332) purpose=enter_farm reason=enter farm area
2026-09-29 13:03:57.680  INFO   search      farm branch=none (wander/search next)
2026-09-29 13:03:58.190  INFO   search      farm branch=none (wander/search next)
2026-09-29 13:03:58.783  INFO   search      farm branch=none (wander/search next)
2026-09-29 13:03:59.114  INFO   session     Paused — hotkey
2026-09-29 13:06:51.256  INFO   session     Pause / Resume → Running
2026-09-29 13:06:51.827  INFO   session     Entity shadow: vision=2 {'player': 1, 'monster': 1} memory=3 {'monster': 2, 'player': 1} paired=1 median=0.019 unleveled=14:青蛙
2026-09-29 13:06:51.998  INFO   decision    mode=traveling goal=buff action=buff target=- sticky=- origin=(313,334) shop=0 scrolled=0 reason='light' status=success
2026-09-29 13:06:53.195  INFO   loot        begin_loot_item id=197
2026-09-29 13:06:53.198  INFO   loot        approach hop item=197 wp=(308, 331) reason=walk onto item
2026-09-29 13:06:53.205  INFO   loot        farm branch=loot item_id=197
2026-09-29 13:06:53.218  INFO   decision    mode=traveling goal=loot action=searching target=197 sticky=- origin=(313,334) shop=0 scrolled=0 reason='walk onto item' status=success
2026-09-29 13:06:53.772  INFO   loot        farm branch=loot item_id=197
2026-09-29 13:06:54.027  INFO   loot        farm branch=loot item_id=197
2026-09-29 13:06:54.496  INFO   search      farm branch=none (wander/search next)
2026-09-29 13:06:54.561  INFO   travel      hop begin wp=(309, 346) purpose=enter_farm reason=enter farm area
2026-09-29 13:06:54.890  INFO   decision    mode=traveling goal=traveling action=traveling target=- sticky=- origin=(313,334) shop=0 scrolled=0 reason='enter farm area' status=success
2026-09-29 13:06:55.254  INFO   search      farm branch=none (wander/search next)
2026-09-29 13:06:55.730  INFO   search      farm branch=none (wander/search next)
2026-09-29 13:06:56.167  INFO   search      farm branch=none (wander/search next)
2026-09-29 13:06:56.370  INFO   search      farm branch=none (wander/search next)
2026-09-29 13:06:56.721  INFO   travel      hop begin wp=(311, 350) purpose=enter_farm reason=enter farm area
2026-09-29 13:06:57.220  INFO   session     Paused — hotkey
2026-09-29 13:06:57.272  INFO   session     Entity shadow: vision=2 {'player': 2} memory=2 {'player': 1, 'monster': 1} paired=1 median=0.026 unleveled=14:青蛙
2026-09-29 13:11:24.245  INFO   session     Stop → Stopped
