2026-09-24 16:31:44.569  INFO   session     Loading Manmabot from D:\Work\Lineage\ManmabotV1_final\engine
2026-09-24 16:31:44.606  INFO   session     Session log D:\Work\Lineage\ManmabotV1_final\engine\logs\bot-20260924-163144.log
2026-09-24 16:31:44.606  INFO   session     character=elf loot=all_items game_lang=ko map=talking_island farms=['area_2', 'area_1', 'area_3'] file=D:\Work\Lineage\ManmabotV1_final\engine\logs\bot-20260924-163144.log
2026-09-24 16:31:44.663  INFO   nav         building portal graph (cluster=32, 479x511)
2026-09-24 16:31:44.905  INFO   nav         portal graph: 188 components, 241 ms
2026-09-24 16:31:44.911  INFO   nav         farms=3 safe=11 home=(354, 203) (files farm=D:\Work\Lineage\ManmabotV1_final\engine\maps\talking_island\farms.yaml safe=D:\Work\Lineage\ManmabotV1_final\engine\maps\talking_island\safe.yaml home=D:\Work\Lineage\ManmabotV1_final\engine\maps\talking_island\home.yaml)
2026-09-24 16:31:44.961  INFO   capture     mss window capture process='LC.exe' title=None content_aspect=4:3
2026-09-24 16:31:45.272  INFO   session     Entity clicks use memory names, species, and world cells. Image recognition still runs. Set memory.entity_source to vision to restore image-only clicks.
2026-09-24 16:31:45.279  INFO   session     Player memory is read in this process (realtime_monitor.dll, offsets.json). No separate console.
2026-09-24 16:31:45.284  INFO   session     Inventory listen scanning in background (build inventory_listen.dll or place inv.json).
2026-09-24 16:31:45.290  INFO   session     Reading hotbar from memory (24 slots)…
2026-09-24 16:31:45.374  INFO   session     Hotbar scan done · hp_potion@box1/f5, talking_scroll@box1/f8
2026-09-24 16:31:45.378  INFO   session     Unmapped hotbar icons: box1/f6:+0 화살 (2,002), box1/f7:아데나 (146), box1/f9:初級治癒術, box1/f10:日光術, box1/f11:傳送術, box1/f12:光箭, box2/f5:保護罩, box2/f6:冰箭, box2/f7:風刃, box2/f8:神聖武器
2026-09-24 16:31:45.397  INFO   session     Loop ready · elf · ko · map=talking_island · loot=all_items · farms=['area_2', 'area_1', 'area_3']
2026-09-24 16:31:45.669  INFO   session     Entity shadow: vision=2 {'npc': 1, 'player': 1} memory=1 {'monster': 1} paired=0 median=0.000 unleveled=68:警衛
2026-09-24 16:31:45.687  INFO   session     Inventory listen ready (dll) · hp=9 arrows=2002 silver=5 depoison=0
2026-09-24 16:31:45.726  INFO   decision    mode=traveling behavior=traveling action=traveling target=- reason='enter farm area' status=success
2026-09-24 16:31:47.673  INFO   session     Paused — hotkey
2026-09-24 16:31:49.463  INFO   session     Resume → Running
2026-09-24 16:31:50.770  INFO   session     Entity shadow: vision=2 {'npc': 1, 'player': 1} memory=3 {'npc': 3} paired=1 median=0.056
2026-09-24 16:31:55.812  INFO   session     Entity shadow: vision=5 {'npc': 3, 'player': 1, 'monster': 1} memory=7 {'npc': 5, 'monster': 1, 'player': 1} paired=2 median=0.051 unleveled=14:青蛙
2026-09-24 16:31:55.833  INFO   decision    mode=traveling behavior=traveling action=traveling target=- reason='enter farm area' status=success (repeat)
2026-09-24 16:32:00.903  INFO   session     Entity shadow: vision=9 {'player': 4, 'monster': 1, 'npc': 4} memory=13 {'npc': 7, 'monster': 2, 'player': 4} paired=7 median=0.023 unleveled=14:青蛙
2026-09-24 16:32:06.185  INFO   session     Entity shadow: vision=33 {'player': 27, 'monster': 2, 'npc': 4} memory=47 {'monster': 1, 'player': 41, 'npc': 5} paired=27 median=0.062 unleveled=14:青蛙
2026-09-24 16:32:11.227  INFO   session     Entity shadow: vision=26 {'player': 21, 'npc': 5} memory=45 {'monster': 2, 'npc': 10, 'player': 33} paired=22 median=0.092 unleveled=14:青蛙,319:?
2026-09-24 16:32:12.536  INFO   decision    mode=traveling behavior=traveling action=traveling target=- reason='enter farm area' status=success (repeat)
2026-09-24 16:32:16.449  INFO   session     Entity shadow: vision=18 {'player': 16, 'npc': 2} memory=63 {'npc': 10, 'player': 51, 'monster': 2} paired=17 median=0.046 unleveled=14:青蛙,319:?
2026-09-24 16:32:21.496  INFO   session     Entity shadow: vision=14 {'player': 12, 'npc': 2} memory=62 {'player': 50, 'monster': 2, 'npc': 10} paired=14 median=0.042 unleveled=14:青蛙,319:?
2026-09-24 16:32:25.067  INFO   decision    mode=traveling behavior=traveling action=traveling target=- reason='enter farm area' status=success (repeat)
2026-09-24 16:32:26.580  INFO   session     Entity shadow: vision=13 {'player': 11, 'npc': 2} memory=61 {'player': 49, 'monster': 2, 'npc': 10} paired=12 median=0.041 unleveled=14:青蛙,319:?
2026-09-24 16:32:31.775  INFO   session     Entity shadow: vision=13 {'player': 11, 'npc': 2} memory=61 {'player': 49, 'monster': 2, 'npc': 10} paired=12 median=0.043 unleveled=14:青蛙,319:?
2026-09-24 16:32:36.126  INFO   decision    mode=traveling behavior=traveling action=traveling target=- reason='enter farm area' status=success (repeat)
2026-09-24 16:32:36.793  INFO   session     Entity shadow: vision=16 {'player': 14, 'npc': 2} memory=63 {'monster': 2, 'player': 51, 'npc': 10} paired=14 median=0.080 unleveled=14:青蛙,319:?
2026-09-24 16:32:41.912  INFO   session     Entity shadow: vision=14 {'player': 12, 'npc': 2} memory=64 {'player': 52, 'monster': 2, 'npc': 10} paired=13 median=0.042 unleveled=14:青蛙,319:?
2026-09-24 16:32:47.014  INFO   session     Entity shadow: vision=20 {'monster': 1, 'player': 17, 'npc': 2} memory=57 {'player': 47, 'npc': 9, 'monster': 1} paired=19 median=0.038 unleveled=319:?
2026-09-24 16:32:50.383  INFO   decision    mode=traveling behavior=traveling action=traveling target=- reason='enter farm area' status=success (repeat)
2026-09-24 16:32:52.179  INFO   session     Entity shadow: vision=20 {'player': 19, 'npc': 1} memory=57 {'player': 47, 'npc': 9, 'monster': 1} paired=19 median=0.102 unleveled=319:?
2026-09-24 16:32:57.477  INFO   session     Entity shadow: vision=5 {'player': 2, 'npc': 2, 'monster': 1} memory=10 {'monster': 1, 'player': 2, 'npc': 7} paired=2 median=0.053 unleveled=68:警衛
2026-09-24 16:33:00.475  INFO   decision    mode=traveling behavior=traveling action=traveling target=- reason='enter farm area' status=success (repeat)
2026-09-24 16:33:02.595  INFO   session     Entity shadow: vision=4 {'player': 2, 'npc': 2} memory=3 {'monster': 2, 'player': 1} paired=1 median=0.039 unleveled=10:警衛,68:警衛
2026-09-24 16:33:07.825  INFO   session     Entity shadow: vision=4 {'player': 2, 'npc': 2} memory=3 {'monster': 2, 'player': 1} paired=1 median=0.026 unleveled=10:警衛,68:警衛
2026-09-24 16:33:08.997  INFO   decision    mode=traveling behavior=traveling action=traveling target=- reason='enter farm area' status=success (repeat)
2026-09-24 16:33:12.968  INFO   session     Entity shadow: vision=4 {'player': 2, 'npc': 2} memory=3 {'monster': 2, 'player': 1} paired=1 median=0.027 unleveled=10:警衛,68:警衛
2026-09-24 16:33:17.457  INFO   decision    mode=traveling behavior=traveling action=traveling target=- reason='enter farm area' status=success (repeat)
2026-09-24 16:33:18.002  INFO   session     Entity shadow: vision=4 {'player': 1, 'npc': 2, 'monster': 1} memory=2 {'monster': 2} paired=0 median=0.000 unleveled=10:警衛,68:警衛
2026-09-24 16:33:23.057  INFO   session     Entity shadow: vision=2 {'player': 1, 'npc': 1} memory=1 {'monster': 1} paired=0 median=0.000 unleveled=68:警衛
2026-09-24 16:33:25.024  INFO   decision    mode=traveling behavior=combat action=attack target=158 reason='engage target' status=success
2026-09-24 16:33:27.211  INFO   decision    mode=traveling behavior=loot action=searching target=159 reason='walk onto item' status=success
2026-09-24 16:33:28.219  INFO   session     Entity shadow: vision=4 {'player': 1, 'item': 1, 'npc': 2} memory=3 {'item': 1, 'monster': 2} paired=1 median=0.020 unleveled=10:警衛,68:警衛
2026-09-24 16:33:30.718  INFO   decision    mode=traveling behavior=combat action=attack target=160 reason='engage target' status=success
2026-09-24 16:33:33.291  INFO   session     Entity shadow: vision=7 {'monster': 4, 'item': 1, 'npc': 1, 'player': 1} memory=6 {'monster': 5, 'item': 1} paired=5 median=0.018 unleveled=10:警衛
2026-09-24 16:33:33.614  INFO   decision    mode=traveling behavior=combat action=attack target=161 reason='engage target' status=success
2026-09-24 16:33:37.950  INFO   decision    mode=traveling behavior=loot action=pickup target=159 reason='engage item' status=success
2026-09-24 16:33:38.330  INFO   session     Entity shadow: vision=5 {'item': 1, 'npc': 1, 'monster': 2, 'player': 1} memory=4 {'monster': 3, 'item': 1} paired=3 median=0.012 unleveled=10:警衛
2026-09-24 16:33:38.350  INFO   decision    mode=traveling behavior=loot action=idle target=- reason='pickup settle' status=success
2026-09-24 16:33:38.778  INFO   decision    mode=traveling behavior=combat action=attack target=162 reason='engage target' status=success
2026-09-24 16:33:41.619  INFO   decision    mode=traveling behavior=loot action=pickup target=164 reason='engage item' status=success
2026-09-24 16:33:41.968  INFO   decision    mode=traveling behavior=loot action=idle target=- reason='pickup settle' status=success
2026-09-24 16:33:42.431  INFO   decision    mode=traveling behavior=combat action=attack target=163 reason='engage target' status=success
2026-09-24 16:33:43.461  INFO   session     Entity shadow: vision=4 {'player': 1, 'monster': 3} memory=3 {'monster': 3} paired=3 median=0.021
2026-09-24 16:33:48.496  INFO   session     Entity shadow: vision=5 {'player': 1, 'monster': 4} memory=2 {'monster': 2} paired=2 median=0.032
2026-09-24 16:33:51.789  INFO   decision    mode=traveling behavior=combat action=attack target=165 reason='engage target' status=success
2026-09-24 16:33:53.575  INFO   session     Entity shadow: vision=4 {'item': 1, 'player': 2, 'monster': 1} memory=3 {'player': 1, 'monster': 1, 'item': 1} paired=3 median=0.010
2026-09-24 16:33:58.746  INFO   session     Entity shadow: vision=4 {'player': 2, 'monster': 2} memory=3 {'monster': 2, 'player': 1} paired=3 median=0.020
2026-09-24 16:34:00.883  INFO   decision    mode=retreating behavior=talking_scroll action=use_talking_scroll target=- reason='retreat, 마법서 상인' status=success
2026-09-24 16:34:01.746  INFO   decision    mode=retreating behavior=loot action=pickup target=170 reason='engage item' status=success
2026-09-24 16:34:02.085  INFO   decision    mode=retreating behavior=loot action=idle target=- reason='pickup settle' status=success
2026-09-24 16:34:02.447  INFO   decision    mode=retreating behavior=retreating action=idle target=- reason='retreating, waiting for hp' status=success
2026-09-24 16:34:03.752  INFO   session     Entity shadow: vision=8 {'monster': 4, 'item': 1, 'npc': 2, 'player': 1} memory=8 {'monster': 4, 'npc': 3, 'item': 1} paired=3 median=0.014 unleveled=68:警衛,10:警衛
2026-09-24 16:34:08.851  INFO   session     Entity shadow: vision=6 {'monster': 2, 'item': 1, 'npc': 2, 'player': 1} memory=8 {'player': 1, 'monster': 3, 'npc': 3, 'item': 1} paired=2 median=0.014 unleveled=68:警衛,10:警衛
2026-09-24 16:34:10.415  INFO   decision    mode=retreating behavior=retreating action=idle target=- reason='retreating, waiting for hp' status=success (repeat)
2026-09-24 16:34:13.880  INFO   session     Entity shadow: vision=6 {'npc': 2, 'monster': 2, 'player': 1, 'item': 1} memory=8 {'monster': 3, 'player': 1, 'npc': 3, 'item': 1} paired=2 median=0.037 unleveled=68:警衛,10:警衛
2026-09-24 16:34:14.073  INFO   decision    mode=retreating behavior=loot action=searching target=176 reason='walk onto item' status=success
2026-09-24 16:34:16.070  INFO   decision    mode=retreating behavior=retreating action=idle target=- reason='retreating, waiting for hp' status=success
2026-09-24 16:34:18.915  INFO   session     Entity shadow: vision=4 {'player': 1, 'npc': 2, 'item': 1} memory=6 {'monster': 2, 'npc': 3, 'item': 1} paired=1 median=0.020 unleveled=68:警衛,10:警衛
2026-09-24 16:34:23.948  INFO   session     Entity shadow: vision=3 {'npc': 2, 'player': 1} memory=7 {'monster': 3, 'npc': 3, 'item': 1} paired=0 median=0.000 unleveled=68:警衛,10:警衛
2026-09-24 16:34:23.975  INFO   decision    mode=retreating behavior=retreating action=idle target=- reason='retreating, waiting for hp' status=success (repeat)
2026-09-24 16:34:28.981  INFO   session     Entity shadow: vision=3 {'npc': 2, 'player': 1} memory=7 {'monster': 3, 'npc': 3, 'item': 1} paired=0 median=0.000 unleveled=68:警衛,10:警衛
2026-09-24 16:34:31.941  INFO   decision    mode=retreating behavior=retreating action=idle target=- reason='retreating, waiting for hp' status=success (repeat)
2026-09-24 16:34:34.111  INFO   session     Entity shadow: vision=4 {'monster': 1, 'npc': 2, 'player': 1} memory=7 {'monster': 3, 'npc': 3, 'item': 1} paired=0 median=0.000 unleveled=68:警衛,10:警衛
2026-09-24 16:34:39.197  INFO   session     Entity shadow: vision=4 {'npc': 2, 'player': 1, 'monster': 1} memory=7 {'monster': 3, 'npc': 3, 'item': 1} paired=0 median=0.000 unleveled=68:警衛,10:警衛
2026-09-24 16:34:39.872  INFO   decision    mode=retreating behavior=retreating action=idle target=- reason='retreating, waiting for hp' status=success (repeat)
2026-09-24 16:34:41.506  INFO   decision    mode=retreating behavior=loot action=searching target=176 reason='walk onto item' status=success
2026-09-24 16:34:44.365  INFO   session     Entity shadow: vision=5 {'player': 1, 'npc': 2, 'item': 2} memory=6 {'monster': 2, 'npc': 3, 'item': 1} paired=1 median=0.029 unleveled=68:警衛,10:警衛
2026-09-24 16:34:46.702  INFO   decision    mode=retreating behavior=retreating action=idle target=- reason='retreating, waiting for hp' status=success
2026-09-24 16:34:49.404  INFO   session     Entity shadow: vision=8 {'monster': 4, 'npc': 2, 'item': 2} memory=9 {'monster': 4, 'item': 2, 'npc': 3} paired=4 median=0.012 unleveled=68:警衛,10:警衛
2026-09-24 16:34:54.488  INFO   session     Entity shadow: vision=9 {'monster': 5, 'npc': 2, 'item': 2} memory=9 {'monster': 4, 'item': 2, 'npc': 3} paired=4 median=0.011 unleveled=68:警衛,10:警衛
2026-09-24 16:34:55.141  INFO   decision    mode=retreating behavior=retreating action=idle target=- reason='retreating, waiting for hp' status=success (repeat)
2026-09-24 16:34:59.533  INFO   session     Entity shadow: vision=10 {'monster': 6, 'npc': 2, 'item': 2} memory=9 {'monster': 4, 'item': 2, 'npc': 3} paired=4 median=0.010 unleveled=68:警衛,10:警衛
2026-09-24 16:35:03.412  INFO   decision    mode=retreating behavior=retreating action=idle target=- reason='retreating, waiting for hp' status=success (repeat)
2026-09-24 16:35:04.619  INFO   session     Entity shadow: vision=9 {'player': 1, 'npc': 2, 'item': 2, 'monster': 4} memory=10 {'player': 1, 'monster': 4, 'item': 2, 'npc': 3} paired=5 median=0.012 unleveled=68:警衛,10:警衛
2026-09-24 16:35:09.757  INFO   session     Entity shadow: vision=9 {'player': 1, 'npc': 2, 'item': 2, 'monster': 4} memory=10 {'monster': 4, 'player': 1, 'item': 2, 'npc': 3} paired=4 median=0.012 unleveled=68:警衛,10:警衛
2026-09-24 16:35:12.006  INFO   decision    mode=retreating behavior=retreating action=idle target=- reason='retreating, waiting for hp' status=success (repeat)
2026-09-24 16:35:14.760  INFO   session     Entity shadow: vision=7 {'monster': 4, 'npc': 2, 'item': 1} memory=8 {'monster': 4, 'item': 1, 'npc': 3} paired=2 median=0.012 unleveled=68:警衛,10:警衛
2026-09-24 16:35:19.832  INFO   session     Entity shadow: vision=8 {'npc': 2, 'item': 1, 'monster': 5} memory=9 {'monster': 5, 'item': 1, 'npc': 3} paired=3 median=0.010 unleveled=68:警衛,10:警衛
2026-09-24 16:35:20.210  INFO   decision    mode=retreating behavior=retreating action=idle target=- reason='retreating, waiting for hp' status=success (repeat)
2026-09-24 16:35:24.963  INFO   session     Entity shadow: vision=9 {'monster': 6, 'npc': 2, 'item': 1} memory=9 {'monster': 5, 'item': 1, 'npc': 3} paired=3 median=0.011 unleveled=68:警衛,10:警衛
2026-09-24 16:35:28.560  INFO   decision    mode=retreating behavior=retreating action=idle target=- reason='retreating, waiting for hp' status=success (repeat)
2026-09-24 16:35:30.133  INFO   session     Entity shadow: vision=8 {'npc': 2, 'item': 1, 'monster': 5} memory=9 {'monster': 5, 'item': 1, 'npc': 3} paired=3 median=0.010 unleveled=68:警衛,10:警衛
2026-09-24 16:35:35.268  INFO   session     Entity shadow: vision=8 {'monster': 5, 'npc': 2, 'item': 1} memory=9 {'monster': 5, 'item': 1, 'npc': 3} paired=3 median=0.010 unleveled=68:警衛,10:警衛
2026-09-24 16:35:36.992  INFO   decision    mode=retreating behavior=retreating action=idle target=- reason='retreating, waiting for hp' status=success (repeat)
2026-09-24 16:35:40.290  INFO   session     Entity shadow: vision=10 {'monster': 5, 'npc': 2, 'item': 1, 'player': 2} memory=11 {'monster': 5, 'player': 2, 'item': 1, 'npc': 3} paired=5 median=0.029 unleveled=68:警衛,10:警衛
2026-09-24 16:35:45.466  INFO   session     Entity shadow: vision=8 {'npc': 2, 'player': 2, 'item': 1, 'monster': 3} memory=12 {'monster': 6, 'player': 2, 'item': 1, 'npc': 3} paired=5 median=0.019 unleveled=68:警衛,10:警衛
2026-09-24 16:35:45.514  INFO   decision    mode=retreating behavior=retreating action=idle target=- reason='retreating, waiting for hp' status=success (repeat)
2026-09-24 16:35:50.105  INFO   decision    mode=traveling behavior=combat action=attack target=183 reason='engage target' status=success
2026-09-24 16:35:50.588  INFO   session     Entity shadow: vision=9 {'npc': 2, 'monster': 5, 'player': 2} memory=11 {'monster': 6, 'player': 2, 'npc': 3} paired=5 median=0.028 unleveled=68:警衛,10:警衛
2026-09-24 16:35:51.812  INFO   decision    mode=traveling behavior=combat action=attack target=184 reason='engage target' status=success
2026-09-24 16:35:53.238  INFO   decision    mode=traveling behavior=combat action=attack target=191 reason='engage target' status=success
2026-09-24 16:35:55.223  INFO   decision    mode=traveling behavior=combat action=attack target=192 reason='engage target' status=success
2026-09-24 16:35:55.700  INFO   session     Entity shadow: vision=4 {'npc': 2, 'monster': 2} memory=7 {'monster': 3, 'player': 1, 'npc': 3} paired=1 median=0.027 unleveled=68:警衛,10:警衛
2026-09-24 16:36:00.736  INFO   session     Entity shadow: vision=3 {'item': 1, 'monster': 1, 'player': 1} memory=2 {'monster': 1, 'npc': 1} paired=1 median=0.013
2026-09-24 16:36:04.289  INFO   decision    mode=traveling behavior=loot action=searching target=196 reason='walk onto item' status=success
2026-09-24 16:36:05.390  INFO   decision    mode=traveling behavior=loot action=pickup target=196 reason='loot target' status=success
2026-09-24 16:36:05.746  INFO   decision    mode=traveling behavior=loot action=idle target=- reason='pickup settle' status=success
2026-09-24 16:36:05.878  INFO   session     Entity shadow: vision=4 {'player': 2, 'item': 1, 'monster': 1} memory=5 {'monster': 2, 'player': 1, 'item': 1, 'npc': 1} paired=3 median=0.016
2026-09-24 16:36:06.193  INFO   decision    mode=traveling behavior=combat action=attack target=197 reason='engage target' status=success
2026-09-24 16:36:11.014  INFO   session     Entity shadow: vision=6 {'player': 3, 'npc': 1, 'monster': 2} memory=3 {'player': 1, 'monster': 2} paired=3 median=0.010
2026-09-24 16:36:13.387  INFO   decision    mode=traveling behavior=loot action=pickup target=198 reason='engage item' status=success
2026-09-24 16:36:13.770  INFO   decision    mode=traveling behavior=loot action=idle target=- reason='pickup settle' status=success
2026-09-24 16:36:14.215  INFO   decision    mode=traveling behavior=combat action=attack target=194 reason='engage target' status=success
2026-09-24 16:36:16.096  INFO   session     Entity shadow: vision=2 {'player': 1, 'monster': 1} memory=1 {'monster': 1} paired=1 median=0.019
2026-09-24 16:36:18.051  INFO   decision    mode=traveling behavior=loot action=pickup target=199 reason='engage item' status=success
2026-09-24 16:36:18.399  INFO   decision    mode=traveling behavior=loot action=idle target=- reason='pickup settle' status=success
2026-09-24 16:36:18.799  INFO   decision    mode=traveling behavior=loot action=pickup target=200 reason='engage item' status=success
2026-09-24 16:36:19.150  INFO   decision    mode=traveling behavior=loot action=idle target=- reason='pickup settle' status=success
2026-09-24 16:36:19.594  INFO   decision    mode=traveling behavior=loot action=searching target=201 reason='walk onto item' status=success
2026-09-24 16:36:21.293  INFO   session     Entity shadow: vision=2 {'player': 1, 'item': 1} memory=2 {'player': 1, 'item': 1} paired=1 median=0.030
2026-09-24 16:36:21.563  INFO   decision    mode=traveling behavior=loot action=pickup target=201 reason='loot target' status=success
2026-09-24 16:36:21.901  INFO   decision    mode=traveling behavior=loot action=idle target=- reason='pickup settle' status=success
2026-09-24 16:36:22.350  INFO   decision    mode=traveling behavior=traveling action=traveling target=- reason='return to farm after retreat' status=success
2026-09-24 16:36:23.082  INFO   decision    mode=traveling behavior=loot action=pickup target=201 reason='engage item' status=success
2026-09-24 16:36:23.385  INFO   decision    mode=traveling behavior=loot action=idle target=- reason='pickup settle' status=success
2026-09-24 16:36:23.844  INFO   decision    mode=traveling behavior=traveling action=traveling target=- reason='return to farm after retreat' status=success
2026-09-24 16:36:26.348  INFO   session     Entity shadow: vision=2 {'player': 2} memory=0 {} paired=0 median=0.000
2026-09-24 16:36:31.363  INFO   session     Entity shadow: vision=1 {'player': 1} memory=0 {} paired=0 median=0.000
2026-09-24 16:36:31.532  INFO   decision    mode=traveling behavior=traveling action=traveling target=- reason='return to farm after retreat' status=success (repeat)
2026-09-24 16:36:36.603  INFO   session     Entity shadow: vision=1 {'player': 1} memory=0 {} paired=0 median=0.000
2026-09-24 16:36:37.652  INFO   decision    mode=traveling behavior=combat action=attack target=203 reason='engage target' status=success
2026-09-24 16:36:41.745  INFO   session     Entity shadow: vision=1 {'player': 1} memory=1 {'monster': 1} paired=0 median=0.000
2026-09-24 16:36:43.819  INFO   decision    mode=traveling behavior=loot action=searching target=204 reason='walk onto item' status=success
2026-09-24 16:36:46.730  INFO   decision    mode=traveling behavior=loot action=pickup target=204 reason='loot target' status=success
2026-09-24 16:36:47.088  INFO   session     Entity shadow: vision=4 {'player': 1, 'monster': 2, 'item': 1} memory=2 {'monster': 1, 'item': 1} paired=2 median=0.036
2026-09-24 16:36:47.112  INFO   decision    mode=traveling behavior=loot action=idle target=- reason='pickup settle' status=success
2026-09-24 16:36:47.429  INFO   decision    mode=traveling behavior=combat action=attack target=205 reason='engage target' status=success
2026-09-24 16:36:51.577  INFO   decision    mode=traveling behavior=loot action=searching target=206 reason='walk onto item' status=success
2026-09-24 16:36:52.249  INFO   session     Entity shadow: vision=2 {'item': 1, 'player': 1} memory=1 {'item': 1} paired=1 median=0.014
2026-09-24 16:36:57.289  INFO   session     Entity shadow: vision=2 {'player': 1, 'item': 1} memory=2 {'monster': 1, 'item': 1} paired=1 median=0.018 unleveled=207:兔子
2026-09-24 16:36:57.837  INFO   decision    mode=traveling behavior=loot action=pickup target=206 reason='loot target' status=success
2026-09-24 16:36:58.205  INFO   decision    mode=traveling behavior=loot action=idle target=- reason='pickup settle' status=success
2026-09-24 16:36:58.691  INFO   decision    mode=traveling behavior=traveling action=traveling target=- reason='return to farm after retreat' status=success
2026-09-24 16:36:59.362  INFO   decision    mode=traveling behavior=loot action=pickup target=206 reason='engage item' status=success
2026-09-24 16:36:59.666  INFO   decision    mode=traveling behavior=loot action=idle target=- reason='pickup settle' status=success
2026-09-24 16:37:00.143  INFO   decision    mode=traveling behavior=traveling action=traveling target=- reason='return to farm after retreat' status=success
2026-09-24 16:37:02.569  INFO   session     Entity shadow: vision=1 {'player': 1} memory=1 {'monster': 1} paired=0 median=0.000 unleveled=207:兔子
2026-09-24 16:37:07.729  INFO   session     Entity shadow: vision=1 {'player': 1} memory=0 {} paired=0 median=0.000
2026-09-24 16:37:08.053  INFO   decision    mode=traveling behavior=traveling action=traveling target=- reason='return to farm after retreat' status=success (repeat)
2026-09-24 16:37:12.147  INFO   decision    mode=traveling behavior=combat action=attack target=211 reason='engage target' status=success
2026-09-24 16:37:12.825  INFO   session     Entity shadow: vision=1 {'player': 1} memory=3 {'npc': 1, 'monster': 2} paired=0 median=0.000
2026-09-24 16:37:17.875  INFO   session     Entity shadow: vision=5 {'monster': 4, 'player': 1} memory=4 {'monster': 3, 'npc': 1} paired=3 median=0.012
2026-09-24 16:37:23.006  INFO   session     Entity shadow: vision=4 {'npc': 1, 'monster': 2, 'player': 1} memory=4 {'monster': 3, 'npc': 1} paired=3 median=0.012
2026-09-24 16:37:23.219  INFO   decision    mode=traveling behavior=combat action=attack target=211 reason='attack target' status=success (repeat)
2026-09-24 16:37:26.939  INFO   decision    mode=traveling behavior=combat action=attack target=214 reason='attack target' status=success
2026-09-24 16:37:28.254  INFO   session     Entity shadow: vision=3 {'player': 1, 'npc': 1, 'monster': 1} memory=4 {'monster': 3, 'npc': 1} paired=2 median=0.018
2026-09-24 16:37:33.350  INFO   session     Entity shadow: vision=3 {'monster': 1, 'player': 1, 'npc': 1} memory=3 {'monster': 2, 'npc': 1} paired=2 median=0.019
2026-09-24 16:37:37.570  INFO   decision    mode=traveling behavior=combat action=attack target=214 reason='attack target' status=success (repeat)
2026-09-24 16:37:38.536  INFO   session     Entity shadow: vision=3 {'npc': 1, 'monster': 2} memory=3 {'monster': 2, 'npc': 1} paired=3 median=0.009
2026-09-24 16:37:43.651  INFO   session     Entity shadow: vision=4 {'npc': 1, 'monster': 3} memory=4 {'monster': 3, 'npc': 1} paired=3 median=0.010
2026-09-24 16:37:47.034  INFO   session     Paused — hotkey
2026-09-24 16:37:59.628  INFO   session     Hotkey resume → Running
2026-09-24 16:37:59.863  INFO   session     Entity shadow: vision=4 {'player': 1, 'monster': 2, 'npc': 1} memory=5 {'monster': 4, 'npc': 1} paired=3 median=0.014 unleveled=189:鹿
2026-09-24 16:38:00.008  INFO   decision    mode=traveling behavior=combat action=attack target=221 reason='engage target' status=success
2026-09-24 16:38:01.138  INFO   decision    mode=traveling behavior=loot action=searching target=222 reason='walk onto item' status=success
2026-09-24 16:38:05.028  INFO   session     Entity shadow: vision=3 {'player': 1, 'npc': 2} memory=5 {'monster': 3, 'item': 1, 'npc': 1} paired=1 median=0.040 unleveled=68:警衛,189:鹿
2026-09-24 16:38:06.594  INFO   decision    mode=traveling behavior=loot action=pickup target=222 reason='loot target' status=success
2026-09-24 16:38:06.987  INFO   decision    mode=traveling behavior=loot action=idle target=- reason='pickup settle' status=success
2026-09-24 16:38:07.334  INFO   decision    mode=traveling behavior=combat action=attack target=224 reason='engage target' status=success
2026-09-24 16:38:10.197  INFO   session     Entity shadow: vision=6 {'npc': 3, 'player': 1, 'monster': 2} memory=5 {'item': 1, 'monster': 4} paired=1 median=0.034 unleveled=68:警衛
2026-09-24 16:38:11.247  INFO   decision    mode=traveling behavior=loot action=searching target=227 reason='walk onto item' status=success
2026-09-24 16:38:15.356  INFO   session     Entity shadow: vision=4 {'player': 1, 'item': 1, 'npc': 1, 'monster': 1} memory=3 {'monster': 2, 'item': 1} paired=2 median=0.017 unleveled=68:警衛
2026-09-24 16:38:16.752  INFO   decision    mode=traveling behavior=loot action=pickup target=227 reason='loot target' status=success
2026-09-24 16:38:17.133  INFO   decision    mode=traveling behavior=loot action=idle target=- reason='pickup settle' status=success
2026-09-24 16:38:17.564  INFO   decision    mode=traveling behavior=combat action=attack target=226 reason='engage target' status=success
2026-09-24 16:38:20.406  INFO   session     Entity shadow: vision=4 {'monster': 2, 'player': 1, 'npc': 1} memory=2 {'monster': 2} paired=1 median=0.007 unleveled=68:警衛
2026-09-24 16:38:21.387  INFO   decision    mode=traveling behavior=loot action=searching target=229 reason='walk onto item' status=success
2026-09-24 16:38:24.918  INFO   decision    mode=traveling behavior=loot action=pickup target=229 reason='loot target' status=success
2026-09-24 16:38:25.258  INFO   decision    mode=traveling behavior=loot action=idle target=- reason='pickup settle' status=success
2026-09-24 16:38:25.575  INFO   session     Entity shadow: vision=3 {'player': 1, 'npc': 1, 'monster': 1} memory=3 {'monster': 2, 'item': 1} paired=1 median=0.017 unleveled=68:警衛
2026-09-24 16:38:25.790  INFO   decision    mode=traveling behavior=combat action=attack target=230 reason='engage target' status=success
2026-09-24 16:38:28.037  INFO   decision    mode=traveling behavior=traveling action=traveling target=- reason='return to farm after retreat' status=success
2026-09-24 16:38:30.674  INFO   session     Entity shadow: vision=2 {'player': 1, 'npc': 1} memory=1 {'monster': 1} paired=0 median=0.000 unleveled=68:警衛
2026-09-24 16:38:35.785  INFO   session     Entity shadow: vision=2 {'player': 1, 'npc': 1} memory=1 {'monster': 1} paired=0 median=0.000 unleveled=68:警衛
2026-09-24 16:38:36.131  INFO   decision    mode=traveling behavior=traveling action=traveling target=- reason='return to farm after retreat' status=success (repeat)
2026-09-24 16:38:40.960  INFO   session     Entity shadow: vision=2 {'player': 1, 'monster': 1} memory=0 {} paired=0 median=0.000
2026-09-24 16:38:44.061  INFO   decision    mode=traveling behavior=traveling action=traveling target=- reason='return to farm after retreat' status=success (repeat)
2026-09-24 16:38:45.962  INFO   session     Entity shadow: vision=3 {'player': 1, 'npc': 2} memory=2 {'monster': 2} paired=0 median=0.000 unleveled=68:警衛
2026-09-24 16:38:51.018  INFO   session     Entity shadow: vision=3 {'player': 1, 'npc': 2} memory=3 {'monster': 3} paired=0 median=0.000 unleveled=10:警衛,68:警衛
2026-09-24 16:38:52.146  INFO   decision    mode=traveling behavior=traveling action=traveling target=- reason='return to farm after retreat' status=success (repeat)
2026-09-24 16:38:56.183  INFO   session     Entity shadow: vision=4 {'player': 2, 'npc': 2} memory=5 {'monster': 4, 'player': 1} paired=1 median=0.035 unleveled=10:警衛,14:青蛙,68:警衛
2026-09-24 16:39:00.969  INFO   decision    mode=traveling behavior=traveling action=traveling target=- reason='return to farm after retreat' status=success (repeat)
2026-09-24 16:39:01.307  INFO   session     Entity shadow: vision=3 {'npc': 1, 'player': 2} memory=6 {'monster': 4, 'player': 2} paired=2 median=0.041 unleveled=14:青蛙,10:警衛,68:警衛
2026-09-24 16:39:03.948  INFO   decision    mode=traveling behavior=combat action=attack target=260 reason='engage target' status=success
2026-09-24 16:39:06.344  INFO   session     Entity shadow: vision=2 {'player': 1, 'npc': 1} memory=21 {'monster': 4, 'npc': 2, 'player': 15} paired=0 median=0.000 unleveled=14:青蛙,10:警衛,68:警衛
2026-09-24 16:39:08.521  INFO   decision    mode=traveling behavior=loot action=searching target=263 reason='walk onto item' status=success
2026-09-24 16:39:11.473  INFO   session     Entity shadow: vision=3 {'player': 1, 'monster': 1, 'item': 1} memory=17 {'monster': 2, 'item': 1, 'player': 14} paired=2 median=0.017 unleveled=14:青蛙
2026-09-24 16:39:12.408  INFO   decision    mode=traveling behavior=loot action=pickup target=263 reason='loot target' status=success
2026-09-24 16:39:12.742  INFO   decision    mode=traveling behavior=loot action=idle target=- reason='pickup settle' status=success
2026-09-24 16:39:13.227  INFO   decision    mode=traveling behavior=combat action=attack target=262 reason='engage target' status=success
2026-09-24 16:39:15.021  INFO   decision    mode=traveling behavior=loot action=pickup target=263 reason='engage item' status=success
2026-09-24 16:39:15.359  INFO   decision    mode=traveling behavior=loot action=idle target=- reason='pickup settle' status=success
2026-09-24 16:39:15.781  INFO   decision    mode=traveling behavior=loot action=searching target=265 reason='walk onto item' status=success
2026-09-24 16:39:16.523  INFO   session     Entity shadow: vision=2 {'item': 2} memory=2 {'item': 1, 'monster': 1} paired=1 median=0.010 unleveled=14:青蛙
2026-09-24 16:39:20.408  INFO   decision    mode=traveling behavior=loot action=pickup target=265 reason='loot target' status=success
2026-09-24 16:39:20.735  INFO   decision    mode=traveling behavior=loot action=idle target=- reason='pickup settle' status=success
2026-09-24 16:39:21.206  INFO   decision    mode=traveling behavior=traveling action=traveling target=- reason='return to farm after retreat' status=success
2026-09-24 16:39:21.628  INFO   session     Entity shadow: vision=2 {'player': 2} memory=4 {'monster': 1, 'npc': 1, 'item': 1, 'player': 1} paired=1 median=0.034 unleveled=14:青蛙
2026-09-24 16:39:21.994  INFO   decision    mode=traveling behavior=loot action=pickup target=265 reason='engage item' status=success
2026-09-24 16:39:22.313  INFO   decision    mode=traveling behavior=loot action=idle target=- reason='pickup settle' status=success
2026-09-24 16:39:22.792  INFO   decision    mode=traveling behavior=traveling action=traveling target=- reason='return to farm after retreat' status=success
2026-09-24 16:39:26.683  INFO   session     Entity shadow: vision=3 {'player': 2, 'npc': 1} memory=3 {'npc': 1, 'monster': 1, 'player': 1} paired=1 median=0.041 unleveled=68:警衛
2026-09-24 16:39:30.948  INFO   decision    mode=traveling behavior=traveling action=traveling target=- reason='return to farm after retreat' status=success (repeat)
2026-09-24 16:39:31.771  INFO   session     Entity shadow: vision=5 {'player': 3, 'npc': 2} memory=3 {'monster': 2, 'player': 1} paired=1 median=0.045 unleveled=10:警衛,68:警衛
2026-09-24 16:39:36.825  INFO   session     Entity shadow: vision=3 {'player': 1, 'npc': 2} memory=2 {'monster': 2} paired=0 median=0.000 unleveled=10:警衛,68:警衛
2026-09-24 16:39:39.006  INFO   decision    mode=traveling behavior=traveling action=traveling target=- reason='return to farm after retreat' status=success (repeat)
2026-09-24 16:39:41.867  INFO   session     Entity shadow: vision=1 {'player': 1} memory=0 {} paired=0 median=0.000
2026-09-24 16:39:46.555  INFO   decision    mode=traveling behavior=traveling action=traveling target=- reason='return to farm after retreat' status=success (repeat)
2026-09-24 16:39:46.958  INFO   session     Entity shadow: vision=1 {'player': 1} memory=0 {} paired=0 median=0.000
2026-09-24 16:39:52.227  INFO   session     Entity shadow: vision=2 {'player': 2} memory=0 {} paired=0 median=0.000
2026-09-24 16:39:54.375  INFO   decision    mode=traveling behavior=combat action=attack target=273 reason='engage target' status=success
2026-09-24 16:39:57.334  INFO   session     Entity shadow: vision=6 {'player': 3, 'monster': 3} memory=6 {'monster': 5, 'player': 1} paired=4 median=0.023 unleveled=12:史萊姆
2026-09-24 16:40:02.355  INFO   session     Entity shadow: vision=4 {'monster': 2, 'player': 2} memory=6 {'monster': 5, 'player': 1} paired=3 median=0.036 unleveled=12:史萊姆
2026-09-24 16:40:03.003  INFO   decision    mode=traveling behavior=combat action=attack target=275 reason='engage target' status=success
2026-09-24 16:40:07.478  INFO   session     Entity shadow: vision=5 {'player': 2, 'monster': 3} memory=5 {'monster': 4, 'player': 1} paired=4 median=0.047 unleveled=12:史萊姆
2026-09-24 16:40:12.598  INFO   session     Entity shadow: vision=5 {'monster': 4, 'player': 1} memory=4 {'monster': 4} paired=3 median=0.054 unleveled=12:史萊姆
2026-09-24 16:40:14.309  INFO   decision    mode=traveling behavior=loot action=pickup target=277 reason='engage item' status=success
2026-09-24 16:40:14.612  INFO   decision    mode=traveling behavior=loot action=idle target=- reason='pickup settle' status=success
2026-09-24 16:40:15.086  INFO   decision    mode=traveling behavior=traveling action=traveling target=- reason='return to farm after retreat' status=success
2026-09-24 16:40:17.645  INFO   session     Entity shadow: vision=1 {'player': 1} memory=1 {'monster': 1} paired=0 median=0.000 unleveled=12:史萊姆
2026-09-24 16:40:22.653  INFO   session     Entity shadow: vision=3 {'monster': 2, 'player': 1} memory=3 {'player': 1, 'monster': 2} paired=1 median=0.028 unleveled=12:史萊姆
2026-09-24 16:40:22.954  INFO   decision    mode=traveling behavior=traveling action=traveling target=- reason='return to farm after retreat' status=success (repeat)
2026-09-24 16:40:27.737  INFO   session     Entity shadow: vision=4 {'monster': 3, 'player': 1} memory=2 {'monster': 2} paired=2 median=0.032
2026-09-24 16:40:29.209  INFO   decision    mode=traveling behavior=combat action=attack target=281 reason='engage target' status=success
2026-09-24 16:40:32.812  INFO   session     Entity shadow: vision=4 {'monster': 3, 'player': 1} memory=4 {'monster': 4} paired=3 median=0.020 unleveled=12:史萊姆
2026-09-24 16:40:37.990  INFO   session     Entity shadow: vision=4 {'monster': 3, 'player': 1} memory=3 {'monster': 3} paired=2 median=0.020 unleveled=12:史萊姆
2026-09-24 16:40:40.282  INFO   decision    mode=traveling behavior=combat action=attack target=281 reason='attack target' status=success (repeat)
2026-09-24 16:40:42.999  INFO   session     Entity shadow: vision=5 {'monster': 4, 'player': 1} memory=4 {'monster': 4} paired=3 median=0.019 unleveled=12:史萊姆
2026-09-24 16:40:43.540  INFO   decision    mode=traveling behavior=loot action=pickup target=284 reason='engage item' status=success
2026-09-24 16:40:43.877  INFO   decision    mode=traveling behavior=loot action=idle target=- reason='pickup settle' status=success
2026-09-24 16:40:44.345  INFO   decision    mode=traveling behavior=combat action=attack target=283 reason='engage target' status=success
2026-09-24 16:40:48.057  INFO   session     Entity shadow: vision=4 {'monster': 2, 'player': 1, 'item': 1} memory=2 {'monster': 2} paired=1 median=0.020
2026-09-24 16:40:48.336  INFO   decision    mode=traveling behavior=loot action=pickup target=285 reason='engage item' status=success
2026-09-24 16:40:48.695  INFO   decision    mode=traveling behavior=loot action=idle target=- reason='pickup settle' status=success
2026-09-24 16:40:49.170  INFO   decision    mode=traveling behavior=traveling action=traveling target=- reason='return to farm after retreat' status=success
2026-09-24 16:40:50.483  INFO   decision    mode=traveling behavior=loot action=searching target=286 reason='walk onto item' status=success
2026-09-24 16:40:53.294  INFO   session     Entity shadow: vision=5 {'player': 2, 'monster': 2, 'item': 1} memory=6 {'monster': 4, 'player': 1, 'item': 1} paired=3 median=0.036 unleveled=12:史萊姆
2026-09-24 16:40:56.212  INFO   decision    mode=traveling behavior=combat action=attack target=291 reason='engage target' status=success
2026-09-24 16:40:58.451  INFO   session     Entity shadow: vision=7 {'player': 3, 'monster': 4} memory=7 {'monster': 5, 'player': 1, 'npc': 1} paired=3 median=0.033 unleveled=12:史萊姆
2026-09-24 16:41:03.559  INFO   session     Entity shadow: vision=12 {'monster': 11, 'player': 1} memory=11 {'monster': 11} paired=9 median=0.027 unleveled=12:史萊姆
2026-09-24 16:41:06.300  INFO   decision    mode=traveling behavior=combat action=attack target=299 reason='attack target' status=success
2026-09-24 16:41:08.610  INFO   session     Entity shadow: vision=8 {'player': 1, 'monster': 7} memory=9 {'monster': 9} paired=6 median=0.018 unleveled=12:史萊姆
2026-09-24 16:41:08.655  INFO   decision    mode=traveling behavior=combat action=attack target=294 reason='engage target' status=success
2026-09-24 16:41:13.638  INFO   session     Entity shadow: vision=10 {'monster': 9, 'player': 1} memory=9 {'monster': 9} paired=8 median=0.025
2026-09-24 16:41:16.623  INFO   decision    mode=retreating behavior=talking_scroll action=use_talking_scroll target=- reason='retreat, 허수아비 수련장' status=success
2026-09-24 16:41:17.550  INFO   decision    mode=retreating behavior=survival_potion action=use_hp_potion target=- reason='critical hp, cannot heal' status=success
2026-09-24 16:41:18.795  INFO   session     Entity shadow: vision=5 {'monster': 2, 'player': 2, 'npc': 1} memory=9 {'monster': 5, 'player': 4} paired=3 median=0.020 unleveled=10:警衛,20:?
2026-09-24 16:41:18.834  INFO   decision    mode=retreating behavior=retreating action=idle target=- reason='retreating, waiting for hp' status=success
2026-09-24 16:41:23.849  INFO   session     Entity shadow: vision=5 {'npc': 1, 'player': 3, 'monster': 1} memory=9 {'monster': 5, 'player': 4} paired=4 median=0.020 unleveled=10:警衛,20:?
2026-09-24 16:41:26.435  INFO   decision    mode=retreating behavior=retreating action=idle target=- reason='retreating, waiting for hp' status=success (repeat)
2026-09-24 16:41:28.983  INFO   session     Entity shadow: vision=5 {'monster': 1, 'npc': 1, 'player': 3} memory=10 {'monster': 5, 'player': 5} paired=4 median=0.020 unleveled=10:警衛,20:?
2026-09-24 16:41:34.109  INFO   session     Entity shadow: vision=7 {'monster': 1, 'npc': 1, 'player': 5} memory=11 {'player': 6, 'monster': 5} paired=6 median=0.020 unleveled=10:警衛,20:?
2026-09-24 16:41:34.440  INFO   decision    mode=retreating behavior=retreating action=idle target=- reason='retreating, waiting for hp' status=success (repeat)
2026-09-24 16:41:39.176  INFO   session     Entity shadow: vision=6 {'monster': 1, 'player': 4, 'npc': 1} memory=10 {'player': 5, 'monster': 5} paired=5 median=0.020 unleveled=10:警衛,20:?
2026-09-24 16:41:42.328  INFO   decision    mode=retreating behavior=retreating action=idle target=- reason='retreating, waiting for hp' status=success (repeat)
2026-09-24 16:41:44.202  INFO   session     Entity shadow: vision=5 {'monster': 1, 'npc': 1, 'player': 3} memory=9 {'monster': 5, 'player': 4} paired=4 median=0.020 unleveled=10:警衛,20:?
2026-09-24 16:41:49.267  INFO   session     Entity shadow: vision=5 {'monster': 1, 'player': 3, 'npc': 1} memory=10 {'monster': 5, 'player': 5} paired=4 median=0.020 unleveled=10:警衛,20:?
2026-09-24 16:41:50.079  INFO   decision    mode=retreating behavior=retreating action=idle target=- reason='retreating, waiting for hp' status=success (repeat)
2026-09-24 16:41:54.466  INFO   session     Entity shadow: vision=6 {'monster': 1, 'player': 4, 'npc': 1} memory=10 {'player': 5, 'monster': 5} paired=5 median=0.020 unleveled=10:警衛,20:?
2026-09-24 16:41:57.807  INFO   decision    mode=retreating behavior=retreating action=idle target=- reason='retreating, waiting for hp' status=success (repeat)
2026-09-24 16:41:59.517  INFO   session     Entity shadow: vision=6 {'monster': 1, 'npc': 1, 'player': 4} memory=11 {'player': 6, 'monster': 5} paired=5 median=0.020 unleveled=10:警衛,20:?
2026-09-24 16:42:04.691  INFO   session     Entity shadow: vision=5 {'monster': 1, 'player': 3, 'npc': 1} memory=11 {'player': 6, 'monster': 5} paired=4 median=0.056 unleveled=10:警衛,20:?
2026-09-24 16:42:05.645  INFO   decision    mode=retreating behavior=retreating action=idle target=- reason='retreating, waiting for hp' status=success (repeat)
2026-09-24 16:42:09.708  INFO   session     Entity shadow: vision=7 {'npc': 1, 'monster': 1, 'player': 5} memory=12 {'player': 7, 'monster': 5} paired=6 median=0.021 unleveled=10:警衛,20:?
2026-09-24 16:42:13.762  INFO   decision    mode=retreating behavior=retreating action=idle target=- reason='retreating, waiting for hp' status=success (repeat)
2026-09-24 16:42:14.825  INFO   session     Entity shadow: vision=7 {'monster': 1, 'player': 4, 'npc': 2} memory=10 {'player': 5, 'monster': 5} paired=5 median=0.020 unleveled=10:警衛,20:?
2026-09-24 16:42:19.915  INFO   session     Entity shadow: vision=5 {'npc': 1, 'monster': 1, 'player': 3} memory=9 {'monster': 5, 'player': 4} paired=4 median=0.020 unleveled=10:警衛,20:?
2026-09-24 16:42:21.671  INFO   decision    mode=retreating behavior=retreating action=idle target=- reason='retreating, waiting for hp' status=success (repeat)
2026-09-24 16:42:25.081  INFO   session     Entity shadow: vision=5 {'monster': 1, 'player': 3, 'npc': 1} memory=9 {'monster': 5, 'player': 4} paired=4 median=0.020 unleveled=10:警衛,20:?
2026-09-24 16:42:29.543  INFO   decision    mode=retreating behavior=retreating action=idle target=- reason='retreating, waiting for hp' status=success (repeat)
2026-09-24 16:42:30.147  INFO   session     Entity shadow: vision=6 {'npc': 1, 'monster': 1, 'player': 4} memory=10 {'monster': 5, 'player': 5} paired=5 median=0.020 unleveled=10:警衛,20:?
2026-09-24 16:42:35.171  INFO   session     Entity shadow: vision=7 {'player': 4, 'npc': 2, 'monster': 1} memory=10 {'player': 5, 'monster': 5} paired=5 median=0.023 unleveled=10:警衛,20:?
2026-09-24 16:42:37.350  INFO   decision    mode=retreating behavior=retreating action=idle target=- reason='retreating, waiting for hp' status=success (repeat)
2026-09-24 16:42:40.257  INFO   session     Entity shadow: vision=6 {'npc': 1, 'player': 4, 'monster': 1} memory=10 {'player': 5, 'monster': 5} paired=5 median=0.020 unleveled=10:警衛,20:?
2026-09-24 16:42:44.991  INFO   decision    mode=retreating behavior=retreating action=idle target=- reason='retreating, waiting for hp' status=success (repeat)
2026-09-24 16:42:45.348  INFO   session     Entity shadow: vision=5 {'npc': 1, 'player': 3, 'monster': 1} memory=9 {'monster': 5, 'player': 4} paired=4 median=0.020 unleveled=10:警衛,20:?
2026-09-24 16:42:50.354  INFO   session     Entity shadow: vision=5 {'npc': 1, 'monster': 1, 'player': 3} memory=9 {'monster': 5, 'player': 4} paired=4 median=0.020 unleveled=10:警衛,20:?
2026-09-24 16:42:52.640  INFO   decision    mode=retreating behavior=retreating action=idle target=- reason='retreating, waiting for hp' status=success (repeat)
2026-09-24 16:42:55.390  INFO   session     Entity shadow: vision=5 {'npc': 1, 'player': 3, 'monster': 1} memory=9 {'monster': 5, 'player': 4} paired=4 median=0.020 unleveled=10:警衛,20:?
2026-09-24 16:43:00.214  INFO   decision    mode=retreating behavior=retreating action=idle target=- reason='retreating, waiting for hp' status=success (repeat)
2026-09-24 16:43:00.553  INFO   session     Entity shadow: vision=5 {'npc': 1, 'monster': 1, 'player': 3} memory=9 {'monster': 5, 'player': 4} paired=4 median=0.020 unleveled=10:警衛,20:?
2026-09-24 16:43:05.647  INFO   session     Entity shadow: vision=5 {'monster': 1, 'player': 3, 'npc': 1} memory=9 {'monster': 5, 'player': 4} paired=4 median=0.020 unleveled=10:警衛,20:?
2026-09-24 16:43:05.691  INFO   decision    mode=traveling behavior=traveling action=traveling target=- reason='return to farm after retreat' status=success
2026-09-24 16:43:10.836  INFO   session     Entity shadow: vision=5 {'player': 4, 'npc': 1} memory=6 {'monster': 2, 'player': 4} paired=3 median=0.023 unleveled=10:警衛,20:?
2026-09-24 16:43:14.716  INFO   decision    mode=traveling behavior=traveling action=traveling target=- reason='return to farm after retreat' status=success (repeat)
2026-09-24 16:43:15.894  INFO   session     Entity shadow: vision=3 {'player': 1, 'npc': 1, 'monster': 1} memory=1 {'monster': 1} paired=0 median=0.000 unleveled=10:警衛
2026-09-24 16:43:20.936  INFO   session     Entity shadow: vision=1 {'player': 1} memory=0 {} paired=0 median=0.000
2026-09-24 16:43:22.608  INFO   decision    mode=traveling behavior=traveling action=traveling target=- reason='return to farm after retreat' status=success (repeat)
2026-09-24 16:43:25.978  INFO   session     Entity shadow: vision=2 {'player': 1, 'npc': 1} memory=1 {'monster': 1} paired=0 median=0.000 unleveled=68:警衛
2026-09-24 16:43:30.447  INFO   decision    mode=traveling behavior=traveling action=traveling target=- reason='return to farm after retreat' status=success (repeat)
2026-09-24 16:43:31.209  INFO   session     Entity shadow: vision=3 {'player': 1, 'npc': 2} memory=3 {'monster': 3} paired=0 median=0.000 unleveled=189:鹿,10:警衛,68:警衛
2026-09-24 16:43:36.216  INFO   session     Entity shadow: vision=5 {'npc': 4, 'player': 1} memory=6 {'monster': 6} paired=0 median=0.000 unleveled=189:鹿,206:兔子,68:警衛,10:警衛
2026-09-24 16:43:38.891  INFO   decision    mode=traveling behavior=traveling action=traveling target=- reason='return to farm after retreat' status=success (repeat)
2026-09-24 16:43:41.358  INFO   session     Entity shadow: vision=4 {'npc': 3, 'player': 1} memory=5 {'monster': 5} paired=0 median=0.000 unleveled=206:兔子,189:鹿,68:警衛,10:警衛
2026-09-24 16:43:46.447  INFO   session     Entity shadow: vision=4 {'player': 1, 'npc': 3} memory=3 {'monster': 3} paired=0 median=0.000 unleveled=189:鹿,68:警衛,10:警衛
2026-09-24 16:43:46.900  INFO   decision    mode=traveling behavior=traveling action=traveling target=- reason='return to farm after retreat' status=success (repeat)
2026-09-24 16:43:51.463  INFO   session     Entity shadow: vision=5 {'player': 2, 'npc': 3} memory=3 {'monster': 3} paired=0 median=0.000 unleveled=68:警衛,10:警衛
2026-09-24 16:43:55.201  INFO   decision    mode=traveling behavior=traveling action=traveling target=- reason='return to farm after retreat' status=success (repeat)
2026-09-24 16:43:55.456  INFO   decision    mode=traveling behavior=combat action=attack target=328 reason='engage target' status=success
2026-09-24 16:43:56.560  INFO   session     Entity shadow: vision=4 {'player': 1, 'monster': 1, 'npc': 2} memory=3 {'monster': 3} paired=1 median=0.008 unleveled=68:警衛,10:警衛
2026-09-24 16:43:59.328  INFO   decision    mode=traveling behavior=traveling action=traveling target=- reason='return to farm after retreat' status=success
2026-09-24 16:44:01.662  INFO   session     Entity shadow: vision=2 {'npc': 1, 'player': 1} memory=1 {'monster': 1} paired=0 median=0.000 unleveled=68:警衛
2026-09-24 16:44:06.674  INFO   session     Entity shadow: vision=2 {'player': 2} memory=1 {'player': 1} paired=1 median=0.016
2026-09-24 16:44:07.403  INFO   decision    mode=traveling behavior=traveling action=traveling target=- reason='return to farm after retreat' status=success (repeat)
2026-09-24 16:44:11.807  INFO   session     Entity shadow: vision=2 {'player': 2} memory=1 {'player': 1} paired=1 median=0.057
2026-09-24 16:44:15.326  INFO   decision    mode=traveling behavior=traveling action=traveling target=- reason='return to farm after retreat' status=success (repeat)
2026-09-24 16:44:16.879  INFO   session     Entity shadow: vision=1 {'player': 1} memory=0 {} paired=0 median=0.000
2026-09-24 16:44:22.047  INFO   session     Entity shadow: vision=3 {'monster': 1, 'player': 2} memory=2 {'player': 2} paired=2 median=0.038
2026-09-24 16:44:23.067  INFO   decision    mode=traveling behavior=traveling action=traveling target=- reason='return to farm after retreat' status=success (repeat)
2026-09-24 16:44:27.071  INFO   session     Entity shadow: vision=3 {'player': 3} memory=2 {'player': 2} paired=2 median=0.032
2026-09-24 16:44:31.293  INFO   decision    mode=traveling behavior=traveling action=traveling target=- reason='return to farm after retreat' status=success (repeat)
2026-09-24 16:44:32.147  INFO   session     Entity shadow: vision=3 {'player': 3} memory=2 {'player': 2} paired=2 median=0.056
2026-09-24 16:44:33.591  INFO   decision    mode=traveling behavior=loot action=searching target=332 reason='walk onto item' status=success
2026-09-24 16:44:37.218  INFO   session     Entity shadow: vision=4 {'player': 2, 'item': 1, 'monster': 1} memory=3 {'player': 1, 'monster': 1, 'item': 1} paired=3 median=0.015
2026-09-24 16:44:40.202  INFO   decision    mode=traveling behavior=combat action=attack target=333 reason='engage target' status=success
2026-09-24 16:44:42.040  INFO   decision    mode=traveling behavior=loot action=searching target=334 reason='walk onto item' status=success
2026-09-24 16:44:42.324  INFO   session     Entity shadow: vision=4 {'player': 3, 'item': 1} memory=3 {'player': 1, 'item': 2} paired=2 median=0.053
2026-09-24 16:44:44.269  INFO   decision    mode=traveling behavior=loot action=searching target=332 reason='walk onto item' status=success
2026-09-24 16:44:47.383  INFO   session     Entity shadow: vision=3 {'player': 2, 'item': 1} memory=2 {'player': 1, 'item': 1} paired=2 median=0.043
2026-09-24 16:44:48.869  INFO   decision    mode=traveling behavior=loot action=pickup target=332 reason='loot target' status=success
2026-09-24 16:44:49.207  INFO   decision    mode=traveling behavior=loot action=idle target=- reason='pickup settle' status=success
2026-09-24 16:44:49.571  INFO   decision    mode=traveling behavior=loot action=searching target=335 reason='walk onto item' status=success
2026-09-24 16:44:52.561  INFO   session     Entity shadow: vision=3 {'player': 2, 'item': 1} memory=5 {'monster': 3, 'player': 1, 'item': 1} paired=2 median=0.051 unleveled=12:史萊姆
2026-09-24 16:44:54.893  INFO   decision    mode=traveling behavior=loot action=pickup target=335 reason='loot target' status=success
2026-09-24 16:44:55.304  INFO   decision    mode=traveling behavior=loot action=idle target=- reason='pickup settle' status=success
2026-09-24 16:44:55.646  INFO   decision    mode=traveling behavior=loot action=searching target=340 reason='walk onto item' status=success
2026-09-24 16:44:57.791  INFO   session     Entity shadow: vision=7 {'player': 3, 'item': 2, 'monster': 2} memory=8 {'monster': 4, 'player': 2, 'item': 2} paired=5 median=0.031 unleveled=12:史萊姆
2026-09-24 16:44:59.995  INFO   decision    mode=traveling behavior=loot action=searching target=335 reason='walk onto item' status=success
2026-09-24 16:45:02.830  INFO   decision    mode=traveling behavior=loot action=pickup target=335 reason='loot target' status=success
2026-09-24 16:45:03.132  INFO   session     Entity shadow: vision=4 {'player': 1, 'monster': 3} memory=5 {'monster': 3, 'player': 1, 'item': 1} paired=2 median=0.025 unleveled=12:史萊姆
2026-09-24 16:45:03.151  INFO   decision    mode=traveling behavior=loot action=idle target=- reason='pickup settle' status=success
2026-09-24 16:45:03.599  INFO   decision    mode=traveling behavior=traveling action=traveling target=- reason='return to farm after retreat' status=success
2026-09-24 16:45:08.163  INFO   session     Entity shadow: vision=3 {'player': 1, 'monster': 2} memory=4 {'monster': 3, 'npc': 1} paired=2 median=0.052 unleveled=12:史萊姆
2026-09-24 16:45:12.683  INFO   decision    mode=traveling behavior=traveling action=traveling target=- reason='unstick' status=success (repeat)
2026-09-24 16:45:13.314  INFO   session     Entity shadow: vision=4 {'player': 2, 'monster': 2} memory=6 {'npc': 1, 'player': 2, 'monster': 3} paired=2 median=0.025 unleveled=12:史萊姆
2026-09-24 16:45:16.287  INFO   decision    mode=traveling behavior=combat action=attack target=353 reason='engage target' status=success
2026-09-24 16:45:18.469  INFO   session     Entity shadow: vision=6 {'player': 2, 'monster': 4} memory=7 {'monster': 5, 'player': 2} paired=5 median=0.023 unleveled=12:史萊姆
2026-09-24 16:45:23.543  INFO   session     Entity shadow: vision=5 {'player': 1, 'monster': 4} memory=6 {'monster': 6} paired=4 median=0.029 unleveled=12:史萊姆
2026-09-24 16:45:28.076  INFO   decision    mode=retreating behavior=talking_scroll action=use_talking_scroll target=- reason='retreat, 펫 관리인' status=success
2026-09-24 16:45:28.996  INFO   session     Entity shadow: vision=4 {'monster': 3, 'player': 1} memory=6 {'monster': 6} paired=3 median=0.033 unleveled=12:史萊姆
2026-09-24 16:45:29.037  INFO   decision    mode=retreating behavior=retreating action=idle target=- reason='retreating, waiting for hp' status=success
2026-09-24 16:45:34.013  INFO   session     Entity shadow: vision=7 {'monster': 6, 'player': 1} memory=6 {'npc': 1, 'monster': 5} paired=5 median=0.017
2026-09-24 16:45:37.076  INFO   decision    mode=retreating behavior=retreating action=idle target=- reason='retreating, waiting for hp' status=success (repeat)
2026-09-24 16:45:39.125  INFO   session     Entity shadow: vision=7 {'monster': 5, 'npc': 1, 'player': 1} memory=6 {'npc': 1, 'monster': 5} paired=5 median=0.015
2026-09-24 16:45:44.244  INFO   session     Entity shadow: vision=7 {'monster': 5, 'npc': 1, 'player': 1} memory=6 {'npc': 1, 'monster': 5} paired=6 median=0.016
2026-09-24 16:45:44.853  INFO   decision    mode=retreating behavior=retreating action=idle target=- reason='retreating, waiting for hp' status=success (repeat)
2026-09-24 16:45:49.329  INFO   session     Entity shadow: vision=6 {'monster': 4, 'npc': 1, 'player': 1} memory=6 {'npc': 1, 'monster': 5} paired=5 median=0.014
2026-09-24 16:45:52.762  INFO   decision    mode=retreating behavior=retreating action=idle target=- reason='retreating, waiting for hp' status=success (repeat)
2026-09-24 16:45:54.410  INFO   session     Entity shadow: vision=7 {'monster': 5, 'npc': 1, 'player': 1} memory=6 {'npc': 1, 'monster': 5} paired=6 median=0.016
2026-09-24 16:45:59.412  INFO   session     Entity shadow: vision=8 {'player': 2, 'monster': 5, 'npc': 1} memory=7 {'player': 1, 'npc': 1, 'monster': 5} paired=7 median=0.017
2026-09-24 16:46:00.620  INFO   decision    mode=retreating behavior=retreating action=idle target=- reason='retreating, waiting for hp' status=success (repeat)
2026-09-24 16:46:04.483  INFO   session     Entity shadow: vision=8 {'player': 2, 'monster': 5, 'npc': 1} memory=7 {'player': 1, 'npc': 1, 'monster': 5} paired=7 median=0.017
2026-09-24 16:46:08.784  INFO   decision    mode=retreating behavior=retreating action=idle target=- reason='retreating, waiting for hp' status=success (repeat)
2026-09-24 16:46:09.512  INFO   session     Entity shadow: vision=7 {'monster': 5, 'npc': 1, 'player': 1} memory=6 {'npc': 1, 'monster': 5} paired=6 median=0.017
2026-09-24 16:46:14.513  INFO   session     Entity shadow: vision=7 {'monster': 5, 'npc': 1, 'player': 1} memory=6 {'npc': 1, 'monster': 5} paired=6 median=0.016
2026-09-24 16:46:16.426  INFO   decision    mode=retreating behavior=retreating action=idle target=- reason='retreating, waiting for hp' status=success (repeat)
2026-09-24 16:46:19.536  INFO   session     Entity shadow: vision=7 {'npc': 1, 'monster': 5, 'player': 1} memory=6 {'npc': 1, 'monster': 5} paired=6 median=0.016
2026-09-24 16:46:24.262  INFO   decision    mode=retreating behavior=retreating action=idle target=- reason='retreating, waiting for hp' status=success (repeat)
2026-09-24 16:46:24.555  INFO   session     Entity shadow: vision=7 {'monster': 5, 'npc': 1, 'player': 1} memory=6 {'npc': 1, 'monster': 5} paired=6 median=0.016
2026-09-24 16:46:26.696  INFO   decision    mode=traveling behavior=traveling action=traveling target=- reason='return to farm after retreat' status=success
2026-09-24 16:46:28.558  INFO   decision    mode=traveling behavior=combat action=attack target=368 reason='engage target' status=success
2026-09-24 16:46:29.645  INFO   session     Entity shadow: vision=8 {'player': 1, 'monster': 6, 'npc': 1} memory=7 {'monster': 6, 'npc': 1} paired=7 median=0.020
2026-09-24 16:46:34.723  INFO   session     Entity shadow: vision=9 {'player': 1, 'monster': 7, 'npc': 1} memory=8 {'monster': 7, 'npc': 1} paired=8 median=0.021
2026-09-24 16:46:38.717  INFO   decision    mode=traveling behavior=loot action=searching target=370 reason='walk onto item' status=success
2026-09-24 16:46:39.875  INFO   session     Entity shadow: vision=8 {'monster': 7, 'item': 1} memory=9 {'monster': 8, 'item': 1} paired=7 median=0.015
2026-09-24 16:46:42.857  INFO   decision    mode=traveling behavior=combat action=attack target=371 reason='engage target' status=success
2026-09-24 16:46:45.160  INFO   session     Entity shadow: vision=6 {'monster': 5, 'item': 1} memory=5 {'monster': 4, 'item': 1} paired=5 median=0.012
2026-09-24 16:46:50.220  INFO   session     Entity shadow: vision=5 {'monster': 4, 'item': 1} memory=5 {'monster': 4, 'item': 1} paired=5 median=0.009
2026-09-24 16:46:53.278  INFO   decision    mode=traveling behavior=loot action=pickup target=370 reason='engage item' status=success
2026-09-24 16:46:53.627  INFO   decision    mode=traveling behavior=loot action=idle target=- reason='pickup settle' status=success
2026-09-24 16:46:54.084  INFO   decision    mode=traveling behavior=traveling action=traveling target=- reason='unstick' status=success
2026-09-24 16:46:54.920  INFO   decision    mode=traveling behavior=combat action=attack target=369 reason='engage target' status=success
2026-09-24 16:46:55.385  INFO   session     Entity shadow: vision=3 {'monster': 3} memory=4 {'monster': 4} paired=3 median=0.037 unleveled=208:兔子
2026-09-24 16:46:56.517  INFO   decision    mode=traveling behavior=combat action=attack target=372 reason='engage target' status=success
2026-09-24 16:47:00.560  INFO   session     Entity shadow: vision=3 {'item': 1, 'player': 1, 'monster': 1} memory=4 {'item': 1, 'monster': 3} paired=2 median=0.029 unleveled=208:兔子
2026-09-24 16:47:00.825  INFO   decision    mode=traveling behavior=combat action=attack target=374 reason='engage target' status=success
2026-09-24 16:47:02.969  INFO   decision    mode=traveling behavior=loot action=pickup target=376 reason='engage item' status=success
2026-09-24 16:47:03.323  INFO   decision    mode=traveling behavior=loot action=idle target=- reason='pickup settle' status=success
2026-09-24 16:47:03.729  INFO   decision    mode=traveling behavior=traveling action=traveling target=- reason='return to farm after retreat' status=success
2026-09-24 16:47:04.420  INFO   decision    mode=traveling behavior=loot action=pickup target=376 reason='engage item' status=success
2026-09-24 16:47:04.765  INFO   decision    mode=traveling behavior=loot action=idle target=- reason='pickup settle' status=success
2026-09-24 16:47:05.214  INFO   decision    mode=traveling behavior=traveling action=traveling target=- reason='return to farm after retreat' status=success
2026-09-24 16:47:05.611  INFO   session     Entity shadow: vision=1 {'player': 1} memory=1 {'monster': 1} paired=0 median=0.000 unleveled=208:兔子
2026-09-24 16:47:10.593  INFO   session     Entity shadow: vision=1 {'monster': 1} memory=2 {'monster': 2} paired=0 median=0.000 unleveled=208:兔子
2026-09-24 16:47:12.596  INFO   decision    mode=traveling behavior=combat action=attack target=377 reason='engage target' status=success
2026-09-24 16:47:15.625  INFO   session     Entity shadow: vision=3 {'monster': 2, 'player': 1} memory=2 {'monster': 2} paired=2 median=0.011
2026-09-24 16:47:16.892  INFO   decision    mode=traveling behavior=loot action=searching target=379 reason='walk onto item' status=success
2026-09-24 16:47:20.361  INFO   decision    mode=traveling behavior=loot action=pickup target=379 reason='loot target' status=success
2026-09-24 16:47:20.679  INFO   session     Entity shadow: vision=3 {'item': 1, 'monster': 1, 'player': 1} memory=3 {'item': 1, 'monster': 2} paired=2 median=0.011 unleveled=208:兔子
2026-09-24 16:47:20.697  INFO   decision    mode=traveling behavior=loot action=idle target=- reason='pickup settle' status=success
2026-09-24 16:47:21.145  INFO   decision    mode=traveling behavior=traveling action=traveling target=- reason='unstick' status=success
2026-09-24 16:47:22.192  INFO   decision    mode=traveling behavior=combat action=attack target=381 reason='engage target' status=success
2026-09-24 16:47:24.345  INFO   decision    mode=traveling behavior=combat action=attack target=382 reason='engage target' status=success
2026-09-24 16:47:25.838  INFO   session     Entity shadow: vision=2 {'monster': 1, 'player': 1} memory=5 {'monster': 5} paired=1 median=0.024 unleveled=14:青蛙,208:兔子,189:鹿
2026-09-24 16:47:30.850  INFO   decision    mode=traveling behavior=traveling action=traveling target=- reason='return to farm after retreat' status=success
2026-09-24 16:47:31.100  INFO   session     Entity shadow: vision=1 {'player': 1} memory=3 {'monster': 3} paired=0 median=0.000 unleveled=208:兔子,14:青蛙,189:鹿
2026-09-24 16:47:34.330  INFO   decision    mode=traveling behavior=combat action=attack target=386 reason='engage target' status=success
2026-09-24 16:47:36.173  INFO   session     Entity shadow: vision=1 {'player': 1} memory=5 {'monster': 4, 'item': 1} paired=0 median=0.000 unleveled=189:鹿,14:青蛙,208:兔子
2026-09-24 16:47:36.451  INFO   decision    mode=traveling behavior=loot action=searching target=387 reason='walk onto item' status=success
2026-09-24 16:47:39.557  INFO   decision    mode=traveling behavior=loot action=pickup target=387 reason='loot target' status=success
2026-09-24 16:47:39.893  INFO   decision    mode=traveling behavior=loot action=idle target=- reason='pickup settle' status=success
2026-09-24 16:47:40.416  INFO   decision    mode=traveling behavior=traveling action=traveling target=- reason='return to farm after retreat' status=success
2026-09-24 16:47:40.716  INFO   decision    mode=traveling behavior=combat action=attack target=388 reason='engage target' status=success
2026-09-24 16:47:41.372  INFO   session     Entity shadow: vision=1 {'player': 1} memory=3 {'monster': 3} paired=0 median=0.000 unleveled=189:鹿,14:青蛙
2026-09-24 16:47:44.067  INFO   decision    mode=traveling behavior=traveling action=traveling target=- reason='return to farm after retreat' status=success
2026-09-24 16:47:46.390  INFO   session     Entity shadow: vision=1 {'player': 1} memory=1 {'monster': 1} paired=0 median=0.000 unleveled=14:青蛙
2026-09-24 16:47:48.238  INFO   decision    mode=traveling behavior=combat action=attack target=389 reason='engage target' status=success
2026-09-24 16:47:51.607  INFO   session     Entity shadow: vision=2 {'player': 1, 'monster': 1} memory=1 {'monster': 1} paired=1 median=0.008
2026-09-24 16:47:56.726  INFO   session     Entity shadow: vision=2 {'monster': 1, 'player': 1} memory=1 {'monster': 1} paired=1 median=0.011
2026-09-24 16:47:59.030  INFO   decision    mode=traveling behavior=combat action=attack target=389 reason='attack target' status=success (repeat)
2026-09-24 16:48:00.287  INFO   decision    mode=traveling behavior=loot action=pickup target=390 reason='engage item' status=success
2026-09-24 16:48:00.644  INFO   decision    mode=traveling behavior=loot action=idle target=- reason='pickup settle' status=success
2026-09-24 16:48:01.184  INFO   decision    mode=traveling behavior=traveling action=traveling target=- reason='return to farm after retreat' status=success
2026-09-24 16:48:01.708  INFO   session     Entity shadow: vision=1 {'player': 1} memory=0 {} paired=0 median=0.000
2026-09-24 16:48:03.540  INFO   decision    mode=traveling behavior=combat action=attack target=392 reason='engage target' status=success
2026-09-24 16:48:04.630  INFO   decision    mode=traveling behavior=combat action=attack target=393 reason='engage target' status=success
2026-09-24 16:48:06.754  INFO   session     Entity shadow: vision=1 {'player': 1} memory=1 {'monster': 1} paired=0 median=0.000
2026-09-24 16:48:11.935  INFO   session     Entity shadow: vision=1 {'monster': 1} memory=3 {'monster': 3} paired=1 median=0.014 unleveled=189:鹿
2026-09-24 16:48:15.368  INFO   decision    mode=traveling behavior=combat action=attack target=393 reason='attack target' status=success (repeat)
2026-09-24 16:48:16.963  INFO   session     Entity shadow: vision=1 {'player': 1} memory=3 {'monster': 3} paired=0 median=0.000 unleveled=189:鹿
2026-09-24 16:48:18.932  INFO   decision    mode=retreating behavior=talking_scroll action=use_talking_scroll target=- reason='retreat, 마법서 상인' status=success
2026-09-24 16:48:19.804  INFO   decision    mode=retreating behavior=survival_potion action=use_hp_potion target=- reason='critical hp, cannot heal' status=success
2026-09-24 16:48:21.097  INFO   decision    mode=retreating behavior=loot action=searching target=397 reason='walk onto item' status=success
2026-09-24 16:48:22.133  INFO   session     Entity shadow: vision=4 {'player': 1, 'npc': 2, 'item': 1} memory=7 {'monster': 3, 'item': 1, 'npc': 3} paired=1 median=0.012 unleveled=68:警衛,10:警衛
2026-09-24 16:48:22.160  INFO   decision    mode=retreating behavior=retreating action=idle target=- reason='retreating, waiting for hp' status=success
2026-09-24 16:48:26.786  INFO   decision    mode=retreating behavior=loot action=searching target=397 reason='walk onto item' status=success
2026-09-24 16:48:27.097  INFO   decision    mode=retreating behavior=loot action=pickup target=397 reason='loot target' status=success
2026-09-24 16:48:27.386  INFO   session     Entity shadow: vision=2 {'player': 1, 'npc': 1} memory=3 {'item': 1, 'monster': 1, 'npc': 1} paired=1 median=0.116 unleveled=10:警衛
2026-09-24 16:48:27.410  INFO   decision    mode=retreating behavior=loot action=idle target=- reason='pickup settle' status=success
2026-09-24 16:48:27.843  INFO   decision    mode=retreating behavior=retreating action=idle target=- reason='retreating, waiting for hp' status=success
2026-09-24 16:48:28.425  INFO   decision    mode=retreating behavior=loot action=pickup target=397 reason='engage item' status=success
2026-09-24 16:48:28.746  INFO   decision    mode=retreating behavior=loot action=idle target=- reason='pickup settle' status=success
2026-09-24 16:48:29.209  INFO   decision    mode=retreating behavior=retreating action=idle target=- reason='retreating, waiting for hp' status=success
2026-09-24 16:48:32.518  INFO   session     Entity shadow: vision=2 {'npc': 1, 'player': 1} memory=3 {'player': 1, 'monster': 1, 'npc': 1} paired=0 median=0.000 unleveled=10:警衛
2026-09-24 16:48:36.607  INFO   decision    mode=retreating behavior=retreating action=idle target=- reason='retreating, waiting for hp' status=success (repeat)
2026-09-24 16:48:37.610  INFO   session     Entity shadow: vision=2 {'npc': 1, 'player': 1} memory=2 {'monster': 1, 'npc': 1} paired=0 median=0.000 unleveled=10:警衛
2026-09-24 16:48:42.732  INFO   session     Entity shadow: vision=2 {'npc': 1, 'player': 1} memory=2 {'monster': 1, 'npc': 1} paired=0 median=0.000 unleveled=10:警衛
2026-09-24 16:48:43.968  INFO   decision    mode=retreating behavior=retreating action=idle target=- reason='retreating, waiting for hp' status=success (repeat)
2026-09-24 16:48:47.818  INFO   session     Entity shadow: vision=2 {'npc': 1, 'player': 1} memory=2 {'monster': 1, 'npc': 1} paired=0 median=0.000 unleveled=10:警衛
2026-09-24 16:48:51.326  INFO   decision    mode=retreating behavior=retreating action=idle target=- reason='retreating, waiting for hp' status=success (repeat)
2026-09-24 16:48:52.842  INFO   session     Entity shadow: vision=2 {'npc': 1, 'player': 1} memory=2 {'monster': 1, 'npc': 1} paired=0 median=0.000 unleveled=10:警衛
2026-09-24 16:48:57.989  INFO   session     Entity shadow: vision=2 {'player': 1, 'npc': 1} memory=2 {'monster': 1, 'npc': 1} paired=0 median=0.000 unleveled=10:警衛
2026-09-24 16:48:58.774  INFO   decision    mode=retreating behavior=retreating action=idle target=- reason='retreating, waiting for hp' status=success (repeat)
2026-09-24 16:49:03.092  INFO   session     Entity shadow: vision=2 {'npc': 1, 'player': 1} memory=3 {'monster': 2, 'npc': 1} paired=0 median=0.000 unleveled=10:警衛
2026-09-24 16:49:06.611  INFO   decision    mode=retreating behavior=retreating action=idle target=- reason='retreating, waiting for hp' status=success (repeat)
2026-09-24 16:49:08.090  INFO   session     Entity shadow: vision=3 {'player': 2, 'npc': 1} memory=4 {'player': 1, 'monster': 2, 'npc': 1} paired=1 median=0.024 unleveled=10:警衛
2026-09-24 16:49:13.204  INFO   session     Entity shadow: vision=2 {'npc': 1, 'player': 1} memory=5 {'monster': 3, 'player': 1, 'npc': 1} paired=0 median=0.000 unleveled=10:警衛
2026-09-24 16:49:14.372  INFO   decision    mode=retreating behavior=retreating action=idle target=- reason='retreating, waiting for hp' status=success (repeat)
2026-09-24 16:49:18.312  INFO   session     Entity shadow: vision=6 {'player': 4, 'npc': 1, 'item': 1} memory=6 {'player': 2, 'item': 1, 'monster': 2, 'npc': 1} paired=3 median=0.022 unleveled=10:警衛
2026-09-24 16:49:22.541  INFO   decision    mode=retreating behavior=retreating action=idle target=- reason='retreating, waiting for hp' status=success (repeat)
2026-09-24 16:49:23.472  INFO   session     Entity shadow: vision=3 {'item': 1, 'npc': 1, 'player': 1} memory=6 {'player': 1, 'monster': 3, 'item': 1, 'npc': 1} paired=1 median=0.031 unleveled=10:警衛
2026-09-24 16:49:28.625  INFO   session     Entity shadow: vision=3 {'item': 1, 'npc': 1, 'player': 1} memory=5 {'player': 1, 'monster': 2, 'item': 1, 'npc': 1} paired=1 median=0.031 unleveled=10:警衛
2026-09-24 16:49:30.340  INFO   decision    mode=retreating behavior=retreating action=idle target=- reason='retreating, waiting for hp' status=success (repeat)
2026-09-24 16:49:33.731  INFO   session     Entity shadow: vision=3 {'player': 1, 'item': 1, 'npc': 1} memory=4 {'monster': 2, 'item': 1, 'npc': 1} paired=1 median=0.031 unleveled=10:警衛
2026-09-24 16:49:37.863  INFO   decision    mode=retreating behavior=retreating action=idle target=- reason='retreating, waiting for hp' status=success (repeat)
2026-09-24 16:49:38.781  INFO   session     Entity shadow: vision=3 {'player': 1, 'item': 1, 'npc': 1} memory=4 {'monster': 2, 'item': 1, 'npc': 1} paired=1 median=0.031 unleveled=10:警衛
2026-09-24 16:49:43.903  INFO   session     Entity shadow: vision=3 {'item': 1, 'npc': 1, 'player': 1} memory=4 {'monster': 2, 'item': 1, 'npc': 1} paired=1 median=0.031 unleveled=10:警衛
2026-09-24 16:49:44.880  INFO   decision    mode=traveling behavior=loot action=searching target=412 reason='walk onto item' status=success
2026-09-24 16:49:49.004  INFO   session     Entity shadow: vision=3 {'player': 1, 'item': 1, 'npc': 1} memory=3 {'item': 1, 'monster': 1, 'npc': 1} paired=1 median=0.002 unleveled=10:警衛
2026-09-24 16:49:49.892  INFO   decision    mode=traveling behavior=loot action=pickup target=412 reason='loot target' status=success
2026-09-24 16:49:50.255  INFO   decision    mode=traveling behavior=loot action=idle target=- reason='pickup settle' status=success
2026-09-24 16:49:50.594  INFO   decision    mode=traveling behavior=combat action=attack target=415 reason='engage target' status=success
2026-09-24 16:49:54.208  INFO   session     Entity shadow: vision=2 {'monster': 1, 'player': 1} memory=3 {'monster': 3} paired=1 median=0.014
2026-09-24 16:49:59.384  INFO   session     Entity shadow: vision=3 {'item': 1, 'player': 1, 'monster': 1} memory=3 {'monster': 2, 'item': 1} paired=2 median=0.004
2026-09-24 16:50:00.421  INFO   decision    mode=traveling behavior=combat action=attack target=416 reason='attack target' status=success
2026-09-24 16:50:04.435  INFO   session     Entity shadow: vision=3 {'item': 1, 'player': 1, 'monster': 1} memory=3 {'monster': 2, 'item': 1} paired=2 median=0.063
2026-09-24 16:50:04.911  INFO   decision    mode=traveling behavior=loot action=pickup target=417 reason='engage item' status=success
2026-09-24 16:50:05.233  INFO   decision    mode=traveling behavior=loot action=idle target=- reason='pickup settle' status=success
2026-09-24 16:50:05.661  INFO   decision    mode=traveling behavior=traveling action=traveling target=- reason='return to farm after retreat' status=success
2026-09-24 16:50:06.336  INFO   decision    mode=traveling behavior=loot action=pickup target=417 reason='engage item' status=success
2026-09-24 16:50:06.650  INFO   decision    mode=traveling behavior=loot action=idle target=- reason='pickup settle' status=success
2026-09-24 16:50:07.100  INFO   decision    mode=traveling behavior=traveling action=traveling target=- reason='return to farm after retreat' status=success
2026-09-24 16:50:07.778  INFO   decision    mode=traveling behavior=loot action=pickup target=417 reason='engage item' status=success
2026-09-24 16:50:08.131  INFO   decision    mode=traveling behavior=loot action=idle target=- reason='pickup settle' status=success
2026-09-24 16:50:08.611  INFO   decision    mode=traveling behavior=combat action=attack target=418 reason='engage target' status=success
2026-09-24 16:50:09.077  INFO   decision    mode=traveling behavior=traveling action=traveling target=- reason='return to farm after retreat' status=success
2026-09-24 16:50:09.537  INFO   session     Entity shadow: vision=2 {'player': 1, 'monster': 1} memory=0 {} paired=0 median=0.000
2026-09-24 16:50:09.967  INFO   decision    mode=traveling behavior=combat action=attack target=419 reason='engage target' status=success
2026-09-24 16:50:14.610  INFO   session     Entity shadow: vision=2 {'npc': 1, 'player': 1} memory=2 {'monster': 2} paired=0 median=0.000 unleveled=68:警衛
2026-09-24 16:50:14.868  INFO   decision    mode=traveling behavior=traveling action=traveling target=- reason='return to farm after retreat' status=success
2026-09-24 16:50:17.774  INFO   decision    mode=traveling behavior=combat action=attack target=422 reason='engage target' status=success
2026-09-24 16:50:19.638  INFO   session     Entity shadow: vision=3 {'player': 1, 'monster': 1, 'npc': 1} memory=4 {'monster': 3, 'npc': 1} paired=1 median=0.008 unleveled=10:警衛,68:警衛
2026-09-24 16:50:22.763  INFO   decision    mode=traveling behavior=traveling action=traveling target=- reason='return to farm after retreat' status=success
2026-09-24 16:50:24.834  INFO   session     Entity shadow: vision=6 {'player': 1, 'npc': 3, 'monster': 2} memory=3 {'monster': 3} paired=0 median=0.000 unleveled=68:警衛,10:警衛
2026-09-24 16:50:29.860  INFO   session     Entity shadow: vision=4 {'player': 1, 'monster': 1, 'npc': 2} memory=5 {'npc': 3, 'monster': 2} paired=0 median=0.000 unleveled=68:警衛,10:警衛
2026-09-24 16:50:30.911  INFO   decision    mode=traveling behavior=traveling action=traveling target=- reason='return to farm after retreat' status=success (repeat)
2026-09-24 16:50:35.027  INFO   session     Entity shadow: vision=4 {'npc': 2, 'player': 1, 'monster': 1} memory=6 {'player': 1, 'npc': 3, 'monster': 2} paired=1 median=0.037 unleveled=68:警衛,10:警衛
2026-09-24 16:50:37.364  INFO   decision    mode=traveling behavior=combat action=attack target=430 reason='engage target' status=success
2026-09-24 16:50:40.234  INFO   session     Entity shadow: vision=5 {'npc': 2, 'player': 2, 'monster': 1} memory=7 {'monster': 3, 'player': 1, 'npc': 3} paired=2 median=0.027 unleveled=68:警衛,10:警衛
2026-09-24 16:50:42.373  INFO   decision    mode=traveling behavior=traveling action=traveling target=- reason='return to farm after retreat' status=success
2026-09-24 16:50:45.199  INFO   session     Entity shadow: vision=4 {'player': 2, 'npc': 2} memory=6 {'player': 1, 'npc': 3, 'monster': 2} paired=1 median=0.032 unleveled=68:警衛,10:警衛
2026-09-24 16:50:50.029  INFO   decision    mode=traveling behavior=combat action=attack target=433 reason='engage target' status=success
2026-09-24 16:50:50.506  INFO   session     Entity shadow: vision=2 {'player': 2} memory=5 {'player': 1, 'monster': 1, 'npc': 3} paired=1 median=0.020
2026-09-24 16:50:55.516  INFO   session     Entity shadow: vision=2 {'player': 2} memory=5 {'player': 1, 'monster': 2, 'npc': 2} paired=1 median=0.032 unleveled=14:青蛙
2026-09-24 16:51:00.673  INFO   session     Entity shadow: vision=4 {'player': 2, 'monster': 2} memory=4 {'player': 1, 'monster': 1, 'npc': 2} paired=2 median=0.021
2026-09-24 16:51:01.157  INFO   decision    mode=traveling behavior=combat action=attack target=433 reason='attack target' status=success (repeat)
2026-09-24 16:51:01.872  INFO   decision    mode=traveling behavior=traveling action=traveling target=- reason='return to farm after retreat' status=success
2026-09-24 16:51:05.787  INFO   session     Entity shadow: vision=2 {'player': 2} memory=1 {'player': 1} paired=1 median=0.007
2026-09-24 16:51:09.760  INFO   decision    mode=traveling behavior=traveling action=traveling target=- reason='return to farm after retreat' status=success (repeat)
2026-09-24 16:51:10.827  INFO   session     Entity shadow: vision=1 {'player': 1} memory=1 {'player': 1} paired=0 median=0.000
2026-09-24 16:51:13.808  INFO   decision    mode=traveling behavior=combat action=attack target=440 reason='engage target' status=success
2026-09-24 16:51:15.999  INFO   session     Entity shadow: vision=2 {'player': 1, 'item': 1} memory=5 {'monster': 3, 'player': 1, 'item': 1} paired=1 median=0.007 unleveled=189:鹿,208:兔子
2026-09-24 16:51:18.224  INFO   decision    mode=traveling behavior=loot action=searching target=442 reason='walk onto item' status=success
2026-09-24 16:51:21.005  INFO   session     Entity shadow: vision=5 {'player': 2, 'monster': 1, 'item': 2} memory=6 {'monster': 3, 'player': 1, 'item': 2} paired=4 median=0.012 unleveled=207:兔子,208:兔子
2026-09-24 16:51:23.804  INFO   decision    mode=traveling behavior=loot action=pickup target=442 reason='loot target' status=success
2026-09-24 16:51:24.148  INFO   decision    mode=traveling behavior=loot action=idle target=- reason='pickup settle' status=success
2026-09-24 16:51:24.606  INFO   decision    mode=traveling behavior=loot action=searching target=444 reason='walk onto item' status=success
2026-09-24 16:51:26.200  INFO   session     Entity shadow: vision=3 {'player': 2, 'item': 1} memory=3 {'monster': 1, 'player': 1, 'item': 1} paired=2 median=0.022 unleveled=208:兔子
2026-09-24 16:51:26.817  INFO   decision    mode=traveling behavior=traveling action=traveling target=- reason='return to farm after retreat' status=success
2026-09-24 16:51:30.379  INFO   decision    mode=traveling behavior=loot action=searching target=449 reason='walk onto item' status=success
2026-09-24 16:51:31.363  INFO   session     Entity shadow: vision=3 {'player': 2, 'item': 1} memory=6 {'player': 2, 'item': 1, 'monster': 3} paired=2 median=0.081 unleveled=208:兔子,14:青蛙
2026-09-24 16:51:35.944  INFO   decision    mode=traveling behavior=traveling action=traveling target=- reason='unstick' status=success
2026-09-24 16:51:36.411  INFO   session     Entity shadow: vision=5 {'monster': 1, 'player': 3, 'item': 1} memory=5 {'player': 2, 'monster': 2, 'item': 1} paired=4 median=0.027 unleveled=208:兔子
2026-09-24 16:51:41.500  INFO   session     Entity shadow: vision=4 {'player': 2, 'monster': 1, 'item': 1} memory=5 {'monster': 3, 'player': 1, 'item': 1} paired=3 median=0.036 unleveled=208:兔子,14:青蛙
2026-09-24 16:51:44.727  INFO   decision    mode=traveling behavior=traveling action=traveling target=- reason='return to farm after retreat' status=success (repeat)
2026-09-24 16:51:46.617  INFO   session     Entity shadow: vision=2 {'player': 2} memory=4 {'player': 1, 'monster': 3} paired=1 median=0.006 unleveled=189:鹿,14:青蛙,208:兔子
2026-09-24 16:51:51.706  INFO   session     Entity shadow: vision=3 {'player': 3} memory=3 {'monster': 2, 'player': 1} paired=1 median=0.039 unleveled=206:兔子,189:鹿
2026-09-24 16:51:52.650  INFO   decision    mode=traveling behavior=traveling action=traveling target=- reason='return to farm after retreat' status=success (repeat)
2026-09-24 16:51:56.852  INFO   session     Entity shadow: vision=3 {'player': 2, 'npc': 1} memory=4 {'player': 1, 'monster': 2, 'npc': 1} paired=2 median=0.043 unleveled=206:兔子,189:鹿
2026-09-24 16:52:00.646  INFO   decision    mode=traveling behavior=traveling action=traveling target=- reason='return to farm after retreat' status=success (repeat)
2026-09-24 16:52:01.873  INFO   session     Entity shadow: vision=2 {'player': 1, 'npc': 1} memory=4 {'monster': 3, 'npc': 1} paired=1 median=0.018 unleveled=189:鹿,206:兔子
2026-09-24 16:52:05.958  INFO   decision    mode=traveling behavior=combat action=attack target=458 reason='engage target' status=success
2026-09-24 16:52:06.995  INFO   session     Entity shadow: vision=3 {'player': 1, 'npc': 1, 'monster': 1} memory=3 {'monster': 2, 'npc': 1} paired=2 median=0.023 unleveled=189:鹿
2026-09-24 16:52:12.048  INFO   session     Entity shadow: vision=5 {'npc': 2, 'monster': 1, 'player': 2} memory=5 {'player': 1, 'monster': 3, 'npc': 1} paired=3 median=0.019 unleveled=189:鹿,68:警衛
2026-09-24 16:52:13.777  INFO   decision    mode=traveling behavior=loot action=searching target=463 reason='walk onto item' status=success
2026-09-24 16:52:17.056  INFO   session     Entity shadow: vision=4 {'player': 1, 'npc': 2, 'item': 1} memory=2 {'monster': 1, 'item': 1} paired=1 median=0.011 unleveled=68:警衛
2026-09-24 16:52:18.429  INFO   decision    mode=traveling behavior=loot action=pickup target=463 reason='loot target' status=success
2026-09-24 16:52:18.748  INFO   decision    mode=traveling behavior=loot action=idle target=- reason='pickup settle' status=success
2026-09-24 16:52:19.248  INFO   decision    mode=traveling behavior=traveling action=traveling target=- reason='return to farm after retreat' status=success
2026-09-24 16:52:20.005  INFO   decision    mode=traveling behavior=loot action=pickup target=463 reason='engage item' status=success
2026-09-24 16:52:20.321  INFO   decision    mode=traveling behavior=loot action=idle target=- reason='pickup settle' status=success
2026-09-24 16:52:20.787  INFO   decision    mode=traveling behavior=traveling action=traveling target=- reason='return to farm after retreat' status=success
2026-09-24 16:52:21.438  INFO   decision    mode=traveling behavior=loot action=pickup target=463 reason='engage item' status=success
2026-09-24 16:52:21.818  INFO   decision    mode=traveling behavior=loot action=idle target=- reason='pickup settle' status=success
2026-09-24 16:52:22.096  INFO   session     Entity shadow: vision=3 {'player': 1, 'npc': 1, 'item': 1} memory=2 {'monster': 1, 'item': 1} paired=1 median=0.014 unleveled=68:警衛
2026-09-24 16:52:22.292  INFO   decision    mode=traveling behavior=traveling action=traveling target=- reason='return to farm after retreat' status=success
2026-09-24 16:52:23.008  INFO   decision    mode=traveling behavior=loot action=pickup target=463 reason='engage item' status=success
2026-09-24 16:52:23.366  INFO   decision    mode=traveling behavior=loot action=idle target=- reason='pickup settle' status=success
2026-09-24 16:52:23.873  INFO   decision    mode=traveling behavior=traveling action=traveling target=- reason='return to farm after retreat' status=success
2026-09-24 16:52:24.625  INFO   decision    mode=traveling behavior=loot action=pickup target=463 reason='engage item' status=success
2026-09-24 16:52:24.970  INFO   decision    mode=traveling behavior=loot action=idle target=- reason='pickup settle' status=success
2026-09-24 16:52:25.445  INFO   decision    mode=traveling behavior=traveling action=traveling target=- reason='return to farm after retreat' status=success
2026-09-24 16:52:27.185  INFO   session     Entity shadow: vision=3 {'player': 1, 'npc': 1, 'monster': 1} memory=1 {'monster': 1} paired=0 median=0.000 unleveled=68:警衛
2026-09-24 16:52:32.325  INFO   session     Entity shadow: vision=2 {'player': 1, 'npc': 1} memory=2 {'npc': 1, 'monster': 1} paired=0 median=0.000 unleveled=68:警衛
2026-09-24 16:52:33.391  INFO   decision    mode=traveling behavior=traveling action=traveling target=- reason='return to farm after retreat' status=success (repeat)
2026-09-24 16:52:34.455  INFO   decision    mode=traveling behavior=combat action=attack target=465 reason='engage target' status=success
2026-09-24 16:52:37.386  INFO   session     Entity shadow: vision=2 {'monster': 1, 'player': 1} memory=2 {'monster': 1, 'npc': 1} paired=1 median=0.002
2026-09-24 16:52:37.791  INFO   decision    mode=traveling behavior=traveling action=traveling target=- reason='return to farm after retreat' status=success
2026-09-24 16:52:42.500  INFO   session     Entity shadow: vision=2 {'player': 1, 'npc': 1} memory=2 {'monster': 1, 'npc': 1} paired=0 median=0.000 unleveled=10:警衛
2026-09-24 16:52:46.087  INFO   decision    mode=traveling behavior=traveling action=traveling target=- reason='return to farm after retreat' status=success (repeat)
2026-09-24 16:52:47.574  INFO   session     Entity shadow: vision=3 {'player': 1, 'npc': 2} memory=3 {'npc': 1, 'monster': 2} paired=0 median=0.000 unleveled=68:警衛
2026-09-24 16:52:52.651  INFO   session     Entity shadow: vision=3 {'player': 1, 'npc': 2} memory=4 {'npc': 1, 'monster': 3} paired=0 median=0.000 unleveled=10:警衛,68:警衛
2026-09-24 16:52:54.189  INFO   decision    mode=traveling behavior=traveling action=traveling target=- reason='return to farm after retreat' status=success (repeat)
2026-09-24 16:52:57.813  INFO   session     Entity shadow: vision=6 {'player': 4, 'npc': 2} memory=6 {'monster': 4, 'player': 2} paired=2 median=0.028 unleveled=14:青蛙,10:警衛,68:警衛
2026-09-24 16:52:58.083  INFO   decision    mode=traveling behavior=combat action=attack target=476 reason='engage target' status=success
2026-09-24 16:53:02.868  INFO   session     Entity shadow: vision=6 {'npc': 2, 'monster': 1, 'player': 3} memory=7 {'monster': 5, 'player': 2} paired=2 median=0.035 unleveled=10:警衛,14:青蛙,68:警衛
2026-09-24 16:53:07.911  INFO   session     Entity shadow: vision=7 {'monster': 3, 'npc': 1, 'player': 3} memory=6 {'monster': 4, 'player': 2} paired=4 median=0.035 unleveled=10:警衛,68:警衛
2026-09-24 16:53:10.150  INFO   decision    mode=traveling behavior=combat action=attack target=476 reason='attack target' status=success (repeat)
2026-09-24 16:53:12.957  INFO   session     Entity shadow: vision=6 {'monster': 2, 'player': 3, 'npc': 1} memory=6 {'monster': 4, 'player': 2} paired=3 median=0.035 unleveled=14:青蛙,10:警衛,68:警衛
2026-09-24 16:53:14.789  INFO   decision    mode=traveling behavior=loot action=pickup target=477 reason='engage item' status=success
2026-09-24 16:53:15.191  INFO   decision    mode=traveling behavior=loot action=idle target=- reason='pickup settle' status=success
2026-09-24 16:53:15.525  INFO   decision    mode=traveling behavior=traveling action=traveling target=- reason='return to farm after retreat' status=success
2026-09-24 16:53:16.438  INFO   decision    mode=traveling behavior=loot action=searching target=477 reason='walk onto item' status=success
2026-09-24 16:53:17.074  INFO   decision    mode=traveling behavior=traveling action=traveling target=- reason='return to farm after retreat' status=success
2026-09-24 16:53:18.061  INFO   session     Entity shadow: vision=4 {'player': 3, 'npc': 1} memory=20 {'npc': 2, 'monster': 3, 'player': 15} paired=2 median=0.034 unleveled=14:青蛙,10:警衛,68:警衛
2026-09-24 16:53:23.101  INFO   session     Entity shadow: vision=3 {'monster': 2, 'npc': 1} memory=19 {'npc': 5, 'monster': 2, 'player': 12} paired=1 median=0.110 unleveled=14:青蛙,10:警衛
2026-09-24 16:53:25.286  INFO   decision    mode=traveling behavior=combat action=attack target=472 reason='engage target' status=success
2026-09-24 16:53:25.791  INFO   decision    mode=traveling behavior=traveling action=traveling target=- reason='return to farm after retreat' status=success
2026-09-24 16:53:28.238  INFO   session     Entity shadow: vision=2 {'player': 2} memory=16 {'monster': 1, 'npc': 1, 'player': 14} paired=1 median=0.030 unleveled=14:青蛙
2026-09-24 16:53:33.397  INFO   session     Entity shadow: vision=3 {'player': 3} memory=4 {'npc': 1, 'monster': 1, 'player': 2} paired=2 median=0.030 unleveled=14:青蛙
2026-09-24 16:53:33.857  INFO   decision    mode=traveling behavior=traveling action=traveling target=- reason='return to farm after retreat' status=success (repeat)
2026-09-24 16:53:38.402  INFO   session     Entity shadow: vision=4 {'player': 3, 'npc': 1} memory=5 {'npc': 1, 'monster': 2, 'player': 2} paired=2 median=0.051 unleveled=14:青蛙,68:警衛
2026-09-24 16:53:41.937  INFO   decision    mode=traveling behavior=traveling action=traveling target=- reason='return to farm after retreat' status=success (repeat)
2026-09-24 16:53:43.439  INFO   session     Entity shadow: vision=4 {'player': 3, 'npc': 1} memory=5 {'monster': 2, 'npc': 1, 'player': 2} paired=2 median=0.062 unleveled=14:青蛙,68:警衛
2026-09-24 16:53:48.457  INFO   session     Entity shadow: vision=5 {'player': 2, 'npc': 2, 'monster': 1} memory=3 {'npc': 1, 'monster': 2} paired=0 median=0.000 unleveled=10:警衛,68:警衛
2026-09-24 16:53:50.446  INFO   decision    mode=traveling behavior=traveling action=traveling target=- reason='return to farm after retreat' status=success (repeat)
2026-09-24 16:53:53.521  INFO   session     Entity shadow: vision=3 {'player': 1, 'monster': 1, 'npc': 1} memory=3 {'npc': 1, 'monster': 2} paired=1 median=0.034 unleveled=68:警衛
2026-09-24 16:53:58.614  INFO   session     Entity shadow: vision=2 {'player': 1, 'monster': 1} memory=2 {'monster': 2} paired=1 median=0.014 unleveled=68:警衛
2026-09-24 16:53:58.782  INFO   decision    mode=traveling behavior=traveling action=traveling target=- reason='return to farm after retreat' status=success (repeat)
2026-09-24 16:54:03.744  INFO   session     Entity shadow: vision=2 {'player': 1, 'monster': 1} memory=0 {} paired=0 median=0.000
2026-09-24 16:54:04.220  INFO   decision    mode=traveling behavior=combat action=attack target=508 reason='engage target' status=success
2026-09-24 16:54:06.480  INFO   decision    mode=traveling behavior=traveling action=traveling target=- reason='return to farm after retreat' status=success
2026-09-24 16:54:08.810  INFO   session     Entity shadow: vision=1 {'player': 1} memory=0 {} paired=0 median=0.000
2026-09-24 16:54:10.597  INFO   decision    mode=traveling behavior=combat action=attack target=509 reason='engage target' status=success
2026-09-24 16:54:13.840  INFO   session     Entity shadow: vision=3 {'item': 1, 'player': 1, 'monster': 1} memory=1 {'monster': 1} paired=1 median=0.028
2026-09-24 16:54:14.073  INFO   decision    mode=traveling behavior=loot action=searching target=510 reason='walk onto item' status=success
2026-09-24 16:54:18.963  INFO   session     Entity shadow: vision=4 {'player': 1, 'monster': 2, 'item': 1} memory=2 {'monster': 1, 'item': 1} paired=2 median=0.023
2026-09-24 16:54:21.554  INFO   decision    mode=traveling behavior=loot action=pickup target=510 reason='loot target' status=success
2026-09-24 16:54:21.881  INFO   decision    mode=traveling behavior=loot action=idle target=- reason='pickup settle' status=success
2026-09-24 16:54:22.269  INFO   decision    mode=traveling behavior=traveling action=traveling target=- reason='return to farm after retreat' status=success
2026-09-24 16:54:23.984  INFO   session     Entity shadow: vision=3 {'player': 2, 'monster': 1} memory=2 {'player': 1, 'monster': 1} paired=2 median=0.024
2026-09-24 16:54:26.676  INFO   decision    mode=traveling behavior=loot action=searching target=514 reason='walk onto item' status=success
2026-09-24 16:54:28.966  INFO   decision    mode=traveling behavior=traveling action=traveling target=- reason='return to farm after retreat' status=success
2026-09-24 16:54:29.166  INFO   session     Entity shadow: vision=3 {'player': 2, 'monster': 1} memory=4 {'player': 1, 'monster': 3} paired=2 median=0.017 unleveled=12:史萊姆
2026-09-24 16:54:34.249  INFO   session     Entity shadow: vision=6 {'player': 3, 'monster': 3} memory=6 {'player': 2, 'monster': 4} paired=4 median=0.032 unleveled=12:史萊姆
2026-09-24 16:54:37.671  INFO   decision    mode=traveling behavior=traveling action=traveling target=- reason='return to farm after retreat' status=success (repeat)
2026-09-24 16:54:39.349  INFO   session     Entity shadow: vision=3 {'monster': 2, 'player': 1} memory=5 {'player': 1, 'monster': 4} paired=1 median=0.029 unleveled=12:史萊姆
2026-09-24 16:54:40.201  INFO   decision    mode=traveling behavior=combat action=attack target=519 reason='engage target' status=success
2026-09-24 16:54:44.529  INFO   session     Entity shadow: vision=6 {'player': 2, 'monster': 4} memory=6 {'monster': 5, 'player': 1} paired=4 median=0.013 unleveled=12:史萊姆
2026-09-24 16:54:49.611  INFO   session     Entity shadow: vision=5 {'monster': 3, 'player': 2} memory=5 {'monster': 4, 'player': 1} paired=4 median=0.030 unleveled=12:史萊姆
2026-09-24 16:54:49.880  INFO   decision    mode=retreating behavior=talking_scroll action=use_talking_scroll target=- reason='retreat, 허수아비 수련장' status=success
2026-09-24 16:54:50.792  INFO   decision    mode=retreating behavior=retreating action=idle target=- reason='retreating, waiting for hp' status=success
2026-09-24 16:54:54.645  INFO   session     Entity shadow: vision=5 {'monster': 1, 'player': 3, 'npc': 1} memory=9 {'monster': 5, 'player': 4} paired=4 median=0.020 unleveled=10:警衛,20:?
2026-09-24 16:54:58.450  INFO   decision    mode=retreating behavior=retreating action=idle target=- reason='retreating, waiting for hp' status=success (repeat)
2026-09-24 16:54:59.766  INFO   session     Entity shadow: vision=5 {'monster': 1, 'npc': 1, 'player': 3} memory=9 {'monster': 5, 'player': 4} paired=4 median=0.020 unleveled=10:警衛,20:?
2026-09-24 16:55:04.812  INFO   session     Entity shadow: vision=5 {'monster': 1, 'player': 3, 'npc': 1} memory=9 {'monster': 5, 'player': 4} paired=4 median=0.020 unleveled=10:警衛,20:?
2026-09-24 16:55:06.034  INFO   decision    mode=retreating behavior=retreating action=idle target=- reason='retreating, waiting for hp' status=success (repeat)
2026-09-24 16:55:09.867  INFO   session     Entity shadow: vision=5 {'monster': 1, 'npc': 1, 'player': 3} memory=9 {'monster': 5, 'player': 4} paired=4 median=0.020 unleveled=10:警衛,20:?
2026-09-24 16:55:13.940  INFO   decision    mode=retreating behavior=retreating action=idle target=- reason='retreating, waiting for hp' status=success (repeat)
2026-09-24 16:55:15.028  INFO   session     Entity shadow: vision=8 {'player': 4, 'monster': 2, 'npc': 2} memory=11 {'player': 6, 'monster': 5} paired=5 median=0.020 unleveled=10:警衛,20:?
2026-09-24 16:55:20.134  INFO   session     Entity shadow: vision=8 {'npc': 1, 'monster': 2, 'player': 5} memory=12 {'player': 7, 'monster': 5} paired=6 median=0.023 unleveled=10:警衛,20:?
2026-09-24 16:55:21.905  INFO   decision    mode=retreating behavior=retreating action=idle target=- reason='retreating, waiting for hp' status=success (repeat)
2026-09-24 16:55:25.215  INFO   session     Entity shadow: vision=8 {'npc': 1, 'monster': 3, 'player': 4} memory=12 {'player': 7, 'monster': 5} paired=5 median=0.038 unleveled=10:警衛,20:?
2026-09-24 16:55:29.935  INFO   decision    mode=retreating behavior=retreating action=idle target=- reason='retreating, waiting for hp' status=success (repeat)
2026-09-24 16:55:30.355  INFO   session     Entity shadow: vision=8 {'monster': 3, 'player': 4, 'npc': 1} memory=13 {'player': 8, 'monster': 5} paired=5 median=0.035 unleveled=10:警衛,20:?
2026-09-24 16:55:35.537  INFO   session     Entity shadow: vision=9 {'monster': 3, 'player': 5, 'npc': 1} memory=13 {'player': 8, 'monster': 5} paired=6 median=0.041 unleveled=10:警衛,20:?
2026-09-24 16:55:38.205  INFO   decision    mode=retreating behavior=retreating action=idle target=- reason='retreating, waiting for hp' status=success (repeat)
2026-09-24 16:55:40.633  INFO   session     Entity shadow: vision=7 {'npc': 1, 'player': 4, 'monster': 2} memory=12 {'player': 7, 'monster': 5} paired=5 median=0.041 unleveled=10:警衛,20:?
2026-09-24 16:55:45.648  INFO   session     Entity shadow: vision=9 {'monster': 3, 'player': 4, 'npc': 2} memory=11 {'player': 6, 'monster': 5} paired=5 median=0.026 unleveled=10:警衛,20:?
2026-09-24 16:55:46.451  INFO   decision    mode=retreating behavior=retreating action=idle target=- reason='retreating, waiting for hp' status=success (repeat)
2026-09-24 16:55:50.798  INFO   session     Entity shadow: vision=7 {'npc': 2, 'monster': 3, 'player': 2} memory=11 {'player': 6, 'monster': 5} paired=3 median=0.020 unleveled=10:警衛,20:?
2026-09-24 16:55:54.554  INFO   decision    mode=retreating behavior=retreating action=idle target=- reason='retreating, waiting for hp' status=success (repeat)
2026-09-24 16:55:55.939  INFO   session     Entity shadow: vision=7 {'monster': 3, 'player': 3, 'npc': 1} memory=11 {'player': 6, 'monster': 5} paired=4 median=0.053 unleveled=10:警衛,20:?
2026-09-24 16:56:01.099  INFO   session     Entity shadow: vision=5 {'player': 3, 'npc': 1, 'monster': 1} memory=10 {'player': 5, 'monster': 5} paired=4 median=0.053 unleveled=10:警衛,20:?
2026-09-24 16:56:02.298  INFO   decision    mode=retreating behavior=retreating action=idle target=- reason='retreating, waiting for hp' status=success (repeat)
2026-09-24 16:56:06.146  INFO   session     Entity shadow: vision=4 {'npc': 1, 'player': 2, 'monster': 1} memory=10 {'player': 5, 'monster': 5} paired=3 median=0.020 unleveled=10:警衛,20:?
2026-09-24 16:56:10.189  INFO   decision    mode=retreating behavior=retreating action=idle target=- reason='retreating, waiting for hp' status=success (repeat)
2026-09-24 16:56:11.221  INFO   session     Entity shadow: vision=6 {'npc': 1, 'monster': 2, 'player': 3} memory=11 {'player': 6, 'monster': 5} paired=4 median=0.057 unleveled=10:警衛,20:?
2026-09-24 16:56:16.334  INFO   session     Entity shadow: vision=7 {'npc': 1, 'monster': 2, 'player': 4} memory=11 {'player': 6, 'monster': 5} paired=5 median=0.020 unleveled=10:警衛,20:?
2026-09-24 16:56:18.396  INFO   decision    mode=retreating behavior=retreating action=idle target=- reason='retreating, waiting for hp' status=success (repeat)
2026-09-24 16:56:21.407  INFO   session     Entity shadow: vision=8 {'player': 5, 'monster': 2, 'npc': 1} memory=11 {'player': 6, 'monster': 5} paired=6 median=0.021 unleveled=10:警衛,20:?
2026-09-24 16:56:23.007  INFO   decision    mode=traveling behavior=traveling action=traveling target=- reason='return to farm after retreat' status=success
2026-09-24 16:56:26.434  INFO   session     Entity shadow: vision=6 {'monster': 2, 'player': 3, 'npc': 1} memory=11 {'player': 6, 'monster': 5} paired=4 median=0.037 unleveled=10:警衛,20:?
2026-09-24 16:56:31.442  INFO   session     Entity shadow: vision=6 {'player': 5, 'npc': 1} memory=9 {'player': 6, 'monster': 3} paired=5 median=0.017 unleveled=10:警衛,20:?,19:?
2026-09-24 16:56:31.969  INFO   decision    mode=traveling behavior=traveling action=traveling target=- reason='return to farm after retreat' status=success (repeat)
2026-09-24 16:56:36.491  INFO   session     Entity shadow: vision=6 {'player': 4, 'npc': 1, 'monster': 1} memory=6 {'player': 5, 'monster': 1} paired=3 median=0.039 unleveled=10:警衛
2026-09-24 16:56:40.751  INFO   decision    mode=traveling behavior=traveling action=traveling target=- reason='return to farm after retreat' status=success (repeat)
2026-09-24 16:56:41.496  INFO   session     Entity shadow: vision=1 {'player': 1} memory=0 {} paired=0 median=0.000
2026-09-24 16:56:46.531  INFO   session     Entity shadow: vision=1 {'player': 1} memory=0 {} paired=0 median=0.000
2026-09-24 16:56:48.631  INFO   decision    mode=traveling behavior=traveling action=traveling target=- reason='return to farm after retreat' status=success (repeat)
2026-09-24 16:56:51.678  INFO   session     Entity shadow: vision=3 {'player': 1, 'npc': 2} memory=2 {'monster': 2} paired=0 median=0.000 unleveled=10:警衛,68:警衛
2026-09-24 16:56:56.401  INFO   decision    mode=traveling behavior=traveling action=traveling target=- reason='return to farm after retreat' status=success (repeat)
2026-09-24 16:56:56.835  INFO   session     Entity shadow: vision=3 {'player': 1, 'npc': 2} memory=2 {'monster': 2} paired=0 median=0.000 unleveled=10:警衛,68:警衛
2026-09-24 16:57:01.880  INFO   session     Entity shadow: vision=5 {'npc': 3, 'player': 2} memory=4 {'player': 1, 'monster': 3} paired=1 median=0.053 unleveled=68:警衛,10:警衛
2026-09-24 16:57:04.958  INFO   decision    mode=traveling behavior=traveling action=traveling target=- reason='return to farm after retreat' status=success (repeat)
2026-09-24 16:57:07.077  INFO   session     Entity shadow: vision=4 {'player': 1, 'npc': 3} memory=2 {'monster': 2} paired=0 median=0.000 unleveled=68:警衛,10:警衛
2026-09-24 16:57:12.147  INFO   session     Entity shadow: vision=3 {'player': 1, 'npc': 2} memory=2 {'monster': 2} paired=0 median=0.000 unleveled=68:警衛,10:警衛
2026-09-24 16:57:13.006  INFO   decision    mode=traveling behavior=traveling action=traveling target=- reason='unstick' status=success (repeat)
2026-09-24 16:57:17.387  INFO   session     Entity shadow: vision=3 {'player': 1, 'npc': 2} memory=2 {'monster': 2} paired=0 median=0.000 unleveled=68:警衛,10:警衛
2026-09-24 16:57:20.960  INFO   decision    mode=traveling behavior=traveling action=traveling target=- reason='return to farm after retreat' status=success (repeat)
2026-09-24 16:57:22.553  INFO   session     Entity shadow: vision=5 {'player': 2, 'monster': 3} memory=4 {'monster': 3, 'player': 1} paired=4 median=0.034
2026-09-24 16:57:22.581  INFO   decision    mode=traveling behavior=combat action=attack target=545 reason='engage target' status=success
2026-09-24 16:57:25.702  INFO   decision    mode=traveling behavior=loot action=searching target=549 reason='walk onto item' status=success
2026-09-24 16:57:27.751  INFO   session     Entity shadow: vision=3 {'player': 1, 'monster': 1, 'item': 1} memory=3 {'player': 1, 'monster': 2} paired=1 median=0.021
2026-09-24 16:57:27.793  INFO   decision    mode=traveling behavior=combat action=attack target=547 reason='engage target' status=success
2026-09-24 16:57:30.990  INFO   decision    mode=traveling behavior=loot action=searching target=551 reason='walk onto item' status=success
2026-09-24 16:57:32.833  INFO   session     Entity shadow: vision=6 {'player': 2, 'item': 1, 'monster': 3} memory=4 {'monster': 2, 'item': 1, 'player': 1} paired=4 median=0.037
2026-09-24 16:57:32.856  INFO   decision    mode=traveling behavior=loot action=pickup target=551 reason='loot target' status=success
2026-09-24 16:57:33.241  INFO   decision    mode=traveling behavior=loot action=idle target=- reason='pickup settle' status=success
2026-09-24 16:57:33.543  INFO   decision    mode=traveling behavior=combat action=attack target=552 reason='engage target' status=success
2026-09-24 16:57:38.076  INFO   session     Entity shadow: vision=6 {'monster': 3, 'player': 3} memory=3 {'monster': 2, 'player': 1} paired=3 median=0.023
2026-09-24 16:57:38.827  INFO   decision    mode=traveling behavior=loot action=searching target=553 reason='walk onto item' status=success
2026-09-24 16:57:43.079  INFO   session     Entity shadow: vision=3 {'player': 2, 'monster': 1} memory=3 {'player': 1, 'monster': 2} paired=2 median=0.038
2026-09-24 16:57:43.133  INFO   decision    mode=traveling behavior=traveling action=traveling target=- reason='return to farm after retreat' status=success
2026-09-24 16:57:48.219  INFO   session     Entity shadow: vision=3 {'player': 2, 'monster': 1} memory=2 {'monster': 1, 'player': 1} paired=2 median=0.070
2026-09-24 16:57:49.809  INFO   decision    mode=traveling behavior=combat action=attack target=556 reason='engage target' status=success
2026-09-24 16:57:53.124  INFO   decision    mode=traveling behavior=loot action=searching target=558 reason='walk onto item' status=success
2026-09-24 16:57:53.394  INFO   session     Entity shadow: vision=4 {'player': 1, 'monster': 1, 'npc': 1, 'item': 1} memory=2 {'monster': 1, 'item': 1} paired=1 median=0.013 unleveled=68:警衛
2026-09-24 16:57:58.547  INFO   session     Entity shadow: vision=3 {'player': 1, 'item': 1, 'npc': 1} memory=2 {'monster': 1, 'item': 1} paired=1 median=0.006 unleveled=68:警衛
2026-09-24 16:58:01.058  INFO   decision    mode=traveling behavior=loot action=pickup target=558 reason='loot target' status=success
2026-09-24 16:58:01.395  INFO   decision    mode=traveling behavior=loot action=idle target=- reason='pickup settle' status=success
2026-09-24 16:58:01.840  INFO   decision    mode=traveling behavior=traveling action=traveling target=- reason='return to farm after retreat' status=success
2026-09-24 16:58:03.594  INFO   session     Entity shadow: vision=1 {'npc': 1} memory=1 {'monster': 1} paired=0 median=0.000 unleveled=68:警衛
2026-09-24 16:58:06.028  INFO   decision    mode=traveling behavior=combat action=attack target=559 reason='engage target' status=success
2026-09-24 16:58:08.610  INFO   session     Entity shadow: vision=2 {'player': 1, 'monster': 1} memory=1 {'monster': 1} paired=1 median=0.049
2026-09-24 16:58:13.757  INFO   session     Entity shadow: vision=2 {'player': 1, 'monster': 1} memory=3 {'monster': 2, 'player': 1} paired=1 median=0.023
2026-09-24 16:58:16.908  INFO   decision    mode=traveling behavior=combat action=attack target=560 reason='engage target' status=success
2026-09-24 16:58:18.854  INFO   session     Entity shadow: vision=3 {'player': 2, 'monster': 1} memory=3 {'monster': 2, 'player': 1} paired=2 median=0.037
2026-09-24 16:58:19.130  INFO   decision    mode=traveling behavior=loot action=searching target=565 reason='walk onto item' status=success
2026-09-24 16:58:22.329  INFO   decision    mode=traveling behavior=loot action=searching target=564 reason='walk onto item' status=success
2026-09-24 16:58:23.933  INFO   session     Entity shadow: vision=4 {'player': 1, 'monster': 1, 'item': 2} memory=4 {'player': 1, 'item': 2, 'monster': 1} paired=3 median=0.012
2026-09-24 16:58:29.191  INFO   session     Entity shadow: vision=5 {'item': 2, 'monster': 2, 'player': 1} memory=5 {'monster': 2, 'item': 2, 'player': 1} paired=4 median=0.012
2026-09-24 16:58:30.368  INFO   decision    mode=traveling behavior=loot action=pickup target=564 reason='loot target' status=success
2026-09-24 16:58:30.726  INFO   decision    mode=traveling behavior=loot action=idle target=- reason='pickup settle' status=success
2026-09-24 16:58:31.175  INFO   decision    mode=traveling behavior=loot action=searching target=563 reason='walk onto item' status=success
2026-09-24 16:58:34.473  INFO   session     Entity shadow: vision=3 {'monster': 1, 'player': 1, 'item': 1} memory=3 {'monster': 2, 'item': 1} paired=2 median=0.042
2026-09-24 16:58:37.409  INFO   decision    mode=traveling behavior=loot action=pickup target=563 reason='loot target' status=success
2026-09-24 16:58:37.757  INFO   decision    mode=traveling behavior=loot action=idle target=- reason='pickup settle' status=success
2026-09-24 16:58:38.193  INFO   decision    mode=traveling behavior=combat action=attack target=568 reason='engage target' status=success
2026-09-24 16:58:39.531  INFO   session     Entity shadow: vision=5 {'monster': 3, 'item': 1, 'player': 1} memory=4 {'monster': 2, 'item': 1, 'player': 1} paired=4 median=0.050
2026-09-24 16:58:40.273  INFO   decision    mode=traveling behavior=loot action=searching target=570 reason='walk onto item' status=success
2026-09-24 16:58:43.449  INFO   decision    mode=traveling behavior=loot action=searching target=571 reason='walk onto item' status=success
2026-09-24 16:58:44.729  INFO   session     Entity shadow: vision=5 {'player': 3, 'monster': 1, 'item': 1} memory=3 {'monster': 1, 'item': 1, 'player': 1} paired=3 median=0.027
2026-09-24 16:58:48.481  INFO   decision    mode=traveling behavior=loot action=pickup target=571 reason='loot target' status=success
2026-09-24 16:58:48.836  INFO   decision    mode=traveling behavior=loot action=idle target=- reason='pickup settle' status=success
2026-09-24 16:58:49.301  INFO   decision    mode=traveling behavior=combat action=attack target=572 reason='engage target' status=success
2026-09-24 16:58:49.837  INFO   session     Entity shadow: vision=6 {'player': 2, 'item': 1, 'monster': 3} memory=4 {'item': 1, 'monster': 2, 'player': 1} paired=4 median=0.044
2026-09-24 16:58:50.990  INFO   decision    mode=traveling behavior=loot action=searching target=573 reason='walk onto item' status=success
2026-09-24 16:58:53.191  INFO   decision    mode=traveling behavior=traveling action=traveling target=- reason='return to farm after retreat' status=success
2026-09-24 16:58:54.976  INFO   session     Entity shadow: vision=3 {'player': 2, 'monster': 1} memory=2 {'monster': 1, 'player': 1} paired=2 median=0.060
2026-09-24 16:58:57.624  INFO   decision    mode=traveling behavior=combat action=attack target=574 reason='engage target' status=success
2026-09-24 16:59:00.163  INFO   session     Entity shadow: vision=4 {'player': 1, 'monster': 3} memory=4 {'monster': 4} paired=3 median=0.055
2026-09-24 16:59:05.231  INFO   session     Entity shadow: vision=7 {'monster': 6, 'player': 1} memory=5 {'monster': 5} paired=5 median=0.026
2026-09-24 16:59:09.638  INFO   decision    mode=traveling behavior=combat action=attack target=574 reason='attack target' status=success (repeat)
2026-09-24 16:59:10.375  INFO   session     Entity shadow: vision=7 {'monster': 6, 'player': 1} memory=6 {'monster': 6} paired=6 median=0.035
2026-09-24 16:59:11.856  INFO   decision    mode=retreating behavior=talking_scroll action=use_talking_scroll target=- reason='retreat, 펫 관리인' status=success
2026-09-24 16:59:12.722  INFO   decision    mode=retreating behavior=retreating action=idle target=- reason='retreating, waiting for hp' status=success
2026-09-24 16:59:15.475  INFO   session     Entity shadow: vision=8 {'monster': 7, 'player': 1} memory=8 {'player': 2, 'npc': 1, 'monster': 5} paired=5 median=0.018
2026-09-24 16:59:20.594  INFO   session     Entity shadow: vision=7 {'monster': 5, 'npc': 1, 'player': 1} memory=7 {'player': 1, 'npc': 1, 'monster': 5} paired=6 median=0.017
2026-09-24 16:59:20.814  INFO   decision    mode=retreating behavior=retreating action=idle target=- reason='retreating, waiting for hp' status=success (repeat)
2026-09-24 16:59:25.706  INFO   session     Entity shadow: vision=7 {'npc': 1, 'player': 1, 'monster': 5} memory=7 {'player': 1, 'npc': 1, 'monster': 5} paired=6 median=0.018
2026-09-24 16:59:28.587  INFO   decision    mode=retreating behavior=retreating action=idle target=- reason='retreating, waiting for hp' status=success (repeat)
2026-09-24 16:59:30.751  INFO   session     Entity shadow: vision=7 {'monster': 5, 'npc': 1, 'player': 1} memory=7 {'player': 1, 'npc': 1, 'monster': 5} paired=6 median=0.017
2026-09-24 16:59:35.763  INFO   session     Entity shadow: vision=7 {'monster': 5, 'npc': 1, 'player': 1} memory=7 {'monster': 6, 'npc': 1} paired=6 median=0.017 unleveled=12:史萊姆
2026-09-24 16:59:36.414  INFO   decision    mode=retreating behavior=retreating action=idle target=- reason='retreating, waiting for hp' status=success (repeat)
2026-09-24 16:59:40.828  INFO   session     Entity shadow: vision=7 {'monster': 5, 'npc': 1, 'player': 1} memory=7 {'monster': 6, 'npc': 1} paired=6 median=0.016 unleveled=12:史萊姆
2026-09-24 16:59:44.336  INFO   decision    mode=retreating behavior=retreating action=idle target=- reason='retreating, waiting for hp' status=success (repeat)
2026-09-24 16:59:45.885  INFO   session     Entity shadow: vision=7 {'monster': 5, 'npc': 1, 'player': 1} memory=7 {'monster': 6, 'npc': 1} paired=6 median=0.016 unleveled=12:史萊姆
2026-09-24 16:59:51.035  INFO   session     Entity shadow: vision=7 {'npc': 1, 'monster': 5, 'player': 1} memory=7 {'monster': 6, 'npc': 1} paired=6 median=0.016 unleveled=12:史萊姆
2026-09-24 16:59:52.149  INFO   decision    mode=retreating behavior=retreating action=idle target=- reason='retreating, waiting for hp' status=success (repeat)
2026-09-24 16:59:56.193  INFO   session     Entity shadow: vision=7 {'npc': 1, 'player': 1, 'monster': 5} memory=7 {'monster': 6, 'npc': 1} paired=6 median=0.016 unleveled=12:史萊姆
2026-09-24 17:00:00.314  INFO   decision    mode=retreating behavior=retreating action=idle target=- reason='retreating, waiting for hp' status=success (repeat)
2026-09-24 17:00:01.255  INFO   session     Entity shadow: vision=7 {'monster': 5, 'npc': 1, 'player': 1} memory=8 {'monster': 7, 'npc': 1} paired=6 median=0.016 unleveled=12:史萊姆,14:青蛙
2026-09-24 17:00:06.342  INFO   session     Entity shadow: vision=7 {'monster': 5, 'npc': 1, 'player': 1} memory=8 {'monster': 7, 'npc': 1} paired=6 median=0.016 unleveled=14:青蛙,12:史萊姆
2026-09-24 17:00:08.185  INFO   decision    mode=retreating behavior=retreating action=idle target=- reason='retreating, waiting for hp' status=success (repeat)
2026-09-24 17:00:11.370  INFO   session     Entity shadow: vision=7 {'monster': 5, 'npc': 1, 'player': 1} memory=7 {'monster': 6, 'npc': 1} paired=6 median=0.016 unleveled=14:青蛙
2026-09-24 17:00:16.118  INFO   decision    mode=retreating behavior=retreating action=idle target=- reason='retreating, waiting for hp' status=success (repeat)
2026-09-24 17:00:16.410  INFO   session     Entity shadow: vision=7 {'monster': 5, 'npc': 1, 'player': 1} memory=7 {'monster': 6, 'npc': 1} paired=6 median=0.017 unleveled=14:青蛙
2026-09-24 17:00:21.413  INFO   session     Entity shadow: vision=6 {'monster': 4, 'npc': 1, 'player': 1} memory=7 {'monster': 6, 'npc': 1} paired=5 median=0.015 unleveled=14:青蛙
2026-09-24 17:00:23.964  INFO   decision    mode=retreating behavior=retreating action=idle target=- reason='retreating, waiting for hp' status=success (repeat)
2026-09-24 17:00:26.458  INFO   session     Entity shadow: vision=7 {'monster': 5, 'npc': 1, 'player': 1} memory=7 {'monster': 6, 'npc': 1} paired=6 median=0.016 unleveled=14:青蛙
2026-09-24 17:00:31.556  INFO   session     Entity shadow: vision=7 {'monster': 4, 'npc': 1, 'player': 2} memory=8 {'player': 1, 'monster': 6, 'npc': 1} paired=6 median=0.024 unleveled=14:青蛙
2026-09-24 17:00:32.268  INFO   decision    mode=retreating behavior=retreating action=idle target=- reason='retreating, waiting for hp' status=success (repeat)
2026-09-24 17:00:36.669  INFO   session     Entity shadow: vision=8 {'npc': 1, 'player': 1, 'monster': 6} memory=8 {'player': 1, 'monster': 6, 'npc': 1} paired=6 median=0.017 unleveled=14:青蛙
2026-09-24 17:00:40.520  INFO   decision    mode=retreating behavior=retreating action=idle target=- reason='retreating, waiting for hp' status=success (repeat)
2026-09-24 17:00:41.765  INFO   session     Entity shadow: vision=7 {'npc': 1, 'player': 1, 'monster': 5} memory=7 {'monster': 6, 'npc': 1} paired=6 median=0.018 unleveled=14:青蛙
2026-09-24 17:00:41.796  INFO   decision    mode=traveling behavior=traveling action=traveling target=- reason='return to farm after retreat' status=success
2026-09-24 17:00:46.929  INFO   session     Entity shadow: vision=7 {'player': 2, 'monster': 4, 'npc': 1} memory=8 {'monster': 6, 'player': 1, 'npc': 1} paired=6 median=0.044 unleveled=14:青蛙
2026-09-24 17:00:51.484  INFO   decision    mode=traveling behavior=traveling action=traveling target=- reason='return to farm after retreat' status=success (repeat)
2026-09-24 17:00:51.913  INFO   session     Entity shadow: vision=5 {'player': 1, 'npc': 2, 'monster': 2} memory=6 {'player': 1, 'monster': 4, 'npc': 1} paired=3 median=0.020 unleveled=14:青蛙
2026-09-24 17:00:57.010  INFO   session     Entity shadow: vision=1 {'player': 1} memory=0 {} paired=0 median=0.000
2026-09-24 17:00:58.046  INFO   decision    mode=traveling behavior=combat action=attack target=594 reason='engage target' status=success
2026-09-24 17:01:02.058  INFO   session     Entity shadow: vision=2 {'player': 1, 'monster': 1} memory=2 {'monster': 2} paired=1 median=0.010 unleveled=208:兔子
2026-09-24 17:01:03.329  INFO   decision    mode=traveling behavior=loot action=searching target=596 reason='walk onto item' status=success
2026-09-24 17:01:07.081  INFO   session     Entity shadow: vision=3 {'player': 1, 'item': 1, 'monster': 1} memory=2 {'monster': 1, 'item': 1} paired=2 median=0.037
2026-09-24 17:01:07.664  INFO   decision    mode=traveling behavior=combat action=attack target=597 reason='engage target' status=success
2026-09-24 17:01:11.016  INFO   decision    mode=traveling behavior=loot action=pickup target=596 reason='engage item' status=success
2026-09-24 17:01:11.362  INFO   decision    mode=traveling behavior=loot action=idle target=- reason='pickup settle' status=success
2026-09-24 17:01:11.784  INFO   decision    mode=traveling behavior=traveling action=traveling target=- reason='return to farm after retreat' status=success
2026-09-24 17:01:12.192  INFO   session     Entity shadow: vision=1 {'player': 1} memory=1 {'item': 1} paired=0 median=0.000
2026-09-24 17:01:12.520  INFO   decision    mode=traveling behavior=loot action=pickup target=596 reason='engage item' status=success
2026-09-24 17:01:12.835  INFO   decision    mode=traveling behavior=loot action=idle target=- reason='pickup settle' status=success
2026-09-24 17:01:13.305  INFO   decision    mode=traveling behavior=traveling action=traveling target=- reason='return to farm after retreat' status=success
2026-09-24 17:01:17.185  INFO   session     Entity shadow: vision=1 {'player': 1} memory=0 {} paired=0 median=0.000
2026-09-24 17:01:20.867  INFO   decision    mode=traveling behavior=traveling action=traveling target=- reason='return to farm after retreat' status=success (repeat)
2026-09-24 17:01:22.266  INFO   session     Entity shadow: vision=2 {'player': 1, 'monster': 1} memory=0 {} paired=0 median=0.000
2026-09-24 17:01:26.323  INFO   decision    mode=traveling behavior=combat action=attack target=598 reason='engage target' status=success
2026-09-24 17:01:27.272  INFO   session     Entity shadow: vision=2 {'player': 1, 'monster': 1} memory=1 {'monster': 1} paired=1 median=0.011
2026-09-24 17:01:29.052  INFO   decision    mode=traveling behavior=traveling action=traveling target=- reason='return to farm after retreat' status=success
2026-09-24 17:01:29.374  INFO   decision    mode=traveling behavior=combat action=attack target=599 reason='engage target' status=success
2026-09-24 17:01:31.495  INFO   decision    mode=traveling behavior=combat action=attack target=600 reason='engage target' status=success
2026-09-24 17:01:32.036  INFO   decision    mode=traveling behavior=traveling action=traveling target=- reason='return to farm after retreat' status=success
2026-09-24 17:01:32.424  INFO   session     Entity shadow: vision=2 {'monster': 2} memory=2 {'monster': 2} paired=0 median=0.000 unleveled=14:青蛙,211:兔子
2026-09-24 17:01:37.529  INFO   session     Entity shadow: vision=0 {} memory=2 {'monster': 2} paired=0 median=0.000 unleveled=208:兔子,211:兔子
2026-09-24 17:01:40.229  INFO   decision    mode=traveling behavior=traveling action=traveling target=- reason='return to farm after retreat' status=success (repeat)
2026-09-24 17:01:41.135  INFO   decision    mode=traveling behavior=combat action=attack target=604 reason='engage target' status=success
2026-09-24 17:01:41.644  INFO   decision    mode=traveling behavior=traveling action=traveling target=- reason='return to farm after retreat' status=success
2026-09-24 17:01:42.397  INFO   decision    mode=traveling behavior=combat action=attack target=605 reason='engage target' status=success
2026-09-24 17:01:42.850  INFO   session     Entity shadow: vision=1 {'player': 1} memory=0 {} paired=0 median=0.000
2026-09-24 17:01:42.924  INFO   decision    mode=traveling behavior=traveling action=traveling target=- reason='return to farm after retreat' status=success
2026-09-24 17:01:43.691  INFO   decision    mode=traveling behavior=combat action=attack target=606 reason='engage target' status=success
2026-09-24 17:01:46.570  INFO   decision    mode=traveling behavior=loot action=searching target=608 reason='walk onto item' status=success
2026-09-24 17:01:48.102  INFO   session     Entity shadow: vision=2 {'monster': 1, 'item': 1} memory=2 {'monster': 1, 'item': 1} paired=1 median=0.001 unleveled=189:鹿
2026-09-24 17:01:51.450  INFO   decision    mode=traveling behavior=loot action=pickup target=608 reason='loot target' status=success
2026-09-24 17:01:51.780  INFO   decision    mode=traveling behavior=loot action=idle target=- reason='pickup settle' status=success
2026-09-24 17:01:52.292  INFO   decision    mode=traveling behavior=traveling action=traveling target=- reason='return to farm after retreat' status=success
2026-09-24 17:01:53.165  INFO   session     Entity shadow: vision=1 {'player': 1} memory=0 {} paired=0 median=0.000
2026-09-24 17:01:58.262  INFO   session     Entity shadow: vision=1 {'player': 1} memory=1 {'monster': 1} paired=0 median=0.000 unleveled=189:鹿
2026-09-24 17:02:00.168  INFO   decision    mode=traveling behavior=traveling action=traveling target=- reason='return to farm after retreat' status=success (repeat)
2026-09-24 17:02:03.285  INFO   session     Entity shadow: vision=1 {'npc': 1} memory=5 {'monster': 5} paired=0 median=0.000 unleveled=68:警衛,206:兔子,189:鹿
2026-09-24 17:02:08.329  INFO   session     Entity shadow: vision=2 {'player': 1, 'npc': 1} memory=5 {'monster': 5} paired=0 median=0.000 unleveled=206:兔子,189:鹿,68:警衛
2026-09-24 17:02:08.521  INFO   decision    mode=traveling behavior=traveling action=traveling target=- reason='return to farm after retreat' status=success (repeat)
2026-09-24 17:02:10.863  INFO   decision    mode=traveling behavior=combat action=attack target=618 reason='engage target' status=success
2026-09-24 17:02:11.901  INFO   decision    mode=traveling behavior=loot action=searching target=619 reason='walk onto item' status=success
2026-09-24 17:02:13.487  INFO   session     Entity shadow: vision=5 {'player': 1, 'item': 1, 'npc': 3} memory=6 {'monster': 5, 'item': 1} paired=1 median=0.005 unleveled=189:鹿,68:警衛,10:警衛
2026-09-24 17:02:17.634  INFO   decision    mode=traveling behavior=loot action=pickup target=619 reason='loot target' status=success
2026-09-24 17:02:18.052  INFO   decision    mode=traveling behavior=loot action=idle target=- reason='pickup settle' status=success
2026-09-24 17:02:18.459  INFO   decision    mode=traveling behavior=traveling action=traveling target=- reason='return to farm after retreat' status=success
2026-09-24 17:02:18.724  INFO   session     Entity shadow: vision=4 {'player': 1, 'item': 1, 'npc': 2} memory=6 {'monster': 5, 'item': 1} paired=1 median=0.048 unleveled=189:鹿,10:警衛,68:警衛
2026-09-24 17:02:23.855  INFO   session     Entity shadow: vision=4 {'player': 1, 'npc': 3} memory=5 {'monster': 5} paired=0 median=0.000 unleveled=189:鹿,10:警衛,68:警衛
2026-09-24 17:02:27.472  INFO   decision    mode=traveling behavior=traveling action=traveling target=- reason='return to farm after retreat' status=success (repeat)
2026-09-24 17:02:28.911  INFO   session     Entity shadow: vision=4 {'player': 1, 'npc': 3} memory=6 {'monster': 3, 'npc': 2, 'player': 1} paired=1 median=0.031 unleveled=189:鹿,68:警衛,10:警衛
2026-09-24 17:02:34.048  INFO   session     Entity shadow: vision=4 {'player': 1, 'npc': 3} memory=5 {'monster': 3, 'player': 1, 'npc': 1} paired=1 median=0.016 unleveled=189:鹿,68:警衛,10:警衛
2026-09-24 17:02:36.075  INFO   decision    mode=traveling behavior=traveling action=traveling target=- reason='return to farm after retreat' status=success (repeat)
2026-09-24 17:02:39.272  INFO   session     Entity shadow: vision=4 {'player': 1, 'npc': 3} memory=6 {'npc': 2, 'monster': 3, 'player': 1} paired=1 median=0.053 unleveled=189:鹿,68:警衛,10:警衛
2026-09-24 17:02:44.294  INFO   session     Entity shadow: vision=3 {'player': 1, 'npc': 2} memory=4 {'npc': 2, 'player': 1, 'monster': 1} paired=1 median=0.015 unleveled=68:警衛
2026-09-24 17:02:44.442  INFO   decision    mode=traveling behavior=traveling action=traveling target=- reason='return to farm after retreat' status=success (repeat)
2026-09-24 17:02:49.392  INFO   session     Entity shadow: vision=6 {'player': 5, 'npc': 1} memory=8 {'player': 4, 'npc': 3, 'monster': 1} paired=4 median=0.042 unleveled=68:警衛
2026-09-24 17:02:53.609  INFO   decision    mode=traveling behavior=traveling action=traveling target=- reason='return to farm after retreat' status=success (repeat)
2026-09-24 17:02:54.490  INFO   session     Entity shadow: vision=12 {'player': 9, 'npc': 3} memory=18 {'npc': 7, 'player': 10, 'monster': 1} paired=11 median=0.030 unleveled=14:青蛙
2026-09-24 17:02:58.521  INFO   decision    mode=traveling behavior=combat action=attack target=673 reason='engage target' status=success
2026-09-24 17:02:59.656  INFO   session     Entity shadow: vision=23 {'monster': 2, 'player': 19, 'npc': 2} memory=54 {'monster': 4, 'player': 43, 'npc': 7} paired=22 median=0.055 unleveled=14:青蛙,189:鹿
2026-09-24 17:02:59.706  INFO   decision    mode=traveling behavior=traveling action=traveling target=- reason='return to farm after retreat' status=success
2026-09-24 17:03:04.787  INFO   session     Entity shadow: vision=24 {'player': 21, 'npc': 3} memory=55 {'monster': 4, 'player': 44, 'npc': 7} paired=22 median=0.029 unleveled=14:青蛙,189:鹿
2026-09-24 17:03:10.259  INFO   session     Entity shadow: vision=29 {'player': 26, 'monster': 3} memory=60 {'monster': 4, 'player': 50, 'npc': 6} paired=25 median=0.045 unleveled=14:青蛙,189:鹿
2026-09-24 17:03:13.539  INFO   decision    mode=traveling behavior=traveling action=traveling target=- reason='return to farm after retreat' status=success (repeat)
2026-09-24 17:03:15.487  INFO   session     Entity shadow: vision=35 {'player': 29, 'monster': 5, 'npc': 1} memory=70 {'npc': 5, 'monster': 4, 'player': 61} paired=31 median=0.052 unleveled=189:鹿,14:青蛙
2026-09-24 17:03:20.511  INFO   session     Entity shadow: vision=31 {'player': 25, 'monster': 2, 'npc': 4} memory=59 {'monster': 3, 'npc': 5, 'player': 51} paired=26 median=0.047 unleveled=14:青蛙,319:?
2026-09-24 17:03:25.555  INFO   session     Entity shadow: vision=34 {'player': 29, 'npc': 2, 'monster': 3} memory=66 {'player': 59, 'npc': 5, 'monster': 2} paired=31 median=0.052 unleveled=319:?
2026-09-24 17:03:27.413  INFO   decision    mode=traveling behavior=traveling action=traveling target=- reason='return to farm after retreat' status=success (repeat)
2026-09-24 17:03:30.623  INFO   session     Entity shadow: vision=33 {'player': 28, 'npc': 4, 'monster': 1} memory=71 {'npc': 8, 'player': 61, 'monster': 2} paired=29 median=0.050 unleveled=319:?
2026-09-24 17:03:35.706  INFO   session     Entity shadow: vision=21 {'player': 18, 'npc': 2, 'monster': 1} memory=59 {'player': 48, 'npc': 10, 'monster': 1} paired=20 median=0.059 unleveled=319:?
2026-09-24 17:03:40.851  INFO   session     Entity shadow: vision=17 {'player': 15, 'npc': 2} memory=52 {'npc': 9, 'player': 42, 'monster': 1} paired=16 median=0.078 unleveled=319:?
2026-09-24 17:03:44.072  INFO   decision    mode=traveling behavior=traveling action=traveling target=- reason='return to farm after retreat' status=success (repeat)
2026-09-24 17:03:45.935  INFO   session     Entity shadow: vision=18 {'player': 17, 'npc': 1} memory=52 {'monster': 2, 'player': 41, 'npc': 9} paired=18 median=0.043 unleveled=14:青蛙,319:?
2026-09-24 17:03:51.099  INFO   session     Entity shadow: vision=18 {'player': 16, 'npc': 2} memory=33 {'monster': 2, 'player': 23, 'npc': 8} paired=15 median=0.067 unleveled=14:青蛙,319:?
2026-09-24 17:03:56.266  INFO   session     Entity shadow: vision=18 {'player': 17, 'npc': 1} memory=30 {'monster': 1, 'player': 23, 'npc': 6} paired=17 median=0.044 unleveled=14:青蛙
2026-09-24 17:03:57.400  INFO   decision    mode=traveling behavior=traveling action=traveling target=- reason='return to farm after retreat' status=success (repeat)
2026-09-24 17:04:01.546  INFO   session     Entity shadow: vision=17 {'player': 17} memory=26 {'player': 17, 'monster': 1, 'npc': 8} paired=15 median=0.030 unleveled=14:青蛙
2026-09-24 17:04:06.683  INFO   session     Entity shadow: vision=11 {'player': 10, 'npc': 1} memory=21 {'player': 13, 'monster': 2, 'npc': 6} paired=10 median=0.040 unleveled=14:青蛙,10:警衛
2026-09-24 17:04:09.030  INFO   decision    mode=traveling behavior=traveling action=traveling target=- reason='return to farm after retreat' status=success (repeat)
2026-09-24 17:04:11.861  INFO   session     Entity shadow: vision=9 {'player': 8, 'npc': 1} memory=19 {'monster': 3, 'player': 9, 'npc': 7} paired=9 median=0.030 unleveled=189:鹿,14:青蛙,10:警衛
2026-09-24 17:04:17.054  INFO   session     Entity shadow: vision=7 {'player': 7} memory=17 {'monster': 3, 'npc': 6, 'player': 8} paired=6 median=0.032 unleveled=14:青蛙,189:鹿,10:警衛
2026-09-24 17:04:18.808  INFO   decision    mode=traveling behavior=traveling action=traveling target=- reason='return to farm after retreat' status=success (repeat)
2026-09-24 17:04:22.052  INFO   session     Entity shadow: vision=6 {'player': 6} memory=18 {'monster': 3, 'npc': 7, 'player': 8} paired=5 median=0.047 unleveled=189:鹿,14:青蛙,10:警衛
2026-09-24 17:04:27.189  INFO   session     Entity shadow: vision=6 {'player': 6} memory=16 {'monster': 3, 'player': 7, 'npc': 6} paired=5 median=0.032 unleveled=14:青蛙,189:鹿,10:警衛
2026-09-24 17:04:27.942  INFO   decision    mode=traveling behavior=traveling action=traveling target=- reason='return to farm after retreat' status=success (repeat)
2026-09-24 17:04:32.285  INFO   session     Entity shadow: vision=16 {'player': 16} memory=24 {'monster': 2, 'player': 15, 'npc': 7} paired=14 median=0.032 unleveled=189:鹿,14:青蛙
2026-09-24 17:04:37.406  INFO   session     Entity shadow: vision=14 {'player': 14} memory=24 {'monster': 2, 'player': 15, 'npc': 7} paired=13 median=0.034 unleveled=14:青蛙,189:鹿
2026-09-24 17:04:38.207  INFO   decision    mode=traveling behavior=traveling action=traveling target=- reason='return to farm after retreat' status=success (repeat)
2026-09-24 17:04:42.420  INFO   session     Entity shadow: vision=7 {'player': 7} memory=19 {'player': 9, 'monster': 2, 'npc': 8} paired=6 median=0.030 unleveled=14:青蛙,189:鹿
2026-09-24 17:04:47.582  INFO   session     Entity shadow: vision=16 {'player': 16} memory=22 {'monster': 2, 'player': 12, 'npc': 8} paired=11 median=0.031 unleveled=189:鹿,14:青蛙
2026-09-24 17:04:48.012  INFO   decision    mode=traveling behavior=traveling action=traveling target=- reason='return to farm after retreat' status=success (repeat)
2026-09-24 17:04:52.700  INFO   session     Entity shadow: vision=18 {'player': 18} memory=27 {'monster': 2, 'player': 17, 'npc': 8} paired=15 median=0.031 unleveled=189:鹿,14:青蛙
2026-09-24 17:04:57.778  INFO   session     Entity shadow: vision=19 {'player': 18, 'npc': 1} memory=50 {'player': 38, 'monster': 3, 'npc': 9} paired=17 median=0.035 unleveled=319:?,189:鹿
2026-09-24 17:04:58.845  INFO   decision    mode=traveling behavior=traveling action=traveling target=- reason='return to farm after retreat' status=success (repeat)
2026-09-24 17:05:03.067  INFO   session     Entity shadow: vision=25 {'player': 23, 'npc': 2} memory=56 {'player': 44, 'monster': 3, 'npc': 9} paired=22 median=0.042 unleveled=189:鹿,319:?
2026-09-24 17:05:08.411  INFO   session     Entity shadow: vision=11 {'player': 11} memory=41 {'monster': 2, 'player': 30, 'npc': 9} paired=10 median=0.091 unleveled=189:鹿
2026-09-24 17:05:11.353  INFO   decision    mode=traveling behavior=traveling action=traveling target=- reason='return to farm after retreat' status=success (repeat)
2026-09-24 17:05:13.502  INFO   session     Entity shadow: vision=2 {'player': 2} memory=24 {'monster': 3, 'npc': 5, 'player': 16} paired=1 median=0.027 unleveled=14:青蛙,68:警衛
2026-09-24 17:05:18.568  INFO   session     Entity shadow: vision=3 {'player': 3} memory=8 {'npc': 3, 'monster': 2, 'player': 3} paired=2 median=0.025 unleveled=14:青蛙,68:警衛
2026-09-24 17:05:19.930  INFO   decision    mode=traveling behavior=traveling action=traveling target=- reason='return to farm after retreat' status=success (repeat)
2026-09-24 17:05:23.769  INFO   session     Entity shadow: vision=3 {'player': 3} memory=8 {'npc': 3, 'monster': 2, 'player': 3} paired=2 median=0.024 unleveled=14:青蛙,68:警衛
2026-09-24 17:05:28.323  INFO   decision    mode=traveling behavior=traveling action=traveling target=- reason='return to farm after retreat' status=success (repeat)
2026-09-24 17:05:28.811  INFO   session     Entity shadow: vision=3 {'player': 3} memory=6 {'npc': 1, 'monster': 2, 'player': 3} paired=2 median=0.025 unleveled=14:青蛙,68:警衛
2026-09-24 17:05:33.818  INFO   session     Entity shadow: vision=4 {'player': 4} memory=8 {'monster': 3, 'npc': 2, 'player': 3} paired=3 median=0.024 unleveled=14:青蛙,10:警衛,68:警衛
2026-09-24 17:05:36.615  INFO   decision    mode=traveling behavior=traveling action=traveling target=- reason='return to farm after retreat' status=success (repeat)
2026-09-24 17:05:38.869  INFO   session     Entity shadow: vision=3 {'player': 3} memory=7 {'npc': 2, 'monster': 2, 'player': 3} paired=2 median=0.023 unleveled=14:青蛙,68:警衛
2026-09-24 17:05:43.954  INFO   session     Entity shadow: vision=3 {'player': 3} memory=8 {'monster': 2, 'npc': 3, 'player': 3} paired=2 median=0.024 unleveled=14:青蛙,68:警衛
2026-09-24 17:05:45.200  INFO   decision    mode=traveling behavior=traveling action=traveling target=- reason='unstick' status=success (repeat)
2026-09-24 17:05:49.105  INFO   session     Entity shadow: vision=4 {'player': 3, 'npc': 1} memory=6 {'monster': 2, 'npc': 1, 'player': 3} paired=2 median=0.028 unleveled=14:青蛙,68:警衛
2026-09-24 17:05:53.713  INFO   decision    mode=traveling behavior=traveling action=traveling target=- reason='return to farm after retreat' status=success (repeat)
2026-09-24 17:05:54.127  INFO   session     Entity shadow: vision=5 {'player': 3, 'npc': 2} memory=6 {'monster': 3, 'player': 3} paired=2 median=0.037 unleveled=14:青蛙,10:警衛,68:警衛
2026-09-24 17:05:59.283  INFO   session     Entity shadow: vision=4 {'player': 3, 'npc': 1} memory=6 {'monster': 3, 'player': 3} paired=2 median=0.029 unleveled=14:青蛙,10:警衛,68:警衛
2026-09-24 17:06:01.690  INFO   decision    mode=traveling behavior=traveling action=traveling target=- reason='return to farm after retreat' status=success (repeat)
2026-09-24 17:06:04.371  INFO   session     Entity shadow: vision=5 {'player': 3, 'npc': 2} memory=5 {'monster': 2, 'player': 3} paired=2 median=0.047 unleveled=10:警衛,68:警衛
2026-09-24 17:06:09.466  INFO   session     Entity shadow: vision=2 {'player': 1, 'npc': 1} memory=2 {'monster': 2} paired=0 median=0.000 unleveled=10:警衛,68:警衛
2026-09-24 17:06:09.943  INFO   decision    mode=traveling behavior=traveling action=traveling target=- reason='return to farm after retreat' status=success (repeat)
2026-09-24 17:06:14.555  INFO   session     Entity shadow: vision=3 {'player': 1, 'npc': 2} memory=2 {'monster': 2} paired=0 median=0.000 unleveled=10:警衛,68:警衛
2026-09-24 17:06:17.627  INFO   decision    mode=traveling behavior=traveling action=traveling target=- reason='unstick' status=success (repeat)
2026-09-24 17:06:19.567  INFO   session     Entity shadow: vision=2 {'player': 1, 'npc': 1} memory=1 {'monster': 1} paired=0 median=0.000 unleveled=68:警衛
2026-09-24 17:06:24.589  INFO   session     Entity shadow: vision=0 {} memory=1 {'monster': 1} paired=0 median=0.000 unleveled=68:警衛
2026-09-24 17:06:25.459  INFO   decision    mode=traveling behavior=traveling action=traveling target=- reason='return to farm after retreat' status=success (repeat)
2026-09-24 17:06:29.594  INFO   session     Entity shadow: vision=1 {'player': 1} memory=0 {} paired=0 median=0.000
2026-09-24 17:06:32.959  INFO   decision    mode=traveling behavior=traveling action=traveling target=- reason='return to farm after retreat' status=success (repeat)
2026-09-24 17:06:34.627  INFO   session     Entity shadow: vision=1 {'player': 1} memory=0 {} paired=0 median=0.000
2026-09-24 17:06:39.658  INFO   session     Entity shadow: vision=1 {'player': 1} memory=0 {} paired=0 median=0.000
2026-09-24 17:06:40.362  INFO   decision    mode=traveling behavior=traveling action=traveling target=- reason='return to farm after retreat' status=success (repeat)
2026-09-24 17:06:43.529  INFO   decision    mode=traveling behavior=combat action=attack target=915 reason='engage target' status=success
2026-09-24 17:06:44.738  INFO   session     Entity shadow: vision=3 {'player': 1, 'monster': 2} memory=3 {'monster': 3} paired=2 median=0.056
2026-09-24 17:06:49.883  INFO   session     Entity shadow: vision=9 {'monster': 8, 'npc': 1} memory=4 {'monster': 4} paired=4 median=0.021
2026-09-24 17:06:53.424  INFO   decision    mode=traveling behavior=combat action=attack target=920 reason='attack target' status=success
2026-09-24 17:06:55.052  INFO   session     Entity shadow: vision=6 {'monster': 5, 'player': 1} memory=6 {'monster': 6} paired=4 median=0.034
2026-09-24 17:06:55.088  INFO   decision    mode=retreating behavior=talking_scroll action=use_talking_scroll target=- reason='retreat, 마법서 상인' status=success
2026-09-24 17:06:55.979  INFO   decision    mode=retreating behavior=retreating action=idle target=- reason='retreating, waiting for hp' status=success
2026-09-24 17:07:00.149  INFO   session     Entity shadow: vision=3 {'npc': 2, 'player': 1} memory=6 {'monster': 3, 'npc': 3} paired=0 median=0.000 unleveled=68:警衛,10:警衛
2026-09-24 17:07:04.018  INFO   decision    mode=retreating behavior=retreating action=idle target=- reason='retreating, waiting for hp' status=success (repeat)
2026-09-24 17:07:05.218  INFO   session     Entity shadow: vision=4 {'npc': 2, 'player': 2} memory=7 {'player': 1, 'monster': 3, 'npc': 3} paired=1 median=0.021 unleveled=68:警衛,10:警衛
2026-09-24 17:07:10.346  INFO   session     Entity shadow: vision=4 {'player': 2, 'npc': 2} memory=6 {'player': 1, 'monster': 2, 'npc': 3} paired=1 median=0.030 unleveled=68:警衛,10:警衛
2026-09-24 17:07:11.982  INFO   decision    mode=retreating behavior=retreating action=idle target=- reason='retreating, waiting for hp' status=success (repeat)
2026-09-24 17:07:15.403  INFO   session     Entity shadow: vision=4 {'npc': 2, 'player': 2} memory=6 {'player': 1, 'monster': 2, 'npc': 3} paired=1 median=0.061 unleveled=68:警衛,10:警衛
2026-09-24 17:07:19.901  INFO   decision    mode=retreating behavior=retreating action=idle target=- reason='retreating, waiting for hp' status=success (repeat)
2026-09-24 17:07:20.504  INFO   session     Entity shadow: vision=4 {'npc': 2, 'player': 2} memory=6 {'player': 1, 'monster': 2, 'npc': 3} paired=1 median=0.028 unleveled=68:警衛,10:警衛
2026-09-24 17:07:25.528  INFO   session     Entity shadow: vision=4 {'player': 2, 'npc': 2} memory=7 {'monster': 3, 'player': 1, 'npc': 3} paired=1 median=0.020 unleveled=68:警衛,10:警衛
2026-09-24 17:07:27.749  INFO   decision    mode=retreating behavior=retreating action=idle target=- reason='retreating, waiting for hp' status=success (repeat)
2026-09-24 17:07:30.684  INFO   session     Entity shadow: vision=3 {'npc': 2, 'player': 1} memory=6 {'monster': 3, 'npc': 3} paired=0 median=0.000 unleveled=68:警衛,10:警衛
2026-09-24 17:07:35.443  INFO   decision    mode=retreating behavior=retreating action=idle target=- reason='retreating, waiting for hp' status=success (repeat)
2026-09-24 17:07:35.704  INFO   session     Entity shadow: vision=3 {'npc': 2, 'player': 1} memory=5 {'monster': 2, 'npc': 3} paired=0 median=0.000 unleveled=68:警衛,10:警衛
2026-09-24 17:07:40.816  INFO   session     Entity shadow: vision=3 {'npc': 2, 'player': 1} memory=5 {'monster': 2, 'npc': 3} paired=0 median=0.000 unleveled=68:警衛,10:警衛
2026-09-24 17:07:42.970  INFO   decision    mode=retreating behavior=retreating action=idle target=- reason='retreating, waiting for hp' status=success (repeat)
2026-09-24 17:07:45.915  INFO   session     Entity shadow: vision=3 {'npc': 2, 'player': 1} memory=6 {'monster': 3, 'npc': 3} paired=0 median=0.000 unleveled=68:警衛,10:警衛
2026-09-24 17:07:50.616  INFO   decision    mode=traveling behavior=traveling action=traveling target=- reason='return to farm after retreat' status=success
2026-09-24 17:07:51.130  INFO   session     Entity shadow: vision=4 {'player': 1, 'npc': 2, 'monster': 1} memory=7 {'monster': 3, 'player': 1, 'npc': 3} paired=2 median=0.111 unleveled=68:警衛,10:警衛
2026-09-24 17:07:53.655  INFO   decision    mode=traveling behavior=combat action=attack target=932 reason='engage target' status=success
2026-09-24 17:07:56.146  INFO   session     Entity shadow: vision=4 {'npc': 2, 'player': 1, 'monster': 1} memory=7 {'monster': 4, 'npc': 3} paired=1 median=0.016 unleveled=68:警衛,10:警衛
2026-09-24 17:07:59.380  INFO   decision    mode=traveling behavior=combat action=attack target=934 reason='engage target' status=success
2026-09-24 17:08:01.160  INFO   session     Entity shadow: vision=4 {'npc': 2, 'item': 1, 'player': 1} memory=7 {'item': 1, 'monster': 3, 'npc': 3} paired=1 median=0.004 unleveled=68:警衛,10:警衛
2026-09-24 17:08:04.914  INFO   decision    mode=traveling behavior=loot action=pickup target=935 reason='engage item' status=success
2026-09-24 17:08:05.243  INFO   decision    mode=traveling behavior=loot action=idle target=- reason='pickup settle' status=success
2026-09-24 17:08:05.667  INFO   decision    mode=traveling behavior=loot action=pickup target=936 reason='engage item' status=success
2026-09-24 17:08:06.002  INFO   decision    mode=traveling behavior=loot action=idle target=- reason='pickup settle' status=success
2026-09-24 17:08:06.267  INFO   session     Entity shadow: vision=1 {'npc': 1} memory=6 {'item': 2, 'monster': 1, 'npc': 3} paired=0 median=0.000 unleveled=10:警衛
2026-09-24 17:08:06.468  INFO   decision    mode=traveling behavior=loot action=pickup target=935 reason='engage item' status=success
2026-09-24 17:08:06.808  INFO   decision    mode=traveling behavior=loot action=idle target=- reason='pickup settle' status=success
2026-09-24 17:08:07.263  INFO   decision    mode=traveling behavior=loot action=pickup target=936 reason='engage item' status=success
2026-09-24 17:08:07.618  INFO   decision    mode=traveling behavior=loot action=idle target=- reason='pickup settle' status=success
2026-09-24 17:08:08.053  INFO   decision    mode=traveling behavior=traveling action=traveling target=- reason='return to farm after retreat' status=success
2026-09-24 17:08:08.758  INFO   decision    mode=traveling behavior=loot action=pickup target=936 reason='engage item' status=success
2026-09-24 17:08:09.118  INFO   decision    mode=traveling behavior=loot action=idle target=- reason='pickup settle' status=success
2026-09-24 17:08:09.600  INFO   decision    mode=traveling behavior=traveling action=traveling target=- reason='return to farm after retreat' status=success
2026-09-24 17:08:10.533  INFO   decision    mode=traveling behavior=combat action=attack target=937 reason='engage target' status=success
2026-09-24 17:08:11.429  INFO   session     Entity shadow: vision=3 {'player': 1, 'npc': 1, 'monster': 1} memory=5 {'monster': 2, 'npc': 3} paired=1 median=0.026 unleveled=10:警衛
2026-09-24 17:08:16.664  INFO   session     Entity shadow: vision=4 {'npc': 1, 'player': 1, 'monster': 2} memory=6 {'monster': 3, 'npc': 3} paired=2 median=0.014 unleveled=10:警衛
2026-09-24 17:08:21.692  INFO   session     Entity shadow: vision=4 {'npc': 1, 'monster': 2, 'player': 1} memory=6 {'monster': 3, 'npc': 3} paired=2 median=0.014 unleveled=10:警衛
2026-09-24 17:08:21.712  INFO   decision    mode=traveling behavior=combat action=attack target=937 reason='attack target' status=success (repeat)
2026-09-24 17:08:25.031  INFO   decision    mode=traveling behavior=combat action=attack target=938 reason='engage target' status=success
2026-09-24 17:08:26.803  INFO   session     Entity shadow: vision=4 {'player': 1, 'monster': 1, 'npc': 2} memory=6 {'monster': 3, 'npc': 3} paired=1 median=0.018 unleveled=68:警衛,10:警衛
2026-09-24 17:08:28.508  INFO   decision    mode=traveling behavior=traveling action=traveling target=- reason='return to farm after retreat' status=success
2026-09-24 17:08:31.869  INFO   session     Entity shadow: vision=2 {'player': 1, 'npc': 1} memory=4 {'monster': 1, 'npc': 3} paired=1 median=0.106 unleveled=10:警衛
2026-09-24 17:08:36.315  INFO   decision    mode=traveling behavior=traveling action=traveling target=- reason='return to farm after retreat' status=success (repeat)
2026-09-24 17:08:36.994  INFO   session     Entity shadow: vision=1 {'player': 1} memory=0 {} paired=0 median=0.000
2026-09-24 17:08:42.059  INFO   session     Entity shadow: vision=1 {'player': 1} memory=0 {} paired=0 median=0.000
2026-09-24 17:08:42.366  INFO   decision    mode=traveling behavior=combat action=attack target=940 reason='engage target' status=success
2026-09-24 17:08:46.953  INFO   decision    mode=traveling behavior=loot action=searching target=941 reason='walk onto item' status=success
2026-09-24 17:08:47.207  INFO   session     Entity shadow: vision=2 {'item': 1, 'player': 1} memory=1 {'item': 1} paired=1 median=0.004
2026-09-24 17:08:49.301  INFO   decision    mode=traveling behavior=loot action=pickup target=941 reason='loot target' status=success
2026-09-24 17:08:49.645  INFO   decision    mode=traveling behavior=loot action=idle target=- reason='pickup settle' status=success
2026-09-24 17:08:50.069  INFO   decision    mode=traveling behavior=combat action=attack target=942 reason='engage target' status=success
2026-09-24 17:08:52.262  INFO   session     Entity shadow: vision=2 {'monster': 1, 'player': 1} memory=1 {'monster': 1} paired=1 median=0.012
2026-09-24 17:08:54.508  INFO   decision    mode=traveling behavior=traveling action=traveling target=- reason='return to farm after retreat' status=success
2026-09-24 17:08:57.322  INFO   session     Entity shadow: vision=1 {'player': 1} memory=0 {} paired=0 median=0.000
2026-09-24 17:09:02.259  INFO   decision    mode=traveling behavior=traveling action=traveling target=- reason='return to farm after retreat' status=success (repeat)
2026-09-24 17:09:02.379  INFO   session     Entity shadow: vision=1 {'player': 1} memory=1 {'monster': 1} paired=0 median=0.000 unleveled=208:兔子
2026-09-24 17:09:07.394  INFO   session     Entity shadow: vision=1 {'monster': 1} memory=2 {'monster': 2} paired=0 median=0.000 unleveled=189:鹿,208:兔子
2026-09-24 17:09:10.085  INFO   decision    mode=traveling behavior=traveling action=traveling target=- reason='return to farm after retreat' status=success (repeat)
2026-09-24 17:09:11.327  INFO   decision    mode=traveling behavior=loot action=searching target=945 reason='walk onto item' status=success
2026-09-24 17:09:12.568  INFO   session     Entity shadow: vision=2 {'player': 1, 'item': 1} memory=3 {'monster': 2, 'item': 1} paired=1 median=0.014 unleveled=208:兔子,189:鹿
2026-09-24 17:09:13.668  INFO   decision    mode=traveling behavior=traveling action=traveling target=- reason='return to farm after retreat' status=success
2026-09-24 17:09:14.553  INFO   decision    mode=traveling behavior=combat action=attack target=947 reason='engage target' status=success
2026-09-24 17:09:17.386  INFO   decision    mode=traveling behavior=combat action=attack target=948 reason='engage target' status=success
2026-09-24 17:09:17.847  INFO   session     Entity shadow: vision=4 {'player': 3, 'monster': 1} memory=4 {'monster': 3, 'player': 1} paired=2 median=0.011 unleveled=189:鹿,208:兔子
2026-09-24 17:09:19.671  INFO   decision    mode=traveling behavior=traveling action=traveling target=- reason='return to farm after retreat' status=success
2026-09-24 17:09:22.997  INFO   session     Entity shadow: vision=1 {'player': 1} memory=2 {'monster': 2} paired=0 median=0.000 unleveled=189:鹿,208:兔子
2026-09-24 17:09:27.771  INFO   decision    mode=traveling behavior=traveling action=traveling target=- reason='return to farm after retreat' status=success (repeat)
2026-09-24 17:09:28.049  INFO   session     Entity shadow: vision=1 {'player': 1} memory=3 {'monster': 3} paired=0 median=0.000 unleveled=207:兔子,189:鹿
2026-09-24 17:09:31.881  INFO   decision    mode=traveling behavior=combat action=attack target=954 reason='engage target' status=success
2026-09-24 17:09:33.107  INFO   session     Entity shadow: vision=2 {'player': 2} memory=6 {'monster': 4, 'player': 1, 'npc': 1} paired=1 median=0.027 unleveled=189:鹿
2026-09-24 17:09:38.292  INFO   session     Entity shadow: vision=2 {'monster': 1, 'player': 1} memory=4 {'monster': 3, 'npc': 1} paired=1 median=0.024 unleveled=189:鹿
2026-09-24 17:09:40.661  INFO   decision    mode=traveling behavior=loot action=searching target=956 reason='walk onto item' status=success
2026-09-24 17:09:43.560  INFO   session     Entity shadow: vision=2 {'player': 1, 'npc': 1} memory=6 {'monster': 4, 'item': 1, 'npc': 1} paired=1 median=0.006 unleveled=189:鹿,207:兔子
2026-09-24 17:09:43.922  INFO   decision    mode=traveling behavior=loot action=pickup target=956 reason='loot target' status=success
2026-09-24 17:09:44.293  INFO   decision    mode=traveling behavior=loot action=idle target=- reason='pickup settle' status=success
2026-09-24 17:09:44.828  INFO   decision    mode=traveling behavior=traveling action=traveling target=- reason='return to farm after retreat' status=success
2026-09-24 17:09:45.106  INFO   decision    mode=traveling behavior=combat action=attack target=953 reason='engage target' status=success
2026-09-24 17:09:46.831  INFO   decision    mode=traveling behavior=traveling action=traveling target=- reason='return to farm after retreat' status=success
2026-09-24 17:09:48.643  INFO   session     Entity shadow: vision=2 {'npc': 1, 'player': 1} memory=5 {'monster': 4, 'npc': 1} paired=1 median=0.014 unleveled=207:兔子,189:鹿,208:兔子
2026-09-24 17:09:53.591  INFO   decision    mode=traveling behavior=combat action=attack target=963 reason='engage target' status=success
2026-09-24 17:09:54.023  INFO   session     Entity shadow: vision=7 {'player': 1, 'monster': 4, 'npc': 2} memory=8 {'monster': 7, 'npc': 1} paired=4 median=0.029 unleveled=68:警衛,207:兔子,189:鹿
2026-09-24 17:09:55.229  INFO   decision    mode=traveling behavior=traveling action=traveling target=- reason='return to farm after retreat' status=success
2026-09-24 17:09:57.407  INFO   decision    mode=traveling behavior=combat action=attack target=962 reason='engage target' status=success
2026-09-24 17:09:59.053  INFO   session     Entity shadow: vision=6 {'npc': 2, 'player': 1, 'monster': 3} memory=7 {'monster': 6, 'npc': 1} paired=4 median=0.025 unleveled=68:警衛,189:鹿,207:兔子
2026-09-24 17:09:59.421  INFO   decision    mode=traveling behavior=traveling action=traveling target=- reason='return to farm after retreat' status=success
2026-09-24 17:10:00.627  INFO   decision    mode=traveling behavior=combat action=attack target=961 reason='engage target' status=success
2026-09-24 17:10:04.296  INFO   session     Entity shadow: vision=6 {'npc': 2, 'player': 2, 'monster': 2} memory=6 {'monster': 4, 'player': 1, 'npc': 1} paired=3 median=0.019 unleveled=207:兔子,68:警衛
2026-09-24 17:10:09.322  INFO   session     Entity shadow: vision=1 {'npc': 1} memory=5 {'monster': 3, 'player': 1, 'npc': 1} paired=1 median=0.005 unleveled=207:兔子,68:警衛
2026-09-24 17:10:09.703  INFO   decision    mode=traveling behavior=traveling action=traveling target=- reason='return to farm after retreat' status=success
2026-09-24 17:10:14.323  INFO   session     Entity shadow: vision=4 {'player': 2, 'npc': 1, 'monster': 1} memory=3 {'player': 1, 'monster': 1, 'npc': 1} paired=3 median=0.021
2026-09-24 17:10:18.890  INFO   decision    mode=traveling behavior=traveling action=traveling target=- reason='return to farm after retreat' status=success (repeat)
2026-09-24 17:10:19.440  INFO   session     Entity shadow: vision=4 {'player': 2, 'npc': 2} memory=3 {'player': 1, 'monster': 1, 'npc': 1} paired=2 median=0.036 unleveled=68:警衛
2026-09-24 17:10:24.592  INFO   session     Entity shadow: vision=5 {'player': 1, 'monster': 2, 'npc': 2} memory=3 {'monster': 2, 'npc': 1} paired=2 median=0.054 unleveled=14:青蛙
2026-09-24 17:10:27.117  INFO   decision    mode=traveling behavior=traveling action=traveling target=- reason='return to farm after retreat' status=success (repeat)
2026-09-24 17:10:29.766  INFO   session     Entity shadow: vision=3 {'player': 1, 'npc': 2} memory=3 {'monster': 2, 'npc': 1} paired=1 median=0.038 unleveled=68:警衛,14:青蛙
2026-09-24 17:10:34.830  INFO   session     Entity shadow: vision=4 {'player': 2, 'monster': 1, 'npc': 1} memory=4 {'monster': 2, 'player': 1, 'npc': 1} paired=2 median=0.042 unleveled=206:兔子,14:青蛙
2026-09-24 17:10:35.746  INFO   decision    mode=traveling behavior=traveling action=traveling target=- reason='return to farm after retreat' status=success (repeat)
2026-09-24 17:10:37.141  INFO   decision    mode=traveling behavior=combat action=attack target=976 reason='engage target' status=success
2026-09-24 17:10:40.030  INFO   session     Entity shadow: vision=4 {'player': 1, 'monster': 3} memory=6 {'monster': 6} paired=3 median=0.013 unleveled=206:兔子,189:鹿
2026-09-24 17:10:40.670  INFO   decision    mode=traveling behavior=combat action=attack target=978 reason='engage target' status=success
2026-09-24 17:10:42.782  INFO   decision    mode=traveling behavior=loot action=searching target=979 reason='walk onto item' status=success
2026-09-24 17:10:45.157  INFO   session     Entity shadow: vision=4 {'player': 2, 'item': 1, 'monster': 1} memory=6 {'monster': 4, 'player': 1, 'item': 1} paired=3 median=0.019 unleveled=189:鹿,206:兔子
2026-09-24 17:10:45.436  INFO   decision    mode=traveling behavior=loot action=pickup target=979 reason='loot target' status=success
2026-09-24 17:10:45.793  INFO   decision    mode=traveling behavior=loot action=idle target=- reason='pickup settle' status=success
2026-09-24 17:10:46.295  INFO   decision    mode=traveling behavior=combat action=attack target=977 reason='engage target' status=success
2026-09-24 17:10:48.050  INFO   decision    mode=traveling behavior=traveling action=traveling target=- reason='return to farm after retreat' status=success
2026-09-24 17:10:50.366  INFO   session     Entity shadow: vision=2 {'player': 2} memory=2 {'monster': 2} paired=0 median=0.000 unleveled=206:兔子,189:鹿
2026-09-24 17:10:55.485  INFO   session     Entity shadow: vision=1 {'player': 1} memory=2 {'monster': 2} paired=0 median=0.000 unleveled=189:鹿,207:兔子
2026-09-24 17:10:56.088  INFO   decision    mode=traveling behavior=traveling action=traveling target=- reason='return to farm after retreat' status=success (repeat)
2026-09-24 17:11:00.523  INFO   session     Entity shadow: vision=1 {'player': 1} memory=3 {'monster': 2, 'npc': 1} paired=0 median=0.000 unleveled=189:鹿,207:兔子
2026-09-24 17:11:04.061  INFO   decision    mode=traveling behavior=traveling action=traveling target=- reason='return to farm after retreat' status=success (repeat)
2026-09-24 17:11:05.609  INFO   session     Entity shadow: vision=2 {'player': 1, 'npc': 1} memory=3 {'monster': 2, 'npc': 1} paired=0 median=0.000 unleveled=10:警衛,207:兔子
2026-09-24 17:11:10.783  INFO   session     Entity shadow: vision=3 {'player': 1, 'npc': 2} memory=4 {'npc': 1, 'monster': 3} paired=0 median=0.000 unleveled=68:警衛,207:兔子
2026-09-24 17:11:12.430  INFO   decision    mode=traveling behavior=traveling action=traveling target=- reason='return to farm after retreat' status=success (repeat)
2026-09-24 17:11:15.805  INFO   session     Entity shadow: vision=4 {'player': 2, 'npc': 2} memory=6 {'player': 1, 'monster': 4, 'npc': 1} paired=1 median=0.033 unleveled=207:兔子,10:警衛,68:警衛
2026-09-24 17:11:20.652  INFO   decision    mode=traveling behavior=traveling action=traveling target=- reason='return to farm after retreat' status=success (repeat)
2026-09-24 17:11:20.944  INFO   session     Entity shadow: vision=6 {'player': 3, 'npc': 3} memory=6 {'monster': 4, 'player': 2} paired=2 median=0.036 unleveled=207:兔子,189:鹿,10:警衛,68:警衛
2026-09-24 17:11:26.005  INFO   session     Entity shadow: vision=4 {'player': 3, 'npc': 1} memory=23 {'player': 18, 'monster': 4, 'npc': 1} paired=2 median=0.040 unleveled=189:鹿,10:警衛,68:警衛
2026-09-24 17:11:29.327  INFO   decision    mode=traveling behavior=traveling action=traveling target=- reason='return to farm after retreat' status=success (repeat)
2026-09-24 17:11:31.173  INFO   session     Entity shadow: vision=3 {'monster': 2, 'npc': 1} memory=21 {'npc': 5, 'player': 14, 'monster': 2} paired=0 median=0.000 unleveled=10:警衛
2026-09-24 17:11:36.254  INFO   session     Entity shadow: vision=2 {'monster': 1, 'player': 1} memory=16 {'npc': 1, 'player': 14, 'monster': 1} paired=1 median=0.027
2026-09-24 17:11:37.906  INFO   decision    mode=traveling behavior=traveling action=traveling target=- reason='return to farm after retreat' status=success (repeat)
2026-09-24 17:11:41.329  INFO   session     Entity shadow: vision=4 {'player': 3, 'monster': 1} memory=5 {'monster': 1, 'player': 3, 'npc': 1} paired=3 median=0.034
2026-09-24 17:11:46.543  INFO   session     Entity shadow: vision=6 {'npc': 3, 'player': 2, 'monster': 1} memory=6 {'monster': 3, 'player': 3} paired=3 median=0.029 unleveled=10:警衛,68:警衛
2026-09-24 17:11:46.782  INFO   decision    mode=traveling behavior=traveling action=traveling target=- reason='return to farm after retreat' status=success (repeat)
2026-09-24 17:11:51.698  INFO   session     Entity shadow: vision=4 {'player': 1, 'npc': 2, 'monster': 1} memory=3 {'monster': 3} paired=1 median=0.025 unleveled=10:警衛,68:警衛
2026-09-24 17:11:55.100  INFO   decision    mode=traveling behavior=traveling action=traveling target=- reason='return to farm after retreat' status=success (repeat)
2026-09-24 17:11:56.782  INFO   session     Entity shadow: vision=3 {'player': 1, 'monster': 1, 'npc': 1} memory=2 {'monster': 2} paired=1 median=0.009 unleveled=68:警衛
2026-09-24 17:12:01.879  INFO   session     Entity shadow: vision=3 {'player': 1, 'monster': 1, 'npc': 1} memory=1 {'monster': 1} paired=0 median=0.000 unleveled=68:警衛
2026-09-24 17:12:03.609  INFO   decision    mode=traveling behavior=loot action=searching target=1026 reason='walk onto item' status=success
2026-09-24 17:12:06.890  INFO   session     Entity shadow: vision=4 {'player': 1, 'item': 1, 'monster': 2} memory=3 {'monster': 2, 'item': 1} paired=3 median=0.010
2026-09-24 17:12:08.593  INFO   decision    mode=traveling behavior=combat action=attack target=1028 reason='engage target' status=success
2026-09-24 17:12:12.059  INFO   session     Entity shadow: vision=6 {'item': 1, 'monster': 2, 'player': 3} memory=4 {'monster': 2, 'player': 2} paired=4 median=0.022
2026-09-24 17:12:12.340  INFO   decision    mode=traveling behavior=combat action=attack target=1027 reason='engage target' status=success
2026-09-24 17:12:14.404  INFO   decision    mode=traveling behavior=loot action=pickup target=1032 reason='engage item' status=success
2026-09-24 17:12:14.767  INFO   decision    mode=traveling behavior=loot action=idle target=- reason='pickup settle' status=success
2026-09-24 17:12:15.145  INFO   decision    mode=traveling behavior=loot action=pickup target=1033 reason='engage item' status=success
2026-09-24 17:12:15.518  INFO   decision    mode=traveling behavior=loot action=idle target=- reason='pickup settle' status=success
2026-09-24 17:12:15.870  INFO   decision    mode=traveling behavior=traveling action=traveling target=- reason='return to farm after retreat' status=success
2026-09-24 17:12:16.333  INFO   decision    mode=traveling behavior=loot action=pickup target=1032 reason='engage item' status=success
2026-09-24 17:12:16.710  INFO   decision    mode=traveling behavior=loot action=idle target=- reason='pickup settle' status=success
2026-09-24 17:12:17.072  INFO   decision    mode=traveling behavior=loot action=pickup target=1033 reason='engage item' status=success
2026-09-24 17:12:17.426  INFO   session     Entity shadow: vision=6 {'player': 3, 'monster': 1, 'item': 2} memory=5 {'monster': 1, 'player': 2, 'item': 2} paired=5 median=0.026
2026-09-24 17:12:17.466  INFO   decision    mode=traveling behavior=loot action=idle target=- reason='pickup settle' status=success
2026-09-24 17:12:17.821  INFO   decision    mode=traveling behavior=traveling action=traveling target=- reason='return to farm after retreat' status=success
2026-09-24 17:12:18.302  INFO   decision    mode=traveling behavior=loot action=pickup target=1032 reason='engage item' status=success
2026-09-24 17:12:18.695  INFO   decision    mode=traveling behavior=loot action=idle target=- reason='pickup settle' status=success
2026-09-24 17:12:19.031  INFO   decision    mode=traveling behavior=traveling action=traveling target=- reason='return to farm after retreat' status=success
2026-09-24 17:12:19.950  INFO   decision    mode=traveling behavior=loot action=pickup target=1032 reason='engage item' status=success
2026-09-24 17:12:20.286  INFO   decision    mode=traveling behavior=loot action=idle target=- reason='pickup settle' status=success
2026-09-24 17:12:20.775  INFO   decision    mode=traveling behavior=traveling action=traveling target=- reason='return to farm after retreat' status=success
2026-09-24 17:12:21.536  INFO   decision    mode=traveling behavior=loot action=searching target=1032 reason='walk onto item' status=success
2026-09-24 17:12:21.807  INFO   decision    mode=traveling behavior=loot action=pickup target=1032 reason='loot target' status=success
2026-09-24 17:12:22.158  INFO   decision    mode=traveling behavior=loot action=idle target=- reason='pickup settle' status=success
2026-09-24 17:12:22.417  INFO   session     Entity shadow: vision=4 {'item': 1, 'player': 2, 'monster': 1} memory=3 {'monster': 1, 'player': 1, 'item': 1} paired=3 median=0.021
2026-09-24 17:12:22.582  INFO   decision    mode=traveling behavior=traveling action=traveling target=- reason='return to farm after retreat' status=success
2026-09-24 17:12:23.328  INFO   decision    mode=traveling behavior=loot action=pickup target=1032 reason='engage item' status=success
2026-09-24 17:12:23.698  INFO   decision    mode=traveling behavior=loot action=idle target=- reason='pickup settle' status=success
2026-09-24 17:12:24.030  INFO   decision    mode=traveling behavior=combat action=attack target=1035 reason='engage target' status=success
2026-09-24 17:12:26.596  INFO   decision    mode=traveling behavior=loot action=pickup target=1032 reason='engage item' status=success
2026-09-24 17:12:26.957  INFO   decision    mode=traveling behavior=loot action=idle target=- reason='pickup settle' status=success
2026-09-24 17:12:27.398  INFO   decision    mode=traveling behavior=traveling action=traveling target=- reason='return to farm after retreat' status=success
2026-09-24 17:12:27.647  INFO   session     Entity shadow: vision=4 {'player': 2, 'item': 1, 'monster': 1} memory=3 {'player': 1, 'monster': 1, 'item': 1} paired=3 median=0.084
2026-09-24 17:12:28.179  INFO   decision    mode=traveling behavior=loot action=searching target=1032 reason='walk onto item' status=success
2026-09-24 17:12:31.655  INFO   decision    mode=traveling behavior=loot action=pickup target=1032 reason='loot target' status=success
2026-09-24 17:12:31.990  INFO   decision    mode=traveling behavior=loot action=idle target=- reason='pickup settle' status=success
2026-09-24 17:12:32.479  INFO   decision    mode=traveling behavior=traveling action=traveling target=- reason='return to farm after retreat' status=success
2026-09-24 17:12:32.708  INFO   session     Entity shadow: vision=3 {'player': 1, 'item': 1, 'monster': 1} memory=2 {'monster': 1, 'item': 1} paired=2 median=0.054
2026-09-24 17:12:33.207  INFO   decision    mode=traveling behavior=loot action=pickup target=1032 reason='engage item' status=success
2026-09-24 17:12:33.559  INFO   decision    mode=traveling behavior=loot action=idle target=- reason='pickup settle' status=success
2026-09-24 17:12:33.978  INFO   decision    mode=traveling behavior=traveling action=traveling target=- reason='return to farm after retreat' status=success
2026-09-24 17:12:37.771  INFO   session     Entity shadow: vision=1 {'player': 1} memory=0 {} paired=0 median=0.000
2026-09-24 17:12:41.638  INFO   decision    mode=traveling behavior=traveling action=traveling target=- reason='return to farm after retreat' status=success (repeat)
2026-09-24 17:12:42.755  INFO   session     Entity shadow: vision=2 {'player': 1, 'monster': 1} memory=1 {'player': 1} paired=0 median=0.000
2026-09-24 17:12:47.839  INFO   session     Entity shadow: vision=3 {'player': 1, 'monster': 2} memory=2 {'player': 1, 'monster': 1} paired=1 median=0.065
2026-09-24 17:12:49.778  INFO   decision    mode=traveling behavior=traveling action=traveling target=- reason='return to farm after retreat' status=success (repeat)
2026-09-24 17:12:52.492  INFO   decision    mode=traveling behavior=loot action=searching target=1040 reason='walk onto item' status=success
2026-09-24 17:12:53.016  INFO   session     Entity shadow: vision=4 {'player': 2, 'monster': 1, 'item': 1} memory=2 {'player': 1, 'item': 1} paired=2 median=0.045
2026-09-24 17:12:53.703  INFO   decision    mode=traveling behavior=traveling action=traveling target=- reason='return to farm after retreat' status=success
2026-09-24 17:12:54.768  INFO   decision    mode=traveling behavior=combat action=attack target=1044 reason='engage target' status=success
2026-09-24 17:12:58.066  INFO   session     Entity shadow: vision=6 {'monster': 4, 'player': 2} memory=8 {'monster': 7, 'player': 1} paired=4 median=0.027 unleveled=12:史萊姆
2026-09-24 17:13:03.230  INFO   session     Entity shadow: vision=10 {'monster': 8, 'player': 2} memory=9 {'monster': 8, 'player': 1} paired=7 median=0.016 unleveled=12:史萊姆
2026-09-24 17:13:03.809  INFO   decision    mode=traveling behavior=combat action=attack target=1041 reason='engage target' status=success
2026-09-24 17:13:04.968  INFO   decision    mode=traveling behavior=traveling action=traveling target=- reason='return to farm after retreat' status=success
2026-09-24 17:13:05.309  INFO   decision    mode=traveling behavior=combat action=attack target=1052 reason='engage target' status=success
2026-09-24 17:13:08.236  INFO   decision    mode=traveling behavior=combat action=attack target=1051 reason='engage target' status=success
2026-09-24 17:13:08.729  INFO   session     Entity shadow: vision=6 {'monster': 4, 'player': 2} memory=3 {'monster': 2, 'player': 1} paired=2 median=0.029 unleveled=12:史萊姆
2026-09-24 17:13:11.350  INFO   decision    mode=traveling behavior=traveling action=traveling target=- reason='return to farm after retreat' status=success
2026-09-24 17:13:13.760  INFO   session     Entity shadow: vision=4 {'player': 2, 'monster': 2} memory=2 {'player': 1, 'monster': 1} paired=1 median=0.053 unleveled=12:史萊姆
2026-09-24 17:13:14.717  INFO   decision    mode=traveling behavior=combat action=attack target=1054 reason='engage target' status=success
2026-09-24 17:13:18.851  INFO   session     Entity shadow: vision=3 {'player': 2, 'monster': 1} memory=4 {'monster': 3, 'player': 1} paired=2 median=0.086 unleveled=12:史萊姆
2026-09-24 17:13:22.280  INFO   decision    mode=traveling behavior=combat action=attack target=1045 reason='attack target' status=success
2026-09-24 17:13:22.532  INFO   decision    mode=traveling behavior=loot action=searching target=1056 reason='walk onto item' status=success
2026-09-24 17:13:23.907  INFO   session     Entity shadow: vision=4 {'player': 1, 'monster': 2, 'item': 1} memory=3 {'item': 1, 'monster': 2} paired=2 median=0.010 unleveled=12:史萊姆
2026-09-24 17:13:26.289  INFO   decision    mode=traveling behavior=loot action=pickup target=1056 reason='loot target' status=success
2026-09-24 17:13:26.639  INFO   decision    mode=traveling behavior=loot action=idle target=- reason='pickup settle' status=success
2026-09-24 17:13:27.082  INFO   decision    mode=traveling behavior=traveling action=traveling target=- reason='return to farm after retreat' status=success
2026-09-24 17:13:28.971  INFO   session     Entity shadow: vision=2 {'monster': 1, 'player': 1} memory=2 {'monster': 2} paired=1 median=0.011 unleveled=12:史萊姆
2026-09-24 17:13:31.902  INFO   decision    mode=traveling behavior=loot action=searching target=1058 reason='walk onto item' status=success
2026-09-24 17:13:34.048  INFO   session     Entity shadow: vision=5 {'player': 1, 'monster': 3, 'item': 1} memory=4 {'monster': 3, 'item': 1} paired=3 median=0.013 unleveled=12:史萊姆
2026-09-24 17:13:39.168  INFO   session     Entity shadow: vision=5 {'monster': 3, 'item': 1, 'player': 1} memory=5 {'monster': 4, 'item': 1} paired=3 median=0.008 unleveled=12:史萊姆
2026-09-24 17:13:44.338  INFO   session     Entity shadow: vision=4 {'monster': 2, 'item': 1, 'player': 1} memory=3 {'monster': 2, 'item': 1} paired=3 median=0.008
2026-09-24 17:13:45.146  INFO   decision    mode=traveling behavior=loot action=searching target=1058 reason='walk onto item' status=success (repeat)
2026-09-24 17:13:49.547  INFO   session     Entity shadow: vision=3 {'player': 1, 'item': 1, 'monster': 1} memory=3 {'monster': 2, 'item': 1} paired=2 median=0.018
2026-09-24 17:13:49.567  INFO   decision    mode=traveling behavior=loot action=pickup target=1058 reason='loot target' status=success
2026-09-24 17:13:49.890  INFO   decision    mode=traveling behavior=loot action=idle target=- reason='pickup settle' status=success
2026-09-24 17:13:50.385  INFO   decision    mode=traveling behavior=traveling action=traveling target=- reason='return to farm after retreat' status=success
2026-09-24 17:13:54.654  INFO   session     Entity shadow: vision=3 {'monster': 3} memory=2 {'monster': 2} paired=2 median=0.034
2026-09-24 17:13:56.695  INFO   decision    mode=traveling behavior=combat action=attack target=1061 reason='engage target' status=success
2026-09-24 17:13:59.730  INFO   session     Entity shadow: vision=2 {'player': 1, 'monster': 1} memory=1 {'monster': 1} paired=1 median=0.049
2026-09-24 17:14:04.904  INFO   session     Entity shadow: vision=1 {'player': 1} memory=1 {'monster': 1} paired=0 median=0.000
2026-09-24 17:14:07.562  INFO   decision    mode=traveling behavior=combat action=attack target=1061 reason='attack target' status=success (repeat)
2026-09-24 17:14:09.998  INFO   session     Entity shadow: vision=2 {'player': 1, 'item': 1} memory=2 {'item': 1, 'monster': 1} paired=1 median=0.013
2026-09-24 17:14:11.679  INFO   decision    mode=traveling behavior=loot action=pickup target=1067 reason='engage item' status=success
2026-09-24 17:14:12.035  INFO   decision    mode=traveling behavior=loot action=idle target=- reason='pickup settle' status=success
2026-09-24 17:14:12.370  INFO   decision    mode=traveling behavior=loot action=searching target=1065 reason='walk onto item' status=success
2026-09-24 17:14:12.692  INFO   decision    mode=traveling behavior=traveling action=traveling target=- reason='return to farm after retreat' status=success
2026-09-24 17:14:13.419  INFO   decision    mode=traveling behavior=loot action=pickup target=1067 reason='engage item' status=success
2026-09-24 17:14:13.747  INFO   decision    mode=traveling behavior=loot action=idle target=- reason='pickup settle' status=success
2026-09-24 17:14:14.247  INFO   decision    mode=traveling behavior=traveling action=traveling target=- reason='return to farm after retreat' status=success
2026-09-24 17:14:14.992  INFO   decision    mode=traveling behavior=loot action=pickup target=1067 reason='engage item' status=success
2026-09-24 17:14:15.335  INFO   session     Entity shadow: vision=4 {'player': 2, 'item': 1, 'monster': 1} memory=3 {'player': 1, 'monster': 1, 'item': 1} paired=2 median=0.023 unleveled=12:史萊姆
2026-09-24 17:14:15.379  INFO   decision    mode=traveling behavior=loot action=idle target=- reason='pickup settle' status=success
2026-09-24 17:14:15.703  INFO   decision    mode=traveling behavior=traveling action=traveling target=- reason='return to farm after retreat' status=success
2026-09-24 17:14:16.542  INFO   decision    mode=traveling behavior=loot action=searching target=1067 reason='walk onto item' status=success
2026-09-24 17:14:16.810  INFO   decision    mode=traveling behavior=traveling action=traveling target=- reason='unstick' status=success
2026-09-24 17:14:20.420  INFO   session     Entity shadow: vision=2 {'player': 1, 'item': 1} memory=2 {'player': 1, 'item': 1} paired=1 median=0.020
2026-09-24 17:14:23.059  INFO   decision    mode=traveling behavior=combat action=attack target=1072 reason='engage target' status=success
2026-09-24 17:14:23.527  INFO   decision    mode=traveling behavior=traveling action=traveling target=- reason='return to farm after retreat' status=success
2026-09-24 17:14:25.564  INFO   session     Entity shadow: vision=2 {'player': 1, 'item': 1} memory=1 {'item': 1} paired=1 median=0.016
2026-09-24 17:14:25.757  INFO   decision    mode=traveling behavior=combat action=attack target=1073 reason='engage target' status=success
2026-09-24 17:14:27.932  INFO   decision    mode=traveling behavior=combat action=attack target=1075 reason='attack target' status=success
2026-09-24 17:14:30.554  INFO   session     Entity shadow: vision=4 {'item': 1, 'player': 1, 'monster': 2} memory=6 {'monster': 4, 'player': 1, 'item': 1} paired=3 median=0.020 unleveled=12:史萊姆
2026-09-24 17:14:31.915  INFO   decision    mode=retreating behavior=talking_scroll action=use_talking_scroll target=- reason='retreat, 허수아비 수련장' status=success
2026-09-24 17:14:32.832  INFO   decision    mode=retreating behavior=survival_potion action=use_hp_potion target=- reason='critical hp, cannot heal' status=success
2026-09-24 17:14:34.143  INFO   decision    mode=retreating behavior=retreating action=idle target=- reason='retreating, waiting for hp' status=success
2026-09-24 17:14:35.626  INFO   session     Entity shadow: vision=7 {'monster': 1, 'player': 5, 'npc': 1} memory=12 {'player': 7, 'monster': 5} paired=6 median=0.021 unleveled=10:警衛,20:?
2026-09-24 17:14:40.718  INFO   session     Entity shadow: vision=7 {'player': 5, 'monster': 1, 'npc': 1} memory=12 {'player': 7, 'monster': 5} paired=6 median=0.021 unleveled=10:警衛,20:?
2026-09-24 17:14:42.173  INFO   decision    mode=retreating behavior=retreating action=idle target=- reason='retreating, waiting for hp' status=success (repeat)
2026-09-24 17:14:45.833  INFO   session     Entity shadow: vision=5 {'monster': 1, 'player': 3, 'npc': 1} memory=11 {'monster': 5, 'player': 6} paired=4 median=0.021 unleveled=10:警衛,20:?
2026-09-24 17:14:50.223  INFO   decision    mode=retreating behavior=retreating action=idle target=- reason='retreating, waiting for hp' status=success (repeat)
2026-09-24 17:14:50.974  INFO   session     Entity shadow: vision=6 {'monster': 3, 'player': 2, 'npc': 1} memory=13 {'monster': 5, 'player': 8} paired=3 median=0.020 unleveled=10:警衛,20:?
2026-09-24 17:14:56.031  INFO   session     Entity shadow: vision=6 {'player': 3, 'npc': 1, 'monster': 2} memory=13 {'player': 8, 'monster': 5} paired=4 median=0.020 unleveled=10:警衛,20:?
2026-09-24 17:14:58.431  INFO   decision    mode=retreating behavior=retreating action=idle target=- reason='retreating, waiting for hp' status=success (repeat)
2026-09-24 17:15:01.141  INFO   session     Entity shadow: vision=7 {'monster': 2, 'player': 4, 'npc': 1} memory=13 {'player': 8, 'monster': 5} paired=5 median=0.018 unleveled=10:警衛,20:?
2026-09-24 17:15:06.266  INFO   session     Entity shadow: vision=6 {'monster': 1, 'player': 4, 'npc': 1} memory=11 {'monster': 5, 'player': 6} paired=5 median=0.020 unleveled=10:警衛,20:?
2026-09-24 17:15:06.288  INFO   decision    mode=retreating behavior=retreating action=idle target=- reason='retreating, waiting for hp' status=success (repeat)
2026-09-24 17:15:11.368  INFO   session     Entity shadow: vision=5 {'player': 3, 'monster': 1, 'npc': 1} memory=11 {'monster': 5, 'player': 6} paired=4 median=0.021 unleveled=10:警衛,20:?
2026-09-24 17:15:14.008  INFO   decision    mode=retreating behavior=retreating action=idle target=- reason='retreating, waiting for hp' status=success (repeat)
2026-09-24 17:15:16.502  INFO   session     Entity shadow: vision=5 {'player': 3, 'monster': 1, 'npc': 1} memory=11 {'monster': 5, 'player': 6} paired=4 median=0.021 unleveled=10:警衛,20:?
2026-09-24 17:15:21.504  INFO   session     Entity shadow: vision=6 {'player': 4, 'monster': 1, 'npc': 1} memory=11 {'monster': 5, 'player': 6} paired=5 median=0.020 unleveled=10:警衛,20:?
2026-09-24 17:15:21.838  INFO   decision    mode=retreating behavior=retreating action=idle target=- reason='retreating, waiting for hp' status=success (repeat)
2026-09-24 17:15:26.528  INFO   session     Entity shadow: vision=6 {'monster': 1, 'player': 4, 'npc': 1} memory=11 {'monster': 5, 'player': 6} paired=5 median=0.020 unleveled=10:警衛,20:?
2026-09-24 17:15:29.779  INFO   decision    mode=retreating behavior=retreating action=idle target=- reason='retreating, waiting for hp' status=success (repeat)
2026-09-24 17:15:31.636  INFO   session     Entity shadow: vision=6 {'player': 3, 'npc': 2, 'monster': 1} memory=11 {'monster': 5, 'player': 6} paired=4 median=0.020 unleveled=10:警衛,20:?
2026-09-24 17:15:36.793  INFO   session     Entity shadow: vision=6 {'monster': 1, 'npc': 2, 'player': 3} memory=11 {'monster': 5, 'player': 6} paired=4 median=0.020 unleveled=10:警衛,20:?
2026-09-24 17:15:37.593  INFO   decision    mode=retreating behavior=retreating action=idle target=- reason='retreating, waiting for hp' status=success (repeat)
2026-09-24 17:15:41.850  INFO   session     Entity shadow: vision=7 {'monster': 1, 'player': 3, 'npc': 3} memory=11 {'monster': 5, 'player': 6} paired=4 median=0.020 unleveled=10:警衛,20:?
2026-09-24 17:15:45.475  INFO   decision    mode=retreating behavior=retreating action=idle target=- reason='retreating, waiting for hp' status=success (repeat)
2026-09-24 17:15:46.875  INFO   session     Entity shadow: vision=6 {'monster': 1, 'npc': 1, 'player': 4} memory=11 {'monster': 5, 'player': 6} paired=5 median=0.019 unleveled=10:警衛,20:?
2026-09-24 17:15:52.015  INFO   session     Entity shadow: vision=6 {'monster': 1, 'player': 4, 'npc': 1} memory=11 {'monster': 5, 'player': 6} paired=5 median=0.019 unleveled=10:警衛,20:?
2026-09-24 17:15:53.286  INFO   decision    mode=retreating behavior=retreating action=idle target=- reason='retreating, waiting for hp' status=success (repeat)
2026-09-24 17:15:56.990  INFO   decision    mode=traveling behavior=traveling action=traveling target=- reason='return to farm after retreat' status=success
2026-09-24 17:15:57.244  INFO   session     Entity shadow: vision=5 {'player': 3, 'npc': 1, 'monster': 1} memory=11 {'monster': 5, 'player': 6} paired=4 median=0.018 unleveled=10:警衛,20:?,19:?
2026-09-24 17:16:02.441  INFO   session     Entity shadow: vision=5 {'player': 3, 'monster': 1, 'npc': 1} memory=8 {'monster': 2, 'player': 6} paired=2 median=0.029 unleveled=10:警衛,20:?
2026-09-24 17:16:06.080  INFO   decision    mode=traveling behavior=traveling action=traveling target=- reason='return to farm after retreat' status=success (repeat)
2026-09-24 17:16:07.636  INFO   session     Entity shadow: vision=2 {'player': 1, 'npc': 1} memory=1 {'monster': 1} paired=0 median=0.000 unleveled=10:警衛
2026-09-24 17:16:12.687  INFO   session     Entity shadow: vision=1 {'player': 1} memory=0 {} paired=0 median=0.000
2026-09-24 17:16:14.034  INFO   decision    mode=traveling behavior=traveling action=traveling target=- reason='return to farm after retreat' status=success (repeat)
2026-09-24 17:16:17.740  INFO   session     Entity shadow: vision=2 {'npc': 1, 'player': 1} memory=1 {'monster': 1} paired=0 median=0.000 unleveled=68:警衛
2026-09-24 17:16:21.919  INFO   decision    mode=traveling behavior=traveling action=traveling target=- reason='return to farm after retreat' status=success (repeat)
2026-09-24 17:16:22.792  INFO   session     Entity shadow: vision=3 {'player': 1, 'npc': 2} memory=4 {'monster': 4} paired=0 median=0.000 unleveled=14:青蛙,189:鹿,10:警衛,68:警衛
2026-09-24 17:16:27.875  INFO   session     Entity shadow: vision=4 {'item': 1, 'player': 1, 'npc': 2} memory=5 {'monster': 4, 'item': 1} paired=1 median=0.013 unleveled=14:青蛙,189:鹿,10:警衛,68:警衛
2026-09-24 17:16:29.967  INFO   decision    mode=traveling behavior=traveling action=traveling target=- reason='return to farm after retreat' status=success (repeat)
2026-09-24 17:16:32.966  INFO   session     Entity shadow: vision=4 {'player': 1, 'item': 1, 'npc': 2} memory=5 {'monster': 4, 'item': 1} paired=1 median=0.002 unleveled=189:鹿,14:青蛙,10:警衛,68:警衛
2026-09-24 17:16:34.013  INFO   decision    mode=traveling behavior=combat action=attack target=1102 reason='engage target' status=success
2026-09-24 17:16:37.994  INFO   session     Entity shadow: vision=6 {'npc': 3, 'monster': 1, 'item': 1, 'player': 1} memory=7 {'monster': 6, 'item': 1} paired=2 median=0.040 unleveled=14:青蛙,189:鹿,10:警衛,68:警衛
2026-09-24 17:16:43.141  INFO   session     Entity shadow: vision=6 {'npc': 3, 'player': 1, 'item': 1, 'monster': 1} memory=6 {'monster': 5, 'item': 1} paired=2 median=0.040 unleveled=14:青蛙,10:警衛,68:警衛
2026-09-24 17:16:45.178  INFO   decision    mode=traveling behavior=combat action=attack target=1102 reason='attack target' status=success (repeat)
2026-09-24 17:16:48.181  INFO   session     Entity shadow: vision=6 {'npc': 3, 'item': 1, 'player': 1, 'monster': 1} memory=6 {'monster': 5, 'item': 1} paired=2 median=0.036 unleveled=14:青蛙,10:警衛,68:警衛
2026-09-24 17:16:49.682  INFO   decision    mode=traveling behavior=traveling action=traveling target=- reason='return to farm after retreat' status=success
2026-09-24 17:16:53.163  INFO   session     Entity shadow: vision=4 {'player': 1, 'npc': 2, 'item': 1} memory=6 {'monster': 5, 'player': 1} paired=0 median=0.000 unleveled=189:鹿,14:青蛙,68:警衛,10:警衛
2026-09-24 17:16:58.313  INFO   session     Entity shadow: vision=4 {'player': 1, 'npc': 3} memory=4 {'monster': 4} paired=0 median=0.000 unleveled=14:青蛙,68:警衛,10:警衛
2026-09-24 17:16:58.334  INFO   decision    mode=traveling behavior=traveling action=traveling target=- reason='return to farm after retreat' status=success (repeat)
2026-09-24 17:17:03.350  INFO   session     Entity shadow: vision=3 {'player': 1, 'npc': 2} memory=4 {'monster': 4} paired=0 median=0.000 unleveled=14:青蛙,189:鹿,68:警衛,10:警衛
2026-09-24 17:17:05.620  INFO   decision    mode=traveling behavior=combat action=attack target=1108 reason='engage target' status=success
2026-09-24 17:17:08.490  INFO   session     Entity shadow: vision=4 {'player': 1, 'npc': 2, 'monster': 1} memory=4 {'monster': 4} paired=1 median=0.009 unleveled=189:鹿,68:警衛,10:警衛
2026-09-24 17:17:10.390  INFO   decision    mode=traveling behavior=traveling action=traveling target=- reason='unstick' status=success
2026-09-24 17:17:13.543  INFO   session     Entity shadow: vision=5 {'player': 2, 'npc': 2, 'item': 1} memory=4 {'player': 1, 'item': 1, 'monster': 2} paired=2 median=0.022 unleveled=68:警衛,10:警衛
2026-09-24 17:17:18.591  INFO   session     Entity shadow: vision=2 {'player': 2} memory=1 {'player': 1} paired=1 median=0.026
2026-09-24 17:17:18.617  INFO   decision    mode=traveling behavior=traveling action=traveling target=- reason='return to farm after retreat' status=success (repeat)
2026-09-24 17:17:23.605  INFO   session     Entity shadow: vision=1 {'player': 1} memory=1 {'player': 1} paired=1 median=0.036
2026-09-24 17:17:26.789  INFO   decision    mode=traveling behavior=traveling action=traveling target=- reason='return to farm after retreat' status=success (repeat)
2026-09-24 17:17:28.612  INFO   session     Entity shadow: vision=2 {'player': 1, 'monster': 1} memory=1 {'monster': 1} paired=1 median=0.048
2026-09-24 17:17:33.079  INFO   decision    mode=traveling behavior=loot action=searching target=1113 reason='walk onto item' status=success
2026-09-24 17:17:33.775  INFO   session     Entity shadow: vision=2 {'player': 1, 'item': 1} memory=1 {'item': 1} paired=1 median=0.006
2026-09-24 17:17:38.880  INFO   session     Entity shadow: vision=3 {'player': 1, 'item': 1, 'monster': 1} memory=2 {'monster': 1, 'item': 1} paired=2 median=0.012
2026-09-24 17:17:40.180  INFO   decision    mode=traveling behavior=loot action=pickup target=1113 reason='loot target' status=success
2026-09-24 17:17:40.551  INFO   decision    mode=traveling behavior=loot action=idle target=- reason='pickup settle' status=success
2026-09-24 17:17:40.880  INFO   decision    mode=traveling behavior=traveling action=traveling target=- reason='return to farm after retreat' status=success
2026-09-24 17:17:43.907  INFO   session     Entity shadow: vision=3 {'player': 2, 'monster': 1} memory=2 {'player': 1, 'monster': 1} paired=2 median=0.066
2026-09-24 17:17:48.759  INFO   decision    mode=traveling behavior=traveling action=traveling target=- reason='return to farm after retreat' status=success (repeat)
2026-09-24 17:17:49.010  INFO   session     Entity shadow: vision=1 {'player': 1} memory=0 {} paired=0 median=0.000
2026-09-24 17:17:49.492  INFO   decision    mode=traveling behavior=combat action=attack target=1116 reason='engage target' status=success
2026-09-24 17:17:50.627  INFO   decision    mode=traveling behavior=loot action=searching target=1118 reason='walk onto item' status=success
2026-09-24 17:17:54.153  INFO   session     Entity shadow: vision=4 {'player': 1, 'monster': 3} memory=3 {'monster': 2, 'item': 1} paired=2 median=0.043
2026-09-24 17:17:54.186  INFO   decision    mode=traveling behavior=combat action=attack target=1117 reason='engage target' status=success
2026-09-24 17:17:58.409  INFO   decision    mode=retreating behavior=talking_scroll action=use_talking_scroll target=- reason='retreat, 펫 관리인' status=success
2026-09-24 17:17:59.285  INFO   session     Entity shadow: vision=5 {'player': 1, 'item': 1, 'monster': 3} memory=4 {'monster': 3, 'item': 1} paired=4 median=0.024
2026-09-24 17:17:59.306  INFO   decision    mode=retreating behavior=retreating action=idle target=- reason='retreating, waiting for hp' status=success
2026-09-24 17:18:00.020  INFO   decision    mode=retreating behavior=loot action=searching target=1118 reason='walk onto item' status=success
2026-09-24 17:18:00.335  INFO   decision    mode=retreating behavior=retreating action=idle target=- reason='retreating, waiting for hp' status=success
2026-09-24 17:18:04.296  INFO   session     Entity shadow: vision=7 {'player': 1, 'monster': 6} memory=6 {'npc': 1, 'monster': 5} paired=4 median=0.018
2026-09-24 17:18:08.339  INFO   decision    mode=retreating behavior=retreating action=idle target=- reason='retreating, waiting for hp' status=success (repeat)
2026-09-24 17:18:09.455  INFO   session     Entity shadow: vision=7 {'player': 1, 'monster': 5, 'npc': 1} memory=6 {'npc': 1, 'monster': 5} paired=6 median=0.013
2026-09-24 17:18:14.480  INFO   session     Entity shadow: vision=7 {'monster': 5, 'npc': 1, 'player': 1} memory=6 {'npc': 1, 'monster': 5} paired=6 median=0.013
2026-09-24 17:18:16.513  INFO   decision    mode=retreating behavior=retreating action=idle target=- reason='retreating, waiting for hp' status=success (repeat)
2026-09-24 17:18:19.583  INFO   session     Entity shadow: vision=7 {'npc': 1, 'monster': 5, 'player': 1} memory=6 {'npc': 1, 'monster': 5} paired=6 median=0.013
2026-09-24 17:18:24.329  INFO   decision    mode=retreating behavior=retreating action=idle target=- reason='retreating, waiting for hp' status=success (repeat)
2026-09-24 17:18:24.617  INFO   session     Entity shadow: vision=7 {'player': 1, 'monster': 5, 'npc': 1} memory=6 {'npc': 1, 'monster': 5} paired=6 median=0.013
2026-09-24 17:18:29.685  INFO   session     Entity shadow: vision=6 {'npc': 1, 'player': 1, 'monster': 4} memory=6 {'npc': 1, 'monster': 5} paired=5 median=0.011
2026-09-24 17:18:32.227  INFO   decision    mode=retreating behavior=retreating action=idle target=- reason='retreating, waiting for hp' status=success (repeat)
2026-09-24 17:18:34.713  INFO   session     Entity shadow: vision=7 {'player': 1, 'npc': 1, 'monster': 5} memory=6 {'npc': 1, 'monster': 5} paired=6 median=0.013
2026-09-24 17:18:39.776  INFO   session     Entity shadow: vision=7 {'monster': 5, 'npc': 1, 'player': 1} memory=6 {'npc': 1, 'monster': 5} paired=6 median=0.012
2026-09-24 17:18:39.961  INFO   decision    mode=retreating behavior=retreating action=idle target=- reason='retreating, waiting for hp' status=success (repeat)
2026-09-24 17:18:44.790  INFO   session     Entity shadow: vision=7 {'monster': 5, 'player': 1, 'npc': 1} memory=6 {'npc': 1, 'monster': 5} paired=6 median=0.014
2026-09-24 17:18:47.830  INFO   decision    mode=retreating behavior=retreating action=idle target=- reason='retreating, waiting for hp' status=success (repeat)
2026-09-24 17:18:49.832  INFO   session     Entity shadow: vision=6 {'monster': 4, 'player': 1, 'npc': 1} memory=6 {'npc': 1, 'monster': 5} paired=5 median=0.015
2026-09-24 17:18:54.950  INFO   session     Entity shadow: vision=7 {'monster': 5, 'npc': 1, 'player': 1} memory=6 {'npc': 1, 'monster': 5} paired=6 median=0.013
2026-09-24 17:18:55.719  INFO   decision    mode=retreating behavior=retreating action=idle target=- reason='retreating, waiting for hp' status=success (repeat)
2026-09-24 17:18:59.990  INFO   session     Entity shadow: vision=7 {'player': 2, 'npc': 1, 'monster': 4} memory=7 {'player': 1, 'npc': 1, 'monster': 5} paired=6 median=0.013
2026-09-24 17:19:03.726  INFO   decision    mode=retreating behavior=retreating action=idle target=- reason='retreating, waiting for hp' status=success (repeat)
2026-09-24 17:19:05.108  INFO   session     Entity shadow: vision=7 {'player': 2, 'npc': 1, 'monster': 4} memory=8 {'monster': 6, 'player': 1, 'npc': 1} paired=6 median=0.013
2026-09-24 17:19:10.170  INFO   session     Entity shadow: vision=7 {'monster': 5, 'player': 1, 'npc': 1} memory=8 {'player': 1, 'monster': 6, 'npc': 1} paired=6 median=0.013
2026-09-24 17:19:12.127  INFO   decision    mode=retreating behavior=retreating action=idle target=- reason='retreating, waiting for hp' status=success (repeat)
2026-09-24 17:19:12.291  INFO   decision    mode=traveling behavior=traveling action=traveling target=- reason='return to farm after retreat' status=success
2026-09-24 17:19:15.177  INFO   session     Entity shadow: vision=6 {'player': 1, 'monster': 5} memory=5 {'monster': 5} paired=5 median=0.017
2026-09-24 17:19:20.211  INFO   session     Entity shadow: vision=1 {'player': 1} memory=1 {'monster': 1} paired=0 median=0.000
2026-09-24 17:19:20.777  INFO   decision    mode=traveling behavior=traveling action=traveling target=- reason='return to farm after retreat' status=success (repeat)
2026-09-24 17:19:21.537  INFO   decision    mode=traveling behavior=combat action=attack target=1129 reason='engage target' status=success
2026-09-24 17:19:23.864  INFO   decision    mode=traveling behavior=traveling action=traveling target=- reason='return to farm after retreat' status=success
2026-09-24 17:19:25.315  INFO   session     Entity shadow: vision=2 {'player': 1, 'monster': 1} memory=0 {} paired=0 median=0.000
2026-09-24 17:19:30.431  INFO   session     Entity shadow: vision=1 {'player': 1} memory=1 {'monster': 1} paired=0 median=0.000 unleveled=189:鹿
2026-09-24 17:19:31.648  INFO   decision    mode=traveling behavior=traveling action=traveling target=- reason='return to farm after retreat' status=success (repeat)
2026-09-24 17:19:35.558  INFO   session     Entity shadow: vision=1 {'player': 1} memory=0 {} paired=0 median=0.000
2026-09-24 17:19:37.725  INFO   decision    mode=traveling behavior=loot action=searching target=1131 reason='walk onto item' status=success
2026-09-24 17:19:40.755  INFO   session     Entity shadow: vision=2 {'player': 1, 'item': 1} memory=1 {'item': 1} paired=1 median=0.008
2026-09-24 17:19:45.880  INFO   session     Entity shadow: vision=2 {'player': 1, 'item': 1} memory=1 {'item': 1} paired=1 median=0.007
2026-09-24 17:19:47.703  INFO   decision    mode=traveling behavior=loot action=pickup target=1131 reason='loot target' status=success
2026-09-24 17:19:48.048  INFO   decision    mode=traveling behavior=loot action=idle target=- reason='pickup settle' status=success
2026-09-24 17:19:48.541  INFO   decision    mode=traveling behavior=traveling action=traveling target=- reason='return to farm after retreat' status=success
2026-09-24 17:19:51.020  INFO   session     Entity shadow: vision=1 {'player': 1} memory=2 {'monster': 2} paired=0 median=0.000 unleveled=208:兔子,211:兔子
2026-09-24 17:19:55.530  INFO   decision    mode=traveling behavior=combat action=attack target=1134 reason='engage target' status=success
2026-09-24 17:19:56.206  INFO   session     Entity shadow: vision=1 {'player': 1} memory=3 {'monster': 3} paired=0 median=0.000 unleveled=208:兔子,211:兔子
2026-09-24 17:20:01.120  INFO   decision    mode=traveling behavior=loot action=searching target=1139 reason='walk onto item' status=success
2026-09-24 17:20:01.357  INFO   session     Entity shadow: vision=2 {'item': 1, 'player': 1} memory=7 {'monster': 6, 'item': 1} paired=1 median=0.012 unleveled=208:兔子,207:兔子,189:鹿,210:兔子,211:兔子
2026-09-24 17:20:05.842  INFO   decision    mode=traveling behavior=combat action=attack target=1140 reason='engage target' status=success
2026-09-24 17:20:06.364  INFO   session     Entity shadow: vision=5 {'player': 1, 'item': 2, 'monster': 2} memory=11 {'monster': 10, 'item': 1} paired=3 median=0.029 unleveled=208:兔子,211:兔子,189:鹿,210:兔子,207:兔子
2026-09-24 17:20:10.902  INFO   decision    mode=retreating behavior=talking_scroll action=use_talking_scroll target=- reason='retreat, 마법서 상인' status=success
2026-09-24 17:20:11.836  INFO   session     Entity shadow: vision=5 {'item': 2, 'monster': 2, 'player': 1} memory=12 {'monster': 10, 'item': 2} paired=4 median=0.023 unleveled=211:兔子,208:兔子,189:鹿,210:兔子,207:兔子
2026-09-24 17:20:11.865  INFO   decision    mode=retreating behavior=retreating action=idle target=- reason='retreating, waiting for hp' status=success
2026-09-24 17:20:16.886  INFO   session     Entity shadow: vision=4 {'npc': 2, 'player': 1, 'item': 1} memory=7 {'monster': 3, 'player': 1, 'npc': 3} paired=0 median=0.000 unleveled=68:警衛,10:警衛
2026-09-24 17:20:17.211  INFO   decision    mode=retreating behavior=loot action=searching target=1155 reason='walk onto item' status=success
2026-09-24 17:20:19.348  INFO   decision    mode=retreating behavior=retreating action=idle target=- reason='retreating, waiting for hp' status=success
2026-09-24 17:20:21.880  INFO   session     Entity shadow: vision=4 {'player': 2, 'item': 1, 'npc': 1} memory=5 {'monster': 2, 'player': 1, 'item': 1, 'npc': 1} paired=2 median=0.057 unleveled=10:警衛
2026-09-24 17:20:27.039  INFO   session     Entity shadow: vision=3 {'item': 1, 'player': 1, 'monster': 1} memory=3 {'monster': 1, 'item': 1, 'player': 1} paired=2 median=0.019
2026-09-24 17:20:27.066  INFO   decision    mode=retreating behavior=retreating action=idle target=- reason='retreating, waiting for hp' status=success (repeat)
2026-09-24 17:20:32.108  INFO   session     Entity shadow: vision=1 {'player': 1} memory=1 {'player': 1} paired=0 median=0.000
2026-09-24 17:20:34.502  INFO   decision    mode=retreating behavior=retreating action=idle target=- reason='retreating, waiting for hp' status=success (repeat)
2026-09-24 17:20:37.198  INFO   session     Entity shadow: vision=2 {'player': 2} memory=1 {'player': 1} paired=1 median=0.023
2026-09-24 17:20:41.853  INFO   decision    mode=retreating behavior=retreating action=idle target=- reason='retreating, waiting for hp' status=success (repeat)
2026-09-24 17:20:42.316  INFO   session     Entity shadow: vision=2 {'player': 2} memory=1 {'player': 1} paired=1 median=0.046
2026-09-24 17:20:47.412  INFO   session     Entity shadow: vision=1 {'player': 1} memory=0 {} paired=0 median=0.000
2026-09-24 17:20:49.177  INFO   decision    mode=retreating behavior=retreating action=idle target=- reason='retreating, waiting for hp' status=success (repeat)
2026-09-24 17:20:52.518  INFO   session     Entity shadow: vision=1 {'player': 1} memory=0 {} paired=0 median=0.000
2026-09-24 17:20:53.375  INFO   decision    mode=traveling behavior=traveling action=traveling target=- reason='return to farm after retreat' status=success
2026-09-24 17:20:54.265  INFO   decision    mode=traveling behavior=combat action=attack target=1162 reason='engage target' status=success
2026-09-24 17:20:57.525  INFO   decision    mode=traveling behavior=traveling action=traveling target=- reason='return to farm after retreat' status=success
2026-09-24 17:20:57.749  INFO   session     Entity shadow: vision=3 {'npc': 2, 'player': 1} memory=4 {'monster': 2, 'npc': 2} paired=0 median=0.000 unleveled=68:警衛,10:警衛
2026-09-24 17:21:02.872  INFO   session     Entity shadow: vision=3 {'player': 1, 'npc': 2} memory=5 {'npc': 3, 'monster': 2} paired=0 median=0.000 unleveled=68:警衛,10:警衛
2026-09-24 17:21:03.783  INFO   decision    mode=traveling behavior=loot action=searching target=1166 reason='walk onto item' status=success
2026-09-24 17:21:05.603  INFO   decision    mode=traveling behavior=traveling action=traveling target=- reason='unstick' status=success
2026-09-24 17:21:07.967  INFO   session     Entity shadow: vision=6 {'player': 1, 'item': 1, 'npc': 3, 'monster': 1} memory=6 {'item': 1, 'npc': 3, 'monster': 2} paired=2 median=0.091 unleveled=68:警衛,10:警衛
2026-09-24 17:21:13.085  INFO   session     Entity shadow: vision=6 {'monster': 1, 'npc': 3, 'item': 1, 'player': 1} memory=6 {'item': 1, 'npc': 3, 'monster': 2} paired=3 median=0.096 unleveled=68:警衛,10:警衛
2026-09-24 17:21:14.036  INFO   decision    mode=traveling behavior=traveling action=traveling target=- reason='return to farm after retreat' status=success (repeat)
2026-09-24 17:21:18.068  INFO   session     Entity shadow: vision=4 {'player': 1, 'npc': 2, 'monster': 1} memory=6 {'monster': 3, 'npc': 3} paired=1 median=0.090 unleveled=68:警衛,10:警衛
2026-09-24 17:21:23.187  INFO   session     Entity shadow: vision=5 {'player': 1, 'npc': 3, 'monster': 1} memory=7 {'monster': 4, 'npc': 3} paired=2 median=0.115 unleveled=68:警衛,10:警衛
2026-09-24 17:21:23.456  INFO   decision    mode=traveling behavior=combat action=attack target=1173 reason='engage target' status=success
2026-09-24 17:21:28.269  INFO   session     Entity shadow: vision=7 {'monster': 3, 'npc': 3, 'player': 1} memory=7 {'monster': 4, 'npc': 3} paired=3 median=0.018 unleveled=68:警衛,10:警衛
2026-09-24 17:21:33.374  INFO   session     Entity shadow: vision=8 {'npc': 4, 'monster': 2, 'player': 2} memory=8 {'monster': 4, 'player': 1, 'npc': 3} paired=3 median=0.024 unleveled=68:警衛,10:警衛
2026-09-24 17:21:35.791  INFO   decision    mode=traveling behavior=combat action=attack target=1173 reason='attack target' status=success (repeat)
2026-09-24 17:21:38.397  INFO   session     Entity shadow: vision=8 {'monster': 3, 'npc': 3, 'player': 2} memory=8 {'monster': 4, 'player': 1, 'npc': 3} paired=4 median=0.024 unleveled=68:警衛,10:警衛
2026-09-24 17:21:43.441  INFO   session     Entity shadow: vision=7 {'npc': 4, 'monster': 2, 'player': 1} memory=7 {'monster': 4, 'npc': 3} paired=2 median=0.089 unleveled=68:警衛,10:警衛
2026-09-24 17:21:46.741  INFO   decision    mode=traveling behavior=combat action=attack target=1173 reason='attack target' status=success (repeat)
2026-09-24 17:21:48.591  INFO   session     Entity shadow: vision=7 {'npc': 4, 'monster': 2, 'player': 1} memory=7 {'monster': 4, 'npc': 3} paired=2 median=0.088 unleveled=68:警衛,10:警衛
2026-09-24 17:21:53.648  INFO   session     Entity shadow: vision=6 {'monster': 1, 'npc': 4, 'player': 1} memory=7 {'monster': 4, 'npc': 3} paired=2 median=0.090 unleveled=68:警衛,10:警衛
2026-09-24 17:21:57.802  INFO   decision    mode=traveling behavior=combat action=attack target=1173 reason='attack target' status=success (repeat)
2026-09-24 17:21:58.709  INFO   session     Entity shadow: vision=7 {'monster': 2, 'npc': 4, 'player': 1} memory=7 {'monster': 4, 'npc': 3} paired=2 median=0.089 unleveled=68:警衛,10:警衛
2026-09-24 17:22:03.820  INFO   session     Entity shadow: vision=8 {'npc': 4, 'monster': 3, 'player': 1} memory=8 {'monster': 5, 'npc': 3} paired=3 median=0.017 unleveled=68:警衛,10:警衛
2026-09-24 17:22:07.851  INFO   decision    mode=traveling behavior=traveling action=traveling target=- reason='unstick' status=success
2026-09-24 17:22:08.943  INFO   session     Entity shadow: vision=8 {'npc': 3, 'monster': 4, 'player': 1} memory=7 {'monster': 4, 'npc': 3} paired=3 median=0.027 unleveled=68:警衛,10:警衛
2026-09-24 17:22:14.009  INFO   session     Entity shadow: vision=5 {'player': 1, 'monster': 2, 'npc': 2} memory=6 {'monster': 3, 'npc': 3} paired=1 median=0.028 unleveled=68:警衛,10:警衛
2026-09-24 17:22:17.068  INFO   decision    mode=traveling behavior=traveling action=traveling target=- reason='return to farm after retreat' status=success (repeat)
2026-09-24 17:22:19.158  INFO   session     Entity shadow: vision=6 {'npc': 3, 'monster': 2, 'player': 1} memory=7 {'monster': 4, 'npc': 3} paired=2 median=0.089 unleveled=68:警衛,10:警衛
2026-09-24 17:22:24.293  INFO   session     Entity shadow: vision=7 {'monster': 3, 'player': 1, 'npc': 3} memory=7 {'monster': 4, 'npc': 3} paired=3 median=0.038 unleveled=68:警衛,10:警衛
2026-09-24 17:22:25.559  INFO   decision    mode=traveling behavior=traveling action=traveling target=- reason='return to farm after retreat' status=success (repeat)
2026-09-24 17:22:29.438  INFO   session     Entity shadow: vision=6 {'player': 1, 'monster': 2, 'npc': 3} memory=7 {'monster': 4, 'npc': 3} paired=2 median=0.094 unleveled=68:警衛,10:警衛
2026-09-24 17:22:34.475  INFO   session     Entity shadow: vision=7 {'player': 1, 'npc': 3, 'monster': 3} memory=7 {'monster': 4, 'npc': 3} paired=2 median=0.091 unleveled=68:警衛,10:警衛
2026-09-24 17:22:35.602  INFO   decision    mode=traveling behavior=traveling action=traveling target=- reason='unstick' status=success (repeat)
2026-09-24 17:22:39.615  INFO   session     Entity shadow: vision=7 {'player': 1, 'npc': 4, 'monster': 2} memory=6 {'monster': 3, 'npc': 3} paired=3 median=0.050 unleveled=68:警衛,10:警衛
2026-09-24 17:22:44.781  INFO   session     Entity shadow: vision=8 {'player': 1, 'npc': 4, 'monster': 3} memory=7 {'monster': 4, 'npc': 3} paired=3 median=0.018 unleveled=68:警衛,10:警衛
2026-09-24 17:22:46.166  INFO   decision    mode=traveling behavior=traveling action=traveling target=- reason='return to farm after retreat' status=success (repeat)
2026-09-24 17:22:49.832  INFO   session     Entity shadow: vision=7 {'player': 1, 'monster': 3, 'npc': 3} memory=8 {'monster': 5, 'npc': 3} paired=3 median=0.025 unleveled=68:警衛,10:警衛
2026-09-24 17:22:55.127  INFO   session     Entity shadow: vision=8 {'player': 2, 'monster': 3, 'npc': 3} memory=9 {'player': 1, 'monster': 5, 'npc': 3} paired=5 median=0.025 unleveled=68:警衛,10:警衛
2026-09-24 17:22:55.626  INFO   decision    mode=traveling behavior=traveling action=traveling target=- reason='return to farm after retreat' status=success (repeat)
2026-09-24 17:22:58.922  INFO   decision    mode=traveling behavior=combat action=attack target=1195 reason='engage target' status=success
2026-09-24 17:23:00.303  INFO   session     Entity shadow: vision=10 {'player': 1, 'npc': 5, 'monster': 4} memory=8 {'player': 1, 'monster': 4, 'npc': 3} paired=6 median=0.079 unleveled=68:警衛,10:警衛
2026-09-24 17:23:05.346  INFO   session     Entity shadow: vision=7 {'monster': 3, 'npc': 2, 'player': 2} memory=7 {'monster': 3, 'player': 1, 'npc': 3} paired=1 median=0.029 unleveled=68:警衛,10:警衛
2026-09-24 17:23:07.376  INFO   decision    mode=traveling behavior=traveling action=traveling target=- reason='unstick' status=success
2026-09-24 17:23:10.348  INFO   session     Entity shadow: vision=7 {'player': 2, 'monster': 2, 'npc': 3} memory=7 {'player': 1, 'monster': 3, 'npc': 3} paired=2 median=0.090 unleveled=68:警衛,10:警衛
2026-09-24 17:23:15.355  INFO   session     Entity shadow: vision=6 {'player': 2, 'monster': 1, 'npc': 3} memory=7 {'player': 2, 'npc': 3, 'monster': 2} paired=2 median=0.091 unleveled=68:警衛,10:警衛
2026-09-24 17:23:17.259  INFO   decision    mode=traveling behavior=traveling action=traveling target=- reason='return to farm after retreat' status=success (repeat)
2026-09-24 17:23:20.479  INFO   session     Entity shadow: vision=6 {'player': 2, 'npc': 3, 'monster': 1} memory=7 {'player': 2, 'npc': 3, 'monster': 2} paired=3 median=0.106 unleveled=68:警衛,10:警衛
2026-09-24 17:23:25.598  INFO   session     Entity shadow: vision=5 {'npc': 3, 'monster': 1, 'player': 1} memory=8 {'player': 2, 'monster': 3, 'npc': 3} paired=1 median=0.091 unleveled=68:警衛,10:警衛
2026-09-24 17:23:25.752  INFO   decision    mode=traveling behavior=traveling action=traveling target=- reason='return to farm after retreat' status=success (repeat)
2026-09-24 17:23:30.696  INFO   session     Entity shadow: vision=5 {'player': 1, 'npc': 3, 'monster': 1} memory=6 {'monster': 3, 'npc': 3} paired=2 median=0.114 unleveled=68:警衛,10:警衛
2026-09-24 17:23:34.473  INFO   decision    mode=traveling behavior=traveling action=traveling target=- reason='return to farm after retreat' status=success (repeat)
2026-09-24 17:23:35.770  INFO   session     Entity shadow: vision=5 {'player': 1, 'npc': 3, 'monster': 1} memory=5 {'npc': 3, 'monster': 2} paired=1 median=0.091 unleveled=68:警衛,10:警衛
2026-09-24 17:23:40.852  INFO   session     Entity shadow: vision=3 {'player': 1, 'npc': 2} memory=5 {'npc': 3, 'monster': 2} paired=0 median=0.000 unleveled=68:警衛,10:警衛
2026-09-24 17:23:41.669  INFO   decision    mode=traveling behavior=combat action=attack target=1208 reason='engage target' status=success
2026-09-24 17:23:42.900  INFO   decision    mode=traveling behavior=loot action=searching target=1209 reason='walk onto item' status=success
2026-09-24 17:23:45.919  INFO   session     Entity shadow: vision=4 {'player': 2, 'item': 1, 'npc': 1} memory=4 {'item': 1, 'npc': 2, 'monster': 1} paired=2 median=0.107 unleveled=10:警衛
2026-09-24 17:23:49.400  INFO   decision    mode=traveling behavior=traveling action=traveling target=- reason='return to farm after retreat' status=success
2026-09-24 17:23:50.986  INFO   session     Entity shadow: vision=2 {'player': 2} memory=2 {'player': 1, 'npc': 1} paired=1 median=0.046
2026-09-24 17:23:56.103  INFO   session     Entity shadow: vision=3 {'player': 1, 'monster': 2} memory=3 {'monster': 1, 'npc': 2} paired=1 median=0.023
2026-09-24 17:23:56.747  INFO   decision    mode=traveling behavior=combat action=attack target=1214 reason='engage target' status=success
2026-09-24 17:23:57.212  INFO   decision    mode=traveling behavior=traveling action=traveling target=- reason='return to farm after retreat' status=success
2026-09-24 17:24:01.233  INFO   session     Entity shadow: vision=1 {'player': 1} memory=3 {'monster': 1, 'npc': 2} paired=0 median=0.000
2026-09-24 17:24:05.326  INFO   decision    mode=traveling behavior=traveling action=traveling target=- reason='return to farm after retreat' status=success (repeat)
2026-09-24 17:24:06.268  INFO   session     Entity shadow: vision=2 {'player': 2} memory=1 {'player': 1} paired=1 median=0.037
2026-09-24 17:24:08.272  INFO   decision    mode=traveling behavior=loot action=searching target=1216 reason='walk onto item' status=success
2026-09-24 17:24:11.293  INFO   session     Entity shadow: vision=3 {'player': 2, 'item': 1} memory=2 {'monster': 1, 'item': 1} paired=1 median=0.007
2026-09-24 17:24:15.818  INFO   decision    mode=traveling behavior=loot action=pickup target=1216 reason='loot target' status=success
2026-09-24 17:24:16.173  INFO   decision    mode=traveling behavior=loot action=idle target=- reason='pickup settle' status=success
2026-09-24 17:24:16.336  INFO   session     Entity shadow: vision=5 {'item': 2, 'monster': 2, 'npc': 1} memory=6 {'monster': 4, 'player': 1, 'item': 1} paired=3 median=0.007
2026-09-24 17:24:16.550  INFO   decision    mode=traveling behavior=combat action=attack target=1222 reason='engage target' status=success
2026-09-24 17:24:21.434  INFO   session     Entity shadow: vision=5 {'monster': 3, 'player': 2} memory=4 {'monster': 3, 'player': 1} paired=3 median=0.028
2026-09-24 17:24:24.113  INFO   decision    mode=traveling behavior=loot action=pickup target=1227 reason='engage item' status=success
2026-09-24 17:24:24.475  INFO   decision    mode=traveling behavior=loot action=idle target=- reason='pickup settle' status=success
2026-09-24 17:24:24.903  INFO   decision    mode=traveling behavior=combat action=attack target=1223 reason='engage target' status=success
2026-09-24 17:24:26.578  INFO   session     Entity shadow: vision=3 {'monster': 1, 'player': 2} memory=3 {'monster': 3} paired=1 median=0.007 unleveled=14:青蛙
2026-09-24 17:24:31.641  INFO   session     Entity shadow: vision=2 {'player': 1, 'monster': 1} memory=3 {'monster': 3} paired=1 median=0.018 unleveled=14:青蛙
2026-09-24 17:24:35.780  INFO   decision    mode=traveling behavior=combat action=attack target=1223 reason='attack target' status=success (repeat)
2026-09-24 17:24:36.688  INFO   session     Entity shadow: vision=3 {'monster': 3} memory=3 {'monster': 3} paired=1 median=0.034 unleveled=14:青蛙
2026-09-24 17:24:36.928  INFO   decision    mode=retreating behavior=talking_scroll action=use_talking_scroll target=- reason='retreat, 허수아비 수련장' status=success
2026-09-24 17:24:37.815  INFO   decision    mode=retreating behavior=retreating action=idle target=- reason='retreating, waiting for hp' status=success
2026-09-24 17:24:41.818  INFO   session     Entity shadow: vision=5 {'monster': 1, 'player': 3, 'npc': 1} memory=12 {'monster': 5, 'player': 7} paired=4 median=0.020 unleveled=10:警衛,20:?
2026-09-24 17:24:45.663  INFO   decision    mode=retreating behavior=retreating action=idle target=- reason='retreating, waiting for hp' status=success (repeat)
2026-09-24 17:24:46.886  INFO   session     Entity shadow: vision=5 {'monster': 1, 'npc': 1, 'player': 3} memory=12 {'monster': 5, 'player': 7} paired=4 median=0.020 unleveled=10:警衛,20:?
2026-09-24 17:24:51.990  INFO   session     Entity shadow: vision=5 {'monster': 1, 'player': 3, 'npc': 1} memory=12 {'monster': 5, 'player': 7} paired=4 median=0.020 unleveled=10:警衛,20:?
2026-09-24 17:24:53.563  INFO   decision    mode=retreating behavior=retreating action=idle target=- reason='retreating, waiting for hp' status=success (repeat)
2026-09-24 17:24:57.034  INFO   session     Entity shadow: vision=5 {'monster': 1, 'npc': 1, 'player': 3} memory=12 {'monster': 5, 'player': 7} paired=4 median=0.020 unleveled=10:警衛,20:?
2026-09-24 17:25:01.483  INFO   decision    mode=retreating behavior=retreating action=idle target=- reason='retreating, waiting for hp' status=success (repeat)
2026-09-24 17:25:02.070  INFO   session     Entity shadow: vision=5 {'monster': 1, 'player': 3, 'npc': 1} memory=12 {'monster': 5, 'player': 7} paired=4 median=0.020 unleveled=10:警衛,20:?
2026-09-24 17:25:07.099  INFO   session     Entity shadow: vision=4 {'npc': 1, 'player': 3} memory=12 {'monster': 5, 'player': 7} paired=3 median=0.019 unleveled=10:警衛,20:?,19:?
2026-09-24 17:25:09.371  INFO   decision    mode=retreating behavior=retreating action=idle target=- reason='retreating, waiting for hp' status=success (repeat)
2026-09-24 17:25:12.282  INFO   session     Entity shadow: vision=7 {'player': 4, 'npc': 2, 'monster': 1} memory=12 {'monster': 5, 'player': 7} paired=5 median=0.013 unleveled=10:警衛,20:?
2026-09-24 17:25:17.359  INFO   session     Entity shadow: vision=4 {'npc': 1, 'player': 3} memory=12 {'monster': 5, 'player': 7} paired=3 median=0.020 unleveled=10:警衛,20:?,19:?
2026-09-24 17:25:17.398  INFO   decision    mode=retreating behavior=retreating action=idle target=- reason='retreating, waiting for hp' status=success (repeat)
2026-09-24 17:25:22.399  INFO   session     Entity shadow: vision=4 {'player': 3, 'npc': 1} memory=12 {'monster': 5, 'player': 7} paired=3 median=0.019 unleveled=10:警衛,20:?,19:?
2026-09-24 17:25:25.550  INFO   decision    mode=retreating behavior=retreating action=idle target=- reason='retreating, waiting for hp' status=success (repeat)
2026-09-24 17:25:27.321  INFO   decision    mode=traveling behavior=traveling action=traveling target=- reason='return to farm after retreat' status=success
2026-09-24 17:25:27.579  INFO   session     Entity shadow: vision=4 {'npc': 1, 'player': 3} memory=12 {'monster': 5, 'player': 7} paired=3 median=0.013 unleveled=10:警衛,20:?,19:?
2026-09-24 17:25:32.734  INFO   session     Entity shadow: vision=6 {'player': 5, 'npc': 1} memory=11 {'player': 9, 'monster': 2} paired=4 median=0.009 unleveled=10:警衛,20:?
2026-09-24 17:25:36.608  INFO   decision    mode=traveling behavior=traveling action=traveling target=- reason='return to farm after retreat' status=success (repeat)
2026-09-24 17:25:37.781  INFO   session     Entity shadow: vision=4 {'player': 3, 'npc': 1} memory=3 {'player': 2, 'monster': 1} paired=2 median=0.023 unleveled=10:警衛
2026-09-24 17:25:42.852  INFO   session     Entity shadow: vision=3 {'player': 3} memory=2 {'player': 2} paired=2 median=0.020
2026-09-24 17:25:44.808  INFO   decision    mode=traveling behavior=traveling action=traveling target=- reason='return to farm after retreat' status=success (repeat)
2026-09-24 17:25:47.852  INFO   session     Entity shadow: vision=5 {'player': 3, 'npc': 1, 'monster': 1} memory=3 {'monster': 1, 'player': 2} paired=2 median=0.013 unleveled=68:警衛
2026-09-24 17:25:50.905  INFO   decision    mode=traveling behavior=combat action=attack target=1246 reason='engage target' status=success
2026-09-24 17:25:52.911  INFO   session     Entity shadow: vision=6 {'npc': 2, 'item': 1, 'player': 3} memory=7 {'monster': 4, 'player': 2, 'item': 1} paired=3 median=0.012 unleveled=10:警衛,68:警衛
2026-09-24 17:25:56.245  INFO   decision    mode=traveling behavior=combat action=attack target=1244 reason='attack target' status=success
2026-09-24 17:25:56.469  INFO   decision    mode=traveling behavior=traveling action=traveling target=- reason='return to farm after retreat' status=success
2026-09-24 17:25:57.385  INFO   decision    mode=traveling behavior=combat action=attack target=1250 reason='engage target' status=success
2026-09-24 17:25:58.165  INFO   session     Entity shadow: vision=6 {'npc': 2, 'player': 4} memory=6 {'player': 3, 'monster': 3} paired=3 median=0.022 unleveled=10:警衛,68:警衛
2026-09-24 17:26:03.280  INFO   session     Entity shadow: vision=6 {'npc': 3, 'player': 3} memory=5 {'player': 2, 'monster': 3} paired=2 median=0.017 unleveled=10:警衛,68:警衛
2026-09-24 17:26:04.001  INFO   decision    mode=traveling behavior=traveling action=traveling target=- reason='return to farm after retreat' status=success
2026-09-24 17:26:08.413  INFO   session     Entity shadow: vision=5 {'player': 3, 'npc': 2} memory=3 {'player': 1, 'monster': 2} paired=1 median=0.024 unleveled=10:警衛,68:警衛
2026-09-24 17:26:12.852  INFO   decision    mode=traveling behavior=traveling action=traveling target=- reason='return to farm after retreat' status=success (repeat)
2026-09-24 17:26:13.512  INFO   session     Entity shadow: vision=3 {'player': 1, 'npc': 2} memory=2 {'monster': 2} paired=0 median=0.000 unleveled=10:警衛,68:警衛
2026-09-24 17:26:18.583  INFO   session     Entity shadow: vision=5 {'player': 1, 'npc': 4} memory=3 {'monster': 3} paired=0 median=0.000 unleveled=68:警衛,10:警衛
2026-09-24 17:26:21.030  INFO   decision    mode=traveling behavior=traveling action=traveling target=- reason='return to farm after retreat' status=success (repeat)
2026-09-24 17:26:23.582  INFO   session     Entity shadow: vision=5 {'player': 1, 'npc': 4} memory=4 {'monster': 4} paired=0 median=0.000 unleveled=68:警衛,10:警衛
2026-09-24 17:26:28.611  INFO   session     Entity shadow: vision=5 {'player': 2, 'npc': 3} memory=2 {'monster': 2} paired=0 median=0.000 unleveled=68:警衛,10:警衛
2026-09-24 17:26:29.192  INFO   decision    mode=traveling behavior=traveling action=traveling target=- reason='return to farm after retreat' status=success (repeat)
2026-09-24 17:26:30.987  INFO   decision    mode=traveling behavior=loot action=searching target=1256 reason='walk onto item' status=success
2026-09-24 17:26:32.056  INFO   decision    mode=traveling behavior=loot action=searching target=1257 reason='walk onto item' status=success
2026-09-24 17:26:33.798  INFO   session     Entity shadow: vision=3 {'npc': 2, 'item': 1} memory=4 {'item': 2, 'monster': 2} paired=1 median=0.016 unleveled=68:警衛,10:警衛
2026-09-24 17:26:38.885  INFO   session     Entity shadow: vision=3 {'player': 1, 'npc': 2} memory=4 {'item': 2, 'monster': 2} paired=0 median=0.000 unleveled=68:警衛,10:警衛
2026-09-24 17:26:42.248  INFO   decision    mode=traveling behavior=loot action=pickup target=1257 reason='loot target' status=success
2026-09-24 17:26:42.623  INFO   decision    mode=traveling behavior=loot action=idle target=- reason='pickup settle' status=success
2026-09-24 17:26:42.941  INFO   decision    mode=traveling behavior=loot action=pickup target=1258 reason='engage item' status=success
2026-09-24 17:26:43.292  INFO   decision    mode=traveling behavior=loot action=idle target=- reason='pickup settle' status=success
2026-09-24 17:26:43.753  INFO   decision    mode=traveling behavior=traveling action=traveling target=- reason='return to farm after retreat' status=success
2026-09-24 17:26:44.011  INFO   session     Entity shadow: vision=2 {'player': 1, 'item': 1} memory=2 {'item': 2} paired=1 median=0.005
2026-09-24 17:26:44.030  INFO   decision    mode=traveling behavior=loot action=pickup target=1257 reason='engage item' status=success
2026-09-24 17:26:44.353  INFO   decision    mode=traveling behavior=loot action=idle target=- reason='pickup settle' status=success
2026-09-24 17:26:44.779  INFO   decision    mode=traveling behavior=loot action=pickup target=1258 reason='engage item' status=success
2026-09-24 17:26:45.116  INFO   decision    mode=traveling behavior=loot action=idle target=- reason='pickup settle' status=success
2026-09-24 17:26:45.556  INFO   decision    mode=traveling behavior=traveling action=traveling target=- reason='return to farm after retreat' status=success
2026-09-24 17:26:45.834  INFO   decision    mode=traveling behavior=loot action=pickup target=1257 reason='engage item' status=success
2026-09-24 17:26:46.166  INFO   decision    mode=traveling behavior=loot action=idle target=- reason='pickup settle' status=success
2026-09-24 17:26:46.586  INFO   decision    mode=traveling behavior=loot action=pickup target=1258 reason='engage item' status=success
2026-09-24 17:26:46.930  INFO   decision    mode=traveling behavior=loot action=idle target=- reason='pickup settle' status=success
2026-09-24 17:26:47.379  INFO   decision    mode=traveling behavior=loot action=pickup target=1257 reason='engage item' status=success
2026-09-24 17:26:47.739  INFO   decision    mode=traveling behavior=loot action=idle target=- reason='pickup settle' status=success
2026-09-24 17:26:48.178  INFO   decision    mode=traveling behavior=loot action=pickup target=1258 reason='engage item' status=success
2026-09-24 17:26:48.492  INFO   decision    mode=traveling behavior=loot action=idle target=- reason='pickup settle' status=success
2026-09-24 17:26:48.947  INFO   decision    mode=traveling behavior=traveling action=traveling target=- reason='return to farm after retreat' status=success
2026-09-24 17:26:49.155  INFO   session     Entity shadow: vision=0 {} memory=0 {} paired=0 median=0.000
2026-09-24 17:26:54.278  INFO   session     Entity shadow: vision=2 {'player': 1, 'npc': 1} memory=0 {} paired=0 median=0.000
2026-09-24 17:26:56.832  INFO   decision    mode=traveling behavior=traveling action=traveling target=- reason='return to farm after retreat' status=success (repeat)
2026-09-24 17:26:57.261  INFO   decision    mode=traveling behavior=combat action=attack target=1260 reason='engage target' status=success
2026-09-24 17:26:59.311  INFO   session     Entity shadow: vision=1 {'player': 1} memory=1 {'monster': 1} paired=0 median=0.000
2026-09-24 17:27:00.472  INFO   decision    mode=traveling behavior=loot action=searching target=1261 reason='walk onto item' status=success
2026-09-24 17:27:04.458  INFO   session     Entity shadow: vision=3 {'player': 1, 'item': 2} memory=2 {'item': 2} paired=2 median=0.020
2026-09-24 17:27:06.562  INFO   decision    mode=traveling behavior=loot action=pickup target=1261 reason='loot target' status=success
2026-09-24 17:27:06.879  INFO   decision    mode=traveling behavior=loot action=idle target=- reason='pickup settle' status=success
2026-09-24 17:27:07.302  INFO   decision    mode=traveling behavior=loot action=searching target=1262 reason='walk onto item' status=success
2026-09-24 17:27:09.606  INFO   session     Entity shadow: vision=4 {'player': 1, 'item': 3} memory=3 {'item': 3} paired=3 median=0.009
2026-09-24 17:27:12.442  INFO   decision    mode=traveling behavior=loot action=pickup target=1262 reason='loot target' status=success
2026-09-24 17:27:12.777  INFO   decision    mode=traveling behavior=loot action=idle target=- reason='pickup settle' status=success
2026-09-24 17:27:13.226  INFO   decision    mode=traveling behavior=loot action=searching target=1261 reason='walk onto item' status=success
2026-09-24 17:27:14.830  INFO   session     Entity shadow: vision=4 {'player': 1, 'item': 2, 'monster': 1} memory=8 {'item': 8} paired=2 median=0.105
2026-09-24 17:27:17.654  INFO   decision    mode=traveling behavior=loot action=pickup target=1261 reason='loot target' status=success
2026-09-24 17:27:17.984  INFO   decision    mode=traveling behavior=loot action=idle target=- reason='pickup settle' status=success
2026-09-24 17:27:18.415  INFO   decision    mode=traveling behavior=traveling action=traveling target=- reason='return to farm after retreat' status=success
2026-09-24 17:27:19.113  INFO   decision    mode=traveling behavior=loot action=pickup target=1261 reason='engage item' status=success
2026-09-24 17:27:19.480  INFO   decision    mode=traveling behavior=loot action=idle target=- reason='pickup settle' status=success
2026-09-24 17:27:19.892  INFO   session     Entity shadow: vision=2 {'player': 1, 'item': 1} memory=1 {'item': 1} paired=1 median=0.011
2026-09-24 17:27:19.915  INFO   decision    mode=traveling behavior=traveling action=traveling target=- reason='return to farm after retreat' status=success
2026-09-24 17:27:20.153  INFO   decision    mode=traveling behavior=loot action=searching target=1270 reason='walk onto item' status=success
2026-09-24 17:27:25.071  INFO   session     Entity shadow: vision=3 {'player': 1, 'item': 2} memory=8 {'item': 8} paired=2 median=0.065
2026-09-24 17:27:26.775  INFO   decision    mode=traveling behavior=loot action=pickup target=1270 reason='loot target' status=success
2026-09-24 17:27:27.113  INFO   decision    mode=traveling behavior=loot action=idle target=- reason='pickup settle' status=success
2026-09-24 17:27:27.576  INFO   decision    mode=traveling behavior=loot action=pickup target=1272 reason='engage item' status=success
2026-09-24 17:27:27.931  INFO   decision    mode=traveling behavior=loot action=idle target=- reason='pickup settle' status=success
2026-09-24 17:27:28.388  INFO   decision    mode=traveling behavior=loot action=pickup target=1271 reason='engage item' status=success
2026-09-24 17:27:28.728  INFO   decision    mode=traveling behavior=loot action=idle target=- reason='pickup settle' status=success
2026-09-24 17:27:29.175  INFO   decision    mode=traveling behavior=loot action=pickup target=1273 reason='engage item' status=success
2026-09-24 17:27:29.508  INFO   decision    mode=traveling behavior=loot action=idle target=- reason='pickup settle' status=success
2026-09-24 17:27:29.951  INFO   decision    mode=traveling behavior=loot action=pickup target=1271 reason='engage item' status=success
2026-09-24 17:27:30.265  INFO   session     Entity shadow: vision=3 {'item': 2, 'player': 1} memory=5 {'item': 5} paired=2 median=0.069
2026-09-24 17:27:30.289  INFO   decision    mode=traveling behavior=loot action=idle target=- reason='pickup settle' status=success
2026-09-24 17:27:30.747  INFO   decision    mode=traveling behavior=loot action=pickup target=1273 reason='engage item' status=success
2026-09-24 17:27:31.055  INFO   decision    mode=traveling behavior=loot action=idle target=- reason='pickup settle' status=success
2026-09-24 17:27:31.478  INFO   decision    mode=traveling behavior=loot action=pickup target=1274 reason='engage item' status=success
2026-09-24 17:27:31.810  INFO   decision    mode=traveling behavior=loot action=idle target=- reason='pickup settle' status=success
2026-09-24 17:27:32.209  INFO   decision    mode=traveling behavior=loot action=pickup target=1276 reason='engage item' status=success
2026-09-24 17:27:32.562  INFO   decision    mode=traveling behavior=loot action=idle target=- reason='pickup settle' status=success
2026-09-24 17:27:33.025  INFO   decision    mode=traveling behavior=loot action=pickup target=1275 reason='engage item' status=success
2026-09-24 17:27:33.360  INFO   decision    mode=traveling behavior=loot action=idle target=- reason='pickup settle' status=success
2026-09-24 17:27:33.780  INFO   decision    mode=traveling behavior=loot action=pickup target=1276 reason='engage item' status=success
2026-09-24 17:27:34.141  INFO   decision    mode=traveling behavior=loot action=idle target=- reason='pickup settle' status=success
2026-09-24 17:27:34.551  INFO   decision    mode=traveling behavior=loot action=pickup target=1275 reason='engage item' status=success
2026-09-24 17:27:34.880  INFO   decision    mode=traveling behavior=loot action=idle target=- reason='pickup settle' status=success
2026-09-24 17:27:35.324  INFO   session     Entity shadow: vision=1 {'player': 1} memory=1 {'item': 1} paired=0 median=0.000
2026-09-24 17:27:35.347  INFO   decision    mode=traveling behavior=loot action=pickup target=1276 reason='engage item' status=success
2026-09-24 17:27:35.656  INFO   decision    mode=traveling behavior=loot action=idle target=- reason='pickup settle' status=success
2026-09-24 17:27:36.069  INFO   decision    mode=traveling behavior=traveling action=traveling target=- reason='return to farm after retreat' status=success
2026-09-24 17:27:40.238  INFO   decision    mode=traveling behavior=loot action=searching target=1277 reason='walk onto item' status=success
2026-09-24 17:27:40.461  INFO   session     Entity shadow: vision=1 {'monster': 1} memory=1 {'item': 1} paired=0 median=0.000
2026-09-24 17:27:45.616  INFO   session     Entity shadow: vision=5 {'player': 3, 'item': 2} memory=5 {'player': 2, 'item': 2, 'monster': 1} paired=4 median=0.020
2026-09-24 17:27:48.985  INFO   decision    mode=traveling behavior=loot action=pickup target=1277 reason='loot target' status=success
2026-09-24 17:27:49.348  INFO   decision    mode=traveling behavior=loot action=idle target=- reason='pickup settle' status=success
2026-09-24 17:27:49.703  INFO   decision    mode=traveling behavior=traveling action=traveling target=- reason='return to farm after retreat' status=success
2026-09-24 17:27:50.694  INFO   session     Entity shadow: vision=2 {'player': 2} memory=1 {'player': 1} paired=1 median=0.020
2026-09-24 17:27:55.787  INFO   session     Entity shadow: vision=1 {'player': 1} memory=0 {} paired=0 median=0.000
2026-09-24 17:27:57.241  INFO   decision    mode=traveling behavior=combat action=attack target=1282 reason='engage target' status=success
2026-09-24 17:28:00.591  INFO   decision    mode=traveling behavior=loot action=searching target=1284 reason='walk onto item' status=success
2026-09-24 17:28:00.842  INFO   session     Entity shadow: vision=3 {'item': 1, 'player': 2} memory=2 {'item': 1, 'player': 1} paired=2 median=0.015
2026-09-24 17:28:02.764  INFO   decision    mode=traveling behavior=traveling action=traveling target=- reason='return to farm after retreat' status=success
2026-09-24 17:28:05.967  INFO   session     Entity shadow: vision=2 {'player': 2} memory=1 {'player': 1} paired=1 median=0.044
2026-09-24 17:28:10.985  INFO   session     Entity shadow: vision=2 {'player': 1, 'monster': 1} memory=0 {} paired=0 median=0.000
2026-09-24 17:28:11.003  INFO   decision    mode=traveling behavior=traveling action=traveling target=- reason='return to farm after retreat' status=success (repeat)
2026-09-24 17:28:11.154  INFO   decision    mode=traveling behavior=combat action=attack target=1285 reason='engage target' status=success
2026-09-24 17:28:16.118  INFO   session     Entity shadow: vision=2 {'monster': 1, 'player': 1} memory=2 {'monster': 2} paired=1 median=0.011
2026-09-24 17:28:21.247  INFO   session     Entity shadow: vision=3 {'monster': 2, 'player': 1} memory=2 {'monster': 2} paired=2 median=0.037
2026-09-24 17:28:21.848  INFO   decision    mode=traveling behavior=combat action=attack target=1285 reason='attack target' status=success (repeat)
2026-09-24 17:28:23.570  INFO   decision    mode=traveling behavior=loot action=pickup target=1287 reason='engage item' status=success
2026-09-24 17:28:23.938  INFO   decision    mode=traveling behavior=loot action=idle target=- reason='pickup settle' status=success
2026-09-24 17:28:24.263  INFO   decision    mode=traveling behavior=combat action=attack target=1286 reason='engage target' status=success
2026-09-24 17:28:26.368  INFO   session     Entity shadow: vision=2 {'monster': 1, 'player': 1} memory=1 {'monster': 1} paired=1 median=0.041
2026-09-24 17:28:30.228  INFO   decision    mode=traveling behavior=traveling action=traveling target=- reason='return to farm after retreat' status=success
2026-09-24 17:28:31.381  INFO   session     Entity shadow: vision=1 {'player': 1} memory=0 {} paired=0 median=0.000
2026-09-24 17:28:35.375  INFO   decision    mode=traveling behavior=loot action=searching target=1290 reason='walk onto item' status=success
2026-09-24 17:28:36.403  INFO   session     Entity shadow: vision=4 {'player': 1, 'monster': 2, 'item': 1} memory=2 {'player': 1, 'item': 1} paired=1 median=0.013
2026-09-24 17:28:41.683  INFO   session     Entity shadow: vision=7 {'player': 1, 'monster': 5, 'item': 1} memory=4 {'monster': 2, 'player': 1, 'item': 1} paired=3 median=0.026 unleveled=12:史萊姆
2026-09-24 17:28:45.575  INFO   decision    mode=traveling behavior=combat action=attack target=1295 reason='engage target' status=success
2026-09-24 17:28:46.875  INFO   session     Entity shadow: vision=9 {'monster': 4, 'item': 1, 'player': 4} memory=7 {'player': 3, 'monster': 3, 'item': 1} paired=6 median=0.041 unleveled=12:史萊姆
2026-09-24 17:28:47.810  INFO   decision    mode=traveling behavior=combat action=attack target=1300 reason='engage target' status=success
2026-09-24 17:28:52.067  INFO   session     Entity shadow: vision=11 {'monster': 6, 'player': 5} memory=10 {'player': 4, 'monster': 5, 'item': 1} paired=6 median=0.018 unleveled=12:史萊姆
2026-09-24 17:28:55.470  INFO   decision    mode=traveling behavior=loot action=searching target=1307 reason='walk onto item' status=success
2026-09-24 17:28:56.824  INFO   decision    mode=traveling behavior=combat action=attack target=1292 reason='engage target' status=success
2026-09-24 17:28:57.353  INFO   session     Entity shadow: vision=10 {'player': 3, 'monster': 5, 'item': 2} memory=14 {'monster': 8, 'item': 2, 'player': 4} paired=7 median=0.035 unleveled=12:史萊姆
2026-09-24 17:28:57.383  INFO   decision    mode=traveling behavior=loot action=searching target=1307 reason='walk onto item' status=success
2026-09-24 17:28:57.740  INFO   decision    mode=traveling behavior=loot action=pickup target=1307 reason='loot target' status=success
2026-09-24 17:28:58.121  INFO   decision    mode=traveling behavior=loot action=idle target=- reason='pickup settle' status=success
2026-09-24 17:28:58.459  INFO   decision    mode=traveling behavior=combat action=attack target=1311 reason='engage target' status=success
2026-09-24 17:28:59.277  INFO   decision    mode=traveling behavior=loot action=searching target=1314 reason='walk onto item' status=success
2026-09-24 17:29:01.625  INFO   decision    mode=traveling behavior=combat action=attack target=1309 reason='engage target' status=success
2026-09-24 17:29:02.547  INFO   session     Entity shadow: vision=12 {'player': 3, 'monster': 8, 'item': 1} memory=12 {'monster': 8, 'player': 3, 'item': 1} paired=8 median=0.044 unleveled=12:史萊姆
2026-09-24 17:29:02.955  INFO   decision    mode=traveling behavior=combat action=attack target=1316 reason='engage target' status=success
2026-09-24 17:29:07.420  INFO   decision    mode=traveling behavior=combat action=attack target=1312 reason='engage target' status=success
2026-09-24 17:29:07.959  INFO   session     Entity shadow: vision=8 {'player': 2, 'monster': 6} memory=9 {'monster': 5, 'item': 1, 'player': 3} paired=6 median=0.044 unleveled=12:史萊姆
2026-09-24 17:29:13.247  INFO   session     Entity shadow: vision=8 {'monster': 5, 'player': 3} memory=6 {'monster': 3, 'player': 3} paired=5 median=0.080 unleveled=12:史萊姆
2026-09-24 17:29:13.276  INFO   decision    mode=traveling behavior=traveling action=traveling target=- reason='return to farm after retreat' status=success
2026-09-24 17:29:18.361  INFO   session     Entity shadow: vision=7 {'player': 3, 'npc': 1, 'monster': 3} memory=6 {'player': 3, 'monster': 3} paired=4 median=0.095 unleveled=12:史萊姆
2026-09-24 17:29:18.788  INFO   decision    mode=traveling behavior=combat action=attack target=1318 reason='engage target' status=success
2026-09-24 17:29:23.373  INFO   decision    mode=traveling behavior=loot action=searching target=1319 reason='walk onto item' status=success
2026-09-24 17:29:23.643  INFO   session     Entity shadow: vision=9 {'monster': 4, 'item': 1, 'player': 4} memory=7 {'monster': 3, 'item': 1, 'player': 3} paired=6 median=0.021 unleveled=12:史萊姆
2026-09-24 17:29:26.014  INFO   decision    mode=traveling behavior=loot action=pickup target=1319 reason='loot target' status=success
2026-09-24 17:29:26.406  INFO   decision    mode=traveling behavior=loot action=idle target=- reason='pickup settle' status=success
2026-09-24 17:29:26.759  INFO   decision    mode=traveling behavior=combat action=attack target=1321 reason='engage target' status=success
2026-09-24 17:29:28.838  INFO   session     Entity shadow: vision=7 {'monster': 4, 'item': 1, 'player': 2} memory=7 {'player': 2, 'monster': 4, 'item': 1} paired=5 median=0.036 unleveled=12:史萊姆
2026-09-24 17:29:30.065  INFO   decision    mode=traveling behavior=traveling action=traveling target=- reason='return to farm after retreat' status=success
2026-09-24 17:29:33.848  INFO   session     Entity shadow: vision=7 {'player': 3, 'monster': 4} memory=5 {'player': 3, 'monster': 2} paired=4 median=0.050 unleveled=12:史萊姆
2026-09-24 17:29:38.879  INFO   session     Entity shadow: vision=3 {'player': 2, 'monster': 1} memory=2 {'player': 1, 'monster': 1} paired=2 median=0.082 unleveled=12:史萊姆
2026-09-24 17:29:39.351  INFO   decision    mode=traveling behavior=traveling action=traveling target=- reason='return to farm after retreat' status=success (repeat)
2026-09-24 17:29:43.061  INFO   decision    mode=traveling behavior=combat action=attack target=1324 reason='engage target' status=success
2026-09-24 17:29:43.908  INFO   session     Entity shadow: vision=2 {'player': 1, 'monster': 1} memory=1 {'monster': 1} paired=1 median=0.015
2026-09-24 17:29:48.956  INFO   session     Entity shadow: vision=3 {'player': 2, 'monster': 1} memory=2 {'monster': 1, 'player': 1} paired=2 median=0.033
2026-09-24 17:29:49.702  INFO   decision    mode=traveling behavior=loot action=searching target=1326 reason='walk onto item' status=success
2026-09-24 17:29:54.038  INFO   session     Entity shadow: vision=2 {'player': 2} memory=2 {'monster': 1, 'player': 1} paired=1 median=0.032 unleveled=12:史萊姆
2026-09-24 17:29:54.059  INFO   decision    mode=traveling behavior=traveling action=traveling target=- reason='return to farm after retreat' status=success
2026-09-24 17:29:58.461  INFO   decision    mode=farming behavior=search action=searching target=- reason='search area' status=success
2026-09-24 17:29:59.127  INFO   session     Entity shadow: vision=1 {'player': 1} memory=0 {} paired=0 median=0.000
2026-09-24 17:30:04.158  INFO   session     Entity shadow: vision=4 {'player': 2, 'monster': 2} memory=2 {'player': 1, 'monster': 1} paired=2 median=0.020
2026-09-24 17:30:06.426  INFO   decision    mode=farming behavior=combat action=attack target=1330 reason='engage target' status=success
2026-09-24 17:30:06.893  INFO   decision    mode=farming behavior=search action=searching target=- reason='search area' status=success
2026-09-24 17:30:09.204  INFO   session     Entity shadow: vision=4 {'player': 2, 'monster': 2} memory=4 {'player': 1, 'monster': 3} paired=3 median=0.016 unleveled=12:史萊姆
2026-09-24 17:30:10.449  INFO   decision    mode=retreating behavior=talking_scroll action=use_talking_scroll target=- reason='retreat, 펫 관리인' status=success
2026-09-24 17:30:11.335  INFO   decision    mode=retreating behavior=retreating action=idle target=- reason='retreating, waiting for hp' status=success
2026-09-24 17:30:14.243  INFO   session     Entity shadow: vision=7 {'monster': 6, 'player': 1} memory=7 {'monster': 6, 'npc': 1} paired=5 median=0.017
2026-09-24 17:30:19.296  INFO   session     Entity shadow: vision=10 {'monster': 8, 'npc': 1, 'player': 1} memory=8 {'monster': 6, 'player': 1, 'npc': 1} paired=7 median=0.016
2026-09-24 17:30:19.671  INFO   decision    mode=retreating behavior=retreating action=idle target=- reason='retreating, waiting for hp' status=success (repeat)
2026-09-24 17:30:24.449  INFO   session     Entity shadow: vision=8 {'monster': 6, 'npc': 1, 'player': 1} memory=8 {'monster': 6, 'player': 1, 'npc': 1} paired=7 median=0.016
2026-09-24 17:30:27.655  INFO   decision    mode=retreating behavior=loot action=searching target=1342 reason='walk onto item' status=success
2026-09-24 17:30:29.502  INFO   session     Entity shadow: vision=9 {'player': 2, 'monster': 5, 'item': 1, 'npc': 1} memory=9 {'player': 2, 'monster': 5, 'item': 1, 'npc': 1} paired=8 median=0.022
2026-09-24 17:30:30.187  INFO   decision    mode=retreating behavior=retreating action=idle target=- reason='retreating, waiting for hp' status=success
2026-09-24 17:30:34.491  INFO   decision    mode=retreating behavior=loot action=searching target=1344 reason='walk onto item' status=success
2026-09-24 17:30:34.743  INFO   session     Entity shadow: vision=10 {'npc': 1, 'monster': 6, 'player': 2, 'item': 1} memory=8 {'item': 1, 'monster': 5, 'player': 1, 'npc': 1} paired=8 median=0.022
2026-09-24 17:30:36.601  INFO   decision    mode=retreating behavior=retreating action=idle target=- reason='retreating, waiting for hp' status=success
2026-09-24 17:30:36.813  INFO   decision    mode=retreating behavior=loot action=searching target=1344 reason='walk onto item' status=success
2026-09-24 17:30:39.057  INFO   decision    mode=retreating behavior=retreating action=idle target=- reason='retreating, waiting for hp' status=success
2026-09-24 17:30:39.771  INFO   session     Entity shadow: vision=4 {'player': 2, 'npc': 1, 'monster': 1} memory=4 {'monster': 2, 'player': 1, 'npc': 1} paired=3 median=0.011 unleveled=12:史萊姆
2026-09-24 17:30:44.893  INFO   session     Entity shadow: vision=2 {'player': 2} memory=2 {'monster': 1, 'player': 1} paired=1 median=0.007 unleveled=12:史萊姆
2026-09-24 17:30:46.566  INFO   decision    mode=retreating behavior=retreating action=idle target=- reason='retreating, waiting for hp' status=success (repeat)
2026-09-24 17:30:49.993  INFO   session     Entity shadow: vision=2 {'player': 2} memory=2 {'player': 1, 'monster': 1} paired=1 median=0.016 unleveled=12:史萊姆
2026-09-24 17:30:50.915  INFO   decision    mode=traveling behavior=traveling action=traveling target=- reason='return to farm after retreat' status=success
2026-09-24 17:30:55.169  INFO   session     Entity shadow: vision=2 {'player': 2} memory=3 {'monster': 1, 'player': 1, 'npc': 1} paired=1 median=0.027 unleveled=12:史萊姆
2026-09-24 17:30:56.989  INFO   decision    mode=traveling behavior=loot action=searching target=1350 reason='walk onto item' status=success
2026-09-24 17:31:00.177  INFO   session     Entity shadow: vision=8 {'player': 2, 'monster': 4, 'item': 1, 'npc': 1} memory=8 {'player': 1, 'monster': 4, 'item': 2, 'npc': 1} paired=6 median=0.018
2026-09-24 17:31:05.336  INFO   session     Entity shadow: vision=7 {'player': 2, 'item': 1, 'npc': 1, 'monster': 3} memory=6 {'player': 1, 'monster': 3, 'item': 1, 'npc': 1} paired=6 median=0.019
2026-09-24 17:31:06.254  INFO   decision    mode=traveling behavior=traveling action=traveling target=- reason='return to farm after retreat' status=success
2026-09-24 17:31:10.331  INFO   session     Entity shadow: vision=5 {'player': 1, 'monster': 3, 'npc': 1} memory=4 {'player': 1, 'monster': 2, 'npc': 1} paired=3 median=0.033
2026-09-24 17:31:12.329  INFO   decision    mode=traveling behavior=combat action=attack target=1358 reason='engage target' status=success
2026-09-24 17:31:14.986  INFO   decision    mode=traveling behavior=loot action=searching target=1360 reason='walk onto item' status=success
2026-09-24 17:31:15.488  INFO   session     Entity shadow: vision=2 {'player': 1, 'item': 1} memory=3 {'player': 1, 'item': 1, 'monster': 1} paired=1 median=0.007
2026-09-24 17:31:19.447  INFO   decision    mode=traveling behavior=loot action=pickup target=1360 reason='loot target' status=success
2026-09-24 17:31:19.787  INFO   decision    mode=traveling behavior=loot action=idle target=- reason='pickup settle' status=success
2026-09-24 17:31:20.222  INFO   decision    mode=traveling behavior=combat action=attack target=1359 reason='engage target' status=success
2026-09-24 17:31:20.676  INFO   session     Entity shadow: vision=1 {'player': 1} memory=3 {'monster': 2, 'item': 1} paired=0 median=0.000 unleveled=14:青蛙
2026-09-24 17:31:23.498  INFO   decision    mode=traveling behavior=traveling action=traveling target=- reason='return to farm after retreat' status=success
2026-09-24 17:31:25.836  INFO   session     Entity shadow: vision=1 {'player': 1} memory=1 {'monster': 1} paired=0 median=0.000 unleveled=14:青蛙
2026-09-24 17:31:27.776  INFO   decision    mode=traveling behavior=combat action=attack target=1362 reason='engage target' status=success
2026-09-24 17:31:30.973  INFO   session     Entity shadow: vision=3 {'monster': 2, 'player': 1} memory=4 {'monster': 4} paired=2 median=0.013 unleveled=14:青蛙
2026-09-24 17:31:32.387  INFO   decision    mode=traveling behavior=loot action=searching target=1365 reason='walk onto item' status=success
2026-09-24 17:31:33.993  INFO   decision    mode=traveling behavior=combat action=attack target=1364 reason='engage target' status=success
2026-09-24 17:31:35.799  INFO   decision    mode=traveling behavior=loot action=searching target=1367 reason='walk onto item' status=success
2026-09-24 17:31:36.042  INFO   session     Entity shadow: vision=5 {'player': 1, 'monster': 1, 'item': 3} memory=4 {'item': 3, 'monster': 1} paired=4 median=0.028
2026-09-24 17:31:37.369  INFO   decision    mode=traveling behavior=loot action=pickup target=1367 reason='loot target' status=success
2026-09-24 17:31:37.715  INFO   decision    mode=traveling behavior=loot action=idle target=- reason='pickup settle' status=success
2026-09-24 17:31:38.200  INFO   decision    mode=traveling behavior=loot action=searching target=1366 reason='walk onto item' status=success
2026-09-24 17:31:41.067  INFO   session     Entity shadow: vision=4 {'player': 1, 'monster': 1, 'item': 2} memory=4 {'monster': 2, 'item': 2} paired=3 median=0.014
2026-09-24 17:31:41.627  INFO   decision    mode=traveling behavior=loot action=pickup target=1366 reason='loot target' status=success
2026-09-24 17:31:41.983  INFO   decision    mode=traveling behavior=loot action=idle target=- reason='pickup settle' status=success
2026-09-24 17:31:42.337  INFO   decision    mode=traveling behavior=loot action=searching target=1365 reason='walk onto item' status=success
2026-09-24 17:31:45.579  INFO   decision    mode=traveling behavior=combat action=attack target=1363 reason='engage target' status=success
2026-09-24 17:31:46.230  INFO   session     Entity shadow: vision=4 {'player': 1, 'monster': 2, 'item': 1} memory=3 {'monster': 2, 'item': 1} paired=3 median=0.011
2026-09-24 17:31:47.575  INFO   decision    mode=traveling behavior=loot action=searching target=1365 reason='walk onto item' status=success
2026-09-24 17:31:48.662  INFO   decision    mode=traveling behavior=loot action=pickup target=1365 reason='loot target' status=success
2026-09-24 17:31:49.026  INFO   decision    mode=traveling behavior=loot action=idle target=- reason='pickup settle' status=success
2026-09-24 17:31:49.428  INFO   decision    mode=traveling behavior=combat action=attack target=1369 reason='engage target' status=success
2026-09-24 17:31:51.035  INFO   decision    mode=traveling behavior=traveling action=traveling target=- reason='return to farm after retreat' status=success
2026-09-24 17:31:51.466  INFO   session     Entity shadow: vision=2 {'player': 1, 'monster': 1} memory=0 {} paired=0 median=0.000
2026-09-24 17:31:56.482  INFO   session     Entity shadow: vision=1 {'player': 1} memory=1 {'monster': 1} paired=0 median=0.000 unleveled=189:鹿
2026-09-24 17:31:58.894  INFO   decision    mode=traveling behavior=traveling action=traveling target=- reason='return to farm after retreat' status=success (repeat)
2026-09-24 17:31:59.386  INFO   decision    mode=traveling behavior=combat action=attack target=1372 reason='engage target' status=success
2026-09-24 17:32:00.485  INFO   decision    mode=traveling behavior=traveling action=traveling target=- reason='return to farm after retreat' status=success
2026-09-24 17:32:01.535  INFO   session     Entity shadow: vision=1 {'player': 1} memory=0 {} paired=0 median=0.000
2026-09-24 17:32:06.520  INFO   decision    mode=traveling behavior=combat action=attack target=1374 reason='engage target' status=success
2026-09-24 17:32:06.987  INFO   session     Entity shadow: vision=2 {'player': 1, 'item': 1} memory=3 {'monster': 2, 'item': 1} paired=1 median=0.006 unleveled=208:兔子
2026-09-24 17:32:12.158  INFO   session     Entity shadow: vision=3 {'item': 1, 'player': 1, 'monster': 1} memory=3 {'monster': 2, 'item': 1} paired=2 median=0.031 unleveled=208:兔子
2026-09-24 17:32:17.306  INFO   session     Entity shadow: vision=3 {'item': 1, 'player': 1, 'monster': 1} memory=3 {'monster': 2, 'item': 1} paired=2 median=0.035 unleveled=208:兔子
2026-09-24 17:32:17.538  INFO   decision    mode=traveling behavior=combat action=attack target=1374 reason='attack target' status=success (repeat)
2026-09-24 17:32:20.203  INFO   decision    mode=traveling behavior=loot action=pickup target=1376 reason='engage item' status=success
2026-09-24 17:32:20.539  INFO   decision    mode=traveling behavior=loot action=idle target=- reason='pickup settle' status=success
2026-09-24 17:32:20.958  INFO   decision    mode=traveling behavior=loot action=searching target=1375 reason='walk onto item' status=success
2026-09-24 17:32:22.516  INFO   session     Entity shadow: vision=2 {'player': 1, 'item': 1} memory=2 {'monster': 1, 'item': 1} paired=1 median=0.007 unleveled=208:兔子
2026-09-24 17:32:25.878  INFO   decision    mode=traveling behavior=traveling action=traveling target=- reason='unstick' status=success
2026-09-24 17:32:27.639  INFO   session     Entity shadow: vision=2 {'player': 1, 'item': 1} memory=1 {'item': 1} paired=1 median=0.028
2026-09-24 17:32:30.725  INFO   decision    mode=traveling behavior=loot action=searching target=1377 reason='walk onto item' status=success
2026-09-24 17:32:31.836  INFO   decision    mode=traveling behavior=traveling action=traveling target=- reason='return to farm after retreat' status=success
2026-09-24 17:32:32.670  INFO   session     Entity shadow: vision=3 {'player': 1, 'item': 2} memory=2 {'player': 1, 'item': 1} paired=1 median=0.048
2026-09-24 17:32:37.743  INFO   session     Entity shadow: vision=3 {'monster': 2, 'player': 1} memory=3 {'player': 2, 'item': 1} paired=1 median=0.022
2026-09-24 17:32:39.996  INFO   decision    mode=traveling behavior=traveling action=traveling target=- reason='return to farm after retreat' status=success (repeat)
2026-09-24 17:32:42.867  INFO   session     Entity shadow: vision=3 {'player': 2, 'npc': 1} memory=2 {'player': 1, 'monster': 1} paired=1 median=0.035 unleveled=10:警衛
2026-09-24 17:32:43.712  INFO   decision    mode=traveling behavior=loot action=searching target=1382 reason='walk onto item' status=success
2026-09-24 17:32:47.932  INFO   decision    mode=traveling behavior=traveling action=traveling target=- reason='return to farm after retreat' status=success
2026-09-24 17:32:48.148  INFO   session     Entity shadow: vision=4 {'player': 2, 'npc': 2} memory=3 {'player': 1, 'monster': 2} paired=1 median=0.020 unleveled=68:警衛,10:警衛
2026-09-24 17:32:53.276  INFO   session     Entity shadow: vision=5 {'player': 2, 'npc': 2, 'monster': 1} memory=4 {'monster': 3, 'player': 1} paired=1 median=0.015 unleveled=189:鹿,68:警衛,10:警衛
2026-09-24 17:32:56.550  INFO   decision    mode=traveling behavior=traveling action=traveling target=- reason='return to farm after retreat' status=success (repeat)
2026-09-24 17:32:58.552  INFO   session     Entity shadow: vision=4 {'monster': 1, 'player': 1, 'npc': 2} memory=4 {'monster': 3, 'player': 1} paired=1 median=0.033 unleveled=189:鹿,68:警衛,10:警衛
2026-09-24 17:33:03.653  INFO   session     Entity shadow: vision=4 {'player': 2, 'npc': 2} memory=4 {'player': 2, 'monster': 2} paired=1 median=0.021 unleveled=68:警衛,10:警衛
2026-09-24 17:33:04.893  INFO   decision    mode=traveling behavior=traveling action=traveling target=- reason='return to farm after retreat' status=success (repeat)
2026-09-24 17:33:08.724  INFO   session     Entity shadow: vision=5 {'player': 2, 'monster': 1, 'npc': 2} memory=3 {'player': 2, 'monster': 1} paired=1 median=0.041 unleveled=68:警衛
2026-09-24 17:33:13.840  INFO   session     Entity shadow: vision=5 {'npc': 2, 'player': 3} memory=7 {'npc': 4, 'player': 2, 'monster': 1} paired=1 median=0.037 unleveled=68:警衛
2026-09-24 17:33:13.861  INFO   decision    mode=traveling behavior=traveling action=traveling target=- reason='return to farm after retreat' status=success (repeat)
2026-09-24 17:33:19.159  INFO   session     Entity shadow: vision=13 {'player': 10, 'monster': 2, 'npc': 1} memory=37 {'npc': 6, 'player': 29, 'monster': 2} paired=11 median=0.032 unleveled=189:鹿,68:警衛
2026-09-24 17:33:24.290  INFO   session     Entity shadow: vision=18 {'npc': 4, 'player': 13, 'monster': 1} memory=43 {'monster': 4, 'npc': 5, 'player': 34} paired=15 median=0.027 unleveled=189:鹿,14:青蛙,68:警衛
2026-09-24 17:33:24.321  INFO   decision    mode=traveling behavior=traveling action=traveling target=- reason='return to farm after retreat' status=success (repeat)
2026-09-24 17:33:29.414  INFO   session     Entity shadow: vision=22 {'player': 16, 'npc': 4, 'monster': 2} memory=42 {'monster': 3, 'player': 34, 'npc': 5} paired=17 median=0.035 unleveled=14:青蛙,189:鹿
2026-09-24 17:33:33.900  INFO   decision    mode=traveling behavior=combat action=attack target=1436 reason='engage target' status=success
2026-09-24 17:33:34.669  INFO   session     Entity shadow: vision=19 {'player': 14, 'npc': 4, 'monster': 1} memory=42 {'npc': 5, 'monster': 3, 'player': 34} paired=17 median=0.027 unleveled=14:青蛙
2026-09-24 17:33:35.914  INFO   decision    mode=traveling behavior=traveling action=traveling target=- reason='return to farm after retreat' status=success
2026-09-24 17:33:39.670  INFO   session     Entity shadow: vision=19 {'player': 15, 'npc': 3, 'monster': 1} memory=48 {'player': 38, 'monster': 3, 'npc': 7} paired=17 median=0.050 unleveled=14:青蛙
2026-09-24 17:33:44.864  INFO   session     Entity shadow: vision=20 {'player': 15, 'npc': 4, 'monster': 1} memory=69 {'monster': 4, 'player': 57, 'npc': 8} paired=17 median=0.051 unleveled=14:青蛙,206:兔子,319:?
2026-09-24 17:33:49.649  INFO   decision    mode=traveling behavior=traveling action=traveling target=- reason='return to farm after retreat' status=success (repeat)
2026-09-24 17:33:49.919  INFO   session     Entity shadow: vision=16 {'player': 13, 'npc': 2, 'monster': 1} memory=55 {'monster': 3, 'npc': 11, 'player': 41} paired=15 median=0.060 unleveled=14:青蛙,319:?
2026-09-24 17:33:55.049  INFO   session     Entity shadow: vision=18 {'player': 14, 'npc': 4} memory=56 {'monster': 3, 'player': 42, 'npc': 11} paired=17 median=0.065 unleveled=206:兔子,319:?,14:青蛙
2026-09-24 17:33:56.534  INFO   decision    mode=traveling behavior=loot action=searching target=1513 reason='walk onto item' status=success
2026-09-24 17:33:58.669  INFO   decision    mode=traveling behavior=traveling action=traveling target=- reason='return to farm after retreat' status=success
2026-09-24 17:33:59.033  INFO   decision    mode=traveling behavior=combat action=attack target=1521 reason='engage target' status=success
2026-09-24 17:34:00.534  INFO   session     Entity shadow: vision=24 {'player': 17, 'npc': 2, 'monster': 5} memory=69 {'player': 59, 'monster': 4, 'npc': 6} paired=20 median=0.079 unleveled=14:青蛙,319:?,206:兔子
2026-09-24 17:34:01.161  INFO   decision    mode=traveling behavior=combat action=attack target=1463 reason='engage target' status=success
2026-09-24 17:34:03.462  INFO   decision    mode=traveling behavior=traveling action=traveling target=- reason='return to farm after retreat' status=success
2026-09-24 17:34:05.698  INFO   session     Entity shadow: vision=23 {'player': 19, 'npc': 3, 'monster': 1} memory=70 {'monster': 2, 'npc': 8, 'player': 60} paired=21 median=0.060 unleveled=14:青蛙,319:?
2026-09-24 17:34:11.230  INFO   session     Entity shadow: vision=20 {'player': 17, 'npc': 3} memory=60 {'monster': 1, 'player': 50, 'npc': 9} paired=18 median=0.071 unleveled=14:青蛙
2026-09-24 17:34:16.301  INFO   session     Entity shadow: vision=20 {'player': 18, 'npc': 1, 'monster': 1} memory=64 {'player': 53, 'npc': 10, 'monster': 1} paired=17 median=0.068 unleveled=14:青蛙
2026-09-24 17:34:18.873  INFO   decision    mode=traveling behavior=traveling action=traveling target=- reason='return to farm after retreat' status=success (repeat)
2026-09-24 17:34:21.457  INFO   session     Entity shadow: vision=8 {'player': 7, 'npc': 1} memory=41 {'monster': 1, 'npc': 9, 'player': 31} paired=7 median=0.029 unleveled=14:青蛙
2026-09-24 17:34:26.509  INFO   session     Entity shadow: vision=10 {'player': 8, 'npc': 2} memory=27 {'player': 17, 'monster': 1, 'npc': 9} paired=8 median=0.025 unleveled=14:青蛙
2026-09-24 17:34:28.763  INFO   decision    mode=traveling behavior=traveling action=traveling target=- reason='return to farm after retreat' status=success (repeat)
2026-09-24 17:34:31.737  INFO   session     Entity shadow: vision=10 {'player': 9, 'npc': 1} memory=27 {'monster': 1, 'player': 17, 'npc': 9} paired=7 median=0.026 unleveled=14:青蛙
2026-09-24 17:34:36.739  INFO   session     Entity shadow: vision=9 {'player': 7, 'npc': 1, 'monster': 1} memory=27 {'monster': 1, 'player': 17, 'npc': 9} paired=6 median=0.026 unleveled=14:青蛙
2026-09-24 17:34:39.251  INFO   decision    mode=traveling behavior=traveling action=traveling target=- reason='return to farm after retreat' status=success (repeat)
2026-09-24 17:34:41.777  INFO   session     Entity shadow: vision=10 {'player': 8, 'npc': 2} memory=26 {'player': 17, 'npc': 9} paired=8 median=0.026
2026-09-24 17:34:46.849  INFO   session     Entity shadow: vision=8 {'player': 6, 'npc': 1, 'monster': 1} memory=26 {'player': 17, 'npc': 9} paired=6 median=0.026
2026-09-24 17:34:48.810  INFO   decision    mode=traveling behavior=traveling action=traveling target=- reason='return to farm after retreat' status=success (repeat)
2026-09-24 17:34:51.874  INFO   session     Entity shadow: vision=10 {'player': 9, 'npc': 1} memory=27 {'npc': 10, 'player': 17} paired=7 median=0.026
2026-09-24 17:34:56.938  INFO   session     Entity shadow: vision=11 {'player': 8, 'npc': 2, 'monster': 1} memory=28 {'monster': 1, 'npc': 10, 'player': 17} paired=7 median=0.026 unleveled=10:警衛
2026-09-24 17:34:58.888  INFO   decision    mode=traveling behavior=traveling action=traveling target=- reason='return to farm after retreat' status=success (repeat)
2026-09-24 17:35:02.140  INFO   session     Entity shadow: vision=9 {'player': 8, 'npc': 1} memory=28 {'monster': 1, 'npc': 10, 'player': 17} paired=7 median=0.026 unleveled=10:警衛
2026-09-24 17:35:07.368  INFO   session     Entity shadow: vision=9 {'player': 9} memory=29 {'npc': 10, 'player': 18, 'monster': 1} paired=7 median=0.025 unleveled=10:警衛
2026-09-24 17:35:08.935  INFO   decision    mode=traveling behavior=traveling action=traveling target=- reason='return to farm after retreat' status=success (repeat)
2026-09-24 17:35:12.603  INFO   session     Entity shadow: vision=11 {'player': 9, 'monster': 1, 'npc': 1} memory=29 {'player': 19, 'npc': 10} paired=8 median=0.034
2026-09-24 17:35:17.770  INFO   session     Entity shadow: vision=7 {'player': 7} memory=30 {'monster': 1, 'npc': 11, 'player': 18} paired=6 median=0.025 unleveled=10:警衛
2026-09-24 17:35:19.048  INFO   decision    mode=traveling behavior=traveling action=traveling target=- reason='return to farm after retreat' status=success (repeat)
2026-09-24 17:35:22.985  INFO   session     Entity shadow: vision=11 {'player': 9, 'npc': 2} memory=29 {'monster': 1, 'npc': 10, 'player': 18} paired=9 median=0.025 unleveled=10:警衛
2026-09-24 17:35:28.112  INFO   session     Entity shadow: vision=9 {'player': 8, 'npc': 1} memory=29 {'npc': 10, 'monster': 1, 'player': 18} paired=8 median=0.026 unleveled=10:警衛
2026-09-24 17:35:29.368  INFO   decision    mode=traveling behavior=traveling action=traveling target=- reason='return to farm after retreat' status=success (repeat)
2026-09-24 17:35:33.222  INFO   session     Entity shadow: vision=16 {'player': 12, 'monster': 1, 'npc': 3} memory=48 {'monster': 2, 'npc': 9, 'player': 37} paired=12 median=0.053 unleveled=10:警衛,319:?
2026-09-24 17:35:38.355  INFO   session     Entity shadow: vision=12 {'player': 11, 'monster': 1} memory=38 {'npc': 8, 'player': 30} paired=8 median=0.054
2026-09-24 17:35:43.088  INFO   decision    mode=traveling behavior=traveling action=traveling target=- reason='return to farm after retreat' status=success (repeat)
2026-09-24 17:35:43.562  INFO   session     Entity shadow: vision=7 {'player': 5, 'npc': 1, 'monster': 1} memory=34 {'npc': 9, 'monster': 2, 'player': 23} paired=4 median=0.021 unleveled=14:青蛙,10:警衛
2026-09-24 17:35:48.686  INFO   session     Entity shadow: vision=14 {'player': 10, 'npc': 3, 'monster': 1} memory=29 {'player': 19, 'npc': 9, 'monster': 1} paired=11 median=0.020 unleveled=208:兔子
2026-09-24 17:35:54.134  INFO   session     Entity shadow: vision=36 {'player': 35, 'monster': 1} memory=69 {'player': 58, 'npc': 10, 'monster': 1} paired=33 median=0.046 unleveled=319:?
2026-09-24 17:35:59.386  INFO   session     Entity shadow: vision=13 {'player': 12, 'monster': 1} memory=58 {'npc': 12, 'player': 45, 'monster': 1} paired=12 median=0.032 unleveled=319:?
2026-09-24 17:35:59.730  INFO   decision    mode=traveling behavior=traveling action=traveling target=- reason='return to farm after retreat' status=success (repeat)
2026-09-24 17:36:04.677  INFO   session     Entity shadow: vision=22 {'player': 18, 'monster': 1, 'npc': 3} memory=53 {'npc': 9, 'player': 43, 'monster': 1} paired=20 median=0.040 unleveled=319:?
2026-09-24 17:36:10.043  INFO   session     Entity shadow: vision=12 {'player': 10, 'npc': 2} memory=44 {'npc': 10, 'player': 33, 'monster': 1} paired=10 median=0.057 unleveled=208:兔子
2026-09-24 17:36:15.079  INFO   session     Entity shadow: vision=17 {'player': 15, 'npc': 2} memory=40 {'npc': 9, 'monster': 2, 'player': 29} paired=14 median=0.046 unleveled=208:兔子,319:?
2026-09-24 17:36:15.518  INFO   decision    mode=traveling behavior=traveling action=traveling target=- reason='return to farm after retreat' status=success (repeat)
2026-09-24 17:36:20.422  INFO   session     Entity shadow: vision=15 {'npc': 3, 'player': 12} memory=41 {'npc': 9, 'player': 32} paired=13 median=0.031
2026-09-24 17:36:25.513  INFO   session     Entity shadow: vision=18 {'player': 16, 'npc': 2} memory=60 {'npc': 10, 'player': 49, 'monster': 1} paired=16 median=0.077 unleveled=319:?
2026-09-24 17:36:30.604  INFO   session     Entity shadow: vision=17 {'player': 16, 'npc': 1} memory=39 {'player': 29, 'npc': 9, 'monster': 1} paired=16 median=0.085 unleveled=319:?
2026-09-24 17:36:32.473  INFO   decision    mode=traveling behavior=traveling action=traveling target=- reason='return to farm after retreat' status=success (repeat)
2026-09-24 17:36:35.727  INFO   session     Entity shadow: vision=4 {'npc': 1, 'player': 3} memory=12 {'monster': 1, 'npc': 8, 'player': 3} paired=3 median=0.022 unleveled=68:警衛
2026-09-24 17:36:40.906  INFO   session     Entity shadow: vision=4 {'player': 3, 'npc': 1} memory=11 {'npc': 7, 'monster': 1, 'player': 3} paired=3 median=0.023 unleveled=68:警衛
2026-09-24 17:36:41.511  INFO   decision    mode=traveling behavior=traveling action=traveling target=- reason='return to farm after retreat' status=success (repeat)
2026-09-24 17:36:45.875  INFO   session     Entity shadow: vision=3 {'player': 3} memory=8 {'npc': 3, 'monster': 2, 'player': 3} paired=3 median=0.022 unleveled=68:警衛,10:警衛
2026-09-24 17:36:50.282  INFO   decision    mode=traveling behavior=traveling action=traveling target=- reason='return to farm after retreat' status=success (repeat)
2026-09-24 17:36:50.945  INFO   session     Entity shadow: vision=3 {'player': 3} memory=8 {'npc': 4, 'monster': 1, 'player': 3} paired=2 median=0.024 unleveled=68:警衛
2026-09-24 17:36:56.011  INFO   session     Entity shadow: vision=4 {'player': 4} memory=9 {'npc': 5, 'monster': 1, 'player': 3} paired=3 median=0.023 unleveled=68:警衛
2026-09-24 17:36:59.119  INFO   decision    mode=traveling behavior=traveling action=traveling target=- reason='return to farm after retreat' status=success (repeat)
2026-09-24 17:37:01.018  INFO   session     Entity shadow: vision=3 {'player': 3} memory=23 {'npc': 3, 'player': 20} paired=1 median=0.039
2026-09-24 17:37:06.069  INFO   session     Entity shadow: vision=3 {'player': 1, 'npc': 1, 'monster': 1} memory=22 {'monster': 2, 'npc': 1, 'player': 19} paired=1 median=0.060 unleveled=14:青蛙,68:警衛
2026-09-24 17:37:07.847  INFO   decision    mode=traveling behavior=traveling action=traveling target=- reason='return to farm after retreat' status=success (repeat)
2026-09-24 17:37:11.219  INFO   session     Entity shadow: vision=1 {'player': 1} memory=21 {'monster': 2, 'player': 18, 'npc': 1} paired=0 median=0.000 unleveled=14:青蛙,68:警衛
2026-09-24 17:37:16.283  INFO   session     Entity shadow: vision=2 {'monster': 1, 'player': 1} memory=22 {'monster': 1, 'npc': 1, 'player': 20} paired=1 median=0.030 unleveled=14:青蛙
2026-09-24 17:37:16.328  INFO   decision    mode=traveling behavior=traveling action=traveling target=- reason='return to farm after retreat' status=success (repeat)
2026-09-24 17:37:21.463  INFO   session     Entity shadow: vision=1 {'monster': 1} memory=22 {'npc': 1, 'monster': 1, 'player': 20} paired=0 median=0.000 unleveled=14:青蛙
2026-09-24 17:37:24.903  INFO   decision    mode=traveling behavior=traveling action=traveling target=- reason='return to farm after retreat' status=success (repeat)
2026-09-24 17:37:26.492  INFO   session     Entity shadow: vision=1 {'player': 1} memory=25 {'monster': 1, 'npc': 1, 'player': 23} paired=0 median=0.000 unleveled=14:青蛙
2026-09-24 17:37:31.613  INFO   session     Entity shadow: vision=1 {'player': 1} memory=21 {'monster': 1, 'player': 20} paired=0 median=0.000 unleveled=10:警衛
2026-09-24 17:37:33.324  INFO   decision    mode=traveling behavior=traveling action=traveling target=- reason='return to farm after retreat' status=success (repeat)
2026-09-24 17:37:36.675  INFO   session     Entity shadow: vision=0 {} memory=18 {'player': 18} paired=0 median=0.000
2026-09-24 17:37:41.604  INFO   decision    mode=traveling behavior=traveling action=traveling target=- reason='return to farm after retreat' status=success (repeat)
2026-09-24 17:37:41.724  INFO   session     Entity shadow: vision=0 {} memory=17 {'player': 17} paired=0 median=0.000
2026-09-24 17:37:46.743  INFO   session     Entity shadow: vision=0 {} memory=18 {'player': 18} paired=0 median=0.000
2026-09-24 17:37:49.839  INFO   decision    mode=traveling behavior=traveling action=traveling target=- reason='return to farm after retreat' status=success (repeat)
2026-09-24 17:37:51.781  INFO   session     Entity shadow: vision=0 {} memory=15 {'player': 15} paired=0 median=0.000
2026-09-24 17:37:56.849  INFO   session     Entity shadow: vision=0 {} memory=14 {'player': 14} paired=0 median=0.000
2026-09-24 17:37:58.225  INFO   decision    mode=traveling behavior=traveling action=traveling target=- reason='return to farm after retreat' status=success (repeat)
2026-09-24 17:38:01.882  INFO   session     Entity shadow: vision=1 {'player': 1} memory=18 {'player': 18} paired=0 median=0.000
2026-09-24 17:38:06.517  INFO   decision    mode=traveling behavior=traveling action=traveling target=- reason='return to farm after retreat' status=success (repeat)
2026-09-24 17:38:06.985  INFO   session     Entity shadow: vision=1 {'player': 1} memory=16 {'player': 16} paired=0 median=0.000
2026-09-24 17:38:12.127  INFO   session     Entity shadow: vision=0 {} memory=16 {'player': 16} paired=0 median=0.000
2026-09-24 17:38:14.725  INFO   decision    mode=traveling behavior=traveling action=traveling target=- reason='return to farm after retreat' status=success (repeat)
2026-09-24 17:38:17.184  INFO   session     Entity shadow: vision=0 {} memory=17 {'player': 17} paired=0 median=0.000
2026-09-24 17:38:22.256  INFO   session     Entity shadow: vision=4 {'player': 3, 'npc': 1} memory=19 {'player': 18, 'monster': 1} paired=2 median=0.054 unleveled=68:警衛
2026-09-24 17:38:23.716  INFO   decision    mode=traveling behavior=traveling action=traveling target=- reason='return to farm after retreat' status=success (repeat)
2026-09-24 17:38:27.390  INFO   session     Entity shadow: vision=5 {'player': 3, 'npc': 2} memory=6 {'npc': 1, 'monster': 2, 'player': 3} paired=2 median=0.027 unleveled=10:警衛,68:警衛
2026-09-24 17:38:32.392  INFO   session     Entity shadow: vision=4 {'npc': 2, 'player': 2} memory=6 {'monster': 3, 'player': 3} paired=2 median=0.036 unleveled=14:青蛙,10:警衛,68:警衛
2026-09-24 17:38:32.418  INFO   decision    mode=traveling behavior=traveling action=traveling target=- reason='return to farm after retreat' status=success (repeat)
2026-09-24 17:38:37.445  INFO   session     Entity shadow: vision=4 {'npc': 1, 'player': 3} memory=6 {'monster': 3, 'player': 3} paired=2 median=0.028 unleveled=14:青蛙,10:警衛,68:警衛
2026-09-24 17:38:40.676  INFO   decision    mode=traveling behavior=traveling action=traveling target=- reason='return to farm after retreat' status=success (repeat)
2026-09-24 17:38:42.542  INFO   session     Entity shadow: vision=4 {'player': 3, 'npc': 1} memory=6 {'monster': 3, 'player': 3} paired=2 median=0.029 unleveled=14:青蛙,10:警衛,68:警衛
2026-09-24 17:38:47.594  INFO   session     Entity shadow: vision=4 {'player': 3, 'npc': 1} memory=5 {'monster': 2, 'player': 3} paired=2 median=0.028 unleveled=10:警衛,68:警衛
2026-09-24 17:38:48.725  INFO   decision    mode=traveling behavior=traveling action=traveling target=- reason='return to farm after retreat' status=success (repeat)
2026-09-24 17:38:52.643  INFO   session     Entity shadow: vision=4 {'npc': 1, 'player': 3} memory=5 {'monster': 2, 'player': 3} paired=2 median=0.028 unleveled=10:警衛,68:警衛
2026-09-24 17:38:57.701  INFO   session     Entity shadow: vision=4 {'player': 3, 'npc': 1} memory=5 {'monster': 2, 'player': 3} paired=2 median=0.029 unleveled=10:警衛,68:警衛
2026-09-24 17:38:57.889  INFO   decision    mode=traveling behavior=traveling action=traveling target=- reason='return to farm after retreat' status=success (repeat)
2026-09-24 17:39:02.784  INFO   session     Entity shadow: vision=5 {'npc': 2, 'player': 3} memory=4 {'monster': 2, 'player': 2} paired=2 median=0.041 unleveled=10:警衛,68:警衛
2026-09-24 17:39:06.613  INFO   decision    mode=traveling behavior=traveling action=traveling target=- reason='return to farm after retreat' status=success (repeat)
2026-09-24 17:39:07.762  INFO   session     Entity shadow: vision=2 {'npc': 2} memory=2 {'monster': 2} paired=0 median=0.000 unleveled=10:警衛,68:警衛
2026-09-24 17:39:12.843  INFO   session     Entity shadow: vision=1 {'player': 1} memory=0 {} paired=0 median=0.000
2026-09-24 17:39:14.372  INFO   decision    mode=traveling behavior=traveling action=traveling target=- reason='return to farm after retreat' status=success (repeat)
2026-09-24 17:39:17.869  INFO   session     Entity shadow: vision=1 {'player': 1} memory=0 {} paired=0 median=0.000
2026-09-24 17:39:22.143  INFO   decision    mode=traveling behavior=traveling action=traveling target=- reason='return to farm after retreat' status=success (repeat)
2026-09-24 17:39:23.101  INFO   session     Entity shadow: vision=1 {'player': 1} memory=0 {} paired=0 median=0.000
2026-09-24 17:39:28.217  INFO   session     Entity shadow: vision=1 {'player': 1} memory=1 {'monster': 1} paired=0 median=0.000
2026-09-24 17:39:29.827  INFO   decision    mode=traveling behavior=traveling action=traveling target=- reason='return to farm after retreat' status=success (repeat)
2026-09-24 17:39:33.275  INFO   session     Entity shadow: vision=3 {'player': 2, 'monster': 1} memory=4 {'npc': 1, 'monster': 2, 'player': 1} paired=2 median=0.062
2026-09-24 17:39:33.303  INFO   decision    mode=traveling behavior=combat action=attack target=1917 reason='engage target' status=success
2026-09-24 17:39:34.960  INFO   decision    mode=traveling behavior=traveling action=traveling target=- reason='return to farm after retreat' status=success
2026-09-24 17:39:38.305  INFO   session     Entity shadow: vision=4 {'player': 2, 'monster': 1, 'npc': 1} memory=3 {'monster': 1, 'npc': 1, 'player': 1} paired=2 median=0.062
2026-09-24 17:39:41.537  INFO   decision    mode=traveling behavior=combat action=attack target=1920 reason='engage target' status=success
2026-09-24 17:39:43.460  INFO   session     Entity shadow: vision=4 {'player': 2, 'monster': 2} memory=4 {'monster': 2, 'npc': 1, 'player': 1} paired=2 median=0.029
2026-09-24 17:39:45.866  INFO   decision    mode=traveling behavior=combat action=attack target=1922 reason='attack target' status=success
2026-09-24 17:39:48.599  INFO   session     Entity shadow: vision=6 {'player': 2, 'monster': 3, 'item': 1} memory=4 {'monster': 1, 'npc': 1, 'player': 1, 'item': 1} paired=3 median=0.011
2026-09-24 17:39:50.326  INFO   decision    mode=traveling behavior=loot action=searching target=1923 reason='walk onto item' status=success
2026-09-24 17:39:52.669  INFO   decision    mode=traveling behavior=traveling action=traveling target=- reason='return to farm after retreat' status=success
2026-09-24 17:39:53.628  INFO   session     Entity shadow: vision=3 {'player': 2, 'monster': 1} memory=2 {'player': 2} paired=1 median=0.027
2026-09-24 17:39:58.687  INFO   session     Entity shadow: vision=3 {'player': 2, 'monster': 1} memory=1 {'player': 1} paired=1 median=0.023
2026-09-24 17:39:59.003  INFO   decision    mode=farming behavior=search action=searching target=- reason='search area' status=success
2026-09-24 17:40:03.805  INFO   session     Entity shadow: vision=3 {'player': 2, 'monster': 1} memory=2 {'player': 2} paired=1 median=0.003
2026-09-24 17:40:06.694  INFO   decision    mode=farming behavior=search action=searching target=- reason='search area' status=success (repeat)
2026-09-24 17:40:08.877  INFO   session     Entity shadow: vision=3 {'player': 1, 'monster': 2} memory=3 {'player': 2, 'monster': 1} paired=1 median=0.038
2026-09-24 17:40:13.867  INFO   decision    mode=farming behavior=combat action=attack target=1931 reason='engage target' status=success
2026-09-24 17:40:14.290  INFO   session     Entity shadow: vision=4 {'player': 2, 'monster': 2} memory=3 {'player': 2, 'monster': 1} paired=1 median=0.019
2026-09-24 17:40:19.350  INFO   session     Entity shadow: vision=2 {'monster': 1, 'player': 1} memory=1 {'monster': 1} paired=0 median=0.000
2026-09-24 17:40:22.870  INFO   decision    mode=farming behavior=loot action=pickup target=1933 reason='engage item' status=success
2026-09-24 17:40:23.188  INFO   decision    mode=farming behavior=loot action=idle target=- reason='pickup settle' status=success
2026-09-24 17:40:23.588  INFO   decision    mode=farming behavior=search action=searching target=- reason='search area' status=success
2026-09-24 17:40:24.383  INFO   session     Entity shadow: vision=2 {'player': 1, 'monster': 1} memory=0 {} paired=0 median=0.000
2026-09-24 17:40:29.423  INFO   session     Entity shadow: vision=2 {'player': 1, 'monster': 1} memory=0 {} paired=0 median=0.000
2026-09-24 17:40:30.984  INFO   decision    mode=farming behavior=loot action=searching target=1936 reason='walk onto item' status=success
2026-09-24 17:40:34.602  INFO   session     Entity shadow: vision=10 {'player': 2, 'item': 4, 'monster': 4} memory=13 {'monster': 8, 'item': 4, 'player': 1} paired=9 median=0.033 unleveled=12:史萊姆
2026-09-24 17:40:35.540  INFO   decision    mode=farming behavior=combat action=attack target=1942 reason='engage target' status=success
2026-09-24 17:40:37.230  INFO   decision    mode=farming behavior=combat action=attack target=1946 reason='engage target' status=success
2026-09-24 17:40:39.647  INFO   session     Entity shadow: vision=9 {'item': 2, 'player': 3, 'monster': 4} memory=10 {'monster': 7, 'player': 1, 'item': 2} paired=7 median=0.026 unleveled=12:史萊姆
2026-09-24 17:40:40.457  INFO   decision    mode=farming behavior=loot action=searching target=1950 reason='walk onto item' status=success
2026-09-24 17:40:43.545  INFO   decision    mode=farming behavior=loot action=pickup target=1950 reason='loot target' status=success
2026-09-24 17:40:44.950  INFO   session     Entity shadow: vision=6 {'monster': 2, 'item': 1, 'player': 3} memory=9 {'player': 2, 'monster': 6, 'item': 1} paired=5 median=0.057 unleveled=12:史萊姆
2026-09-24 17:40:44.992  INFO   decision    mode=farming behavior=loot action=idle target=- reason='pickup settle' status=success
2026-09-24 17:40:45.322  INFO   decision    mode=farming behavior=loot action=searching target=1947 reason='walk onto item' status=success
2026-09-24 17:40:48.558  INFO   decision    mode=farming behavior=search action=searching target=- reason='search area' status=success
2026-09-24 17:40:49.604  INFO   decision    mode=traveling behavior=traveling action=traveling target=- reason='enter farm area' status=success
2026-09-24 17:40:50.080  INFO   session     Entity shadow: vision=4 {'player': 2, 'monster': 2} memory=6 {'player': 1, 'monster': 5} paired=3 median=0.018 unleveled=12:史萊姆
2026-09-24 17:40:50.545  INFO   decision    mode=farming behavior=search action=searching target=- reason='search area' status=success
2026-09-24 17:40:53.500  INFO   decision    mode=farming behavior=combat action=attack target=1952 reason='engage target' status=success
2026-09-24 17:40:55.270  INFO   session     Entity shadow: vision=5 {'monster': 4, 'player': 1} memory=6 {'player': 1, 'monster': 5} paired=3 median=0.037 unleveled=12:史萊姆
2026-09-24 17:40:55.346  INFO   decision    mode=farming behavior=combat action=attack target=1953 reason='engage target' status=success
2026-09-24 17:41:00.376  INFO   session     Entity shadow: vision=6 {'monster': 5, 'player': 1} memory=6 {'player': 1, 'monster': 5} paired=5 median=0.020 unleveled=12:史萊姆
2026-09-24 17:41:03.862  INFO   decision    mode=retreating behavior=talking_scroll action=use_talking_scroll target=- reason='retreat, 마법서 상인' status=success
2026-09-24 17:41:04.768  INFO   decision    mode=retreating behavior=retreating action=idle target=- reason='retreating, waiting for hp' status=success
2026-09-24 17:41:05.206  INFO   decision    mode=retreating behavior=loot action=searching target=1956 reason='walk onto item' status=success
2026-09-24 17:41:05.504  INFO   session     Entity shadow: vision=4 {'monster': 1, 'npc': 2, 'player': 1} memory=5 {'monster': 2, 'item': 2, 'player': 1} paired=1 median=0.092 unleveled=12:史萊姆
2026-09-24 17:41:05.860  INFO   decision    mode=retreating behavior=retreating action=idle target=- reason='retreating, waiting for hp' status=success
2026-09-24 17:41:10.582  INFO   session     Entity shadow: vision=4 {'npc': 2, 'player': 1, 'monster': 1} memory=6 {'monster': 3, 'npc': 3} paired=1 median=0.029 unleveled=68:警衛,10:警衛
2026-09-24 17:41:13.800  INFO   decision    mode=retreating behavior=retreating action=idle target=- reason='retreating, waiting for hp' status=success (repeat)
2026-09-24 17:41:15.627  INFO   session     Entity shadow: vision=4 {'npc': 2, 'player': 1, 'monster': 1} memory=6 {'monster': 3, 'npc': 3} paired=1 median=0.029 unleveled=68:警衛,10:警衛
2026-09-24 17:41:20.628  INFO   session     Entity shadow: vision=5 {'player': 2, 'monster': 1, 'npc': 2} memory=6 {'monster': 3, 'npc': 3} paired=1 median=0.028 unleveled=68:警衛,10:警衛
2026-09-24 17:41:21.436  INFO   decision    mode=retreating behavior=retreating action=idle target=- reason='retreating, waiting for hp' status=success (repeat)
2026-09-24 17:41:25.642  INFO   session     Entity shadow: vision=6 {'player': 1, 'monster': 3, 'npc': 2} memory=8 {'monster': 5, 'npc': 3} paired=3 median=0.019 unleveled=68:警衛,10:警衛
2026-09-24 17:41:29.617  INFO   decision    mode=retreating behavior=retreating action=idle target=- reason='retreating, waiting for hp' status=success (repeat)
2026-09-24 17:41:30.693  INFO   session     Entity shadow: vision=6 {'npc': 2, 'monster': 3, 'player': 1} memory=8 {'monster': 5, 'npc': 3} paired=3 median=0.019 unleveled=68:警衛,10:警衛
2026-09-24 17:41:35.787  INFO   session     Entity shadow: vision=6 {'monster': 2, 'player': 2, 'npc': 2} memory=8 {'monster': 5, 'npc': 3} paired=2 median=0.028 unleveled=68:警衛
2026-09-24 17:41:37.834  INFO   decision    mode=retreating behavior=retreating action=idle target=- reason='retreating, waiting for hp' status=success (repeat)
2026-09-24 17:41:40.892  INFO   session     Entity shadow: vision=6 {'monster': 3, 'npc': 2, 'player': 1} memory=8 {'monster': 5, 'npc': 3} paired=3 median=0.022 unleveled=68:警衛,10:警衛
2026-09-24 17:41:45.134  INFO   decision    mode=traveling behavior=combat action=attack target=1966 reason='engage target' status=success
2026-09-24 17:41:46.018  INFO   session     Entity shadow: vision=6 {'npc': 2, 'monster': 3, 'player': 1} memory=8 {'monster': 5, 'npc': 3} paired=3 median=0.022 unleveled=68:警衛,10:警衛
2026-09-24 17:41:51.141  INFO   session     Entity shadow: vision=6 {'npc': 2, 'player': 1, 'monster': 3} memory=9 {'monster': 6, 'npc': 3} paired=3 median=0.023 unleveled=68:警衛,10:警衛
2026-09-24 17:41:55.872  INFO   decision    mode=traveling behavior=combat action=attack target=1965 reason='engage target' status=success
2026-09-24 17:41:56.371  INFO   session     Entity shadow: vision=6 {'monster': 3, 'npc': 2, 'player': 1} memory=10 {'item': 2, 'monster': 5, 'npc': 3} paired=3 median=0.025 unleveled=68:警衛,10:警衛
2026-09-24 17:42:01.579  INFO   session     Entity shadow: vision=5 {'npc': 2, 'monster': 2, 'item': 1} memory=10 {'item': 2, 'monster': 5, 'npc': 3} paired=3 median=0.029 unleveled=68:警衛,10:警衛
2026-09-24 17:42:06.708  INFO   session     Entity shadow: vision=5 {'monster': 2, 'npc': 2, 'player': 1} memory=10 {'monster': 5, 'item': 2, 'npc': 3} paired=2 median=0.027 unleveled=68:警衛,10:警衛
2026-09-24 17:42:07.096  INFO   decision    mode=traveling behavior=combat action=attack target=1965 reason='attack target' status=success (repeat)
2026-09-24 17:42:11.467  INFO   decision    mode=traveling behavior=survival_potion action=use_hp_potion target=- reason='critical hp, cannot heal' status=success
2026-09-24 17:42:11.831  INFO   session     Entity shadow: vision=7 {'player': 1, 'npc': 2, 'monster': 3, 'item': 1} memory=10 {'item': 3, 'monster': 4, 'npc': 3} paired=3 median=0.023 unleveled=68:警衛,10:警衛
2026-09-24 17:42:12.782  INFO   decision    mode=traveling behavior=loot action=searching target=1970 reason='walk onto item' status=success
2026-09-24 17:42:15.621  INFO   decision    mode=traveling behavior=loot action=pickup target=1970 reason='loot target' status=success
2026-09-24 17:42:16.016  INFO   decision    mode=traveling behavior=loot action=idle target=- reason='pickup settle' status=success
2026-09-24 17:42:16.437  INFO   decision    mode=traveling behavior=loot action=searching target=1969 reason='walk onto item' status=success
2026-09-24 17:42:17.010  INFO   session     Entity shadow: vision=6 {'player': 1, 'npc': 1, 'monster': 2, 'item': 2} memory=8 {'monster': 4, 'item': 3, 'npc': 1} paired=4 median=0.036 unleveled=10:警衛
2026-09-24 17:42:19.574  INFO   decision    mode=traveling behavior=talking_scroll action=use_talking_scroll target=- reason='go to shop (buy_hp_potions_talking_ch)' status=success
2026-09-24 17:42:22.669  INFO   session     Entity shadow: vision=21 {'player': 18, 'npc': 3} memory=55 {'player': 53, 'npc': 2} paired=19 median=0.026
2026-09-24 17:42:22.749  INFO   decision    mode=farming behavior=shop action=shop_stop target=- reason='stop at shop' status=success
2026-09-24 17:42:23.381  INFO   decision    mode=farming behavior=shop action=shop_buy_arrows target=- reason='shop:buy_hp_potions_talking_ch' status=success
2026-09-24 17:42:32.371  INFO   session     Entity shadow: vision=23 {'player': 19, 'npc': 4} memory=55 {'player': 53, 'npc': 2} paired=20 median=0.025
2026-09-24 17:42:32.416  INFO   decision    mode=farming behavior=talking_scroll action=use_talking_scroll target=- reason='return to farm map after shop' status=success
2026-09-24 17:42:35.849  INFO   decision    mode=traveling behavior=traveling action=traveling target=- reason='enter farm area' status=success
2026-09-24 17:42:37.479  INFO   session     Entity shadow: vision=37 {'player': 34, 'npc': 2, 'monster': 1} memory=51 {'npc': 9, 'player': 40, 'monster': 2} paired=36 median=0.057 unleveled=319:?,68:警衛
2026-09-24 17:42:42.594  INFO   session     Entity shadow: vision=32 {'player': 30, 'npc': 2} memory=48 {'npc': 9, 'player': 38, 'monster': 1} paired=32 median=0.059 unleveled=319:?
2026-09-24 17:42:47.248  INFO   decision    mode=traveling behavior=traveling action=traveling target=- reason='enter farm area' status=success (repeat)
2026-09-24 17:42:47.728  INFO   session     Entity shadow: vision=22 {'player': 21, 'npc': 1} memory=48 {'npc': 9, 'player': 38, 'monster': 1} paired=21 median=0.063 unleveled=319:?
2026-09-24 17:42:52.782  INFO   session     Entity shadow: vision=23 {'player': 22, 'npc': 1} memory=47 {'npc': 9, 'player': 37, 'monster': 1} paired=22 median=0.064 unleveled=319:?
2026-09-24 17:42:57.868  INFO   session     Entity shadow: vision=18 {'player': 17, 'monster': 1} memory=46 {'npc': 8, 'player': 37, 'monster': 1} paired=17 median=0.062
2026-09-24 17:42:57.923  INFO   decision    mode=traveling behavior=traveling action=traveling target=- reason='enter farm area' status=success (repeat)
2026-09-24 17:43:02.909  INFO   session     Entity shadow: vision=18 {'player': 17, 'npc': 1} memory=47 {'npc': 8, 'player': 38, 'monster': 1} paired=16 median=0.088 unleveled=319:?
2026-09-24 17:43:07.981  INFO   session     Entity shadow: vision=23 {'player': 21, 'npc': 1, 'monster': 1} memory=47 {'player': 38, 'npc': 8, 'monster': 1} paired=21 median=0.057 unleveled=319:?
2026-09-24 17:43:09.462  INFO   decision    mode=traveling behavior=traveling action=traveling target=- reason='enter farm area' status=success (repeat)
2026-09-24 17:43:12.973  INFO   session     Entity shadow: vision=21 {'player': 20, 'npc': 1} memory=46 {'npc': 8, 'player': 37, 'monster': 1} paired=21 median=0.068 unleveled=319:?
2026-09-24 17:43:17.998  INFO   session     Entity shadow: vision=19 {'player': 19} memory=46 {'npc': 8, 'player': 37, 'monster': 1} paired=17 median=0.063 unleveled=319:?
2026-09-24 17:43:20.116  INFO   decision    mode=traveling behavior=traveling action=traveling target=- reason='enter farm area' status=success (repeat)
2026-09-24 17:43:23.150  INFO   session     Entity shadow: vision=24 {'player': 23, 'npc': 1} memory=48 {'npc': 8, 'player': 39, 'monster': 1} paired=24 median=0.057 unleveled=319:?
2026-09-24 17:43:28.510  INFO   session     Entity shadow: vision=24 {'npc': 1, 'player': 23} memory=49 {'player': 40, 'npc': 8, 'monster': 1} paired=24 median=0.044 unleveled=319:?
2026-09-24 17:43:31.144  INFO   decision    mode=traveling behavior=traveling action=traveling target=- reason='enter farm area' status=success (repeat)
2026-09-24 17:43:33.692  INFO   session     Entity shadow: vision=22 {'player': 22} memory=50 {'player': 41, 'npc': 8, 'monster': 1} paired=20 median=0.057 unleveled=319:?
2026-09-24 17:43:38.895  INFO   session     Entity shadow: vision=20 {'player': 19, 'npc': 1} memory=47 {'npc': 8, 'player': 38, 'monster': 1} paired=20 median=0.062 unleveled=319:?
2026-09-24 17:43:41.868  INFO   decision    mode=traveling behavior=traveling action=traveling target=- reason='enter farm area' status=success (repeat)
2026-09-24 17:43:44.011  INFO   session     Entity shadow: vision=22 {'player': 21, 'npc': 1} memory=47 {'npc': 8, 'player': 38, 'monster': 1} paired=22 median=0.048 unleveled=319:?
2026-09-24 17:43:49.167  INFO   session     Entity shadow: vision=22 {'player': 21, 'npc': 1} memory=48 {'npc': 8, 'player': 39, 'monster': 1} paired=19 median=0.069 unleveled=319:?
2026-09-24 17:43:52.845  INFO   decision    mode=traveling behavior=traveling action=traveling target=- reason='enter farm area' status=success (repeat)
2026-09-24 17:43:54.341  INFO   session     Entity shadow: vision=24 {'player': 23, 'npc': 1} memory=47 {'npc': 8, 'player': 38, 'monster': 1} paired=23 median=0.057 unleveled=319:?
2026-09-24 17:43:59.525  INFO   session     Entity shadow: vision=22 {'player': 21, 'npc': 1} memory=46 {'npc': 8, 'player': 37, 'monster': 1} paired=21 median=0.058 unleveled=319:?
2026-09-24 17:44:04.198  INFO   decision    mode=traveling behavior=traveling action=traveling target=- reason='enter farm area' status=success (repeat)
2026-09-24 17:44:04.559  INFO   session     Entity shadow: vision=23 {'player': 23} memory=46 {'npc': 8, 'player': 37, 'monster': 1} paired=21 median=0.069 unleveled=319:?
2026-09-24 17:44:09.606  INFO   session     Entity shadow: vision=21 {'player': 20, 'npc': 1} memory=46 {'npc': 8, 'player': 37, 'monster': 1} paired=21 median=0.061 unleveled=319:?
2026-09-24 17:44:14.686  INFO   session     Entity shadow: vision=20 {'player': 19, 'npc': 1} memory=46 {'npc': 8, 'player': 37, 'monster': 1} paired=20 median=0.057 unleveled=319:?
2026-09-24 17:44:15.382  INFO   decision    mode=traveling behavior=traveling action=traveling target=- reason='enter farm area' status=success (repeat)
2026-09-24 17:44:19.762  INFO   session     Entity shadow: vision=21 {'player': 21} memory=46 {'player': 37, 'npc': 8, 'monster': 1} paired=19 median=0.062 unleveled=319:?
2026-09-24 17:44:24.792  INFO   session     Entity shadow: vision=21 {'player': 20, 'npc': 1} memory=46 {'player': 37, 'npc': 8, 'monster': 1} paired=21 median=0.056 unleveled=319:?
2026-09-24 17:44:26.298  INFO   decision    mode=traveling behavior=traveling action=traveling target=- reason='enter farm area' status=success (repeat)
2026-09-24 17:44:30.021  INFO   session     Entity shadow: vision=21 {'player': 19, 'npc': 2} memory=46 {'player': 37, 'npc': 8, 'monster': 1} paired=19 median=0.067 unleveled=319:?
2026-09-24 17:44:35.084  INFO   session     Entity shadow: vision=19 {'player': 18, 'monster': 1} memory=47 {'player': 38, 'npc': 8, 'monster': 1} paired=17 median=0.058 unleveled=319:?
2026-09-24 17:44:37.259  INFO   decision    mode=traveling behavior=traveling action=traveling target=- reason='enter farm area' status=success (repeat)
2026-09-24 17:44:40.116  INFO   session     Entity shadow: vision=19 {'player': 19} memory=46 {'player': 37, 'npc': 8, 'monster': 1} paired=18 median=0.061 unleveled=319:?
2026-09-24 17:44:45.362  INFO   session     Entity shadow: vision=19 {'player': 19} memory=46 {'player': 37, 'npc': 8, 'monster': 1} paired=18 median=0.060 unleveled=319:?
2026-09-24 17:44:47.836  INFO   decision    mode=traveling behavior=traveling action=traveling target=- reason='enter farm area' status=success (repeat)
2026-09-24 17:44:50.577  INFO   session     Entity shadow: vision=22 {'player': 21, 'npc': 1} memory=46 {'player': 37, 'npc': 8, 'monster': 1} paired=21 median=0.062 unleveled=319:?
2026-09-24 17:44:55.711  INFO   session     Entity shadow: vision=21 {'player': 20, 'npc': 1} memory=46 {'player': 37, 'npc': 8, 'monster': 1} paired=21 median=0.060 unleveled=319:?
2026-09-24 17:44:58.486  INFO   decision    mode=traveling behavior=traveling action=traveling target=- reason='enter farm area' status=success (repeat)
2026-09-24 17:45:00.897  INFO   session     Entity shadow: vision=23 {'player': 21, 'npc': 2} memory=47 {'player': 38, 'npc': 8, 'monster': 1} paired=22 median=0.061 unleveled=319:?
2026-09-24 17:45:05.976  INFO   session     Entity shadow: vision=19 {'player': 18, 'npc': 1} memory=46 {'player': 37, 'npc': 8, 'monster': 1} paired=19 median=0.057 unleveled=319:?
2026-09-24 17:45:09.381  INFO   decision    mode=traveling behavior=traveling action=traveling target=- reason='enter farm area' status=success (repeat)
2026-09-24 17:45:11.013  INFO   session     Entity shadow: vision=21 {'player': 21} memory=47 {'player': 38, 'npc': 8, 'monster': 1} paired=18 median=0.061 unleveled=319:?
2026-09-24 17:45:15.997  INFO   session     Entity shadow: vision=18 {'player': 17, 'npc': 1} memory=48 {'player': 39, 'npc': 8, 'monster': 1} paired=18 median=0.069 unleveled=319:?
2026-09-24 17:45:20.172  INFO   decision    mode=traveling behavior=traveling action=traveling target=- reason='enter farm area' status=success (repeat)
2026-09-24 17:45:21.085  INFO   session     Entity shadow: vision=20 {'player': 19, 'npc': 1} memory=48 {'player': 39, 'npc': 8, 'monster': 1} paired=20 median=0.063 unleveled=319:?
2026-09-24 17:45:26.127  INFO   session     Entity shadow: vision=21 {'player': 21} memory=48 {'player': 39, 'npc': 8, 'monster': 1} paired=20 median=0.070 unleveled=319:?
2026-09-24 17:45:30.891  INFO   decision    mode=traveling behavior=traveling action=traveling target=- reason='enter farm area' status=success (repeat)
2026-09-24 17:45:31.310  INFO   session     Entity shadow: vision=19 {'player': 18, 'npc': 1} memory=47 {'player': 38, 'npc': 8, 'monster': 1} paired=19 median=0.051 unleveled=319:?
2026-09-24 17:45:36.501  INFO   session     Entity shadow: vision=21 {'player': 20, 'npc': 1} memory=46 {'player': 37, 'npc': 8, 'monster': 1} paired=21 median=0.063 unleveled=319:?
2026-09-24 17:45:41.545  INFO   session     Entity shadow: vision=18 {'player': 18} memory=46 {'player': 37, 'npc': 8, 'monster': 1} paired=17 median=0.057 unleveled=319:?
2026-09-24 17:45:41.891  INFO   decision    mode=traveling behavior=traveling action=traveling target=- reason='enter farm area' status=success (repeat)
2026-09-24 17:45:46.586  INFO   session     Entity shadow: vision=22 {'player': 21, 'npc': 1} memory=46 {'player': 37, 'npc': 8, 'monster': 1} paired=20 median=0.063 unleveled=319:?
2026-09-24 17:45:51.747  INFO   session     Entity shadow: vision=26 {'player': 25, 'npc': 1} memory=46 {'player': 37, 'npc': 8, 'monster': 1} paired=25 median=0.056 unleveled=319:?
2026-09-24 17:45:52.791  INFO   decision    mode=traveling behavior=traveling action=traveling target=- reason='enter farm area' status=success (repeat)
2026-09-24 17:45:56.797  INFO   session     Entity shadow: vision=26 {'player': 24, 'npc': 2} memory=51 {'player': 44, 'npc': 6, 'monster': 1} paired=25 median=0.041
2026-09-24 17:45:57.928  INFO   decision    mode=traveling behavior=combat action=attack target=2159 reason='engage target' status=success
2026-09-24 17:46:01.913  INFO   session     Entity shadow: vision=3 {'monster': 2, 'player': 1} memory=3 {'monster': 3} paired=2 median=0.095
2026-09-24 17:46:05.950  INFO   decision    mode=retreating behavior=talking_scroll action=use_talking_scroll target=- reason='retreat, 허수아비 수련장' status=success
2026-09-24 17:46:06.887  INFO   decision    mode=retreating behavior=retreating action=idle target=- reason='retreating, waiting for hp' status=success
2026-09-24 17:46:07.002  INFO   session     Entity shadow: vision=3 {'monster': 3} memory=3 {'monster': 3} paired=3 median=0.013
2026-09-24 17:46:12.060  INFO   session     Entity shadow: vision=5 {'player': 3, 'monster': 1, 'npc': 1} memory=9 {'monster': 5, 'player': 4} paired=4 median=0.020 unleveled=10:警衛,20:?
2026-09-24 17:46:14.637  INFO   decision    mode=retreating behavior=retreating action=idle target=- reason='retreating, waiting for hp' status=success (repeat)
2026-09-24 17:46:17.097  INFO   session     Entity shadow: vision=5 {'player': 3, 'monster': 1, 'npc': 1} memory=9 {'monster': 5, 'player': 4} paired=4 median=0.020 unleveled=10:警衛,20:?
2026-09-24 17:46:22.230  INFO   session     Entity shadow: vision=5 {'player': 3, 'monster': 1, 'npc': 1} memory=9 {'monster': 5, 'player': 4} paired=4 median=0.020 unleveled=10:警衛,20:?
2026-09-24 17:46:22.389  INFO   decision    mode=retreating behavior=retreating action=idle target=- reason='retreating, waiting for hp' status=success (repeat)
2026-09-24 17:46:27.309  INFO   session     Entity shadow: vision=5 {'player': 3, 'monster': 1, 'npc': 1} memory=9 {'monster': 5, 'player': 4} paired=4 median=0.020 unleveled=10:警衛,20:?
2026-09-24 17:46:30.260  INFO   decision    mode=retreating behavior=retreating action=idle target=- reason='retreating, waiting for hp' status=success (repeat)
2026-09-24 17:46:32.561  INFO   session     Entity shadow: vision=5 {'player': 3, 'monster': 1, 'npc': 1} memory=9 {'monster': 5, 'player': 4} paired=4 median=0.020 unleveled=10:警衛,20:?
2026-09-24 17:46:37.665  INFO   session     Entity shadow: vision=5 {'npc': 1, 'monster': 1, 'player': 3} memory=9 {'monster': 5, 'player': 4} paired=4 median=0.020 unleveled=10:警衛,20:?
2026-09-24 17:46:38.300  INFO   decision    mode=retreating behavior=retreating action=idle target=- reason='retreating, waiting for hp' status=success (repeat)
2026-09-24 17:46:42.763  INFO   session     Entity shadow: vision=5 {'npc': 1, 'player': 3, 'monster': 1} memory=9 {'monster': 5, 'player': 4} paired=4 median=0.020 unleveled=10:警衛,20:?
2026-09-24 17:46:45.821  INFO   session     Stop → Stopped
2026-09-24 17:46:46.098  INFO   session     Bot worker exited
