2026-09-29 07:22:15.752  INFO   session     Loading Manmabot from D:\KRR\1.LCBot\ManmabotV1_final\engine
2026-09-29 07:22:15.777  INFO   session     Session log D:\KRR\1.LCBot\ManmabotV1_final\engine\logs\bot-20260929-072215.log
2026-09-29 07:22:15.788  INFO   session     character=elf loot=adena_only game_lang=ko map=talking_island farms=['area_1', 'area_3'] file=D:\KRR\1.LCBot\ManmabotV1_final\engine\logs\bot-20260929-072215.log
2026-09-29 07:22:16.319  INFO   nav         building portal graph (cluster=32, 479x511)
2026-09-29 07:22:16.974  INFO   nav         portal graph: 188 components, 654 ms
2026-09-29 07:22:17.029  INFO   nav         farms=2 safe=11 home=(354, 203) (files farm=D:\KRR\1.LCBot\ManmabotV1_final\engine\maps\talking_island\farms.yaml safe=D:\KRR\1.LCBot\ManmabotV1_final\engine\maps\talking_island\safe.yaml home=D:\KRR\1.LCBot\ManmabotV1_final\engine\maps\talking_island\home.yaml)
2026-09-29 07:22:17.413  INFO   capture     mss window capture process='LC.exe' title=None content_aspect=4:3
2026-09-29 07:22:18.245  INFO   session     Entity clicks use memory names, species, and world cells. Image recognition still runs. Set memory.entity_source to vision to restore image-only clicks.
2026-09-29 07:22:18.307  INFO   session     Player memory is read in this process (realtime_monitor.dll, offsets.json). No separate console.
2026-09-29 07:22:18.336  INFO   session     인벤토리를 백그라운드에서 스캔 중 (inventory_listen.dll 또는 inv.json을 두세요).
2026-09-29 07:22:18.460  INFO   session     메모리에서 핫바 24칸을 읽는 중…
2026-09-29 07:22:18.758  INFO   session     핫바 스캔 완료 · 파워 업@box1/f5, 아머 업@box1/f6, 라이트@box1/f7, 힐@box1/f8, HP 물약@box2/f9, 텔레포트@box1/f10, 마법 공격@box1/f12, 말하는 두루마리@box2/f5, 마더 트리@box2/f6, HP를 MP로@box2/f7
2026-09-29 07:22:18.917  INFO   session     매핑되지 않은 핫바 아이콘: box1/f11:아데나, box1/f12:화살, box2/f10:은화살, box2/f12:SPELL
2026-09-29 07:22:18.972  INFO   session     루프 준비 · 요정 · 한국어 · 맵=말하는 섬 · 룻=아데나만 · 구역=구역 1, 구역 3
2026-09-29 07:22:19.447  INFO   session     Entity shadow: vision=1 {'player': 1} memory=2 {'monster': 2} paired=0 median=0.000
2026-09-29 07:22:19.484  INFO   session     인벤토리 수신 준비 (dll) · hp=35 화살=453 은화살=0 해독=0
2026-09-29 07:22:19.539  INFO   decision    mode=farming goal=buff action=buff target=- sticky=- origin=(301,318) shop=0 scrolled=0 reason='armor_up' status=success
2026-09-29 07:22:20.125  INFO   combat      engage id=2 species=monster_도베르만_6 rel=(5,9)
2026-09-29 07:22:20.125  INFO   decision    mode=farming goal=combat action=attack target=2 sticky=2 origin=(301,318) shop=0 scrolled=0 reason='engage target' status=success
2026-09-29 07:22:23.003  INFO   combat      engage id=1 species=monster_난쟁이_5 rel=(-5,13)
2026-09-29 07:22:23.004  INFO   decision    mode=farming goal=combat action=attack target=1 sticky=1 origin=(301,318) shop=0 scrolled=0 reason='engage target' status=success
2026-09-29 07:22:24.630  INFO   session     Entity shadow: vision=2 {'player': 2} memory=1 {'monster': 1} paired=0 median=0.000
2026-09-29 07:22:27.746  INFO   decision    mode=traveling goal=traveling action=traveling target=- sticky=- origin=(300,321) shop=0 scrolled=0 reason='enter farm area' status=success
2026-09-29 07:22:29.721  INFO   session     Entity shadow: vision=1 {'player': 1} memory=0 {} paired=0 median=0.000
2026-09-29 07:22:29.765  INFO   decision    mode=traveling goal=buff action=buff target=- sticky=- origin=(300,321) shop=0 scrolled=0 reason='light' status=success
2026-09-29 07:22:30.403  INFO   decision    mode=traveling goal=traveling action=traveling target=- sticky=- origin=(300,321) shop=0 scrolled=0 reason='enter farm area' status=success
2026-09-29 07:22:34.927  INFO   session     Entity shadow: vision=1 {'player': 1} memory=0 {} paired=0 median=0.000
2026-09-29 07:22:37.187  INFO   decision    mode=traveling goal=loot action=searching target=3 sticky=- origin=(307,328) shop=0 scrolled=0 reason='walk onto item' status=success
2026-09-29 07:22:40.133  INFO   session     Entity shadow: vision=4 {'player': 1, 'item': 1, 'monster': 2} memory=2 {'monster': 1, 'item': 1} paired=2 median=0.042
2026-09-29 07:22:40.196  INFO   combat      engage id=4 species=monster_오크_2 rel=(5,5)
2026-09-29 07:22:40.199  INFO   decision    mode=traveling goal=combat action=attack target=4 sticky=4 origin=(312,330) shop=0 scrolled=0 reason='engage target' status=success
2026-09-29 07:22:44.028  INFO   decision    mode=traveling goal=loot action=searching target=3 sticky=- origin=(314,331) shop=0 scrolled=0 reason='walk onto item' status=success
2026-09-29 07:22:45.255  INFO   session     Entity shadow: vision=2 {'player': 1, 'item': 1} memory=1 {'item': 1} paired=1 median=0.007
2026-09-29 07:22:49.114  INFO   decision    mode=traveling goal=loot action=pickup target=3 sticky=- origin=(321,328) shop=0 scrolled=0 reason='loot target' status=success
2026-09-29 07:22:49.594  INFO   decision    mode=traveling goal=loot action=idle target=- sticky=- origin=(321,328) shop=0 scrolled=0 reason='pickup memory gone' status=success
2026-09-29 07:22:50.315  INFO   session     Entity shadow: vision=2 {'player': 2} memory=2 {'player': 1, 'item': 1} paired=1 median=0.021
2026-09-29 07:22:50.865  INFO   decision    mode=traveling goal=traveling action=traveling target=- sticky=- origin=(322,328) shop=0 scrolled=0 reason='enter farm area' status=success
2026-09-29 07:22:51.515  INFO   combat      engage id=6 species=monster_오크 전사_8 rel=(-13,-1)
2026-09-29 07:22:51.515  INFO   decision    mode=traveling goal=combat action=attack target=6 sticky=6 origin=(322,328) shop=0 scrolled=0 reason='engage target' status=success
2026-09-29 07:22:55.464  INFO   session     Entity shadow: vision=1 {'player': 1} memory=2 {'monster': 1, 'player': 1} paired=0 median=0.000
2026-09-29 07:22:57.484  INFO   decision    mode=traveling goal=traveling action=traveling target=- sticky=- origin=(319,329) shop=0 scrolled=0 reason='enter farm area' status=success
2026-09-29 07:22:58.644  INFO   combat      engage id=7 species=monster_늑대인간_9 rel=(-12,6)
2026-09-29 07:22:58.646  INFO   decision    mode=traveling goal=combat action=attack target=7 sticky=7 origin=(318,329) shop=0 scrolled=0 reason='engage target' status=success
2026-09-29 07:23:00.571  INFO   session     Entity shadow: vision=3 {'monster': 1, 'player': 2} memory=2 {'player': 1, 'monster': 1} paired=2 median=0.042
2026-09-29 07:23:03.045  INFO   decision    mode=traveling goal=traveling action=traveling target=- sticky=- origin=(316,331) shop=0 scrolled=0 reason='enter farm area' status=success
2026-09-29 07:23:05.675  INFO   session     Entity shadow: vision=3 {'player': 3} memory=2 {'player': 2} paired=2 median=0.046
2026-09-29 07:23:06.356  INFO   combat      engage id=10 species=monster_고블린_2 rel=(-5,15)
2026-09-29 07:23:06.386  INFO   decision    mode=traveling goal=combat action=attack target=10 sticky=10 origin=(316,331) shop=0 scrolled=0 reason='engage target' status=success
2026-09-29 07:23:08.533  INFO   decision    mode=traveling goal=traveling action=traveling target=- sticky=- origin=(312,335) shop=0 scrolled=0 reason='enter farm area' status=success
2026-09-29 07:23:10.895  INFO   session     Entity shadow: vision=1 {'player': 1} memory=0 {} paired=0 median=0.000
2026-09-29 07:23:16.014  INFO   session     Entity shadow: vision=2 {'player': 1, 'monster': 1} memory=0 {} paired=0 median=0.000
2026-09-29 07:23:19.308  INFO   decision    mode=traveling goal=traveling action=traveling target=- sticky=- origin=(311,344) shop=0 scrolled=0 reason='enter farm area' status=success (repeat x50)
2026-09-29 07:23:21.395  INFO   session     Entity shadow: vision=3 {'player': 2, 'monster': 1} memory=2 {'player': 1, 'monster': 1} paired=1 median=0.044 unleveled=189:사슴
2026-09-29 07:23:26.508  INFO   session     Entity shadow: vision=1 {'player': 1} memory=1 {'player': 1} paired=0 median=0.000
2026-09-29 07:23:29.380  INFO   decision    mode=traveling goal=traveling action=traveling target=- sticky=- origin=(309,359) shop=0 scrolled=0 reason='enter farm area' status=success (repeat x50)
2026-09-29 07:23:31.671  INFO   session     Entity shadow: vision=1 {'monster': 1} memory=2 {'player': 2} paired=0 median=0.000
2026-09-29 07:23:36.718  INFO   session     Entity shadow: vision=1 {'player': 1} memory=0 {} paired=0 median=0.000
2026-09-29 07:23:39.475  INFO   decision    mode=traveling goal=traveling action=traveling target=- sticky=- origin=(307,374) shop=0 scrolled=0 reason='enter farm area' status=success (repeat x50)
2026-09-29 07:23:41.847  INFO   session     Entity shadow: vision=1 {'player': 1} memory=2 {'player': 2} paired=0 median=0.000
2026-09-29 07:23:46.876  INFO   session     Entity shadow: vision=2 {'player': 1, 'monster': 1} memory=1 {'player': 1} paired=1 median=0.025
2026-09-29 07:23:49.702  INFO   decision    mode=traveling goal=traveling action=traveling target=- sticky=- origin=(305,389) shop=0 scrolled=0 reason='enter farm area' status=success (repeat x50)
2026-09-29 07:23:51.267  INFO   combat      engage id=22 species=monster_코볼트_3 rel=(-6,10)
2026-09-29 07:23:51.268  INFO   decision    mode=traveling goal=combat action=attack target=22 sticky=22 origin=(303,392) shop=0 scrolled=0 reason='engage target' status=success
2026-09-29 07:23:52.109  INFO   session     Entity shadow: vision=2 {'player': 1, 'monster': 1} memory=1 {'monster': 1} paired=0 median=0.000
2026-09-29 07:23:53.498  INFO   decision    mode=traveling goal=loot action=searching target=25 sticky=- origin=(300,395) shop=0 scrolled=0 reason='walk onto item' status=success
2026-09-29 07:23:57.114  INFO   session     Entity shadow: vision=5 {'player': 1, 'monster': 2, 'item': 2} memory=3 {'monster': 2, 'item': 1} paired=3 median=0.014
2026-09-29 07:23:59.213  INFO   combat      engage id=26 species=monster_코볼트_3 rel=(-5,0)
2026-09-29 07:23:59.242  INFO   decision    mode=traveling goal=combat action=attack target=26 sticky=26 origin=(295,400) shop=0 scrolled=0 reason='engage target' status=success
2026-09-29 07:24:01.181  INFO   decision    mode=traveling goal=loot action=pickup target=25 sticky=- origin=(295,401) shop=0 scrolled=0 reason='engage item' status=success
2026-09-29 07:24:01.610  INFO   decision    mode=traveling goal=loot action=idle target=- sticky=- origin=(295,401) shop=0 scrolled=0 reason='pickup memory gone' status=success
2026-09-29 07:24:02.198  INFO   session     Entity shadow: vision=4 {'player': 1, 'item': 2, 'monster': 1} memory=2 {'item': 1, 'monster': 1} paired=2 median=0.013
2026-09-29 07:24:02.292  INFO   combat      engage id=24 species=monster_오크_2 rel=(3,5)
2026-09-29 07:24:02.293  INFO   decision    mode=traveling goal=combat action=attack target=24 sticky=24 origin=(296,402) shop=0 scrolled=0 reason='engage target' status=success
2026-09-29 07:24:05.541  INFO   decision    mode=traveling goal=traveling action=traveling target=- sticky=- origin=(296,402) shop=0 scrolled=0 reason='enter farm area' status=success
2026-09-29 07:24:06.800  INFO   combat      engage id=27 species=monster_코볼트_3 rel=(8,-8)
2026-09-29 07:24:06.981  INFO   decision    mode=traveling goal=combat action=attack target=27 sticky=27 origin=(297,401) shop=0 scrolled=0 reason='engage target' status=success
2026-09-29 07:24:07.502  INFO   session     Entity shadow: vision=1 {'monster': 1} memory=1 {'monster': 1} paired=0 median=0.000
2026-09-29 07:24:12.665  INFO   session     Entity shadow: vision=4 {'player': 2, 'monster': 2} memory=3 {'monster': 2, 'player': 1} paired=2 median=0.031
2026-09-29 07:24:14.649  INFO   decision    mode=traveling goal=loot action=searching target=34 sticky=- origin=(303,396) shop=0 scrolled=0 reason='walk onto item' status=success
2026-09-29 07:24:17.069  INFO   combat      engage id=31 species=monster_고블린_2 rel=(-8,4)
2026-09-29 07:24:17.098  INFO   decision    mode=traveling goal=combat action=attack target=31 sticky=31 origin=(300,393) shop=0 scrolled=0 reason='engage target' status=success
2026-09-29 07:24:17.686  INFO   combat      sticky wall/fence blocked id=31 — give up (no detour)
2026-09-29 07:24:17.696  INFO   combat      give-up id=31 sticky_was=31
2026-09-29 07:24:17.757  INFO   decision    mode=traveling goal=traveling action=traveling target=- sticky=- origin=(299,392) shop=0 scrolled=0 reason='enter farm area' status=success
2026-09-29 07:24:18.025  INFO   session     Entity shadow: vision=2 {'monster': 2} memory=3 {'monster': 2, 'player': 1} paired=1 median=0.012
2026-09-29 07:24:18.179  INFO   combat      engage id=35 species=monster_오크 전사_8 rel=(3,11)
2026-09-29 07:24:18.179  INFO   decision    mode=traveling goal=combat action=attack target=35 sticky=35 origin=(299,392) shop=0 scrolled=0 reason='engage target' status=success
2026-09-29 07:24:22.927  INFO   decision    mode=traveling goal=traveling action=traveling target=- sticky=- origin=(300,394) shop=0 scrolled=0 reason='enter farm area' status=success
2026-09-29 07:24:23.250  INFO   session     Entity shadow: vision=3 {'player': 1, 'monster': 2} memory=2 {'monster': 1, 'player': 1} paired=1 median=0.025
2026-09-29 07:24:27.763  INFO   decision    mode=farming goal=search action=searching target=- sticky=- origin=(300,398) shop=0 scrolled=0 reason='search area' status=success
2026-09-29 07:24:28.374  INFO   session     Entity shadow: vision=3 {'player': 3} memory=4 {'player': 2, 'monster': 2} paired=1 median=0.030
2026-09-29 07:24:29.244  INFO   combat      engage id=37 species=monster_코볼트_3 rel=(13,0)
2026-09-29 07:24:29.272  INFO   decision    mode=farming goal=combat action=attack target=37 sticky=37 origin=(300,400) shop=0 scrolled=0 reason='engage target' status=success
2026-09-29 07:24:30.394  INFO   combat      sticky wall/fence blocked id=37 — give up (no detour)
2026-09-29 07:24:30.422  INFO   combat      give-up id=37 sticky_was=37
2026-09-29 07:24:30.478  INFO   decision    mode=farming goal=search action=searching target=- sticky=- origin=(301,401) shop=0 scrolled=0 reason='search area' status=success
2026-09-29 07:24:31.546  INFO   decision    mode=farming goal=loot action=searching target=38 sticky=- origin=(303,401) shop=0 scrolled=0 reason='walk onto item' status=success
2026-09-29 07:24:33.485  INFO   session     Entity shadow: vision=2 {'item': 1, 'player': 1} memory=2 {'monster': 1, 'item': 1} paired=1 median=0.001
2026-09-29 07:24:36.832  INFO   decision    mode=farming goal=loot action=pickup target=38 sticky=- origin=(308,397) shop=0 scrolled=0 reason='loot target' status=success
2026-09-29 07:24:37.314  INFO   decision    mode=farming goal=loot action=idle target=- sticky=- origin=(308,397) shop=0 scrolled=0 reason='pickup memory gone' status=success
2026-09-29 07:24:38.488  INFO   session     Entity shadow: vision=3 {'item': 1, 'player': 2} memory=2 {'player': 1, 'item': 1} paired=2 median=0.017
2026-09-29 07:24:39.059  INFO   decision    mode=farming goal=loot action=pickup target=38 sticky=- origin=(310,395) shop=0 scrolled=0 reason='engage item' status=success
2026-09-29 07:24:39.667  INFO   decision    mode=farming goal=loot action=idle target=- sticky=- origin=(310,395) shop=0 scrolled=0 reason='pickup memory gone' status=success
2026-09-29 07:24:40.843  INFO   decision    mode=traveling goal=traveling action=traveling target=- sticky=- origin=(310,396) shop=0 scrolled=0 reason='enter farm area' status=success
2026-09-29 07:24:42.793  INFO   decision    mode=farming goal=search action=searching target=- sticky=- origin=(311,398) shop=0 scrolled=0 reason='search area' status=success
2026-09-29 07:24:43.663  INFO   session     Entity shadow: vision=3 {'player': 3} memory=2 {'player': 2} paired=2 median=0.039
2026-09-29 07:24:44.209  INFO   session     일시정지 — 단축키
2026-09-29 07:24:46.816  INFO   session     일시정지 / 재개 → 실행 중
2026-09-29 07:24:48.797  INFO   session     Entity shadow: vision=1 {'player': 1} memory=1 {'player': 1} paired=0 median=0.000
2026-09-29 07:24:53.977  INFO   session     Entity shadow: vision=2 {'player': 2} memory=2 {'player': 1, 'monster': 1} paired=0 median=0.000 unleveled=189:사슴
2026-09-29 07:24:54.494  INFO   decision    mode=farming goal=loot action=searching target=44 sticky=- origin=(330,416) shop=0 scrolled=0 reason='walk onto item' status=success
2026-09-29 07:24:56.531  INFO   combat      give-up id=44 sticky_was=None
2026-09-29 07:24:56.532  INFO   combat      give-up id=45 sticky_was=None
2026-09-29 07:24:56.547  INFO   combat      engage id=43 species=monster_오크 전사_8 rel=(1,8)
2026-09-29 07:24:56.555  INFO   decision    mode=farming goal=combat action=attack target=43 sticky=43 origin=(332,418) shop=0 scrolled=0 reason='engage target' status=success
2026-09-29 07:24:57.166  INFO   decision    mode=farming goal=search action=searching target=- sticky=- origin=(332,418) shop=0 scrolled=0 reason='search area' status=success
2026-09-29 07:24:59.132  INFO   session     Entity shadow: vision=2 {'player': 1, 'item': 1} memory=3 {'player': 1, 'item': 2} paired=1 median=0.013
2026-09-29 07:25:04.351  INFO   session     Entity shadow: vision=2 {'player': 1, 'item': 1} memory=2 {'monster': 1, 'item': 1} paired=1 median=0.021 unleveled=12:슬라임
2026-09-29 07:25:07.604  INFO   decision    mode=farming goal=search action=searching target=- sticky=- origin=(347,423) shop=0 scrolled=0 reason='search area' status=success (repeat x50)
2026-09-29 07:25:09.402  INFO   session     Entity shadow: vision=4 {'player': 3, 'item': 1} memory=3 {'monster': 2, 'item': 1} paired=1 median=0.023 unleveled=211:토끼
2026-09-29 07:25:09.502  INFO   combat      engage id=48 species=monster_코볼트_3 rel=(-11,3)
2026-09-29 07:25:09.502  INFO   decision    mode=farming goal=combat action=attack target=48 sticky=48 origin=(348,418) shop=0 scrolled=0 reason='engage target' status=success
2026-09-29 07:25:11.637  INFO   decision    mode=farming goal=loot action=searching target=50 sticky=- origin=(347,417) shop=0 scrolled=0 reason='walk onto item' status=success
2026-09-29 07:25:14.539  INFO   session     Entity shadow: vision=1 {'item': 1} memory=1 {'item': 1} paired=1 median=0.015
2026-09-29 07:25:15.744  INFO   combat      give-up id=50 sticky_was=None
2026-09-29 07:25:15.752  INFO   decision    mode=farming goal=search action=searching target=- sticky=- origin=(344,420) shop=0 scrolled=0 reason='search area' status=success
2026-09-29 07:25:19.737  INFO   session     Entity shadow: vision=2 {'monster': 1, 'item': 1} memory=1 {'item': 1} paired=1 median=0.015
2026-09-29 07:25:20.017  INFO   combat      engage id=53 species=monster_오크_2 rel=(-4,-13)
2026-09-29 07:25:20.021  INFO   decision    mode=farming goal=combat action=attack target=53 sticky=53 origin=(338,419) shop=0 scrolled=0 reason='engage target' status=success
2026-09-29 07:25:21.032  INFO   decision    mode=farming goal=search action=searching target=- sticky=- origin=(337,417) shop=0 scrolled=0 reason='search area' status=success
2026-09-29 07:25:24.806  INFO   session     Entity shadow: vision=2 {'monster': 1, 'player': 1} memory=2 {'player': 1, 'monster': 1} paired=1 median=0.057 unleveled=189:사슴
2026-09-29 07:25:29.809  INFO   session     Entity shadow: vision=2 {'player': 1, 'monster': 1} memory=2 {'player': 2} paired=0 median=0.000
2026-09-29 07:25:31.434  INFO   decision    mode=farming goal=search action=searching target=- sticky=- origin=(333,402) shop=0 scrolled=0 reason='search area' status=success (repeat x50)
2026-09-29 07:25:33.532  INFO   combat      engage id=57 species=monster_오크 전사_8 rel=(-10,-5)
2026-09-29 07:25:33.532  INFO   decision    mode=farming goal=combat action=attack target=57 sticky=57 origin=(328,403) shop=0 scrolled=0 reason='engage target' status=success
2026-09-29 07:25:34.926  INFO   session     Entity shadow: vision=1 {'monster': 1} memory=2 {'player': 1, 'monster': 1} paired=1 median=0.028
2026-09-29 07:25:39.022  INFO   decision    mode=farming goal=search action=searching target=- sticky=- origin=(326,402) shop=0 scrolled=0 reason='search area' status=success
2026-09-29 07:25:40.086  INFO   session     Entity shadow: vision=1 {'player': 1} memory=2 {'player': 2} paired=1 median=0.036
2026-09-29 07:25:45.112  INFO   session     Entity shadow: vision=0 {} memory=3 {'player': 3} paired=0 median=0.000
2026-09-29 07:25:49.630  INFO   decision    mode=farming goal=search action=searching target=- sticky=- origin=(319,405) shop=0 scrolled=0 reason='search area' status=success (repeat x50)
2026-09-29 07:25:50.157  INFO   session     Entity shadow: vision=1 {'monster': 1} memory=1 {'monster': 1} paired=0 median=0.000 unleveled=189:사슴
2026-09-29 07:25:52.933  INFO   combat      engage id=62 species=monster_코볼트_3 rel=(-15,1)
2026-09-29 07:25:52.936  INFO   decision    mode=farming goal=combat action=attack target=62 sticky=62 origin=(311,412) shop=0 scrolled=0 reason='engage target' status=success
2026-09-29 07:25:55.251  INFO   session     Entity shadow: vision=3 {'player': 1, 'monster': 2} memory=2 {'monster': 2} paired=1 median=0.013 unleveled=189:사슴
2026-09-29 07:25:58.224  INFO   decision    mode=farming goal=loot action=searching target=66 sticky=- origin=(300,412) shop=0 scrolled=0 reason='walk onto item' status=success
2026-09-29 07:25:59.936  INFO   decision    mode=farming goal=loot action=pickup target=66 sticky=- origin=(296,413) shop=0 scrolled=0 reason='loot target' status=success
2026-09-29 07:26:00.346  INFO   session     Entity shadow: vision=4 {'monster': 1, 'item': 2, 'player': 1} memory=5 {'player': 1, 'monster': 2, 'item': 2} paired=4 median=0.038 unleveled=189:사슴
2026-09-29 07:26:00.543  INFO   decision    mode=farming goal=loot action=idle target=- sticky=- origin=(296,413) shop=0 scrolled=0 reason='pickup memory gone' status=success
2026-09-29 07:26:01.547  INFO   combat      engage id=64 species=monster_오크_2 rel=(5,4)
2026-09-29 07:26:01.548  INFO   decision    mode=farming goal=combat action=attack target=64 sticky=64 origin=(294,413) shop=0 scrolled=0 reason='engage target' status=success
2026-09-29 07:26:05.034  INFO   decision    mode=farming goal=loot action=searching target=70 sticky=- origin=(297,416) shop=0 scrolled=0 reason='walk onto item' status=success
2026-09-29 07:26:05.652  INFO   session     Entity shadow: vision=5 {'player': 4, 'monster': 1} memory=3 {'monster': 1, 'item': 1, 'player': 1} paired=2 median=0.054
2026-09-29 07:26:09.226  INFO   combat      engage id=69 species=monster_늑대인간_9 rel=(4,3)
2026-09-29 07:26:09.227  INFO   decision    mode=farming goal=combat action=attack target=69 sticky=69 origin=(300,413) shop=0 scrolled=0 reason='engage target' status=success
2026-09-29 07:26:10.763  INFO   session     Entity shadow: vision=4 {'monster': 1, 'player': 3} memory=5 {'monster': 2, 'player': 2, 'item': 1} paired=3 median=0.028
2026-09-29 07:26:14.567  INFO   decision    mode=farming goal=loot action=searching target=73 sticky=- origin=(302,413) shop=0 scrolled=0 reason='walk onto item' status=success
2026-09-29 07:26:15.871  INFO   session     Entity shadow: vision=2 {'item': 1, 'player': 1} memory=2 {'player': 1, 'item': 1} paired=1 median=0.013
2026-09-29 07:26:16.578  INFO   decision    mode=farming goal=search action=searching target=- sticky=- origin=(302,413) shop=0 scrolled=0 reason='search area' status=success
2026-09-29 07:26:20.949  INFO   session     Entity shadow: vision=1 {'player': 1} memory=1 {'player': 1} paired=0 median=0.000
2026-09-29 07:26:26.069  INFO   session     Entity shadow: vision=1 {'player': 1} memory=1 {'player': 1} paired=0 median=0.000
2026-09-29 07:26:26.747  INFO   decision    mode=farming goal=search action=searching target=- sticky=- origin=(306,418) shop=0 scrolled=0 reason='search area' status=success (repeat x50)
2026-09-29 07:26:31.243  INFO   session     Entity shadow: vision=2 {'player': 1, 'monster': 1} memory=1 {'player': 1} paired=0 median=0.000
2026-09-29 07:26:36.332  INFO   session     Entity shadow: vision=3 {'player': 1, 'monster': 2} memory=1 {'player': 1} paired=0 median=0.000
2026-09-29 07:26:36.878  INFO   decision    mode=farming goal=search action=searching target=- sticky=- origin=(326,422) shop=0 scrolled=0 reason='search area' status=success (repeat x50)
2026-09-29 07:26:41.396  INFO   session     Entity shadow: vision=3 {'monster': 1, 'player': 2} memory=2 {'player': 1, 'monster': 1} paired=1 median=0.008 unleveled=189:사슴
2026-09-29 07:26:46.397  INFO   session     Entity shadow: vision=1 {'player': 1} memory=4 {'player': 1, 'monster': 3} paired=0 median=0.000 unleveled=208:토끼,211:토끼,189:사슴
2026-09-29 07:26:46.944  INFO   decision    mode=farming goal=search action=searching target=- sticky=- origin=(345,400) shop=0 scrolled=0 reason='search area' status=success (repeat x50)
2026-09-29 07:26:49.785  INFO   combat      engage id=82 species=monster_오크 전사_8 rel=(14,3)
2026-09-29 07:26:49.786  INFO   decision    mode=farming goal=combat action=attack target=82 sticky=82 origin=(340,403) shop=0 scrolled=0 reason='engage target' status=success
2026-09-29 07:26:51.595  INFO   session     Entity shadow: vision=2 {'player': 1, 'monster': 1} memory=2 {'monster': 2} paired=1 median=0.028 unleveled=189:사슴
2026-09-29 07:26:56.677  INFO   session     Entity shadow: vision=0 {} memory=6 {'monster': 5, 'player': 1} paired=0 median=0.000 unleveled=208:토끼,189:사슴,206:토끼,211:토끼
2026-09-29 07:26:59.926  INFO   decision    mode=farming goal=loot action=pickup target=89 sticky=- origin=(343,404) shop=0 scrolled=0 reason='engage item' status=success
2026-09-29 07:27:00.345  INFO   decision    mode=farming goal=loot action=idle target=- sticky=- origin=(343,404) shop=0 scrolled=0 reason='pickup memory gone' status=success
2026-09-29 07:27:01.021  INFO   combat      engage id=88 species=monster_코볼트_3 rel=(6,4)
2026-09-29 07:27:01.023  INFO   decision    mode=farming goal=combat action=attack target=88 sticky=88 origin=(344,405) shop=0 scrolled=0 reason='engage target' status=success
2026-09-29 07:27:01.805  INFO   session     Entity shadow: vision=0 {} memory=5 {'monster': 4, 'player': 1} paired=0 median=0.000 unleveled=209:토끼,206:토끼,189:사슴
2026-09-29 07:27:02.239  INFO   decision    mode=farming goal=search action=searching target=- sticky=- origin=(344,405) shop=0 scrolled=0 reason='search area' status=success
2026-09-29 07:27:03.451  INFO   combat      give-up id=91 sticky_was=None
2026-09-29 07:27:04.785  INFO   combat      engage id=92 species=monster_코볼트_3 rel=(6,10)
2026-09-29 07:27:04.827  INFO   decision    mode=farming goal=combat action=attack target=92 sticky=92 origin=(344,405) shop=0 scrolled=0 reason='engage target' status=success
2026-09-29 07:27:06.852  INFO   session     Entity shadow: vision=0 {} memory=4 {'player': 1, 'monster': 3} paired=0 median=0.000 unleveled=206:토끼,209:토끼
2026-09-29 07:27:08.082  INFO   decision    mode=farming goal=search action=searching target=- sticky=- origin=(347,408) shop=0 scrolled=0 reason='search area' status=success
2026-09-29 07:27:11.869  INFO   session     Entity shadow: vision=1 {'player': 1} memory=2 {'player': 1, 'monster': 1} paired=1 median=0.053 unleveled=209:토끼
2026-09-29 07:27:16.942  INFO   session     Entity shadow: vision=0 {} memory=0 {} paired=0 median=0.000
2026-09-29 07:27:18.701  INFO   decision    mode=farming goal=search action=searching target=- sticky=- origin=(352,407) shop=0 scrolled=0 reason='search area' status=success (repeat x50)
2026-09-29 07:27:21.754  INFO   combat      engage id=95 species=monster_코볼트_3 rel=(5,12)
2026-09-29 07:27:21.755  INFO   decision    mode=farming goal=combat action=attack target=95 sticky=95 origin=(358,406) shop=0 scrolled=0 reason='engage target' status=success
2026-09-29 07:27:22.300  INFO   session     Entity shadow: vision=2 {'player': 1, 'item': 1} memory=2 {'item': 1, 'monster': 1} paired=1 median=0.008
2026-09-29 07:27:23.239  INFO   combat      sticky wall/fence blocked id=95 — give up (no detour)
2026-09-29 07:27:23.265  INFO   combat      give-up id=95 sticky_was=95
2026-09-29 07:27:23.290  INFO   decision    mode=farming goal=loot action=searching target=96 sticky=- origin=(362,407) shop=0 scrolled=0 reason='walk onto item' status=success
2026-09-29 07:27:27.410  INFO   session     Entity shadow: vision=4 {'player': 1, 'monster': 2, 'item': 1} memory=5 {'monster': 3, 'item': 2} paired=3 median=0.043 unleveled=189:사슴
2026-09-29 07:27:30.254  INFO   decision    mode=farming goal=loot action=pickup target=96 sticky=- origin=(372,400) shop=0 scrolled=0 reason='loot target' status=success
2026-09-29 07:27:30.815  INFO   decision    mode=farming goal=loot action=idle target=- sticky=- origin=(372,400) shop=0 scrolled=0 reason='pickup memory gone' status=success
2026-09-29 07:27:32.638  INFO   session     Entity shadow: vision=2 {'item': 1, 'monster': 1} memory=3 {'monster': 2, 'item': 1} paired=2 median=0.019 unleveled=189:사슴
2026-09-29 07:27:32.743  INFO   decision    mode=farming goal=loot action=pickup target=96 sticky=- origin=(375,402) shop=0 scrolled=0 reason='engage item' status=success
2026-09-29 07:27:33.256  INFO   decision    mode=farming goal=loot action=idle target=- sticky=- origin=(375,402) shop=0 scrolled=0 reason='pickup memory gone' status=success
2026-09-29 07:27:34.203  INFO   combat      engage id=99 species=monster_늑대인간_9 rel=(-5,1)
2026-09-29 07:27:34.204  INFO   decision    mode=farming goal=combat action=attack target=99 sticky=99 origin=(375,402) shop=0 scrolled=0 reason='engage target' status=success
2026-09-29 07:27:37.685  INFO   session     Entity shadow: vision=3 {'monster': 2, 'player': 1} memory=3 {'monster': 3} paired=2 median=0.046 unleveled=189:사슴
2026-09-29 07:27:38.406  INFO   decision    mode=traveling goal=traveling action=traveling target=- sticky=- origin=(374,402) shop=0 scrolled=0 reason='enter farm area' status=success
2026-09-29 07:27:42.507  INFO   decision    mode=farming goal=search action=searching target=- sticky=- origin=(371,402) shop=0 scrolled=0 reason='search area' status=success
2026-09-29 07:27:42.794  INFO   session     Entity shadow: vision=1 {'player': 1} memory=0 {} paired=0 median=0.000
2026-09-29 07:27:44.090  INFO   combat      engage id=108 species=monster_코볼트_3 rel=(-16,1)
2026-09-29 07:27:44.091  INFO   decision    mode=farming goal=combat action=attack target=108 sticky=108 origin=(369,403) shop=0 scrolled=0 reason='engage target' status=success
2026-09-29 07:27:47.827  INFO   session     Entity shadow: vision=4 {'player': 1, 'item': 1, 'monster': 2} memory=4 {'monster': 3, 'item': 1} paired=3 median=0.016
2026-09-29 07:27:48.444  INFO   combat      sticky wall/fence blocked id=108 — give up (no detour)
2026-09-29 07:27:48.444  INFO   combat      give-up id=108 sticky_was=108
2026-09-29 07:27:48.532  INFO   combat      engage id=110 species=monster_늑대인간_9 rel=(2,10)
2026-09-29 07:27:48.539  INFO   decision    mode=farming goal=combat action=attack target=110 sticky=110 origin=(358,403) shop=0 scrolled=0 reason='engage target' status=success
2026-09-29 07:27:53.020  INFO   session     Entity shadow: vision=3 {'item': 1, 'player': 1, 'monster': 1} memory=2 {'monster': 1, 'item': 1} paired=2 median=0.039
2026-09-29 07:27:53.693  INFO   decision    mode=farming goal=loot action=searching target=112 sticky=- origin=(357,403) shop=0 scrolled=0 reason='walk onto item' status=success
2026-09-29 07:27:54.765  INFO   decision    mode=farming goal=loot action=pickup target=112 sticky=- origin=(356,404) shop=0 scrolled=0 reason='loot target' status=success
2026-09-29 07:27:55.252  INFO   decision    mode=farming goal=loot action=idle target=- sticky=- origin=(356,404) shop=0 scrolled=0 reason='pickup memory gone' status=success
2026-09-29 07:27:56.030  INFO   decision    mode=farming goal=search action=searching target=- sticky=- origin=(355,406) shop=0 scrolled=0 reason='search area' status=success
2026-09-29 07:27:58.129  INFO   session     Entity shadow: vision=1 {'item': 1} memory=3 {'player': 2, 'item': 1} paired=1 median=0.017
2026-09-29 07:27:58.234  INFO   decision    mode=farming goal=loot action=searching target=115 sticky=- origin=(352,407) shop=0 scrolled=0 reason='walk onto item' status=success
2026-09-29 07:27:59.354  INFO   combat      engage id=116 species=monster_늑대인간_9 rel=(-2,-11)
2026-09-29 07:27:59.355  INFO   decision    mode=farming goal=combat action=attack target=116 sticky=116 origin=(350,407) shop=0 scrolled=0 reason='engage target' status=success
2026-09-29 07:28:03.314  INFO   session     Entity shadow: vision=3 {'player': 2, 'monster': 1} memory=4 {'player': 3, 'monster': 1} paired=3 median=0.030
2026-09-29 07:28:05.315  INFO   decision    mode=farming goal=loot action=searching target=119 sticky=- origin=(349,407) shop=0 scrolled=0 reason='walk onto item' status=success
2026-09-29 07:28:05.686  INFO   decision    mode=farming goal=loot action=pickup target=119 sticky=- origin=(349,406) shop=0 scrolled=0 reason='loot target' status=success
2026-09-29 07:28:06.148  INFO   decision    mode=farming goal=loot action=idle target=- sticky=- origin=(349,406) shop=0 scrolled=0 reason='pickup memory gone' status=success
2026-09-29 07:28:07.495  INFO   decision    mode=farming goal=search action=searching target=- sticky=- origin=(349,404) shop=0 scrolled=0 reason='search area' status=success
2026-09-29 07:28:08.369  INFO   session     Entity shadow: vision=3 {'player': 3} memory=4 {'monster': 1, 'player': 3} paired=1 median=0.008
2026-09-29 07:28:08.447  INFO   combat      engage id=121 species=monster_늑대인간_9 rel=(-6,-12)
2026-09-29 07:28:08.447  INFO   decision    mode=farming goal=combat action=attack target=121 sticky=121 origin=(349,404) shop=0 scrolled=0 reason='engage target' status=success
2026-09-29 07:28:12.361  INFO   decision    mode=farming goal=search action=searching target=- sticky=- origin=(345,402) shop=0 scrolled=0 reason='search area' status=success
2026-09-29 07:28:12.758  INFO   combat      engage id=122 species=monster_셸로브_14 rel=(-12,1)
2026-09-29 07:28:12.794  INFO   decision    mode=farming goal=combat action=attack target=122 sticky=122 origin=(345,402) shop=0 scrolled=0 reason='engage target' status=success
2026-09-29 07:28:13.662  INFO   session     Entity shadow: vision=4 {'item': 1, 'player': 3} memory=6 {'player': 2, 'monster': 3, 'item': 1} paired=3 median=0.030 unleveled=206:토끼,209:토끼
2026-09-29 07:28:14.426  INFO   decision    mode=farming goal=search action=searching target=- sticky=- origin=(347,400) shop=0 scrolled=0 reason='search area' status=success
2026-09-29 07:28:15.633  INFO   combat      engage id=126 species=monster_해골_10 rel=(-12,9)
2026-09-29 07:28:15.634  INFO   decision    mode=farming goal=combat action=attack target=126 sticky=126 origin=(345,402) shop=0 scrolled=0 reason='engage target' status=success
2026-09-29 07:28:17.863  INFO   decision    mode=farming goal=loot action=searching target=128 sticky=- origin=(342,403) shop=0 scrolled=0 reason='walk onto item' status=success
2026-09-29 07:28:18.864  INFO   session     Entity shadow: vision=2 {'player': 1, 'item': 1} memory=6 {'player': 3, 'monster': 2, 'item': 1} paired=1 median=0.005 unleveled=209:토끼,206:토끼
2026-09-29 07:28:20.979  INFO   decision    mode=farming goal=loot action=pickup target=128 sticky=- origin=(335,410) shop=0 scrolled=0 reason='loot target' status=success
2026-09-29 07:28:21.462  INFO   decision    mode=farming goal=search action=searching target=- sticky=- origin=(335,410) shop=0 scrolled=0 reason='search area' status=success
2026-09-29 07:28:23.865  INFO   session     Entity shadow: vision=2 {'player': 2} memory=2 {'player': 2} paired=1 median=0.045
2026-09-29 07:28:28.936  INFO   session     Entity shadow: vision=2 {'player': 1, 'monster': 1} memory=3 {'monster': 2, 'player': 1} paired=1 median=0.046
2026-09-29 07:28:29.533  INFO   combat      engage id=131 species=monster_늑대인간_9 rel=(-3,5)
2026-09-29 07:28:29.710  INFO   decision    mode=farming goal=combat action=attack target=131 sticky=131 origin=(320,414) shop=0 scrolled=0 reason='engage target' status=success
2026-09-29 07:28:32.627  INFO   decision    mode=farming goal=combat action=attack target=133 sticky=133 origin=(317,417) shop=0 scrolled=0 reason='attack target' status=success
2026-09-29 07:28:34.071  INFO   session     Entity shadow: vision=3 {'player': 2, 'monster': 1} memory=2 {'monster': 1, 'player': 1} paired=1 median=0.032
2026-09-29 07:28:37.331  INFO   combat      sticky wall/fence blocked id=133 — give up (no detour)
2026-09-29 07:28:37.332  INFO   combat      give-up id=133 sticky_was=133
2026-09-29 07:28:37.502  INFO   combat      engage id=138 species=monster_코볼트_3 rel=(-15,-1)
2026-09-29 07:28:37.537  INFO   decision    mode=farming goal=combat action=attack target=138 sticky=138 origin=(309,418) shop=0 scrolled=0 reason='engage target' status=success
2026-09-29 07:28:38.087  INFO   combat      sticky wall/fence blocked id=138 — give up (no detour)
2026-09-29 07:28:38.115  INFO   combat      give-up id=138 sticky_was=138
2026-09-29 07:28:38.219  INFO   decision    mode=farming goal=search action=searching target=- sticky=- origin=(308,418) shop=0 scrolled=0 reason='search area' status=success
2026-09-29 07:28:38.948  INFO   combat      engage id=139 species=monster_해골_10 rel=(1,10)
2026-09-29 07:28:38.949  INFO   decision    mode=farming goal=combat action=attack target=139 sticky=139 origin=(308,418) shop=0 scrolled=0 reason='engage target' status=success
2026-09-29 07:28:39.587  INFO   session     Entity shadow: vision=4 {'player': 1, 'monster': 1, 'item': 2} memory=3 {'monster': 2, 'item': 1} paired=2 median=0.016
2026-09-29 07:28:39.665  INFO   combat      sticky wall/fence blocked id=139 — give up (no detour)
2026-09-29 07:28:39.665  INFO   combat      give-up id=139 sticky_was=139
2026-09-29 07:28:39.728  INFO   combat      give-up id=141 sticky_was=None
2026-09-29 07:28:39.788  INFO   decision    mode=farming goal=search action=searching target=- sticky=- origin=(307,417) shop=0 scrolled=0 reason='search area' status=success
2026-09-29 07:28:43.140  INFO   combat      engage id=144 species=monster_오크_2 rel=(-17,0)
2026-09-29 07:28:43.143  INFO   decision    mode=farming goal=combat action=attack target=144 sticky=144 origin=(303,421) shop=0 scrolled=0 reason='engage target' status=success
2026-09-29 07:28:44.698  INFO   session     Entity shadow: vision=4 {'monster': 3, 'player': 1} memory=6 {'player': 1, 'monster': 4, 'item': 1} paired=3 median=0.019 unleveled=189:사슴
2026-09-29 07:28:47.587  INFO   decision    mode=farming goal=loot action=searching target=145 sticky=- origin=(293,419) shop=0 scrolled=0 reason='walk onto item' status=success
2026-09-29 07:28:50.039  INFO   session     Entity shadow: vision=3 {'player': 2, 'item': 1} memory=4 {'monster': 2, 'player': 1, 'item': 1} paired=2 median=0.042 unleveled=189:사슴
2026-09-29 07:28:50.918  INFO   decision    mode=farming goal=search action=searching target=- sticky=- origin=(294,420) shop=0 scrolled=0 reason='search area' status=success
2026-09-29 07:28:52.250  INFO   combat      engage id=147 species=monster_오크 궁수_3 rel=(5,12)
2026-09-29 07:28:52.251  INFO   decision    mode=farming goal=combat action=attack target=147 sticky=147 origin=(296,420) shop=0 scrolled=0 reason='engage target' status=success
2026-09-29 07:28:54.442  INFO   decision    mode=farming goal=loot action=searching target=148 sticky=- origin=(299,420) shop=0 scrolled=0 reason='walk onto item' status=success
2026-09-29 07:28:55.216  INFO   session     Entity shadow: vision=3 {'item': 1, 'player': 2} memory=3 {'monster': 1, 'item': 1, 'player': 1} paired=2 median=0.025 unleveled=189:사슴
2026-09-29 07:28:59.980  INFO   combat      engage id=149 species=monster_늑대인간_9 rel=(1,10)
2026-09-29 07:28:59.981  INFO   decision    mode=farming goal=combat action=attack target=149 sticky=149 origin=(301,425) shop=0 scrolled=0 reason='engage target' status=success
2026-09-29 07:29:00.560  INFO   session     Entity shadow: vision=3 {'player': 2, 'monster': 1} memory=4 {'monster': 3, 'player': 1} paired=2 median=0.036 unleveled=189:사슴
2026-09-29 07:29:02.330  INFO   decision    mode=farming goal=combat action=attack target=150 sticky=150 origin=(303,430) shop=0 scrolled=0 reason='attack target' status=success
2026-09-29 07:29:05.728  INFO   session     Entity shadow: vision=3 {'player': 2, 'item': 1} memory=2 {'item': 1, 'player': 1} paired=2 median=0.009
2026-09-29 07:29:05.815  INFO   decision    mode=farming goal=loot action=searching target=153 sticky=- origin=(302,433) shop=0 scrolled=0 reason='walk onto item' status=success
2026-09-29 07:29:08.524  INFO   decision    mode=farming goal=loot action=pickup target=153 sticky=- origin=(299,440) shop=0 scrolled=0 reason='loot target' status=success
2026-09-29 07:29:09.024  INFO   decision    mode=farming goal=loot action=idle target=- sticky=- origin=(299,440) shop=0 scrolled=0 reason='pickup memory gone' status=success
2026-09-29 07:29:10.101  INFO   combat      engage id=154 species=monster_오크_2 rel=(-14,0)
2026-09-29 07:29:10.102  INFO   decision    mode=farming goal=combat action=attack target=154 sticky=154 origin=(300,441) shop=0 scrolled=0 reason='engage target' status=success
2026-09-29 07:29:10.931  INFO   session     Entity shadow: vision=2 {'monster': 2} memory=2 {'player': 1, 'monster': 1} paired=0 median=0.000
2026-09-29 07:29:12.322  INFO   decision    mode=farming goal=loot action=searching target=155 sticky=- origin=(298,441) shop=0 scrolled=0 reason='walk onto item' status=success
2026-09-29 07:29:16.136  INFO   session     Entity shadow: vision=4 {'player': 2, 'item': 2} memory=2 {'player': 1, 'item': 1} paired=2 median=0.040
2026-09-29 07:29:18.965  INFO   decision    mode=farming goal=loot action=pickup target=155 sticky=- origin=(289,442) shop=0 scrolled=0 reason='loot target' status=success
2026-09-29 07:29:19.458  INFO   decision    mode=traveling goal=traveling action=traveling target=- sticky=- origin=(289,442) shop=0 scrolled=0 reason='enter farm area' status=success
2026-09-29 07:29:21.289  INFO   session     Entity shadow: vision=2 {'player': 2} memory=1 {'player': 1} paired=1 median=0.018
2026-09-29 07:29:26.477  INFO   session     Entity shadow: vision=2 {'player': 2} memory=1 {'player': 1} paired=1 median=0.033
2026-09-29 07:29:26.904  INFO   decision    mode=farming goal=search action=searching target=- sticky=- origin=(293,430) shop=0 scrolled=0 reason='search area' status=success
2026-09-29 07:29:30.842  INFO   combat      engage id=157 species=monster_오크_2 rel=(10,6)
2026-09-29 07:29:30.842  INFO   decision    mode=farming goal=combat action=attack target=157 sticky=157 origin=(300,426) shop=0 scrolled=0 reason='engage target' status=success
2026-09-29 07:29:31.940  INFO   session     Entity shadow: vision=4 {'player': 3, 'monster': 1} memory=3 {'player': 2, 'monster': 1} paired=3 median=0.051
2026-09-29 07:29:34.590  INFO   decision    mode=farming goal=search action=searching target=- sticky=- origin=(306,428) shop=0 scrolled=0 reason='search area' status=success
2026-09-29 07:29:37.199  INFO   session     Entity shadow: vision=0 {} memory=0 {} paired=0 median=0.000
2026-09-29 07:29:42.336  INFO   session     Entity shadow: vision=3 {'player': 2, 'monster': 1} memory=1 {'player': 1} paired=1 median=0.032
2026-09-29 07:29:45.126  INFO   decision    mode=farming goal=search action=searching target=- sticky=- origin=(323,427) shop=0 scrolled=0 reason='search area' status=success (repeat x50)
2026-09-29 07:29:45.580  INFO   combat      engage id=160 species=monster_오크 전사_8 rel=(15,2)
2026-09-29 07:29:45.581  INFO   decision    mode=farming goal=combat action=attack target=160 sticky=160 origin=(323,427) shop=0 scrolled=0 reason='engage target' status=success
2026-09-29 07:29:47.568  INFO   session     Entity shadow: vision=4 {'player': 2, 'monster': 2} memory=3 {'player': 1, 'monster': 2} paired=2 median=0.037
2026-09-29 07:29:52.429  INFO   decision    mode=farming goal=loot action=searching target=164 sticky=- origin=(328,428) shop=0 scrolled=0 reason='walk onto item' status=success
2026-09-29 07:29:52.714  INFO   session     Entity shadow: vision=5 {'item': 1, 'monster': 2, 'player': 2} memory=4 {'item': 2, 'player': 2} paired=2 median=0.019
2026-09-29 07:29:57.741  INFO   session     Entity shadow: vision=6 {'player': 3, 'item': 1, 'monster': 2} memory=4 {'player': 2, 'monster': 1, 'item': 1} paired=4 median=0.045
2026-09-29 07:29:58.122  INFO   combat      engage id=166 species=monster_셸로브_14 rel=(16,-1)
2026-09-29 07:29:58.123  INFO   decision    mode=farming goal=combat action=attack target=166 sticky=166 origin=(329,429) shop=0 scrolled=0 reason='engage target' status=success
2026-09-29 07:30:01.680  INFO   decision    mode=farming goal=loot action=searching target=168 sticky=- origin=(333,430) shop=0 scrolled=0 reason='walk onto item' status=success
2026-09-29 07:30:02.761  INFO   session     Entity shadow: vision=6 {'monster': 1, 'player': 3, 'item': 2} memory=3 {'player': 2, 'item': 1} paired=2 median=0.008
2026-09-29 07:30:05.198  INFO   decision    mode=farming goal=search action=searching target=- sticky=- origin=(333,430) shop=0 scrolled=0 reason='search area' status=success
2026-09-29 07:30:08.033  INFO   session     Entity shadow: vision=4 {'player': 4} memory=3 {'player': 3} paired=3 median=0.031
2026-09-29 07:30:13.206  INFO   session     Entity shadow: vision=5 {'player': 4, 'monster': 1} memory=2 {'player': 2} paired=2 median=0.040
2026-09-29 07:30:16.185  INFO   decision    mode=farming goal=search action=searching target=- sticky=- origin=(337,422) shop=0 scrolled=0 reason='search area' status=success (repeat x50)
2026-09-29 07:30:18.207  INFO   session     Entity shadow: vision=2 {'player': 1, 'npc': 1} memory=1 {'player': 1} paired=1 median=0.040
2026-09-29 07:30:21.992  INFO   combat      engage id=174 species=monster_늑대인간_9 rel=(1,-15)
2026-09-29 07:30:22.164  INFO   decision    mode=farming goal=combat action=attack target=174 sticky=174 origin=(331,413) shop=0 scrolled=0 reason='engage target' status=success
2026-09-29 07:30:23.378  INFO   session     Entity shadow: vision=2 {'player': 1, 'monster': 1} memory=3 {'player': 1, 'monster': 2} paired=1 median=0.027 unleveled=189:사슴
2026-09-29 07:30:24.601  INFO   combat      sticky wall/fence blocked id=174 — give up (no detour)
2026-09-29 07:30:24.601  INFO   combat      give-up id=174 sticky_was=174
2026-09-29 07:30:24.629  INFO   decision    mode=farming goal=search action=searching target=- sticky=- origin=(332,409) shop=0 scrolled=0 reason='search area' status=success
2026-09-29 07:30:28.414  INFO   session     Entity shadow: vision=2 {'player': 1, 'monster': 1} memory=3 {'monster': 3} paired=1 median=0.017 unleveled=189:사슴
2026-09-29 07:30:30.782  INFO   combat      engage id=175 species=monster_오크_2 rel=(3,-14)
2026-09-29 07:30:30.783  INFO   decision    mode=farming goal=combat action=attack target=175 sticky=175 origin=(331,408) shop=0 scrolled=0 reason='engage target' status=success
2026-09-29 07:30:31.911  INFO   combat      sticky wall/fence blocked id=175 — give up (no detour)
2026-09-29 07:30:31.912  INFO   combat      give-up id=175 sticky_was=175
2026-09-29 07:30:31.967  INFO   decision    mode=farming goal=search action=searching target=- sticky=- origin=(332,409) shop=0 scrolled=0 reason='unstick nearby' status=success
2026-09-29 07:30:33.771  INFO   session     Entity shadow: vision=2 {'player': 1, 'monster': 1} memory=6 {'player': 1, 'monster': 4, 'item': 1} paired=1 median=0.080 unleveled=189:사슴
2026-09-29 07:30:36.091  INFO   combat      engage id=177 species=monster_늑대인간_9 rel=(2,-7)
2026-09-29 07:30:36.130  INFO   decision    mode=farming goal=combat action=attack target=177 sticky=177 origin=(330,405) shop=0 scrolled=0 reason='engage target' status=success
2026-09-29 07:30:39.046  INFO   session     Entity shadow: vision=2 {'item': 1, 'monster': 1} memory=4 {'monster': 2, 'player': 1, 'item': 1} paired=2 median=0.055
2026-09-29 07:30:42.609  INFO   decision    mode=farming goal=loot action=pickup target=183 sticky=- origin=(329,402) shop=0 scrolled=0 reason='engage item' status=success
2026-09-29 07:30:43.058  INFO   decision    mode=farming goal=loot action=idle target=- sticky=- origin=(328,402) shop=0 scrolled=0 reason='pickup memory gone' status=success
2026-09-29 07:30:44.076  INFO   session     Entity shadow: vision=2 {'monster': 1, 'player': 1} memory=4 {'player': 1, 'monster': 2, 'item': 1} paired=1 median=0.063 unleveled=207:토끼
2026-09-29 07:30:44.717  INFO   combat      engage id=182 species=monster_해골_10 rel=(0,5)
2026-09-29 07:30:44.717  INFO   decision    mode=farming goal=combat action=attack target=182 sticky=182 origin=(328,402) shop=0 scrolled=0 reason='engage target' status=success
2026-09-29 07:30:46.986  INFO   decision    mode=farming goal=search action=searching target=- sticky=- origin=(328,402) shop=0 scrolled=0 reason='search area' status=success
2026-09-29 07:30:49.158  INFO   session     Entity shadow: vision=1 {'player': 1} memory=3 {'monster': 2, 'player': 1} paired=1 median=0.040 unleveled=207:토끼
2026-09-29 07:30:49.290  INFO   combat      engage id=185 species=monster_오크 전사_8 rel=(-3,14)
2026-09-29 07:30:49.321  INFO   decision    mode=farming goal=combat action=attack target=185 sticky=185 origin=(327,405) shop=0 scrolled=0 reason='engage target' status=success
2026-09-29 07:30:50.880  INFO   combat      sticky wall/fence blocked id=185 — give up (no detour)
2026-09-29 07:30:50.881  INFO   combat      give-up id=185 sticky_was=185
2026-09-29 07:30:50.952  INFO   decision    mode=farming goal=search action=searching target=- sticky=- origin=(324,406) shop=0 scrolled=0 reason='search area' status=success
2026-09-29 07:30:53.649  INFO   combat      engage id=187 species=monster_오크 전사_8 rel=(-11,5)
2026-09-29 07:30:53.650  INFO   decision    mode=farming goal=combat action=attack target=187 sticky=187 origin=(323,409) shop=0 scrolled=0 reason='engage target' status=success
2026-09-29 07:30:54.175  INFO   session     Entity shadow: vision=2 {'monster': 2} memory=4 {'monster': 4} paired=1 median=0.026 unleveled=207:토끼,189:사슴
2026-09-29 07:30:54.803  INFO   combat      sticky wall/fence blocked id=187 — give up (no detour)
2026-09-29 07:30:54.804  INFO   combat      give-up id=187 sticky_was=187
2026-09-29 07:30:54.859  INFO   decision    mode=farming goal=search action=searching target=- sticky=- origin=(322,409) shop=0 scrolled=0 reason='search area' status=success
2026-09-29 07:30:59.232  INFO   session     Entity shadow: vision=0 {} memory=4 {'player': 1, 'monster': 3} paired=0 median=0.000 unleveled=207:토끼
2026-09-29 07:31:01.522  INFO   decision    mode=farming goal=loot action=pickup target=189 sticky=- origin=(319,410) shop=0 scrolled=0 reason='engage item' status=success
2026-09-29 07:31:01.990  INFO   decision    mode=farming goal=loot action=idle target=- sticky=- origin=(319,410) shop=0 scrolled=0 reason='pickup memory gone' status=success
2026-09-29 07:31:03.822  INFO   decision    mode=farming goal=loot action=pickup target=189 sticky=- origin=(317,410) shop=0 scrolled=0 reason='engage item' status=success
2026-09-29 07:31:04.267  INFO   decision    mode=farming goal=loot action=idle target=- sticky=- origin=(317,410) shop=0 scrolled=0 reason='pickup memory gone' status=success
2026-09-29 07:31:04.393  INFO   session     Entity shadow: vision=2 {'player': 1, 'item': 1} memory=2 {'player': 1, 'item': 1} paired=1 median=0.001
2026-09-29 07:31:06.137  INFO   decision    mode=farming goal=loot action=pickup target=189 sticky=- origin=(317,410) shop=0 scrolled=0 reason='engage item' status=success
2026-09-29 07:31:06.572  INFO   decision    mode=farming goal=loot action=idle target=- sticky=- origin=(317,410) shop=0 scrolled=0 reason='pickup memory gone' status=success
2026-09-29 07:31:07.045  INFO   combat      engage id=190 species=monster_오크 전사_8 rel=(6,8)
2026-09-29 07:31:07.046  INFO   decision    mode=farming goal=combat action=attack target=190 sticky=190 origin=(317,410) shop=0 scrolled=0 reason='engage target' status=success
2026-09-29 07:31:09.400  INFO   session     Entity shadow: vision=0 {} memory=2 {'player': 2} paired=0 median=0.000
2026-09-29 07:31:09.490  INFO   decision    mode=farming goal=search action=searching target=- sticky=- origin=(317,410) shop=0 scrolled=0 reason='search area' status=success
2026-09-29 07:31:11.718  INFO   combat      engage id=192 species=monster_오크 궁수_3 rel=(4,12)
2026-09-29 07:31:11.757  INFO   decision    mode=farming goal=combat action=attack target=192 sticky=192 origin=(318,413) shop=0 scrolled=0 reason='engage target' status=success
2026-09-29 07:31:12.453  INFO   decision    mode=farming goal=search action=searching target=- sticky=- origin=(317,413) shop=0 scrolled=0 reason='search area' status=success
2026-09-29 07:31:13.047  INFO   combat      engage id=193 species=monster_오크 궁수_3 rel=(3,10)
2026-09-29 07:31:13.048  INFO   decision    mode=farming goal=combat action=attack target=193 sticky=193 origin=(317,413) shop=0 scrolled=0 reason='engage target' status=success
2026-09-29 07:31:13.598  INFO   combat      sticky wall/fence blocked id=193 — give up (no detour)
2026-09-29 07:31:13.598  INFO   combat      give-up id=193 sticky_was=193
2026-09-29 07:31:13.659  INFO   decision    mode=farming goal=search action=searching target=- sticky=- origin=(317,414) shop=0 scrolled=0 reason='search area' status=success
2026-09-29 07:31:14.460  INFO   session     Entity shadow: vision=3 {'monster': 2, 'player': 1} memory=4 {'monster': 2, 'player': 2} paired=2 median=0.050
2026-09-29 07:31:15.299  INFO   decision    mode=farming goal=loot action=searching target=195 sticky=- origin=(316,417) shop=0 scrolled=0 reason='walk onto item' status=success
2026-09-29 07:31:16.324  INFO   decision    mode=farming goal=search action=searching target=- sticky=- origin=(315,418) shop=0 scrolled=0 reason='search area' status=success
2026-09-29 07:31:19.664  INFO   session     Entity shadow: vision=2 {'player': 1, 'monster': 1} memory=2 {'monster': 1, 'player': 1} paired=1 median=0.025
2026-09-29 07:31:21.119  INFO   decision    mode=farming goal=loot action=pickup target=198 sticky=- origin=(315,418) shop=0 scrolled=0 reason='engage item' status=success
2026-09-29 07:31:21.547  INFO   decision    mode=farming goal=loot action=idle target=- sticky=- origin=(315,418) shop=0 scrolled=0 reason='pickup memory gone' status=success
2026-09-29 07:31:23.340  INFO   decision    mode=farming goal=loot action=pickup target=198 sticky=- origin=(314,417) shop=0 scrolled=0 reason='engage item' status=success
2026-09-29 07:31:23.821  INFO   decision    mode=farming goal=loot action=idle target=- sticky=- origin=(314,417) shop=0 scrolled=0 reason='pickup memory gone' status=success
2026-09-29 07:31:24.723  INFO   session     Entity shadow: vision=2 {'item': 1, 'player': 1} memory=3 {'player': 2, 'item': 1} paired=1 median=0.006
2026-09-29 07:31:25.735  INFO   decision    mode=farming goal=loot action=pickup target=198 sticky=- origin=(314,417) shop=0 scrolled=0 reason='engage item' status=success
2026-09-29 07:31:26.176  INFO   decision    mode=farming goal=loot action=idle target=- sticky=- origin=(314,417) shop=0 scrolled=0 reason='pickup memory gone' status=success
2026-09-29 07:31:27.770  INFO   decision    mode=farming goal=search action=searching target=- sticky=- origin=(314,417) shop=0 scrolled=0 reason='search area' status=success
2026-09-29 07:31:28.281  INFO   nav         unstick TP emit reason=unstick confined
2026-09-29 07:31:28.282  INFO   decision    mode=farming goal=unstick action=teleport target=- sticky=- origin=(314,417) shop=0 scrolled=0 reason='unstick confined' status=success
2026-09-29 07:31:29.316  INFO   decision    mode=farming goal=search action=searching target=- sticky=- origin=(313,418) shop=0 scrolled=0 reason='search area' status=success
2026-09-29 07:31:29.724  INFO   session     Entity shadow: vision=1 {'player': 1} memory=2 {'player': 2} paired=1 median=0.100
2026-09-29 07:31:30.928  INFO   combat      engage id=199 species=monster_오크 전사_8 rel=(13,1)
2026-09-29 07:31:30.928  INFO   decision    mode=farming goal=combat action=attack target=199 sticky=199 origin=(324,396) shop=0 scrolled=0 reason='engage target' status=success
2026-09-29 07:31:32.411  INFO   combat      sticky wall/fence blocked id=199 — give up (no detour)
2026-09-29 07:31:32.412  INFO   combat      give-up id=199 sticky_was=199
2026-09-29 07:31:32.468  INFO   decision    mode=traveling goal=traveling action=traveling target=- sticky=- origin=(324,396) shop=0 scrolled=0 reason='enter farm area' status=success
2026-09-29 07:31:34.038  INFO   combat      engage id=201 species=monster_오크_2 rel=(14,-1)
2026-09-29 07:31:34.039  INFO   decision    mode=traveling goal=combat action=attack target=201 sticky=201 origin=(325,396) shop=0 scrolled=0 reason='engage target' status=success
2026-09-29 07:31:34.874  INFO   session     Entity shadow: vision=2 {'monster': 2} memory=3 {'monster': 3} paired=2 median=0.040 unleveled=189:사슴
2026-09-29 07:31:40.107  INFO   session     Entity shadow: vision=4 {'monster': 1, 'player': 2, 'item': 1} memory=7 {'player': 2, 'monster': 2, 'item': 3} paired=3 median=0.033 unleveled=207:토끼
2026-09-29 07:31:40.218  INFO   decision    mode=traveling goal=loot action=searching target=205 sticky=- origin=(328,394) shop=0 scrolled=0 reason='walk onto item' status=success
2026-09-29 07:31:42.343  INFO   decision    mode=traveling goal=loot action=searching target=207 sticky=- origin=(328,394) shop=0 scrolled=0 reason='walk onto item' status=success
2026-09-29 07:31:45.334  INFO   session     Entity shadow: vision=7 {'player': 3, 'monster': 1, 'item': 3} memory=6 {'monster': 2, 'player': 3, 'item': 1} paired=2 median=0.049 unleveled=189:사슴,207:토끼
2026-09-29 07:31:46.868  INFO   decision    mode=traveling goal=loot action=pickup target=207 sticky=- origin=(334,395) shop=0 scrolled=0 reason='loot target' status=success
2026-09-29 07:31:47.342  INFO   decision    mode=traveling goal=loot action=idle target=- sticky=- origin=(334,395) shop=0 scrolled=0 reason='pickup memory gone' status=success
2026-09-29 07:31:49.161  INFO   combat      engage id=215 species=monster_셸로브_14 rel=(0,14)
2026-09-29 07:31:49.162  INFO   decision    mode=traveling goal=combat action=attack target=215 sticky=215 origin=(336,395) shop=0 scrolled=0 reason='engage target' status=success
2026-09-29 07:31:50.520  INFO   session     Entity shadow: vision=2 {'player': 1, 'monster': 1} memory=6 {'player': 4, 'monster': 2} paired=0 median=0.000 unleveled=207:토끼
2026-09-29 07:31:50.591  INFO   combat      sticky wall/fence blocked id=215 — give up (no detour)
2026-09-29 07:31:50.592  INFO   combat      give-up id=215 sticky_was=215
2026-09-29 07:31:50.620  INFO   decision    mode=traveling goal=traveling action=traveling target=- sticky=- origin=(336,395) shop=0 scrolled=0 reason='enter farm area' status=success
2026-09-29 07:31:51.487  INFO   decision    mode=traveling goal=loot action=searching target=216 sticky=- origin=(336,396) shop=0 scrolled=0 reason='walk onto item' status=success
2026-09-29 07:31:52.577  INFO   decision    mode=traveling goal=traveling action=traveling target=- sticky=- origin=(336,398) shop=0 scrolled=0 reason='enter farm area' status=success
2026-09-29 07:31:55.671  INFO   session     Entity shadow: vision=2 {'player': 2} memory=5 {'player': 4, 'monster': 1} paired=1 median=0.044 unleveled=207:토끼
2026-09-29 07:31:59.034  INFO   decision    mode=farming goal=search action=searching target=- sticky=- origin=(326,400) shop=0 scrolled=0 reason='search area' status=success
2026-09-29 07:32:00.658  INFO   session     Entity shadow: vision=1 {'player': 1} memory=6 {'player': 4, 'monster': 2} paired=1 median=0.025 unleveled=189:사슴,207:토끼
2026-09-29 07:32:05.818  INFO   session     Entity shadow: vision=2 {'player': 2} memory=5 {'player': 1, 'monster': 4} paired=1 median=0.036 unleveled=189:사슴,207:토끼,12:슬라임
2026-09-29 07:32:10.180  INFO   decision    mode=farming goal=search action=searching target=- sticky=- origin=(327,415) shop=0 scrolled=0 reason='search area' status=success (repeat x50)
2026-09-29 07:32:10.973  INFO   session     Entity shadow: vision=1 {'monster': 1} memory=5 {'player': 1, 'monster': 4} paired=0 median=0.000 unleveled=207:토끼,189:사슴,12:슬라임
2026-09-29 07:32:14.254  INFO   decision    mode=farming goal=loot action=searching target=223 sticky=- origin=(327,421) shop=0 scrolled=0 reason='walk onto item' status=success
2026-09-29 07:32:16.132  INFO   session     Entity shadow: vision=4 {'player': 2, 'monster': 1, 'item': 1} memory=4 {'monster': 2, 'item': 1, 'player': 1} paired=2 median=0.025 unleveled=12:슬라임,189:사슴
2026-09-29 07:32:17.850  INFO   decision    mode=farming goal=search action=searching target=- sticky=- origin=(324,425) shop=0 scrolled=0 reason='search area' status=success
2026-09-29 07:32:19.710  INFO   decision    mode=farming goal=buff action=buff target=- sticky=- origin=(325,428) shop=0 scrolled=0 reason='power_up' status=success
2026-09-29 07:32:20.231  INFO   decision    mode=farming goal=search action=searching target=- sticky=- origin=(325,430) shop=0 scrolled=0 reason='search area' status=success
2026-09-29 07:32:21.200  INFO   session     Entity shadow: vision=2 {'monster': 1, 'player': 1} memory=1 {'monster': 1} paired=1 median=0.090 unleveled=12:슬라임
2026-09-29 07:32:23.850  INFO   combat      engage id=225 species=monster_좀비_6 rel=(12,-7)
2026-09-29 07:32:23.851  INFO   decision    mode=farming goal=combat action=attack target=225 sticky=225 origin=(325,431) shop=0 scrolled=0 reason='engage target' status=success
2026-09-29 07:32:26.231  INFO   session     Entity shadow: vision=3 {'monster': 2, 'player': 1} memory=3 {'monster': 3} paired=1 median=0.023 unleveled=12:슬라임,189:사슴
2026-09-29 07:32:29.947  INFO   decision    mode=farming goal=search action=searching target=- sticky=- origin=(326,430) shop=0 scrolled=0 reason='search area' status=success
2026-09-29 07:32:31.455  INFO   session     Entity shadow: vision=2 {'monster': 1, 'player': 1} memory=3 {'player': 1, 'monster': 2} paired=0 median=0.000 unleveled=12:슬라임,189:사슴
2026-09-29 07:32:31.939  INFO   combat      engage id=227 species=monster_해골_10 rel=(9,8)
2026-09-29 07:32:31.968  INFO   decision    mode=farming goal=combat action=attack target=227 sticky=227 origin=(327,429) shop=0 scrolled=0 reason='engage target' status=success
2026-09-29 07:32:36.786  INFO   session     Entity shadow: vision=5 {'monster': 3, 'player': 2} memory=4 {'monster': 3, 'player': 1} paired=1 median=0.030 unleveled=189:사슴,12:슬라임
2026-09-29 07:32:38.408  INFO   combat      engage id=230 species=monster_늑대인간_9 rel=(6,-11)
2026-09-29 07:32:38.410  INFO   decision    mode=farming goal=combat action=attack target=230 sticky=230 origin=(328,430) shop=0 scrolled=0 reason='engage target' status=success
2026-09-29 07:32:41.946  INFO   session     Entity shadow: vision=6 {'monster': 3, 'player': 3} memory=6 {'monster': 4, 'player': 2} paired=4 median=0.030 unleveled=189:사슴,12:슬라임
2026-09-29 07:32:42.929  INFO   combat      engage id=231 species=monster_오크 전사_8 rel=(0,-9)
2026-09-29 07:32:42.930  INFO   decision    mode=farming goal=combat action=attack target=231 sticky=231 origin=(332,429) shop=0 scrolled=0 reason='engage target' status=success
2026-09-29 07:32:44.422  INFO   combat      sticky wall/fence blocked id=231 — give up (no detour)
2026-09-29 07:32:44.423  INFO   combat      give-up id=231 sticky_was=231
2026-09-29 07:32:44.478  INFO   decision    mode=farming goal=search action=searching target=- sticky=- origin=(333,428) shop=0 scrolled=0 reason='search area' status=success
2026-09-29 07:32:45.055  INFO   combat      engage id=232 species=monster_해골_10 rel=(12,5)
2026-09-29 07:32:45.224  INFO   decision    mode=farming goal=combat action=attack target=232 sticky=232 origin=(333,428) shop=0 scrolled=0 reason='engage target' status=success
2026-09-29 07:32:46.947  INFO   session     Entity shadow: vision=5 {'player': 3, 'monster': 2} memory=5 {'monster': 3, 'player': 2} paired=3 median=0.047 unleveled=12:슬라임
2026-09-29 07:32:51.775  INFO   decision    mode=farming goal=loot action=pickup target=234 sticky=- origin=(337,430) shop=0 scrolled=0 reason='engage item' status=success
2026-09-29 07:32:52.220  INFO   session     Entity shadow: vision=5 {'player': 2, 'item': 3} memory=5 {'player': 1, 'monster': 1, 'item': 3} paired=4 median=0.014 unleveled=12:슬라임
2026-09-29 07:32:52.321  INFO   decision    mode=farming goal=loot action=idle target=- sticky=- origin=(337,430) shop=0 scrolled=0 reason='pickup memory gone' status=success
2026-09-29 07:32:52.799  INFO   decision    mode=farming goal=loot action=searching target=236 sticky=- origin=(338,431) shop=0 scrolled=0 reason='walk onto item' status=success
2026-09-29 07:32:56.387  INFO   decision    mode=farming goal=search action=searching target=- sticky=- origin=(335,427) shop=0 scrolled=0 reason='search area' status=success
2026-09-29 07:32:57.331  INFO   session     Entity shadow: vision=5 {'player': 3, 'monster': 1, 'item': 1} memory=4 {'player': 2, 'monster': 1, 'item': 1} paired=3 median=0.024 unleveled=12:슬라임
2026-09-29 07:32:59.598  INFO   combat      engage id=239 species=monster_해골_10 rel=(-9,8)
2026-09-29 07:32:59.625  INFO   decision    mode=farming goal=combat action=attack target=239 sticky=239 origin=(333,427) shop=0 scrolled=0 reason='engage target' status=success
2026-09-29 07:33:02.492  INFO   session     Entity shadow: vision=6 {'item': 2, 'monster': 2, 'player': 2} memory=5 {'monster': 2, 'player': 2, 'item': 1} paired=3 median=0.022 unleveled=12:슬라임
2026-09-29 07:33:02.964  INFO   decision    mode=farming goal=loot action=searching target=241 sticky=- origin=(332,431) shop=0 scrolled=0 reason='walk onto item' status=success
2026-09-29 07:33:06.399  INFO   combat      engage id=244 species=monster_오크_2 rel=(-11,9)
2026-09-29 07:33:06.400  INFO   decision    mode=farming goal=combat action=attack target=244 sticky=244 origin=(330,433) shop=0 scrolled=0 reason='engage target' status=success
2026-09-29 07:33:07.549  INFO   session     Entity shadow: vision=6 {'player': 3, 'monster': 3} memory=6 {'monster': 3, 'player': 2, 'item': 1} paired=3 median=0.018 unleveled=12:슬라임
2026-09-29 07:33:08.753  INFO   decision    mode=traveling goal=traveling action=traveling target=- sticky=- origin=(329,434) shop=0 scrolled=0 reason='enter farm area' status=success
2026-09-29 07:33:10.849  INFO   decision    mode=farming goal=search action=searching target=- sticky=- origin=(330,431) shop=0 scrolled=0 reason='search area' status=success
2026-09-29 07:33:12.651  INFO   session     Entity shadow: vision=6 {'player': 4, 'item': 2} memory=6 {'monster': 3, 'player': 2, 'item': 1} paired=3 median=0.025 unleveled=12:슬라임,207:토끼
2026-09-29 07:33:13.544  INFO   decision    mode=farming goal=loot action=searching target=246 sticky=- origin=(330,428) shop=0 scrolled=0 reason='walk onto item' status=success
2026-09-29 07:33:17.711  INFO   session     Entity shadow: vision=7 {'player': 2, 'item': 5} memory=7 {'monster': 3, 'player': 2, 'item': 2} paired=3 median=0.010 unleveled=12:슬라임,207:토끼
2026-09-29 07:33:19.244  INFO   decision    mode=farming goal=loot action=searching target=249 sticky=- origin=(333,419) shop=0 scrolled=0 reason='walk onto item' status=success
2026-09-29 07:33:22.480  INFO   decision    mode=farming goal=search action=searching target=- sticky=- origin=(330,420) shop=0 scrolled=0 reason='search area' status=success
2026-09-29 07:33:22.832  INFO   session     Entity shadow: vision=5 {'player': 2, 'monster': 1, 'item': 2} memory=5 {'player': 2, 'monster': 2, 'item': 1} paired=3 median=0.047 unleveled=12:슬라임,207:토끼
2026-09-29 07:33:28.006  INFO   session     Entity shadow: vision=4 {'monster': 2, 'item': 2} memory=4 {'player': 1, 'monster': 2, 'item': 1} paired=1 median=0.012 unleveled=207:토끼,12:슬라임
2026-09-29 07:33:29.539  INFO   combat      engage id=245 species=monster_좀비_6 rel=(4,0)
2026-09-29 07:33:29.539  INFO   decision    mode=farming goal=combat action=attack target=245 sticky=245 origin=(326,422) shop=0 scrolled=0 reason='engage target' status=success
2026-09-29 07:33:30.244  INFO   decision    mode=farming goal=search action=searching target=- sticky=- origin=(328,422) shop=0 scrolled=0 reason='search area' status=success
2026-09-29 07:33:33.181  INFO   session     Entity shadow: vision=5 {'item': 1, 'player': 2, 'monster': 2} memory=5 {'player': 1, 'monster': 3, 'item': 1} paired=3 median=0.016 unleveled=12:슬라임,207:토끼
2026-09-29 07:33:37.167  INFO   nav         unstick TP emit reason=unstick confined
2026-09-29 07:33:37.168  INFO   decision    mode=farming goal=unstick action=teleport target=- sticky=- origin=(328,420) shop=0 scrolled=0 reason='unstick confined' status=success
2026-09-29 07:33:38.190  INFO   decision    mode=farming goal=search action=searching target=- sticky=- origin=(327,421) shop=0 scrolled=0 reason='search area' status=success
2026-09-29 07:33:38.481  INFO   session     Entity shadow: vision=2 {'item': 1, 'monster': 1} memory=4 {'player': 1, 'monster': 2, 'item': 1} paired=2 median=0.044 unleveled=207:토끼
2026-09-29 07:33:40.250  INFO   decision    mode=farming goal=loot action=searching target=258 sticky=- origin=(334,417) shop=0 scrolled=0 reason='walk onto item' status=success
2026-09-29 07:33:43.528  INFO   session     Entity shadow: vision=6 {'player': 2, 'item': 4} memory=6 {'monster': 3, 'player': 1, 'item': 2} paired=3 median=0.028 unleveled=207:토끼,209:토끼,206:토끼
2026-09-29 07:33:44.565  INFO   decision    mode=farming goal=search action=searching target=- sticky=- origin=(339,416) shop=0 scrolled=0 reason='search area' status=success
2026-09-29 07:33:47.910  INFO   decision    mode=farming goal=loot action=searching target=261 sticky=- origin=(344,416) shop=0 scrolled=0 reason='walk onto item' status=success
2026-09-29 07:33:48.591  INFO   session     Entity shadow: vision=3 {'item': 1, 'monster': 1, 'player': 1} memory=5 {'monster': 3, 'item': 1, 'player': 1} paired=2 median=0.030 unleveled=206:토끼,209:토끼,207:토끼
2026-09-29 07:33:50.278  INFO   combat      engage id=255 species=monster_좀비_6 rel=(-4,-1)
2026-09-29 07:33:50.303  INFO   decision    mode=farming goal=combat action=attack target=255 sticky=255 origin=(345,415) shop=0 scrolled=0 reason='engage target' status=success
2026-09-29 07:33:51.441  INFO   decision    mode=farming goal=loot action=searching target=261 sticky=- origin=(342,413) shop=0 scrolled=0 reason='walk onto item' status=success
2026-09-29 07:33:53.392  INFO   decision    mode=farming goal=loot action=pickup target=261 sticky=- origin=(340,411) shop=0 scrolled=0 reason='loot target' status=success
2026-09-29 07:33:53.773  INFO   session     Entity shadow: vision=3 {'player': 1, 'item': 2} memory=5 {'monster': 3, 'player': 1, 'item': 1} paired=1 median=0.008 unleveled=207:토끼,209:토끼,206:토끼
2026-09-29 07:33:53.846  INFO   decision    mode=farming goal=loot action=idle target=- sticky=- origin=(340,411) shop=0 scrolled=0 reason='pickup memory gone' status=success
2026-09-29 07:33:55.717  INFO   decision    mode=farming goal=loot action=pickup target=261 sticky=- origin=(339,410) shop=0 scrolled=0 reason='engage item' status=success
2026-09-29 07:33:56.129  INFO   decision    mode=farming goal=loot action=idle target=- sticky=- origin=(339,410) shop=0 scrolled=0 reason='pickup memory gone' status=success
2026-09-29 07:33:56.686  INFO   decision    mode=farming goal=search action=searching target=- sticky=- origin=(340,409) shop=0 scrolled=0 reason='search area' status=success
2026-09-29 07:33:58.829  INFO   session     Entity shadow: vision=2 {'player': 2} memory=1 {'player': 1} paired=1 median=0.012
2026-09-29 07:34:02.320  INFO   combat      engage id=264 species=monster_셸로브_14 rel=(11,3)
2026-09-29 07:34:02.321  INFO   decision    mode=farming goal=combat action=attack target=264 sticky=264 origin=(338,405) shop=0 scrolled=0 reason='engage target' status=success
2026-09-29 07:34:03.310  INFO   combat      sticky wall/fence blocked id=264 — give up (no detour)
2026-09-29 07:34:03.311  INFO   combat      give-up id=264 sticky_was=264
2026-09-29 07:34:03.339  INFO   decision    mode=farming goal=search action=searching target=- sticky=- origin=(338,403) shop=0 scrolled=0 reason='search area' status=success
2026-09-29 07:34:03.845  INFO   session     Entity shadow: vision=0 {} memory=2 {'player': 1, 'monster': 1} paired=0 median=0.000
2026-09-29 07:34:06.440  INFO   decision    mode=farming goal=loot action=searching target=265 sticky=- origin=(338,403) shop=0 scrolled=0 reason='walk onto item' status=success
2026-09-29 07:34:08.844  INFO   decision    mode=farming goal=search action=searching target=- sticky=- origin=(338,403) shop=0 scrolled=0 reason='unstick nearby' status=success
2026-09-29 07:34:09.098  INFO   session     Entity shadow: vision=1 {'player': 1} memory=1 {'player': 1} paired=0 median=0.000
2026-09-29 07:34:14.227  INFO   session     Entity shadow: vision=1 {'player': 1} memory=0 {} paired=0 median=0.000
2026-09-29 07:34:14.660  INFO   combat      engage id=267 species=monster_해골_10 rel=(-8,10)
2026-09-29 07:34:14.661  INFO   decision    mode=farming goal=combat action=attack target=267 sticky=267 origin=(331,403) shop=0 scrolled=0 reason='engage target' status=success
2026-09-29 07:34:15.748  INFO   decision    mode=farming goal=search action=searching target=- sticky=- origin=(330,403) shop=0 scrolled=0 reason='search area' status=success
2026-09-29 07:34:19.279  INFO   session     Entity shadow: vision=1 {'player': 1} memory=0 {} paired=0 median=0.000
2026-09-29 07:34:24.328  INFO   session     Entity shadow: vision=1 {'monster': 1} memory=0 {} paired=0 median=0.000
2026-09-29 07:34:26.214  INFO   decision    mode=farming goal=search action=searching target=- sticky=- origin=(327,400) shop=0 scrolled=0 reason='search area' status=success (repeat x50)
2026-09-29 07:34:27.912  INFO   decision    mode=traveling goal=traveling action=traveling target=- sticky=- origin=(327,403) shop=0 scrolled=0 reason='low adena yield' status=success
2026-09-29 07:34:28.797  INFO   nav         unstick TP emit reason=unstick confined
2026-09-29 07:34:28.798  INFO   decision    mode=traveling goal=unstick action=teleport target=- sticky=- origin=(327,403) shop=0 scrolled=0 reason='unstick confined' status=success
2026-09-29 07:34:29.607  INFO   session     Entity shadow: vision=1 {'player': 1} memory=0 {} paired=0 median=0.000
2026-09-29 07:34:29.752  INFO   decision    mode=traveling goal=traveling action=traveling target=- sticky=- origin=(327,405) shop=0 scrolled=0 reason='low adena yield' status=success
2026-09-29 07:34:30.057  INFO   decision    mode=traveling goal=buff action=buff target=- sticky=- origin=(326,404) shop=0 scrolled=0 reason='light' status=success
2026-09-29 07:34:30.546  INFO   decision    mode=traveling goal=traveling action=traveling target=- sticky=- origin=(326,404) shop=0 scrolled=0 reason='low adena yield' status=success
2026-09-29 07:34:34.710  INFO   session     Entity shadow: vision=1 {'player': 1} memory=0 {} paired=0 median=0.000
2026-09-29 07:34:39.801  INFO   session     Entity shadow: vision=2 {'player': 2} memory=1 {'player': 1} paired=1 median=0.028
2026-09-29 07:34:40.707  INFO   decision    mode=traveling goal=traveling action=traveling target=- sticky=- origin=(246,430) shop=0 scrolled=0 reason='low adena yield' status=success (repeat x50)
2026-09-29 07:34:44.986  INFO   session     Entity shadow: vision=2 {'player': 2} memory=2 {'player': 1, 'monster': 1} paired=1 median=0.053 unleveled=68:경비병
2026-09-29 07:34:50.019  INFO   session     Entity shadow: vision=2 {'player': 1, 'npc': 1} memory=1 {'monster': 1} paired=0 median=0.000 unleveled=68:경비병
2026-09-29 07:34:51.038  INFO   decision    mode=traveling goal=traveling action=traveling target=- sticky=- origin=(234,429) shop=0 scrolled=0 reason='low adena yield' status=success (repeat x50)
2026-09-29 07:34:55.141  INFO   session     Entity shadow: vision=2 {'player': 1, 'item': 1} memory=1 {'item': 1} paired=1 median=0.012
2026-09-29 07:35:00.231  INFO   session     Entity shadow: vision=3 {'player': 1, 'item': 2} memory=2 {'item': 2} paired=2 median=0.011
2026-09-29 07:35:01.019  INFO   decision    mode=traveling goal=traveling action=traveling target=- sticky=- origin=(219,429) shop=0 scrolled=0 reason='low adena yield' status=success (repeat x50)
2026-09-29 07:35:05.336  INFO   session     Entity shadow: vision=2 {'player': 1, 'item': 1} memory=1 {'item': 1} paired=1 median=0.031
2026-09-29 07:35:07.533  INFO   combat      engage id=274 species=monster_오크 전사_8 rel=(-5,-10)
2026-09-29 07:35:07.534  INFO   decision    mode=traveling goal=combat action=attack target=274 sticky=274 origin=(209,419) shop=0 scrolled=0 reason='engage target' status=success
2026-09-29 07:35:10.548  INFO   session     Entity shadow: vision=3 {'item': 1, 'player': 1, 'monster': 1} memory=2 {'monster': 1, 'item': 1} paired=2 median=0.032
2026-09-29 07:35:14.338  INFO   decision    mode=traveling goal=loot action=pickup target=276 sticky=- origin=(206,416) shop=0 scrolled=0 reason='engage item' status=success
2026-09-29 07:35:14.800  INFO   decision    mode=traveling goal=loot action=idle target=- sticky=- origin=(206,416) shop=0 scrolled=0 reason='pickup memory gone' status=success
2026-09-29 07:35:15.627  INFO   session     Entity shadow: vision=4 {'item': 3, 'player': 1} memory=2 {'item': 2} paired=2 median=0.031
2026-09-29 07:35:16.716  INFO   decision    mode=traveling goal=loot action=pickup target=276 sticky=- origin=(206,416) shop=0 scrolled=0 reason='engage item' status=success
2026-09-29 07:35:17.190  INFO   decision    mode=traveling goal=loot action=idle target=- sticky=- origin=(206,416) shop=0 scrolled=0 reason='pickup memory gone' status=success
2026-09-29 07:35:18.722  INFO   decision    mode=traveling goal=traveling action=traveling target=- sticky=- origin=(207,417) shop=0 scrolled=0 reason='low adena yield' status=success
2026-09-29 07:35:20.689  INFO   session     Entity shadow: vision=1 {'player': 1} memory=0 {} paired=0 median=0.000
2026-09-29 07:35:25.863  INFO   session     Entity shadow: vision=2 {'player': 2} memory=1 {'player': 1} paired=1 median=0.058
2026-09-29 07:35:29.576  INFO   decision    mode=traveling goal=traveling action=traveling target=- sticky=- origin=(193,410) shop=0 scrolled=0 reason='low adena yield' status=success (repeat x50)
2026-09-29 07:35:30.976  INFO   session     Entity shadow: vision=2 {'player': 2} memory=0 {} paired=0 median=0.000
2026-09-29 07:35:36.091  INFO   session     Entity shadow: vision=1 {'player': 1} memory=0 {} paired=0 median=0.000
2026-09-29 07:35:39.268  INFO   decision    mode=traveling goal=traveling action=traveling target=- sticky=- origin=(199,395) shop=0 scrolled=0 reason='low adena yield' status=success (repeat x50)
2026-09-29 07:35:41.139  INFO   session     Entity shadow: vision=1 {'player': 1} memory=0 {} paired=0 median=0.000
2026-09-29 07:35:42.725  INFO   combat      engage id=281 species=monster_오크 궁수_3 rel=(1,-17)
2026-09-29 07:35:42.726  INFO   decision    mode=traveling goal=combat action=attack target=281 sticky=281 origin=(200,389) shop=0 scrolled=0 reason='engage target' status=success
2026-09-29 07:35:46.142  INFO   session     Entity shadow: vision=1 {'monster': 1} memory=3 {'monster': 3} paired=0 median=0.000 unleveled=208:토끼
2026-09-29 07:35:46.997  INFO   combat      engage id=282 species=monster_오크 전사_8 rel=(-3,-2)
2026-09-29 07:35:46.998  INFO   decision    mode=traveling goal=combat action=attack target=282 sticky=282 origin=(201,383) shop=0 scrolled=0 reason='engage target' status=success
2026-09-29 07:35:51.261  INFO   session     Entity shadow: vision=0 {} memory=4 {'monster': 4} paired=0 median=0.000 unleveled=208:토끼
2026-09-29 07:35:52.368  INFO   combat      sticky wall/fence blocked id=285 — give up (no detour)
2026-09-29 07:35:52.371  INFO   combat      give-up id=285 sticky_was=285
2026-09-29 07:35:52.428  INFO   combat      engage id=284 species=monster_오크 전사_8 rel=(-3,-6)
2026-09-29 07:35:52.436  INFO   decision    mode=traveling goal=combat action=attack target=284 sticky=284 origin=(201,383) shop=0 scrolled=0 reason='engage target' status=success
2026-09-29 07:35:56.479  INFO   session     Entity shadow: vision=0 {} memory=3 {'monster': 3} paired=0 median=0.000 unleveled=208:토끼
2026-09-29 07:35:59.951  INFO   decision    mode=traveling goal=loot action=pickup target=286 sticky=- origin=(201,383) shop=0 scrolled=0 reason='engage item' status=success
2026-09-29 07:36:00.384  INFO   decision    mode=traveling goal=loot action=idle target=- sticky=- origin=(201,383) shop=0 scrolled=0 reason='pickup memory gone' status=success
2026-09-29 07:36:00.955  INFO   decision    mode=traveling goal=traveling action=traveling target=- sticky=- origin=(201,383) shop=0 scrolled=0 reason='low adena yield' status=success
2026-09-29 07:36:01.560  INFO   session     Entity shadow: vision=0 {} memory=1 {'monster': 1} paired=0 median=0.000
2026-09-29 07:36:05.423  INFO   combat      engage id=287 species=monster_셸로브_14 rel=(-4,-12)
2026-09-29 07:36:05.424  INFO   decision    mode=traveling goal=combat action=attack target=287 sticky=287 origin=(198,379) shop=0 scrolled=0 reason='engage target' status=success
2026-09-29 07:36:06.645  INFO   session     Entity shadow: vision=0 {} memory=2 {'monster': 2} paired=0 median=0.000
2026-09-29 07:36:11.796  INFO   session     Entity shadow: vision=0 {} memory=2 {'monster': 2} paired=0 median=0.000
2026-09-29 07:36:15.606  INFO   decision    mode=traveling goal=combat action=searching target=287 sticky=287 origin=(197,378) shop=0 scrolled=0 reason='sidestep combat block' status=success
2026-09-29 07:36:15.912  INFO   decision    mode=traveling goal=combat action=attack target=287 sticky=287 origin=(197,378) shop=0 scrolled=0 reason='attack target' status=success
2026-09-29 07:36:16.477  INFO   decision    mode=traveling goal=loot action=pickup target=289 sticky=- origin=(197,378) shop=0 scrolled=0 reason='engage item' status=success
2026-09-29 07:36:16.804  INFO   session     Entity shadow: vision=1 {'item': 1} memory=3 {'item': 2, 'monster': 1} paired=1 median=0.070
2026-09-29 07:36:16.869  INFO   decision    mode=traveling goal=loot action=idle target=- sticky=- origin=(197,378) shop=0 scrolled=0 reason='pickup memory gone' status=success
2026-09-29 07:36:17.629  INFO   decision    mode=traveling goal=traveling action=traveling target=- sticky=- origin=(197,378) shop=0 scrolled=0 reason='low adena yield' status=success
2026-09-29 07:36:21.831  INFO   session     Entity shadow: vision=1 {'item': 1} memory=2 {'item': 1, 'monster': 1} paired=1 median=0.051
2026-09-29 07:36:24.487  INFO   combat      engage id=291 species=monster_오크 궁수_3 rel=(2,-15)
2026-09-29 07:36:24.488  INFO   decision    mode=traveling goal=combat action=attack target=291 sticky=291 origin=(196,375) shop=0 scrolled=0 reason='engage target' status=success
2026-09-29 07:36:27.043  INFO   session     Entity shadow: vision=4 {'item': 2, 'monster': 1, 'player': 1} memory=5 {'monster': 4, 'item': 1} paired=2 median=0.069
2026-09-29 07:36:28.771  INFO   combat      engage id=290 species=monster_세퍼드_5 rel=(-1,-12)
2026-09-29 07:36:28.772  INFO   decision    mode=traveling goal=combat action=attack target=290 sticky=290 origin=(198,371) shop=0 scrolled=0 reason='engage target' status=success
2026-09-29 07:36:29.369  INFO   session     일시정지 — 단축키
2026-09-29 07:36:48.485  INFO   session     일시정지 / 재개 → 실행 중
2026-09-29 07:36:48.725  INFO   session     Entity shadow: vision=1 {'monster': 1} memory=1 {'item': 1} paired=0 median=0.000
2026-09-29 07:36:48.934  INFO   decision    mode=traveling goal=loot action=pickup target=293 sticky=- origin=(198,375) shop=0 scrolled=0 reason='engage item' status=success
2026-09-29 07:36:49.553  INFO   decision    mode=traveling goal=loot action=idle target=- sticky=- origin=(198,375) shop=0 scrolled=0 reason='pickup memory gone' status=success
2026-09-29 07:36:51.139  INFO   decision    mode=traveling goal=traveling action=traveling target=- sticky=- origin=(199,374) shop=0 scrolled=0 reason='low adena yield' status=success
2026-09-29 07:36:53.873  INFO   session     Entity shadow: vision=1 {'monster': 1} memory=0 {} paired=0 median=0.000
2026-09-29 07:36:54.623  INFO   combat      engage id=294 species=monster_고블린_2 rel=(-3,-16)
2026-09-29 07:36:54.624  INFO   decision    mode=traveling goal=combat action=attack target=294 sticky=294 origin=(194,369) shop=0 scrolled=0 reason='engage target' status=success
2026-09-29 07:36:58.892  INFO   session     Entity shadow: vision=2 {'player': 1, 'monster': 1} memory=2 {'monster': 2} paired=1 median=0.009
2026-09-29 07:36:59.796  INFO   combat      engage id=295 species=monster_세퍼드_5 rel=(7,-6)
2026-09-29 07:36:59.797  INFO   decision    mode=traveling goal=combat action=attack target=295 sticky=295 origin=(192,358) shop=0 scrolled=0 reason='engage target' status=success
2026-09-29 07:37:02.041  INFO   decision    mode=traveling goal=loot action=searching target=296 sticky=- origin=(193,357) shop=0 scrolled=0 reason='walk onto item' status=success
2026-09-29 07:37:04.021  INFO   session     Entity shadow: vision=3 {'monster': 1, 'player': 1, 'item': 1} memory=2 {'player': 1, 'item': 1} paired=2 median=0.026
2026-09-29 07:37:04.856  INFO   decision    mode=traveling goal=loot action=pickup target=296 sticky=- origin=(199,353) shop=0 scrolled=0 reason='loot target' status=success
2026-09-29 07:37:05.311  INFO   decision    mode=traveling goal=loot action=idle target=- sticky=- origin=(199,353) shop=0 scrolled=0 reason='pickup memory gone' status=success
2026-09-29 07:37:07.135  INFO   decision    mode=traveling goal=loot action=pickup target=296 sticky=- origin=(201,353) shop=0 scrolled=0 reason='engage item' status=success
2026-09-29 07:37:07.542  INFO   decision    mode=traveling goal=loot action=idle target=- sticky=- origin=(201,353) shop=0 scrolled=0 reason='pickup memory gone' status=success
2026-09-29 07:37:09.093  INFO   session     Entity shadow: vision=2 {'player': 2} memory=2 {'player': 1, 'item': 1} paired=1 median=0.025
2026-09-29 07:37:09.347  INFO   decision    mode=traveling goal=loot action=pickup target=296 sticky=- origin=(201,353) shop=0 scrolled=0 reason='engage item' status=success
2026-09-29 07:37:09.784  INFO   decision    mode=traveling goal=traveling action=traveling target=- sticky=- origin=(201,353) shop=0 scrolled=0 reason='low adena yield' status=success
2026-09-29 07:37:14.236  INFO   session     Entity shadow: vision=2 {'player': 2} memory=1 {'player': 1} paired=1 median=0.022
2026-09-29 07:37:17.702  INFO   combat      engage id=299 species=monster_오크 전사_8 rel=(-13,-6)
2026-09-29 07:37:17.703  INFO   decision    mode=traveling goal=combat action=attack target=299 sticky=299 origin=(191,352) shop=0 scrolled=0 reason='engage target' status=success
2026-09-29 07:37:19.422  INFO   session     Entity shadow: vision=3 {'player': 1, 'monster': 2} memory=4 {'player': 1, 'monster': 2, 'npc': 1} paired=2 median=0.048
2026-09-29 07:37:23.225  INFO   decision    mode=traveling goal=loot action=pickup target=301 sticky=- origin=(184,347) shop=0 scrolled=0 reason='engage item' status=success
2026-09-29 07:37:23.653  INFO   decision    mode=traveling goal=loot action=idle target=- sticky=- origin=(184,347) shop=0 scrolled=0 reason='pickup memory gone' status=success
2026-09-29 07:37:24.404  INFO   session     Entity shadow: vision=3 {'player': 2, 'item': 1} memory=3 {'monster': 1, 'item': 1, 'player': 1} paired=2 median=0.004
2026-09-29 07:37:25.493  INFO   combat      engage id=302 species=monster_난쟁이_5 rel=(-5,-5)
2026-09-29 07:37:25.525  INFO   decision    mode=traveling goal=combat action=attack target=302 sticky=302 origin=(184,347) shop=0 scrolled=0 reason='engage target' status=success
2026-09-29 07:37:29.572  INFO   session     Entity shadow: vision=4 {'item': 1, 'player': 2, 'monster': 1} memory=3 {'player': 1, 'monster': 1, 'item': 1} paired=3 median=0.013
2026-09-29 07:37:30.681  INFO   decision    mode=traveling goal=loot action=pickup target=301 sticky=- origin=(183,346) shop=0 scrolled=0 reason='engage item' status=success
2026-09-29 07:37:31.101  INFO   decision    mode=traveling goal=loot action=idle target=- sticky=- origin=(183,346) shop=0 scrolled=0 reason='pickup memory gone' status=success
2026-09-29 07:37:32.826  INFO   decision    mode=traveling goal=traveling action=traveling target=- sticky=- origin=(182,347) shop=0 scrolled=0 reason='low adena yield' status=success
2026-09-29 07:37:34.732  INFO   session     Entity shadow: vision=2 {'player': 2} memory=1 {'player': 1} paired=1 median=0.043
2026-09-29 07:37:35.279  INFO   decision    mode=farming goal=search action=searching target=- sticky=- origin=(178,343) shop=0 scrolled=0 reason='search area' status=success
2026-09-29 07:37:37.119  INFO   combat      engage id=304 species=monster_난쟁이_5 rel=(-5,-14)
2026-09-29 07:37:37.120  INFO   decision    mode=farming goal=combat action=attack target=304 sticky=304 origin=(176,341) shop=0 scrolled=0 reason='engage target' status=success
2026-09-29 07:37:39.876  INFO   session     Entity shadow: vision=2 {'player': 1, 'item': 1} memory=3 {'monster': 1, 'item': 1, 'player': 1} paired=1 median=0.012
2026-09-29 07:37:42.865  INFO   decision    mode=farming goal=loot action=searching target=306 sticky=- origin=(171,335) shop=0 scrolled=0 reason='walk onto item' status=success
2026-09-29 07:37:44.960  INFO   session     Entity shadow: vision=2 {'player': 1, 'item': 1} memory=1 {'item': 1} paired=1 median=0.016
2026-09-29 07:37:46.395  INFO   decision    mode=farming goal=loot action=pickup target=306 sticky=- origin=(169,328) shop=0 scrolled=0 reason='loot target' status=success
2026-09-29 07:37:46.902  INFO   decision    mode=farming goal=loot action=idle target=- sticky=- origin=(169,328) shop=0 scrolled=0 reason='pickup memory gone' status=success
2026-09-29 07:37:48.720  INFO   decision    mode=farming goal=loot action=pickup target=306 sticky=- origin=(169,327) shop=0 scrolled=0 reason='engage item' status=success
2026-09-29 07:37:49.169  INFO   decision    mode=farming goal=search action=searching target=- sticky=- origin=(169,327) shop=0 scrolled=0 reason='search area' status=success
2026-09-29 07:37:49.968  INFO   session     Entity shadow: vision=1 {'player': 1} memory=0 {} paired=0 median=0.000
2026-09-29 07:37:55.084  INFO   session     Entity shadow: vision=1 {'player': 1} memory=0 {} paired=0 median=0.000
2026-09-29 07:37:59.503  INFO   decision    mode=farming goal=search action=searching target=- sticky=- origin=(176,326) shop=0 scrolled=0 reason='search area' status=success (repeat x50)
2026-09-29 07:38:00.210  INFO   session     Entity shadow: vision=2 {'monster': 1, 'player': 1} memory=0 {} paired=0 median=0.000
2026-09-29 07:38:04.601  INFO   combat      engage id=307 species=monster_오크_2 rel=(-8,-10)
2026-09-29 07:38:04.630  INFO   decision    mode=farming goal=combat action=attack target=307 sticky=307 origin=(167,323) shop=0 scrolled=0 reason='engage target' status=success
2026-09-29 07:38:05.205  INFO   combat      sticky wall/fence blocked id=307 — give up (no detour)
2026-09-29 07:38:05.209  INFO   combat      give-up id=307 sticky_was=307
2026-09-29 07:38:05.254  INFO   combat      engage id=308 species=monster_난쟁이_5 rel=(-8,-8)
2026-09-29 07:38:05.263  INFO   decision    mode=farming goal=combat action=attack target=308 sticky=308 origin=(165,322) shop=0 scrolled=0 reason='engage target' status=success
2026-09-29 07:38:05.823  INFO   session     Entity shadow: vision=3 {'player': 1, 'monster': 2} memory=2 {'monster': 2} paired=2 median=0.054
2026-09-29 07:38:10.617  INFO   decision    mode=farming goal=search action=searching target=- sticky=- origin=(157,316) shop=0 scrolled=0 reason='search area' status=success
2026-09-29 07:38:10.893  INFO   session     Entity shadow: vision=2 {'player': 1, 'monster': 1} memory=1 {'monster': 1} paired=1 median=0.043
2026-09-29 07:38:15.414  INFO   combat      engage id=309 species=monster_코볼트_3 rel=(-5,-1)
2026-09-29 07:38:15.416  INFO   decision    mode=farming goal=combat action=attack target=309 sticky=309 origin=(149,310) shop=0 scrolled=0 reason='engage target' status=success
2026-09-29 07:38:15.909  INFO   session     Entity shadow: vision=2 {'player': 1, 'monster': 1} memory=2 {'monster': 2} paired=1 median=0.061
2026-09-29 07:38:18.637  INFO   decision    mode=farming goal=loot action=pickup target=310 sticky=- origin=(143,307) shop=0 scrolled=0 reason='engage item' status=success
2026-09-29 07:38:19.059  INFO   decision    mode=farming goal=loot action=idle target=- sticky=- origin=(143,307) shop=0 scrolled=0 reason='pickup memory gone' status=success
2026-09-29 07:38:20.714  INFO   decision    mode=farming goal=search action=searching target=- sticky=- origin=(142,307) shop=0 scrolled=0 reason='search area' status=success
2026-09-29 07:38:20.981  INFO   session     Entity shadow: vision=2 {'item': 1, 'player': 1} memory=2 {'monster': 1, 'item': 1} paired=1 median=0.023
2026-09-29 07:38:26.037  INFO   session     Entity shadow: vision=1 {'player': 1} memory=2 {'monster': 2} paired=0 median=0.000 unleveled=12:슬라임
2026-09-29 07:38:30.879  INFO   combat      engage id=314 species=monster_코볼트_3 rel=(11,8)
2026-09-29 07:38:30.909  INFO   decision    mode=farming goal=combat action=attack target=314 sticky=314 origin=(126,325) shop=0 scrolled=0 reason='engage target' status=success
2026-09-29 07:38:31.469  INFO   session     Entity shadow: vision=3 {'player': 1, 'monster': 2} memory=2 {'monster': 2} paired=1 median=0.015 unleveled=12:슬라임
2026-09-29 07:38:34.438  INFO   decision    mode=farming goal=loot action=pickup target=317 sticky=- origin=(134,329) shop=0 scrolled=0 reason='engage item' status=success
2026-09-29 07:38:34.934  INFO   decision    mode=farming goal=loot action=idle target=- sticky=- origin=(134,329) shop=0 scrolled=0 reason='pickup memory gone' status=success
2026-09-29 07:38:36.324  INFO   combat      engage id=316 species=monster_오크 전사_8 rel=(5,-1)
2026-09-29 07:38:36.325  INFO   decision    mode=farming goal=combat action=attack target=316 sticky=316 origin=(134,329) shop=0 scrolled=0 reason='engage target' status=success
2026-09-29 07:38:36.864  INFO   session     Entity shadow: vision=3 {'monster': 2, 'item': 1} memory=4 {'monster': 3, 'item': 1} paired=2 median=0.017 unleveled=12:슬라임
2026-09-29 07:38:40.422  INFO   combat      engage id=315 species=monster_오크_2 rel=(0,-2)
2026-09-29 07:38:40.424  INFO   decision    mode=farming goal=combat action=attack target=315 sticky=315 origin=(134,329) shop=0 scrolled=0 reason='engage target' status=success
2026-09-29 07:38:42.158  INFO   session     Entity shadow: vision=5 {'item': 4, 'monster': 1} memory=4 {'monster': 2, 'item': 2} paired=2 median=0.004 unleveled=12:슬라임
2026-09-29 07:38:42.843  INFO   decision    mode=farming goal=loot action=pickup target=319 sticky=- origin=(134,329) shop=0 scrolled=0 reason='engage item' status=success
2026-09-29 07:38:43.313  INFO   decision    mode=farming goal=loot action=idle target=- sticky=- origin=(134,329) shop=0 scrolled=0 reason='pickup memory gone' status=success
2026-09-29 07:38:44.167  INFO   decision    mode=farming goal=loot action=pickup target=317 sticky=- origin=(134,329) shop=0 scrolled=0 reason='engage item' status=success
2026-09-29 07:38:44.647  INFO   decision    mode=farming goal=loot action=idle target=- sticky=- origin=(134,329) shop=0 scrolled=0 reason='pickup memory gone' status=success
2026-09-29 07:38:46.450  INFO   decision    mode=farming goal=loot action=pickup target=317 sticky=- origin=(134,329) shop=0 scrolled=0 reason='engage item' status=success
2026-09-29 07:38:46.859  INFO   decision    mode=farming goal=loot action=idle target=- sticky=- origin=(134,329) shop=0 scrolled=0 reason='pickup memory gone' status=success
2026-09-29 07:38:47.224  INFO   session     Entity shadow: vision=4 {'item': 2, 'player': 1, 'monster': 1} memory=3 {'monster': 1, 'item': 2} paired=2 median=0.008 unleveled=12:슬라임
2026-09-29 07:38:48.574  INFO   decision    mode=farming goal=loot action=pickup target=318 sticky=- origin=(134,330) shop=0 scrolled=0 reason='engage item' status=success
2026-09-29 07:38:49.058  INFO   decision    mode=farming goal=loot action=idle target=- sticky=- origin=(134,330) shop=0 scrolled=0 reason='pickup memory gone' status=success
2026-09-29 07:38:50.702  INFO   decision    mode=farming goal=search action=searching target=- sticky=- origin=(135,329) shop=0 scrolled=0 reason='search area' status=success
2026-09-29 07:38:52.278  INFO   session     Entity shadow: vision=2 {'player': 1, 'monster': 1} memory=1 {'monster': 1} paired=0 median=0.000 unleveled=12:슬라임
2026-09-29 07:38:57.394  INFO   session     Entity shadow: vision=2 {'player': 1, 'monster': 1} memory=3 {'monster': 2, 'player': 1} paired=0 median=0.000 unleveled=12:슬라임
2026-09-29 07:39:01.450  INFO   decision    mode=farming goal=search action=searching target=- sticky=- origin=(137,339) shop=0 scrolled=0 reason='search area' status=success (repeat x50)
2026-09-29 07:39:02.697  INFO   session     Entity shadow: vision=2 {'player': 1, 'monster': 1} memory=3 {'monster': 2, 'player': 1} paired=0 median=0.000 unleveled=12:슬라임
2026-09-29 07:39:07.176  INFO   combat      engage id=322 species=monster_난쟁이_5 rel=(-1,-15)
2026-09-29 07:39:07.177  INFO   decision    mode=farming goal=combat action=attack target=322 sticky=322 origin=(147,328) shop=0 scrolled=0 reason='engage target' status=success
2026-09-29 07:39:07.746  INFO   session     Entity shadow: vision=1 {'player': 1} memory=1 {'monster': 1} paired=0 median=0.000
2026-09-29 07:39:10.486  INFO   decision    mode=farming goal=loot action=searching target=324 sticky=- origin=(146,322) shop=0 scrolled=0 reason='walk onto item' status=success
2026-09-29 07:39:12.934  INFO   session     Entity shadow: vision=2 {'player': 1, 'item': 1} memory=2 {'monster': 1, 'item': 1} paired=1 median=0.031
2026-09-29 07:39:13.689  INFO   combat      engage id=323 species=monster_오크_2 rel=(5,3)
2026-09-29 07:39:13.714  INFO   decision    mode=farming goal=combat action=attack target=323 sticky=323 origin=(147,321) shop=0 scrolled=0 reason='engage target' status=success
2026-09-29 07:39:16.060  INFO   decision    mode=farming goal=loot action=searching target=324 sticky=- origin=(147,319) shop=0 scrolled=0 reason='walk onto item' status=success
2026-09-29 07:39:18.002  INFO   session     Entity shadow: vision=2 {'player': 1, 'item': 1} memory=1 {'item': 1} paired=1 median=0.009
2026-09-29 07:39:18.065  INFO   combat      give-up id=324 sticky_was=None
2026-09-29 07:39:18.095  INFO   decision    mode=farming goal=search action=searching target=- sticky=- origin=(149,319) shop=0 scrolled=0 reason='search area' status=success
2026-09-29 07:39:23.074  INFO   session     Entity shadow: vision=3 {'player': 1, 'item': 2} memory=1 {'item': 1} paired=1 median=0.031
2026-09-29 07:39:27.058  INFO   decision    mode=farming goal=loot action=searching target=328 sticky=- origin=(161,308) shop=0 scrolled=0 reason='walk onto item' status=success
2026-09-29 07:39:28.151  INFO   session     Entity shadow: vision=2 {'player': 1, 'item': 1} memory=2 {'monster': 1, 'item': 1} paired=1 median=0.015
2026-09-29 07:39:33.219  INFO   session     Entity shadow: vision=3 {'player': 1, 'item': 2} memory=2 {'item': 2} paired=2 median=0.026
2026-09-29 07:39:33.815  INFO   decision    mode=farming goal=loot action=pickup target=328 sticky=- origin=(148,312) shop=0 scrolled=0 reason='loot target' status=success
2026-09-29 07:39:34.201  INFO   decision    mode=farming goal=loot action=idle target=- sticky=- origin=(148,312) shop=0 scrolled=0 reason='pickup memory gone' status=success
2026-09-29 07:39:35.195  INFO   decision    mode=farming goal=search action=searching target=- sticky=- origin=(146,312) shop=0 scrolled=0 reason='search area' status=success
2026-09-29 07:39:38.260  INFO   session     Entity shadow: vision=1 {'player': 1} memory=1 {'item': 1} paired=0 median=0.000
2026-09-29 07:39:39.227  INFO   combat      engage id=331 species=monster_오크_2 rel=(13,4)
2026-09-29 07:39:39.228  INFO   decision    mode=farming goal=combat action=attack target=331 sticky=331 origin=(147,319) shop=0 scrolled=0 reason='engage target' status=success
2026-09-29 07:39:42.103  INFO   decision    mode=farming goal=combat action=attack target=333 sticky=333 origin=(149,322) shop=0 scrolled=0 reason='attack target' status=success
2026-09-29 07:39:43.452  INFO   session     Entity shadow: vision=2 {'monster': 2} memory=2 {'monster': 2} paired=1 median=0.024
2026-09-29 07:39:45.365  INFO   combat      engage id=332 species=monster_난쟁이_5 rel=(13,2)
2026-09-29 07:39:45.366  INFO   decision    mode=farming goal=combat action=attack target=332 sticky=332 origin=(150,321) shop=0 scrolled=0 reason='engage target' status=success
2026-09-29 07:39:48.683  INFO   session     Entity shadow: vision=1 {'player': 1} memory=3 {'monster': 1, 'item': 1, 'player': 1} paired=0 median=0.000
2026-09-29 07:39:48.750  INFO   decision    mode=farming goal=combat action=attack target=335 sticky=335 origin=(153,323) shop=0 scrolled=0 reason='attack target' status=success
2026-09-29 07:39:52.120  INFO   decision    mode=farming goal=loot action=searching target=336 sticky=- origin=(154,324) shop=0 scrolled=0 reason='walk onto item' status=success
2026-09-29 07:39:53.756  INFO   session     Entity shadow: vision=1 {'item': 1} memory=2 {'item': 1, 'player': 1} paired=1 median=0.003
2026-09-29 07:39:54.282  INFO   combat      give-up id=336 sticky_was=None
2026-09-29 07:39:54.297  INFO   decision    mode=farming goal=search action=searching target=- sticky=- origin=(158,322) shop=0 scrolled=0 reason='search area' status=success
2026-09-29 07:39:58.900  INFO   session     Entity shadow: vision=3 {'monster': 1, 'item': 2} memory=4 {'monster': 3, 'item': 1} paired=1 median=0.016 unleveled=208:토끼,211:토끼,207:토끼
2026-09-29 07:40:02.523  INFO   session     일시정지 — 단축키
2026-09-29 07:40:04.648  INFO   session     일시정지 / 재개 → 실행 중
2026-09-29 07:40:04.929  INFO   session     Entity shadow: vision=3 {'player': 1, 'item': 2} memory=5 {'monster': 3, 'player': 1, 'item': 1} paired=1 median=0.014 unleveled=207:토끼,211:토끼,208:토끼
2026-09-29 07:40:07.358  INFO   decision    mode=farming goal=search action=searching target=- sticky=- origin=(163,327) shop=0 scrolled=0 reason='search area' status=success (repeat x50)
2026-09-29 07:40:10.047  INFO   session     Entity shadow: vision=2 {'player': 1, 'item': 1} memory=2 {'monster': 1, 'item': 1} paired=1 median=0.019 unleveled=208:토끼
2026-09-29 07:40:11.305  INFO   session     일시정지 — 단축키
2026-09-29 07:40:17.998  INFO   session     일시정지 / 재개 → 실행 중
2026-09-29 07:40:18.266  INFO   session     Entity shadow: vision=2 {'player': 1, 'monster': 1} memory=2 {'monster': 2} paired=1 median=0.018
2026-09-29 07:40:18.466  INFO   combat      engage id=345 species=monster_난쟁이_5 rel=(10,0)
2026-09-29 07:40:18.660  INFO   decision    mode=farming goal=combat action=attack target=345 sticky=345 origin=(163,322) shop=0 scrolled=0 reason='engage target' status=success
2026-09-29 07:40:21.955  INFO   decision    mode=farming goal=combat action=attack target=346 sticky=346 origin=(166,321) shop=0 scrolled=0 reason='attack target' status=success
2026-09-29 07:40:23.371  INFO   session     Entity shadow: vision=4 {'player': 1, 'monster': 3} memory=4 {'monster': 4} paired=3 median=0.016 unleveled=207:토끼
2026-09-29 07:40:25.319  INFO   decision    mode=farming goal=combat action=attack target=349 sticky=349 origin=(168,321) shop=0 scrolled=0 reason='attack target' status=success
2026-09-29 07:40:28.452  INFO   session     Entity shadow: vision=5 {'player': 1, 'item': 1, 'monster': 3} memory=6 {'item': 2, 'monster': 4} paired=3 median=0.040
2026-09-29 07:40:28.930  INFO   combat      engage id=348 species=monster_오크_2 rel=(2,0)
2026-09-29 07:40:28.955  INFO   decision    mode=farming goal=combat action=attack target=348 sticky=348 origin=(168,321) shop=0 scrolled=0 reason='engage target' status=success
2026-09-29 07:40:30.220  INFO   combat      engage id=347 species=monster_오크전사_8 rel=(2,1)
2026-09-29 07:40:30.251  INFO   decision    mode=farming goal=combat action=attack target=347 sticky=347 origin=(169,320) shop=0 scrolled=0 reason='engage target' status=success
2026-09-29 07:40:31.564  INFO   combat      engage id=351 species=monster_오크 전사_8 rel=(1,0)
2026-09-29 07:40:31.565  INFO   decision    mode=farming goal=combat action=attack target=351 sticky=351 origin=(169,320) shop=0 scrolled=0 reason='engage target' status=success
2026-09-29 07:40:33.484  INFO   session     Entity shadow: vision=4 {'item': 4} memory=5 {'monster': 2, 'item': 3} paired=3 median=0.010 unleveled=207:토끼
2026-09-29 07:40:34.177  INFO   session     일시정지 — 단축키
2026-09-29 07:40:46.242  INFO   session     일시정지 / 재개 → 실행 중
2026-09-29 07:40:46.879  INFO   session     Entity shadow: vision=3 {'item': 3} memory=5 {'monster': 1, 'item': 4} paired=3 median=0.080 unleveled=207:토끼
2026-09-29 07:40:47.126  INFO   decision    mode=farming goal=loot action=pickup target=352 sticky=- origin=(168,322) shop=0 scrolled=0 reason='engage item' status=success
2026-09-29 07:40:48.023  INFO   decision    mode=farming goal=loot action=idle target=- sticky=- origin=(169,321) shop=0 scrolled=0 reason='pickup memory gone' status=success
2026-09-29 07:40:49.174  INFO   decision    mode=farming goal=loot action=pickup target=354 sticky=- origin=(169,321) shop=0 scrolled=0 reason='engage item' status=success
2026-09-29 07:40:49.829  INFO   decision    mode=farming goal=loot action=idle target=- sticky=- origin=(169,320) shop=0 scrolled=0 reason='pickup memory gone' status=success
2026-09-29 07:40:50.235  INFO   decision    mode=farming goal=loot action=searching target=350 sticky=- origin=(169,320) shop=0 scrolled=0 reason='walk onto item' status=success
2026-09-29 07:40:51.629  INFO   session     Entity shadow: vision=4 {'item': 1, 'player': 2, 'monster': 1} memory=3 {'monster': 1, 'player': 1, 'item': 1} paired=2 median=0.054 unleveled=207:토끼
2026-09-29 07:40:52.345  INFO   session     일시정지 — 단축키
2026-09-29 07:41:53.760  INFO   session     일시정지 / 재개 → 실행 중
2026-09-29 07:41:53.996  INFO   session     Entity shadow: vision=1 {'player': 1} memory=2 {'monster': 2} paired=0 median=0.000 unleveled=14:개구리
2026-09-29 07:41:54.601  INFO   combat      engage id=356 species=monster_셸로브_14 rel=(2,-5)
2026-09-29 07:41:55.104  INFO   decision    mode=farming goal=combat action=attack target=356 sticky=356 origin=(128,408) shop=0 scrolled=0 reason='engage target' status=success
2026-09-29 07:41:55.969  INFO   combat      sticky wall/fence blocked id=356 — give up (no detour)
2026-09-29 07:41:55.970  INFO   combat      give-up id=356 sticky_was=356
2026-09-29 07:41:56.064  INFO   decision    mode=traveling goal=traveling action=traveling target=- sticky=- origin=(131,409) shop=0 scrolled=0 reason='enter farm area' status=success
2026-09-29 07:41:57.355  INFO   combat      engage id=358 species=monster_오크_2 rel=(0,-16)
2026-09-29 07:41:57.706  INFO   decision    mode=traveling goal=combat action=attack target=358 sticky=358 origin=(132,410) shop=0 scrolled=0 reason='engage target' status=success
2026-09-29 07:41:59.014  INFO   session     Entity shadow: vision=2 {'player': 1, 'monster': 1} memory=3 {'monster': 3} paired=1 median=0.032 unleveled=14:개구리
2026-09-29 07:42:02.230  INFO   decision    mode=traveling goal=traveling action=traveling target=- sticky=- origin=(132,403) shop=0 scrolled=0 reason='enter farm area' status=success
2026-09-29 07:42:04.145  INFO   session     Entity shadow: vision=4 {'player': 1, 'monster': 3} memory=1 {'monster': 1} paired=1 median=0.005
2026-09-29 07:42:07.873  INFO   session     일시정지 — 단축키
2026-09-29 07:42:53.150  INFO   session     재개 → 실행 중
2026-09-29 07:42:53.774  INFO   session     Entity shadow: vision=2 {'player': 1, 'item': 1} memory=4 {'monster': 3, 'item': 1} paired=1 median=0.016 unleveled=207:토끼,210:토끼,12:슬라임
2026-09-29 07:42:53.956  INFO   decision    mode=traveling goal=buff action=buff target=- sticky=- origin=(134,394) shop=0 scrolled=0 reason='armor_up' status=success
2026-09-29 07:42:55.269  INFO   nav         unstick TP emit reason=unstick confined
2026-09-29 07:42:55.270  INFO   decision    mode=traveling goal=unstick action=teleport target=- sticky=- origin=(134,394) shop=0 scrolled=0 reason='unstick confined' status=success
2026-09-29 07:42:56.575  INFO   decision    mode=traveling goal=traveling action=traveling target=- sticky=- origin=(134,394) shop=0 scrolled=0 reason='enter farm area' status=success
2026-09-29 07:42:58.428  INFO   session     Entity shadow: vision=2 {'player': 1, 'item': 1} memory=5 {'monster': 4, 'item': 1} paired=1 median=0.035 unleveled=12:슬라임,207:토끼,210:토끼
2026-09-29 07:42:58.538  INFO   combat      engage id=363 species=monster_셸로브_14 rel=(13,-5)
2026-09-29 07:42:58.539  INFO   decision    mode=traveling goal=combat action=attack target=363 sticky=363 origin=(136,392) shop=0 scrolled=0 reason='engage target' status=success
2026-09-29 07:43:03.548  INFO   session     Entity shadow: vision=3 {'item': 1, 'monster': 1, 'player': 1} memory=5 {'monster': 4, 'item': 1} paired=2 median=0.019 unleveled=207:토끼,210:토끼
2026-09-29 07:43:08.858  INFO   session     Entity shadow: vision=4 {'item': 2, 'monster': 1, 'player': 1} memory=5 {'monster': 4, 'item': 1} paired=2 median=0.019 unleveled=207:토끼,210:토끼
2026-09-29 07:43:09.444  INFO   decision    mode=traveling goal=loot action=pickup target=365 sticky=- origin=(139,389) shop=0 scrolled=0 reason='engage item' status=success
2026-09-29 07:43:10.056  INFO   decision    mode=traveling goal=loot action=idle target=- sticky=- origin=(139,389) shop=0 scrolled=0 reason='pickup memory gone' status=success
2026-09-29 07:43:10.736  INFO   combat      engage id=364 species=monster_코볼트_3 rel=(12,-1)
2026-09-29 07:43:10.737  INFO   decision    mode=traveling goal=combat action=attack target=364 sticky=364 origin=(139,389) shop=0 scrolled=0 reason='engage target' status=success
2026-09-29 07:43:11.213  INFO   session     일시정지 — 단축키
2026-09-29 07:43:33.076  INFO   session     일시정지 / 재개 → 실행 중
2026-09-29 07:43:33.702  INFO   session     Entity shadow: vision=3 {'player': 1, 'item': 2} memory=2 {'item': 2} paired=2 median=0.035
2026-09-29 07:43:33.880  INFO   nav         unstick TP emit reason=unstick confined
2026-09-29 07:43:34.363  INFO   decision    mode=traveling goal=unstick action=teleport target=- sticky=- origin=(143,387) shop=0 scrolled=0 reason='unstick confined' status=success
2026-09-29 07:43:35.891  INFO   combat      engage id=369 species=monster_난쟁이_5 rel=(-11,-5)
2026-09-29 07:43:35.893  INFO   decision    mode=traveling goal=combat action=attack target=369 sticky=369 origin=(143,387) shop=0 scrolled=0 reason='engage target' status=success
2026-09-29 07:43:36.573  INFO   combat      sticky wall/fence blocked id=369 — give up (no detour)
2026-09-29 07:43:36.902  INFO   combat      give-up id=369 sticky_was=369
2026-09-29 07:43:37.005  INFO   combat      engage id=371 species=monster_늑대인간_9 rel=(7,-2)
2026-09-29 07:43:37.012  INFO   decision    mode=traveling goal=combat action=attack target=371 sticky=371 origin=(128,374) shop=0 scrolled=0 reason='engage target' status=success
2026-09-29 07:43:38.750  INFO   session     Entity shadow: vision=2 {'item': 1, 'player': 1} memory=4 {'monster': 3, 'item': 1} paired=1 median=0.013
2026-09-29 07:43:43.206  INFO   combat      engage id=370 species=monster_난쟁이_5 rel=(2,0)
2026-09-29 07:43:43.207  INFO   decision    mode=traveling goal=combat action=attack target=370 sticky=370 origin=(128,374) shop=0 scrolled=0 reason='engage target' status=success
2026-09-29 07:43:43.876  INFO   session     Entity shadow: vision=3 {'item': 2, 'player': 1} memory=4 {'monster': 2, 'item': 2} paired=2 median=0.013
2026-09-29 07:43:47.341  INFO   decision    mode=traveling goal=loot action=pickup target=372 sticky=- origin=(128,374) shop=0 scrolled=0 reason='engage item' status=success
2026-09-29 07:43:48.174  INFO   decision    mode=traveling goal=loot action=idle target=- sticky=- origin=(129,374) shop=0 scrolled=0 reason='pickup memory gone' status=success
2026-09-29 07:43:49.291  INFO   session     Entity shadow: vision=2 {'item': 2} memory=3 {'monster': 1, 'item': 2} paired=2 median=0.030
2026-09-29 07:43:49.686  INFO   decision    mode=traveling goal=traveling action=traveling target=- sticky=- origin=(129,374) shop=0 scrolled=0 reason='enter farm area' status=success
2026-09-29 07:43:54.412  INFO   session     Entity shadow: vision=1 {'player': 1} memory=1 {'monster': 1} paired=0 median=0.000
2026-09-29 07:43:55.368  INFO   combat      engage id=373 species=monster_코볼트_3 rel=(2,-15)
2026-09-29 07:43:55.706  INFO   decision    mode=traveling goal=combat action=attack target=373 sticky=373 origin=(131,364) shop=0 scrolled=0 reason='engage target' status=success
2026-09-29 07:43:57.701  INFO   decision    mode=traveling goal=loot action=searching target=374 sticky=- origin=(133,359) shop=0 scrolled=0 reason='walk onto item' status=success
2026-09-29 07:43:59.465  INFO   session     Entity shadow: vision=3 {'item': 1, 'player': 1, 'monster': 1} memory=2 {'monster': 1, 'item': 1} paired=2 median=0.026
2026-09-29 07:44:04.688  INFO   session     Entity shadow: vision=3 {'player': 1, 'monster': 1, 'item': 1} memory=2 {'monster': 1, 'item': 1} paired=2 median=0.013
2026-09-29 07:44:05.285  INFO   decision    mode=traveling goal=loot action=pickup target=374 sticky=- origin=(133,349) shop=0 scrolled=0 reason='loot target' status=success
2026-09-29 07:44:06.470  INFO   decision    mode=traveling goal=traveling action=traveling target=- sticky=- origin=(133,349) shop=0 scrolled=0 reason='enter farm area' status=success
2026-09-29 07:44:09.457  INFO   decision    mode=farming goal=search action=searching target=- sticky=- origin=(131,342) shop=0 scrolled=0 reason='search area' status=success
2026-09-29 07:44:10.137  INFO   session     Entity shadow: vision=2 {'player': 1, 'monster': 1} memory=1 {'monster': 1} paired=0 median=0.000
2026-09-29 07:44:15.292  INFO   session     Entity shadow: vision=2 {'player': 1, 'monster': 1} memory=2 {'monster': 1, 'player': 1} paired=1 median=0.064
2026-09-29 07:44:18.688  INFO   combat      engage id=376 species=monster_셸로브_14 rel=(7,7)
2026-09-29 07:44:18.689  INFO   decision    mode=farming goal=combat action=attack target=376 sticky=376 origin=(140,333) shop=0 scrolled=0 reason='engage target' status=success
2026-09-29 07:44:20.589  INFO   session     Entity shadow: vision=3 {'monster': 1, 'player': 2} memory=3 {'monster': 2, 'player': 1} paired=0 median=0.000
2026-09-29 07:44:22.934  INFO   hp          hp action=heal
2026-09-29 07:44:22.935  INFO   decision    mode=farming goal=heal action=heal target=- sticky=376 origin=(140,333) shop=0 scrolled=0 reason='recover hp' status=success
2026-09-29 07:44:23.710  INFO   hp          hp action=heal
2026-09-29 07:44:25.035  INFO   hp          hp action=heal
2026-09-29 07:44:26.331  INFO   session     Entity shadow: vision=2 {'monster': 1, 'player': 1} memory=3 {'monster': 2, 'player': 1} paired=0 median=0.000
2026-09-29 07:44:26.405  INFO   hp          hp action=heal
2026-09-29 07:44:27.516  INFO   decision    mode=farming goal=? action=idle target=- sticky=376 origin=(140,333) shop=0 scrolled=0 reason='waiting for respawn' status=success
2026-09-29 07:44:29.615  INFO   decision    mode=farming goal=respawn action=respawn target=- sticky=376 origin=(140,333) shop=0 scrolled=0 reason='death confirmed, restart' status=success
2026-09-29 07:44:30.254  INFO   decision    mode=farming goal=? action=idle target=- sticky=376 origin=(140,333) shop=0 scrolled=0 reason='waiting for respawn' status=success
2026-09-29 07:44:31.701  INFO   session     Entity shadow: vision=13 {'npc': 2, 'player': 10, 'monster': 1} memory=0 {} paired=0 median=0.000
2026-09-29 07:44:32.536  INFO   hp          hp action=heal
2026-09-29 07:44:32.537  INFO   decision    mode=farming goal=heal action=heal target=- sticky=376 origin=(295,208) shop=0 scrolled=0 reason='recover hp' status=success
2026-09-29 07:44:33.581  INFO   hp          hp action=heal
2026-09-29 07:44:34.442  INFO   hp          hp action=heal
2026-09-29 07:44:35.671  INFO   hp          hp action=heal
2026-09-29 07:44:36.422  INFO   hp          hp action=heal
2026-09-29 07:44:37.562  INFO   session     Entity shadow: vision=10 {'player': 8, 'npc': 2} memory=14 {'monster': 1, 'npc': 7, 'player': 6} paired=8 median=0.020 unleveled=14:개구리
2026-09-29 07:44:38.068  INFO   nav         talking scroll emit spot=ti_spellbook purpose=spellbook reason=respawn, 마법서 상인
2026-09-29 07:44:38.203  INFO   decision    mode=farming goal=talking_scroll action=use_talking_scroll target=- sticky=- origin=(297,210) shop=0 scrolled=0 reason='respawn, 마법서 상인' status=success
2026-09-29 07:44:40.812  INFO   decision    mode=traveling goal=traveling action=traveling target=- sticky=- origin=(273,341) shop=0 scrolled=0 reason='enter farm area' status=success
2026-09-29 07:44:42.456  INFO   session     일시정지 — 단축키
2026-09-29 07:47:33.637  INFO   session     일시정지 / 재개 → 실행 중
2026-09-29 07:47:34.897  INFO   session     Entity shadow: vision=40 {'player': 37, 'npc': 1, 'monster': 2} memory=101 {'player': 98, 'npc': 3} paired=38 median=0.047
2026-09-29 07:47:35.106  INFO   decision    mode=traveling goal=buff action=buff target=- sticky=- origin=(770,-403) shop=0 scrolled=0 reason='light' status=success
2026-09-29 07:47:36.804  INFO   nav         talking scroll emit spot=ti_spellbook purpose= reason=return to selected hunt map
2026-09-29 07:47:36.873  INFO   decision    mode=traveling goal=talking_scroll action=use_talking_scroll target=- sticky=- origin=(770,-403) shop=0 scrolled=0 reason='return to selected hunt map' status=success
2026-09-29 07:47:39.508  INFO   combat      engage id=505 species=monster_고블린_2 rel=(-8,-3)
2026-09-29 07:47:39.666  INFO   decision    mode=traveling goal=combat action=attack target=505 sticky=505 origin=(273,341) shop=0 scrolled=0 reason='engage target' status=success
2026-09-29 07:47:40.446  INFO   session     Entity shadow: vision=5 {'player': 2, 'npc': 2, 'monster': 1} memory=8 {'monster': 4, 'player': 1, 'npc': 3} paired=1 median=0.029 unleveled=68:경비병,10:경비병
2026-09-29 07:47:41.840  INFO   decision    mode=traveling goal=traveling action=traveling target=- sticky=- origin=(273,341) shop=0 scrolled=0 reason='enter farm area' status=success
2026-09-29 07:47:43.395  INFO   combat      engage id=511 species=monster_오크_2 rel=(-3,-11)
2026-09-29 07:47:43.427  INFO   decision    mode=traveling goal=combat action=attack target=511 sticky=511 origin=(271,339) shop=0 scrolled=0 reason='engage target' status=success
2026-09-29 07:47:44.293  INFO   decision    mode=traveling goal=traveling action=traveling target=- sticky=- origin=(269,337) shop=0 scrolled=0 reason='enter farm area' status=success
2026-09-29 07:47:45.904  INFO   session     Entity shadow: vision=3 {'player': 1, 'npc': 1, 'monster': 1} memory=5 {'player': 1, 'monster': 1, 'npc': 3} paired=1 median=0.104 unleveled=10:경비병
2026-09-29 07:47:47.686  INFO   combat      engage id=513 species=monster_도베르만_6 rel=(-9,10)
2026-09-29 07:47:47.828  INFO   decision    mode=traveling goal=combat action=attack target=513 sticky=513 origin=(263,332) shop=0 scrolled=0 reason='engage target' status=success
2026-09-29 07:47:49.169  INFO   combat      engage id=514 species=monster_오크_2 rel=(-15,4)
2026-09-29 07:47:49.170  INFO   decision    mode=traveling goal=combat action=attack target=514 sticky=514 origin=(260,335) shop=0 scrolled=0 reason='engage target' status=success
2026-09-29 07:47:50.538  INFO   decision    mode=traveling goal=traveling action=traveling target=- sticky=- origin=(259,336) shop=0 scrolled=0 reason='enter farm area' status=success
2026-09-29 07:47:51.106  INFO   session     Entity shadow: vision=3 {'player': 2, 'monster': 1} memory=1 {'player': 1} paired=1 median=0.043
2026-09-29 07:47:51.916  INFO   combat      engage id=515 species=monster_난쟁이_5 rel=(-15,-1)
2026-09-29 07:47:51.917  INFO   decision    mode=traveling goal=combat action=attack target=515 sticky=515 origin=(257,335) shop=0 scrolled=0 reason='engage target' status=success
2026-09-29 07:47:56.558  INFO   session     Entity shadow: vision=3 {'item': 2, 'player': 1} memory=4 {'player': 1, 'monster': 1, 'item': 2} paired=3 median=0.032 unleveled=208:토끼
2026-09-29 07:47:56.727  INFO   decision    mode=traveling goal=loot action=searching target=518 sticky=- origin=(249,333) shop=0 scrolled=0 reason='walk onto item' status=success
2026-09-29 07:47:57.817  INFO   decision    mode=traveling goal=loot action=pickup target=518 sticky=- origin=(247,333) shop=0 scrolled=0 reason='loot target' status=success
2026-09-29 07:47:58.621  INFO   decision    mode=traveling goal=loot action=idle target=- sticky=- origin=(245,331) shop=0 scrolled=0 reason='pickup memory gone' status=success
2026-09-29 07:48:00.350  INFO   decision    mode=traveling goal=traveling action=traveling target=- sticky=- origin=(245,330) shop=0 scrolled=0 reason='enter farm area' status=success
2026-09-29 07:48:01.698  INFO   session     Entity shadow: vision=3 {'player': 2, 'item': 1} memory=3 {'player': 1, 'monster': 1, 'item': 1} paired=2 median=0.052 unleveled=208:토끼
2026-09-29 07:48:04.080  INFO   combat      engage id=519 species=monster_오크 궁수_3 rel=(-14,2)
2026-09-29 07:48:04.121  INFO   decision    mode=traveling goal=combat action=attack target=519 sticky=519 origin=(239,332) shop=0 scrolled=0 reason='engage target' status=success
2026-09-29 07:48:06.396  INFO   decision    mode=traveling goal=loot action=searching target=520 sticky=- origin=(236,334) shop=0 scrolled=0 reason='walk onto item' status=success
2026-09-29 07:48:07.137  INFO   session     Entity shadow: vision=3 {'player': 2, 'item': 1} memory=2 {'item': 1, 'monster': 1} paired=1 median=0.035 unleveled=208:토끼
2026-09-29 07:48:10.915  INFO   combat      give-up id=520 sticky_was=None
2026-09-29 07:48:10.969  INFO   combat      engage id=521 species=monster_오크 궁수_3 rel=(-6,-11)
2026-09-29 07:48:10.997  INFO   decision    mode=traveling goal=combat action=attack target=521 sticky=521 origin=(231,334) shop=0 scrolled=0 reason='engage target' status=success
2026-09-29 07:48:12.255  INFO   session     Entity shadow: vision=4 {'player': 1, 'monster': 2, 'item': 1} memory=5 {'monster': 4, 'item': 1} paired=3 median=0.051 unleveled=208:토끼
2026-09-29 07:48:16.092  INFO   decision    mode=traveling goal=loot action=searching target=525 sticky=- origin=(225,327) shop=0 scrolled=0 reason='walk onto item' status=success
2026-09-29 07:48:17.694  INFO   session     Entity shadow: vision=4 {'item': 1, 'monster': 2, 'player': 1} memory=6 {'monster': 4, 'item': 2} paired=3 median=0.016 unleveled=208:토끼
2026-09-29 07:48:19.357  INFO   combat      engage id=523 species=monster_도베르만_6 rel=(-5,-2)
2026-09-29 07:48:19.566  INFO   decision    mode=traveling goal=combat action=attack target=523 sticky=523 origin=(225,327) shop=0 scrolled=0 reason='engage target' status=success
2026-09-29 07:48:22.773  INFO   session     Entity shadow: vision=5 {'player': 2, 'monster': 1, 'item': 2} memory=4 {'monster': 2, 'item': 2} paired=3 median=0.028
2026-09-29 07:48:23.965  INFO   combat      engage id=524 species=monster_고블린_2 rel=(-4,-3)
2026-09-29 07:48:23.966  INFO   decision    mode=traveling goal=combat action=attack target=524 sticky=524 origin=(225,321) shop=0 scrolled=0 reason='engage target' status=success
2026-09-29 07:48:25.153  INFO   decision    mode=traveling goal=loot action=pickup target=525 sticky=- origin=(225,321) shop=0 scrolled=0 reason='engage item' status=success
2026-09-29 07:48:25.842  INFO   decision    mode=traveling goal=loot action=idle target=- sticky=- origin=(225,321) shop=0 scrolled=0 reason='pickup memory gone' status=success
2026-09-29 07:48:26.146  INFO   decision    mode=traveling goal=loot action=pickup target=526 sticky=- origin=(225,321) shop=0 scrolled=0 reason='engage item' status=success
2026-09-29 07:48:26.969  INFO   decision    mode=traveling goal=loot action=idle target=- sticky=- origin=(225,321) shop=0 scrolled=0 reason='pickup memory gone' status=success
2026-09-29 07:48:28.196  INFO   session     Entity shadow: vision=2 {'item': 1, 'player': 1} memory=2 {'item': 2} paired=1 median=0.011
2026-09-29 07:48:28.714  INFO   decision    mode=traveling goal=traveling action=traveling target=- sticky=- origin=(225,321) shop=0 scrolled=0 reason='enter farm area' status=success
2026-09-29 07:48:30.989  INFO   combat      engage id=527 species=monster_오크_2 rel=(-11,8)
2026-09-29 07:48:30.990  INFO   decision    mode=traveling goal=combat action=attack target=527 sticky=527 origin=(223,323) shop=0 scrolled=0 reason='engage target' status=success
2026-09-29 07:48:33.781  INFO   session     Entity shadow: vision=3 {'player': 1, 'item': 1, 'monster': 1} memory=4 {'monster': 2, 'item': 2} paired=2 median=0.011
2026-09-29 07:48:36.326  INFO   decision    mode=traveling goal=loot action=pickup target=530 sticky=- origin=(216,329) shop=0 scrolled=0 reason='engage item' status=success
2026-09-29 07:48:36.927  INFO   decision    mode=traveling goal=loot action=idle target=- sticky=- origin=(216,329) shop=0 scrolled=0 reason='pickup memory gone' status=success
2026-09-29 07:48:38.770  INFO   decision    mode=traveling goal=loot action=searching target=529 sticky=- origin=(216,329) shop=0 scrolled=0 reason='walk onto item' status=success
2026-09-29 07:48:39.415  INFO   session     Entity shadow: vision=4 {'player': 1, 'item': 2, 'monster': 1} memory=4 {'monster': 1, 'item': 3} paired=3 median=0.030
2026-09-29 07:48:40.360  INFO   combat      engage id=528 species=monster_코볼트_3 rel=(-5,-2)
2026-09-29 07:48:40.502  INFO   decision    mode=traveling goal=combat action=attack target=528 sticky=528 origin=(214,331) shop=0 scrolled=0 reason='engage target' status=success
2026-09-29 07:48:43.634  INFO   decision    mode=traveling goal=loot action=pickup target=532 sticky=- origin=(210,331) shop=0 scrolled=0 reason='engage item' status=success
2026-09-29 07:48:44.780  INFO   session     Entity shadow: vision=6 {'player': 2, 'item': 4} memory=4 {'player': 1, 'item': 3} paired=4 median=0.006
2026-09-29 07:48:44.865  INFO   decision    mode=traveling goal=loot action=idle target=- sticky=- origin=(211,329) shop=0 scrolled=0 reason='pickup memory gone' status=success
2026-09-29 07:48:46.065  INFO   decision    mode=traveling goal=loot action=searching target=529 sticky=- origin=(211,329) shop=0 scrolled=0 reason='walk onto item' status=success
2026-09-29 07:48:48.582  INFO   decision    mode=traveling goal=loot action=pickup target=529 sticky=- origin=(207,333) shop=0 scrolled=0 reason='loot target' status=success
2026-09-29 07:48:49.243  INFO   decision    mode=traveling goal=loot action=idle target=- sticky=- origin=(207,333) shop=0 scrolled=0 reason='pickup memory gone' status=success
2026-09-29 07:48:49.955  INFO   session     Entity shadow: vision=3 {'item': 2, 'player': 1} memory=3 {'player': 1, 'monster': 1, 'item': 1} paired=1 median=0.013
2026-09-29 07:48:50.042  INFO   decision    mode=traveling goal=loot action=searching target=530 sticky=- origin=(206,334) shop=0 scrolled=0 reason='walk onto item' status=success
2026-09-29 07:48:53.440  INFO   combat      engage id=533 species=monster_오크_2 rel=(4,5)
2026-09-29 07:48:53.441  INFO   decision    mode=traveling goal=combat action=attack target=533 sticky=533 origin=(212,328) shop=0 scrolled=0 reason='engage target' status=success
2026-09-29 07:48:55.345  INFO   session     Entity shadow: vision=4 {'player': 1, 'item': 2, 'monster': 1} memory=4 {'monster': 2, 'item': 2} paired=3 median=0.013
2026-09-29 07:48:57.247  INFO   decision    mode=traveling goal=loot action=pickup target=530 sticky=- origin=(215,329) shop=0 scrolled=0 reason='engage item' status=success
2026-09-29 07:48:57.880  INFO   decision    mode=traveling goal=loot action=idle target=- sticky=- origin=(214,330) shop=0 scrolled=0 reason='pickup memory gone' status=success
2026-09-29 07:48:59.750  INFO   decision    mode=traveling goal=loot action=searching target=534 sticky=- origin=(215,328) shop=0 scrolled=0 reason='walk onto item' status=success
2026-09-29 07:49:00.434  INFO   session     Entity shadow: vision=4 {'player': 2, 'item': 1, 'monster': 1} memory=3 {'player': 1, 'monster': 1, 'item': 1} paired=3 median=0.021
2026-09-29 07:49:04.506  INFO   decision    mode=traveling goal=loot action=pickup target=534 sticky=- origin=(224,335) shop=0 scrolled=0 reason='loot target' status=success
2026-09-29 07:49:05.301  INFO   decision    mode=traveling goal=loot action=idle target=- sticky=- origin=(224,335) shop=0 scrolled=0 reason='pickup memory gone' status=success
2026-09-29 07:49:05.771  INFO   session     Entity shadow: vision=4 {'player': 1, 'item': 2, 'monster': 1} memory=3 {'item': 2, 'monster': 1} paired=3 median=0.016
2026-09-29 07:49:06.575  INFO   decision    mode=traveling goal=loot action=searching target=538 sticky=- origin=(225,334) shop=0 scrolled=0 reason='walk onto item' status=success
2026-09-29 07:49:10.835  INFO   session     Entity shadow: vision=5 {'item': 3, 'player': 1, 'monster': 1} memory=6 {'monster': 3, 'player': 1, 'item': 2} paired=4 median=0.026 unleveled=208:토끼
2026-09-29 07:49:11.580  INFO   decision    mode=traveling goal=loot action=pickup target=538 sticky=- origin=(224,324) shop=0 scrolled=0 reason='loot target' status=success
2026-09-29 07:49:12.289  INFO   decision    mode=traveling goal=loot action=idle target=- sticky=- origin=(224,324) shop=0 scrolled=0 reason='pickup memory gone' status=success
2026-09-29 07:49:12.824  INFO   combat      engage id=543 species=monster_오크 전사_8 rel=(2,-6)
2026-09-29 07:49:12.825  INFO   decision    mode=traveling goal=combat action=attack target=543 sticky=543 origin=(224,322) shop=0 scrolled=0 reason='engage target' status=success
2026-09-29 07:49:16.340  INFO   session     Entity shadow: vision=5 {'player': 3, 'monster': 2} memory=7 {'monster': 6, 'player': 1} paired=3 median=0.015 unleveled=208:토끼
2026-09-29 07:49:18.246  INFO   combat      engage id=547 species=monster_고블린_2 rel=(0,-5)
2026-09-29 07:49:18.248  INFO   decision    mode=traveling goal=combat action=attack target=547 sticky=547 origin=(228,318) shop=0 scrolled=0 reason='engage target' status=success
2026-09-29 07:49:20.617  INFO   combat      engage id=549 species=monster_오크_2 rel=(3,-1)
2026-09-29 07:49:20.679  INFO   decision    mode=traveling goal=combat action=attack target=549 sticky=549 origin=(229,316) shop=0 scrolled=0 reason='engage target' status=success
2026-09-29 07:49:21.464  INFO   session     Entity shadow: vision=5 {'player': 2, 'monster': 3} memory=6 {'item': 1, 'monster': 4, 'player': 1} paired=4 median=0.018 unleveled=208:토끼
2026-09-29 07:49:22.690  INFO   combat      engage id=546 species=monster_세퍼드_5 rel=(-8,0)
2026-09-29 07:49:22.692  INFO   decision    mode=traveling goal=combat action=attack target=546 sticky=546 origin=(229,316) shop=0 scrolled=0 reason='engage target' status=success
2026-09-29 07:49:25.085  INFO   decision    mode=traveling goal=loot action=searching target=552 sticky=- origin=(229,316) shop=0 scrolled=0 reason='walk onto item' status=success
2026-09-29 07:49:26.743  INFO   session     Entity shadow: vision=3 {'item': 1, 'player': 2} memory=3 {'player': 1, 'monster': 1, 'item': 1} paired=2 median=0.041 unleveled=208:토끼
2026-09-29 07:49:30.048  INFO   decision    mode=traveling goal=loot action=pickup target=552 sticky=- origin=(224,317) shop=0 scrolled=0 reason='loot target' status=success
2026-09-29 07:49:30.671  INFO   decision    mode=traveling goal=loot action=idle target=- sticky=- origin=(224,317) shop=0 scrolled=0 reason='pickup memory gone' status=success
2026-09-29 07:49:31.367  INFO   combat      engage id=553 species=monster_오크 궁수_3 rel=(-3,13)
2026-09-29 07:49:31.369  INFO   decision    mode=traveling goal=combat action=attack target=553 sticky=553 origin=(222,317) shop=0 scrolled=0 reason='engage target' status=success
2026-09-29 07:49:31.886  INFO   session     Entity shadow: vision=3 {'player': 1, 'monster': 1, 'item': 1} memory=2 {'monster': 2} paired=1 median=0.015 unleveled=208:토끼
2026-09-29 07:49:35.285  INFO   decision    mode=traveling goal=combat action=attack target=556 sticky=556 origin=(218,321) shop=0 scrolled=0 reason='attack target' status=success
2026-09-29 07:49:37.201  INFO   session     Entity shadow: vision=4 {'item': 2, 'monster': 1, 'player': 1} memory=3 {'monster': 2, 'item': 1} paired=2 median=0.015 unleveled=208:토끼
2026-09-29 07:49:39.361  INFO   decision    mode=traveling goal=loot action=searching target=555 sticky=- origin=(216,324) shop=0 scrolled=0 reason='walk onto item' status=success
2026-09-29 07:49:41.182  INFO   decision    mode=traveling goal=loot action=pickup target=555 sticky=- origin=(215,328) shop=0 scrolled=0 reason='loot target' status=success
2026-09-29 07:49:41.809  INFO   decision    mode=traveling goal=loot action=idle target=- sticky=- origin=(215,328) shop=0 scrolled=0 reason='pickup memory gone' status=success
2026-09-29 07:49:42.220  INFO   session     Entity shadow: vision=4 {'player': 1, 'monster': 1, 'item': 2} memory=4 {'monster': 2, 'item': 2} paired=3 median=0.009 unleveled=208:토끼
2026-09-29 07:49:42.910  INFO   decision    mode=traveling goal=loot action=searching target=557 sticky=- origin=(216,327) shop=0 scrolled=0 reason='walk onto item' status=success
2026-09-29 07:49:45.105  INFO   combat      engage id=558 species=monster_난쟁이_5 rel=(0,4)
2026-09-29 07:49:45.440  INFO   decision    mode=traveling goal=combat action=attack target=558 sticky=558 origin=(213,331) shop=0 scrolled=0 reason='engage target' status=success
2026-09-29 07:49:47.384  INFO   session     Entity shadow: vision=2 {'player': 1, 'monster': 1} memory=2 {'monster': 2} paired=1 median=0.012 unleveled=208:토끼
2026-09-29 07:49:48.694  INFO   decision    mode=traveling goal=traveling action=traveling target=- sticky=- origin=(213,331) shop=0 scrolled=0 reason='enter farm area' status=success
2026-09-29 07:49:52.725  INFO   session     Entity shadow: vision=1 {'player': 1} memory=0 {} paired=0 median=0.000
2026-09-29 07:49:57.787  INFO   session     Entity shadow: vision=2 {'player': 2} memory=1 {'player': 1} paired=1 median=0.039
2026-09-29 07:50:02.845  INFO   session     Entity shadow: vision=2 {'player': 1, 'monster': 1} memory=1 {'monster': 1} paired=1 median=0.036
2026-09-29 07:50:03.325  INFO   decision    mode=traveling goal=loot action=searching target=562 sticky=- origin=(183,341) shop=0 scrolled=0 reason='walk onto item' status=success
2026-09-29 07:50:08.352  INFO   session     Entity shadow: vision=2 {'player': 1, 'monster': 1} memory=4 {'monster': 3, 'item': 1} paired=1 median=0.071
2026-09-29 07:50:10.513  INFO   decision    mode=traveling goal=loot action=pickup target=562 sticky=- origin=(172,338) shop=0 scrolled=0 reason='loot target' status=success
2026-09-29 07:50:11.454  INFO   combat      engage id=565 species=monster_코볼트_3 rel=(-2,-4)
2026-09-29 07:50:11.455  INFO   decision    mode=traveling goal=combat action=attack target=565 sticky=565 origin=(171,336) shop=0 scrolled=0 reason='engage target' status=success
2026-09-29 07:50:13.368  INFO   session     Entity shadow: vision=4 {'monster': 2, 'player': 1, 'item': 1} memory=2 {'monster': 2} paired=2 median=0.028
2026-09-29 07:50:13.948  INFO   decision    mode=traveling goal=loot action=pickup target=566 sticky=- origin=(171,335) shop=0 scrolled=0 reason='engage item' status=success
2026-09-29 07:50:14.614  INFO   decision    mode=traveling goal=loot action=idle target=- sticky=- origin=(171,335) shop=0 scrolled=0 reason='pickup memory gone' status=success
2026-09-29 07:50:15.410  INFO   decision    mode=traveling goal=traveling action=traveling target=- sticky=- origin=(171,335) shop=0 scrolled=0 reason='enter farm area' status=success
2026-09-29 07:50:18.433  INFO   session     Entity shadow: vision=2 {'monster': 2} memory=2 {'monster': 2} paired=2 median=0.025
2026-09-29 07:50:20.317  INFO   combat      engage id=570 species=monster_코볼트_3 rel=(13,-6)
2026-09-29 07:50:20.319  INFO   decision    mode=traveling goal=combat action=attack target=570 sticky=570 origin=(178,340) shop=0 scrolled=0 reason='engage target' status=success
2026-09-29 07:50:23.331  INFO   decision    mode=traveling goal=loot action=searching target=571 sticky=- origin=(184,335) shop=0 scrolled=0 reason='walk onto item' status=success
2026-09-29 07:50:23.866  INFO   session     Entity shadow: vision=5 {'monster': 3, 'item': 1, 'player': 1} memory=3 {'item': 1, 'monster': 2} paired=3 median=0.027
2026-09-29 07:50:28.602  INFO   decision    mode=traveling goal=loot action=pickup target=571 sticky=- origin=(190,335) shop=0 scrolled=0 reason='loot target' status=success
2026-09-29 07:50:29.345  INFO   session     Entity shadow: vision=4 {'player': 1, 'monster': 1, 'item': 2} memory=3 {'monster': 2, 'item': 1} paired=2 median=0.052
2026-09-29 07:50:29.419  INFO   decision    mode=traveling goal=loot action=idle target=- sticky=- origin=(190,335) shop=0 scrolled=0 reason='pickup memory gone' status=success
2026-09-29 07:50:30.976  INFO   combat      engage id=572 species=monster_오크 전사_8 rel=(8,-3)
2026-09-29 07:50:31.230  INFO   decision    mode=traveling goal=combat action=attack target=572 sticky=572 origin=(193,334) shop=0 scrolled=0 reason='engage target' status=success
2026-09-29 07:50:34.381  INFO   session     Entity shadow: vision=4 {'item': 1, 'monster': 1, 'player': 2} memory=3 {'monster': 2, 'item': 1} paired=2 median=0.006 unleveled=208:토끼
2026-09-29 07:50:35.665  INFO   decision    mode=traveling goal=loot action=searching target=571 sticky=- origin=(194,333) shop=0 scrolled=0 reason='walk onto item' status=success
2026-09-29 07:50:37.715  INFO   decision    mode=traveling goal=loot action=pickup target=571 sticky=- origin=(192,335) shop=0 scrolled=0 reason='loot target' status=success
2026-09-29 07:50:38.341  INFO   decision    mode=traveling goal=loot action=idle target=- sticky=- origin=(192,335) shop=0 scrolled=0 reason='pickup memory gone' status=success
2026-09-29 07:50:39.466  INFO   session     Entity shadow: vision=4 {'item': 2, 'player': 1, 'monster': 1} memory=5 {'monster': 3, 'item': 2} paired=3 median=0.010 unleveled=208:토끼
2026-09-29 07:50:39.954  INFO   decision    mode=traveling goal=loot action=searching target=574 sticky=- origin=(190,334) shop=0 scrolled=0 reason='walk onto item' status=success
2026-09-29 07:50:43.989  INFO   decision    mode=traveling goal=loot action=pickup target=574 sticky=- origin=(198,332) shop=0 scrolled=0 reason='loot target' status=success
2026-09-29 07:50:44.603  INFO   session     Entity shadow: vision=6 {'player': 1, 'monster': 3, 'item': 2} memory=7 {'monster': 5, 'item': 2} paired=4 median=0.039 unleveled=208:토끼
2026-09-29 07:50:44.706  INFO   decision    mode=traveling goal=loot action=idle target=- sticky=- origin=(198,332) shop=0 scrolled=0 reason='pickup memory gone' status=success
2026-09-29 07:50:45.339  INFO   combat      engage id=577 species=monster_세퍼드_5 rel=(5,4)
2026-09-29 07:50:45.677  INFO   decision    mode=traveling goal=combat action=attack target=577 sticky=577 origin=(200,332) shop=0 scrolled=0 reason='engage target' status=success
2026-09-29 07:50:46.779  INFO   decision    mode=traveling goal=loot action=searching target=571 sticky=- origin=(200,332) shop=0 scrolled=0 reason='walk onto item' status=success
2026-09-29 07:50:47.616  INFO   decision    mode=traveling goal=traveling action=traveling target=- sticky=- origin=(397,130) shop=0 scrolled=0 reason='low adena yield' status=success
2026-09-29 07:50:50.170  INFO   session     Entity shadow: vision=2 {'player': 1, 'monster': 1} memory=1 {'monster': 1} paired=1 median=0.022
2026-09-29 07:50:55.550  INFO   session     Entity shadow: vision=0 {} memory=0 {} paired=0 median=0.000
2026-09-29 07:50:56.349  INFO   decision    mode=traveling goal=loot action=searching target=581 sticky=- origin=(381,126) shop=0 scrolled=0 reason='walk onto item' status=success
2026-09-29 07:50:58.905  INFO   decision    mode=traveling goal=traveling action=traveling target=- sticky=- origin=(382,122) shop=0 scrolled=0 reason='low adena yield' status=success
2026-09-29 07:51:00.516  INFO   session     Entity shadow: vision=3 {'player': 2, 'monster': 1} memory=1 {'player': 1} paired=1 median=0.035
2026-09-29 07:51:05.503  INFO   session     Entity shadow: vision=3 {'player': 3} memory=2 {'player': 2} paired=2 median=0.029
2026-09-29 07:51:10.881  INFO   session     Entity shadow: vision=4 {'player': 3, 'monster': 1} memory=2 {'monster': 1, 'player': 1} paired=2 median=0.033
2026-09-29 07:51:15.063  INFO   combat      engage id=589 species=monster_늑대인간_9 rel=(-14,4)
2026-09-29 07:51:15.308  INFO   decision    mode=traveling goal=combat action=attack target=589 sticky=589 origin=(354,102) shop=0 scrolled=0 reason='engage target' status=success
2026-09-29 07:51:15.943  INFO   action      cursor reject id=589 item=false reason=cursor reject
2026-09-29 07:51:16.530  INFO   session     Entity shadow: vision=2 {'player': 2} memory=1 {'monster': 1} paired=0 median=0.000
2026-09-29 07:51:16.783  INFO   action      cursor reject id=589 item=false reason=cursor reject
2026-09-29 07:51:21.356  INFO   session     Entity shadow: vision=3 {'monster': 1, 'player': 2} memory=3 {'monster': 2, 'player': 1} paired=2 median=0.021 unleveled=12:슬라임
2026-09-29 07:51:23.340  INFO   decision    mode=traveling goal=loot action=pickup target=592 sticky=- origin=(342,104) shop=0 scrolled=0 reason='engage item' status=success
2026-09-29 07:51:23.943  INFO   decision    mode=traveling goal=loot action=idle target=- sticky=- origin=(342,104) shop=0 scrolled=0 reason='pickup memory gone' status=success
2026-09-29 07:51:24.417  INFO   decision    mode=traveling goal=traveling action=traveling target=- sticky=- origin=(341,104) shop=0 scrolled=0 reason='low adena yield' status=success
2026-09-29 07:51:26.478  INFO   session     Entity shadow: vision=3 {'player': 2, 'monster': 1} memory=2 {'player': 1, 'monster': 1} paired=1 median=0.017 unleveled=12:슬라임
2026-09-29 07:51:27.126  INFO   combat      engage id=593 species=monster_늑대인간_9 rel=(-11,5)
2026-09-29 07:51:27.127  INFO   decision    mode=traveling goal=combat action=attack target=593 sticky=593 origin=(341,104) shop=0 scrolled=0 reason='engage target' status=success
2026-09-29 07:51:31.881  INFO   session     Entity shadow: vision=4 {'monster': 2, 'player': 2} memory=3 {'monster': 2, 'item': 1} paired=1 median=0.012 unleveled=12:슬라임
2026-09-29 07:51:31.978  INFO   decision    mode=traveling goal=loot action=searching target=596 sticky=- origin=(335,109) shop=0 scrolled=0 reason='walk onto item' status=success
2026-09-29 07:51:36.968  INFO   session     Entity shadow: vision=12 {'player': 3, 'monster': 7, 'item': 2} memory=10 {'item': 2, 'player': 2, 'monster': 6} paired=7 median=0.030 unleveled=12:슬라임
2026-09-29 07:51:38.090  INFO   decision    mode=traveling goal=loot action=pickup target=596 sticky=- origin=(327,106) shop=0 scrolled=0 reason='loot target' status=success
2026-09-29 07:51:38.517  INFO   action      cursor reject id=596 item=true reason=cursor=arrow/attack score=1.000 not allowed
2026-09-29 07:51:39.256  INFO   combat      engage id=605 species=monster_오크_2 rel=(7,-8)
2026-09-29 07:51:39.329  INFO   decision    mode=traveling goal=combat action=attack target=605 sticky=605 origin=(327,106) shop=0 scrolled=0 reason='engage target' status=success
2026-09-29 07:51:40.255  INFO   decision    mode=traveling goal=loot action=searching target=604 sticky=- origin=(327,106) shop=0 scrolled=0 reason='walk onto item' status=success
2026-09-29 07:51:42.446  INFO   session     Entity shadow: vision=10 {'monster': 5, 'item': 1, 'player': 4} memory=9 {'monster': 5, 'player': 2, 'item': 2} paired=5 median=0.013 unleveled=12:슬라임
2026-09-29 07:51:45.755  INFO   combat      engage id=607 species=monster_고블린_2 rel=(5,-3)
2026-09-29 07:51:45.757  INFO   decision    mode=traveling goal=combat action=attack target=607 sticky=607 origin=(330,103) shop=0 scrolled=0 reason='engage target' status=success
2026-09-29 07:51:47.025  INFO   decision    mode=traveling goal=loot action=searching target=613 sticky=- origin=(329,104) shop=0 scrolled=0 reason='walk onto item' status=success
2026-09-29 07:51:47.642  INFO   session     Entity shadow: vision=9 {'player': 3, 'monster': 5, 'item': 1} memory=8 {'monster': 5, 'player': 2, 'item': 1} paired=6 median=0.027 unleveled=12:슬라임
2026-09-29 07:51:50.762  INFO   decision    mode=traveling goal=traveling action=traveling target=- sticky=- origin=(331,102) shop=0 scrolled=0 reason='low adena yield' status=success
2026-09-29 07:51:53.118  INFO   session     Entity shadow: vision=7 {'player': 3, 'monster': 4} memory=6 {'player': 2, 'monster': 4} paired=5 median=0.021 unleveled=12:슬라임
2026-09-29 07:51:54.053  INFO   combat      engage id=617 species=monster_오크 전사_8 rel=(-8,5)
2026-09-29 07:51:54.388  INFO   decision    mode=traveling goal=combat action=attack target=617 sticky=617 origin=(330,108) shop=0 scrolled=0 reason='engage target' status=success
2026-09-29 07:51:58.028  INFO   session     Entity shadow: vision=4 {'monster': 3, 'player': 1} memory=3 {'monster': 3} paired=2 median=0.018 unleveled=12:슬라임
2026-09-29 07:52:00.575  INFO   combat      engage id=610 species=monster_오크전사_8 rel=(0,-1)
2026-09-29 07:52:00.576  INFO   decision    mode=traveling goal=combat action=attack target=610 sticky=610 origin=(326,112) shop=0 scrolled=0 reason='engage target' status=success
2026-09-29 07:52:01.303  INFO   decision    mode=traveling goal=traveling action=traveling target=- sticky=- origin=(326,112) shop=0 scrolled=0 reason='low adena yield' status=success
2026-09-29 07:52:03.096  INFO   session     Entity shadow: vision=3 {'player': 1, 'monster': 2} memory=2 {'monster': 2} paired=1 median=0.041 unleveled=12:슬라임
2026-09-29 07:52:04.611  INFO   combat      engage id=610 species=monster_좀비_6 rel=(4,-3)
2026-09-29 07:52:04.904  INFO   decision    mode=traveling goal=combat action=attack target=610 sticky=610 origin=(320,116) shop=0 scrolled=0 reason='engage target' status=success
2026-09-29 07:52:05.747  INFO   decision    mode=traveling goal=traveling action=traveling target=- sticky=- origin=(318,118) shop=0 scrolled=0 reason='low adena yield' status=success
2026-09-29 07:52:08.208  INFO   session     Entity shadow: vision=1 {'player': 1} memory=1 {'monster': 1} paired=0 median=0.000 unleveled=12:슬라임
2026-09-29 07:52:09.284  INFO   session     일시정지 — 단축키
2026-09-29 07:52:29.804  INFO   session     일시정지 / 재개 → 실행 중
2026-09-29 07:52:30.416  INFO   session     Entity shadow: vision=1 {'player': 1} memory=0 {} paired=0 median=0.000
2026-09-29 07:52:30.594  INFO   decision    mode=traveling goal=buff action=buff target=- sticky=- origin=(314,125) shop=0 scrolled=0 reason='power_up' status=success
2026-09-29 07:52:31.857  INFO   nav         unstick TP emit reason=unstick confined
2026-09-29 07:52:31.858  INFO   decision    mode=traveling goal=unstick action=teleport target=- sticky=- origin=(314,125) shop=0 scrolled=0 reason='unstick confined' status=success
2026-09-29 07:52:33.175  INFO   decision    mode=traveling goal=traveling action=traveling target=- sticky=- origin=(314,125) shop=0 scrolled=0 reason='low adena yield' status=success
2026-09-29 07:52:35.493  INFO   session     Entity shadow: vision=1 {'player': 1} memory=1 {'monster': 1} paired=0 median=0.000
2026-09-29 07:52:35.589  INFO   combat      engage id=618 species=monster_늑대인간_9 rel=(-9,11)
2026-09-29 07:52:35.591  INFO   decision    mode=traveling goal=combat action=attack target=618 sticky=618 origin=(312,127) shop=0 scrolled=0 reason='engage target' status=success
2026-09-29 07:52:40.844  INFO   session     Entity shadow: vision=3 {'monster': 2, 'player': 1} memory=1 {'monster': 1} paired=1 median=0.027
2026-09-29 07:52:40.960  INFO   combat      engage id=619 species=monster_코볼트_3 rel=(-5,9)
2026-09-29 07:52:40.961  INFO   decision    mode=traveling goal=combat action=attack target=619 sticky=619 origin=(310,129) shop=0 scrolled=0 reason='engage target' status=success
2026-09-29 07:52:43.435  INFO   decision    mode=traveling goal=loot action=searching target=621 sticky=- origin=(310,129) shop=0 scrolled=0 reason='walk onto item' status=success
2026-09-29 07:52:46.080  INFO   session     Entity shadow: vision=4 {'player': 1, 'monster': 2, 'item': 1} memory=2 {'monster': 1, 'item': 1} paired=2 median=0.028
2026-09-29 07:52:49.598  INFO   decision    mode=traveling goal=loot action=pickup target=621 sticky=- origin=(304,135) shop=0 scrolled=0 reason='loot target' status=success
2026-09-29 07:52:50.253  INFO   decision    mode=traveling goal=loot action=idle target=- sticky=- origin=(304,135) shop=0 scrolled=0 reason='pickup memory gone' status=success
2026-09-29 07:52:50.992  INFO   decision    mode=traveling goal=traveling action=traveling target=- sticky=- origin=(304,137) shop=0 scrolled=0 reason='low adena yield' status=success
2026-09-29 07:52:51.520  INFO   session     Entity shadow: vision=2 {'player': 2} memory=2 {'player': 2} paired=2 median=0.032
2026-09-29 07:52:56.597  INFO   session     Entity shadow: vision=3 {'player': 3} memory=2 {'player': 2} paired=2 median=0.059
2026-09-29 07:53:01.735  INFO   session     Entity shadow: vision=2 {'player': 1, 'npc': 1} memory=1 {'monster': 1} paired=0 median=0.000 unleveled=10:경비병
2026-09-29 07:53:07.269  INFO   session     Entity shadow: vision=4 {'npc': 2, 'player': 1, 'monster': 1} memory=3 {'player': 1, 'monster': 2} paired=1 median=0.022 unleveled=68:경비병,10:경비병
2026-09-29 07:53:10.506  INFO   decision    mode=traveling goal=traveling action=traveling target=- sticky=- origin=(305,161) shop=0 scrolled=0 reason='low adena yield' status=success (repeat x50)
2026-09-29 07:53:12.673  INFO   session     Entity shadow: vision=4 {'player': 2, 'npc': 2} memory=3 {'player': 1, 'monster': 2} paired=1 median=0.004 unleveled=68:경비병,10:경비병
2026-09-29 07:53:17.706  INFO   session     Entity shadow: vision=10 {'player': 9, 'npc': 1} memory=14 {'player': 9, 'npc': 5} paired=9 median=0.026
2026-09-29 07:53:23.617  INFO   session     Entity shadow: vision=19 {'player': 18, 'npc': 1} memory=22 {'player': 17, 'monster': 1, 'npc': 4} paired=16 median=0.046 unleveled=319:?
2026-09-29 07:53:28.706  INFO   session     Entity shadow: vision=14 {'player': 12, 'npc': 1, 'monster': 1} memory=19 {'player': 14, 'monster': 1, 'npc': 4} paired=11 median=0.029 unleveled=319:?
2026-09-29 07:53:30.068  INFO   nav         unstick TP emit reason=unstick confined
2026-09-29 07:53:30.069  INFO   decision    mode=traveling goal=unstick action=teleport target=- sticky=- origin=(296,173) shop=0 scrolled=0 reason='unstick confined' status=success
2026-09-29 07:53:31.482  INFO   decision    mode=traveling goal=traveling action=traveling target=- sticky=- origin=(296,173) shop=0 scrolled=0 reason='enter farm, walk around' status=success
2026-09-29 07:53:33.818  INFO   session     Entity shadow: vision=2 {'player': 1, 'monster': 1} memory=0 {} paired=0 median=0.000
2026-09-29 07:53:34.431  INFO   session     일시정지 — 단축키
2026-09-29 07:53:54.006  INFO   session     일시정지 / 재개 → 실행 중
2026-09-29 07:53:54.521  INFO   session     Entity shadow: vision=2 {'player': 2} memory=0 {} paired=0 median=0.000
2026-09-29 07:53:59.568  INFO   session     Entity shadow: vision=1 {'player': 1} memory=1 {'monster': 1} paired=0 median=0.000 unleveled=14:개구리
2026-09-29 07:54:02.733  INFO   combat      engage id=666 species=monster_오크_2 rel=(15,3)
2026-09-29 07:54:02.734  INFO   decision    mode=traveling goal=combat action=attack target=666 sticky=666 origin=(168,330) shop=0 scrolled=0 reason='engage target' status=success
2026-09-29 07:54:05.070  INFO   session     Entity shadow: vision=2 {'player': 1, 'monster': 1} memory=2 {'monster': 2} paired=1 median=0.036
2026-09-29 07:54:05.953  INFO   decision    mode=traveling goal=traveling action=traveling target=- sticky=- origin=(172,333) shop=0 scrolled=0 reason='low adena yield' status=success
2026-09-29 07:54:07.201  INFO   combat      engage id=667 species=monster_오크_2 rel=(11,-7)
2026-09-29 07:54:07.202  INFO   decision    mode=traveling goal=combat action=attack target=667 sticky=667 origin=(187,289) shop=0 scrolled=0 reason='engage target' status=success
2026-09-29 07:54:09.147  INFO   decision    mode=traveling goal=combat action=attack target=668 sticky=668 origin=(188,288) shop=0 scrolled=0 reason='attack target' status=success
2026-09-29 07:54:10.144  INFO   session     Entity shadow: vision=2 {'player': 1, 'monster': 1} memory=1 {'monster': 1} paired=1 median=0.020
2026-09-29 07:54:10.602  INFO   decision    mode=traveling goal=traveling action=traveling target=- sticky=- origin=(188,288) shop=0 scrolled=0 reason='low adena yield' status=success
2026-09-29 07:54:15.332  INFO   session     Entity shadow: vision=1 {'player': 1} memory=0 {} paired=0 median=0.000
2026-09-29 07:54:19.001  INFO   combat      engage id=669 species=monster_오크_2 rel=(4,-15)
2026-09-29 07:54:19.247  INFO   decision    mode=traveling goal=combat action=attack target=669 sticky=669 origin=(194,282) shop=0 scrolled=0 reason='engage target' status=success
2026-09-29 07:54:20.518  INFO   session     Entity shadow: vision=1 {'player': 1} memory=1 {'monster': 1} paired=0 median=0.000
2026-09-29 07:54:22.569  INFO   decision    mode=traveling goal=traveling action=traveling target=- sticky=- origin=(198,278) shop=0 scrolled=0 reason='low adena yield' status=success
2026-09-29 07:54:25.668  INFO   session     Entity shadow: vision=1 {'player': 1} memory=1 {'monster': 1} paired=0 median=0.000 unleveled=189:사슴
2026-09-29 07:54:26.118  INFO   combat      engage id=671 species=monster_고블린_2 rel=(10,-7)
2026-09-29 07:54:26.183  INFO   decision    mode=traveling goal=combat action=attack target=671 sticky=671 origin=(201,273) shop=0 scrolled=0 reason='engage target' status=success
2026-09-29 07:54:30.012  INFO   decision    mode=traveling goal=loot action=searching target=672 sticky=- origin=(206,268) shop=0 scrolled=0 reason='walk onto item' status=success
2026-09-29 07:54:31.077  INFO   session     Entity shadow: vision=2 {'item': 1, 'player': 1} memory=2 {'monster': 1, 'item': 1} paired=1 median=0.034 unleveled=189:사슴
2026-09-29 07:54:36.061  INFO   session     Entity shadow: vision=2 {'player': 1, 'item': 1} memory=2 {'monster': 1, 'item': 1} paired=1 median=0.005 unleveled=189:사슴
2026-09-29 07:54:38.027  INFO   decision    mode=traveling goal=loot action=pickup target=672 sticky=- origin=(204,258) shop=0 scrolled=0 reason='loot target' status=success
2026-09-29 07:54:38.601  INFO   decision    mode=traveling goal=loot action=idle target=- sticky=- origin=(204,258) shop=0 scrolled=0 reason='pickup memory gone' status=success
2026-09-29 07:54:40.020  INFO   decision    mode=traveling goal=traveling action=traveling target=- sticky=- origin=(204,256) shop=0 scrolled=0 reason='low adena yield' status=success
2026-09-29 07:54:41.486  INFO   session     Entity shadow: vision=1 {'player': 1} memory=0 {} paired=0 median=0.000
2026-09-29 07:54:46.469  INFO   session     Entity shadow: vision=1 {'player': 1} memory=0 {} paired=0 median=0.000
2026-09-29 07:54:51.899  INFO   session     Entity shadow: vision=1 {'player': 1} memory=2 {'monster': 2} paired=0 median=0.000 unleveled=189:사슴,14:개구리
2026-09-29 07:54:56.740  INFO   session     Entity shadow: vision=1 {'player': 1} memory=2 {'monster': 2} paired=0 median=0.000 unleveled=189:사슴,14:개구리
2026-09-29 07:54:57.595  INFO   decision    mode=traveling goal=traveling action=traveling target=- sticky=- origin=(228,273) shop=0 scrolled=0 reason='low adena yield' status=success (repeat x50)
2026-09-29 07:55:02.212  INFO   session     Entity shadow: vision=1 {'player': 1} memory=1 {'monster': 1} paired=0 median=0.000 unleveled=189:사슴
2026-09-29 07:55:05.283  INFO   combat      engage id=675 species=monster_오크_2 rel=(6,-10)
2026-09-29 07:55:05.284  INFO   decision    mode=traveling goal=combat action=attack target=675 sticky=675 origin=(240,275) shop=0 scrolled=0 reason='engage target' status=success
2026-09-29 07:55:07.176  INFO   session     Entity shadow: vision=2 {'monster': 1, 'player': 1} memory=3 {'monster': 3} paired=1 median=0.015 unleveled=189:사슴
2026-09-29 07:55:08.346  INFO   decision    mode=traveling goal=loot action=searching target=677 sticky=- origin=(242,274) shop=0 scrolled=0 reason='walk onto item' status=success
2026-09-29 07:55:12.581  INFO   session     Entity shadow: vision=4 {'player': 2, 'item': 1, 'monster': 1} memory=3 {'player': 1, 'item': 1, 'monster': 1} paired=3 median=0.012
2026-09-29 07:55:14.599  INFO   decision    mode=traveling goal=loot action=pickup target=677 sticky=- origin=(242,269) shop=0 scrolled=0 reason='loot target' status=success
2026-09-29 07:55:15.284  INFO   decision    mode=traveling goal=loot action=idle target=- sticky=- origin=(242,269) shop=0 scrolled=0 reason='pickup memory gone' status=success
2026-09-29 07:55:16.962  INFO   decision    mode=traveling goal=loot action=searching target=679 sticky=- origin=(243,267) shop=0 scrolled=0 reason='walk onto item' status=success
2026-09-29 07:55:17.706  INFO   session     Entity shadow: vision=4 {'player': 1, 'item': 2, 'monster': 1} memory=3 {'item': 2, 'monster': 1} paired=3 median=0.015
2026-09-29 07:55:20.065  INFO   combat      engage id=676 species=monster_코볼트_3 rel=(-1,-5)
2026-09-29 07:55:20.195  INFO   decision    mode=traveling goal=combat action=attack target=676 sticky=676 origin=(244,264) shop=0 scrolled=0 reason='engage target' status=success
2026-09-29 07:55:23.083  INFO   session     Entity shadow: vision=6 {'player': 1, 'monster': 3, 'item': 2} memory=6 {'monster': 3, 'item': 3} paired=4 median=0.019
2026-09-29 07:55:23.190  INFO   combat      engage id=681 species=monster_오크_2 rel=(-2,2)
2026-09-29 07:55:23.191  INFO   decision    mode=traveling goal=combat action=attack target=681 sticky=681 origin=(243,260) shop=0 scrolled=0 reason='engage target' status=success
2026-09-29 07:55:24.376  INFO   decision    mode=traveling goal=combat action=attack target=682 sticky=682 origin=(244,259) shop=0 scrolled=0 reason='attack target' status=success
2026-09-29 07:55:27.403  INFO   decision    mode=traveling goal=loot action=searching target=679 sticky=- origin=(244,259) shop=0 scrolled=0 reason='walk onto item' status=success
2026-09-29 07:55:28.486  INFO   session     Entity shadow: vision=7 {'player': 2, 'item': 4, 'monster': 1} memory=7 {'monster': 2, 'player': 1, 'item': 4} paired=6 median=0.013 unleveled=14:개구리
2026-09-29 07:55:32.342  INFO   decision    mode=traveling goal=loot action=pickup target=679 sticky=- origin=(244,256) shop=0 scrolled=0 reason='loot target' status=success
2026-09-29 07:55:33.083  INFO   decision    mode=traveling goal=loot action=idle target=- sticky=- origin=(244,255) shop=0 scrolled=0 reason='pickup memory gone' status=success
2026-09-29 07:55:33.631  INFO   session     Entity shadow: vision=5 {'monster': 2, 'item': 3} memory=6 {'monster': 3, 'item': 3} paired=4 median=0.012 unleveled=14:개구리,207:토끼
2026-09-29 07:55:34.078  INFO   decision    mode=traveling goal=loot action=pickup target=680 sticky=- origin=(243,254) shop=0 scrolled=0 reason='engage item' status=success
2026-09-29 07:55:34.695  INFO   decision    mode=traveling goal=loot action=idle target=- sticky=- origin=(243,254) shop=0 scrolled=0 reason='pickup memory gone' status=success
2026-09-29 07:55:35.991  INFO   combat      engage id=683 species=monster_고블린_2 rel=(5,-5)
2026-09-29 07:55:35.993  INFO   decision    mode=traveling goal=combat action=attack target=683 sticky=683 origin=(244,253) shop=0 scrolled=0 reason='engage target' status=success
2026-09-29 07:55:37.334  INFO   decision    mode=traveling goal=loot action=searching target=685 sticky=- origin=(244,253) shop=0 scrolled=0 reason='walk onto item' status=success
2026-09-29 07:55:38.669  INFO   session     Entity shadow: vision=3 {'item': 2, 'player': 1} memory=4 {'monster': 2, 'item': 2} paired=2 median=0.035 unleveled=14:개구리,207:토끼
2026-09-29 07:55:43.970  INFO   session     Entity shadow: vision=4 {'player': 2, 'item': 2} memory=3 {'monster': 1, 'item': 2} paired=2 median=0.025 unleveled=207:토끼
2026-09-29 07:55:47.111  INFO   decision    mode=traveling goal=loot action=pickup target=685 sticky=- origin=(251,263) shop=0 scrolled=0 reason='loot target' status=success
2026-09-29 07:55:47.707  INFO   decision    mode=traveling goal=loot action=idle target=- sticky=- origin=(251,263) shop=0 scrolled=0 reason='pickup memory gone' status=success
2026-09-29 07:55:49.028  INFO   decision    mode=traveling goal=traveling action=traveling target=- sticky=- origin=(250,264) shop=0 scrolled=0 reason='low adena yield' status=success
2026-09-29 07:55:50.071  INFO   session     Entity shadow: vision=2 {'player': 1, 'item': 1} memory=2 {'monster': 1, 'item': 1} paired=1 median=0.060 unleveled=189:사슴
2026-09-29 07:55:51.843  INFO   decision    mode=traveling goal=loot action=searching target=692 sticky=- origin=(252,266) shop=0 scrolled=0 reason='walk onto item' status=success
2026-09-29 07:55:54.991  INFO   session     Entity shadow: vision=3 {'player': 1, 'item': 2} memory=2 {'item': 2} paired=2 median=0.042
2026-09-29 07:56:00.440  INFO   session     Entity shadow: vision=2 {'player': 1, 'item': 1} memory=1 {'item': 1} paired=1 median=0.008
2026-09-29 07:56:02.021  INFO   decision    mode=traveling goal=loot action=pickup target=692 sticky=- origin=(268,266) shop=0 scrolled=0 reason='loot target' status=success
2026-09-29 07:56:03.044  INFO   decision    mode=traveling goal=loot action=searching target=694 sticky=- origin=(268,266) shop=0 scrolled=0 reason='walk onto item' status=success
2026-09-29 07:56:05.540  INFO   session     Entity shadow: vision=4 {'player': 1, 'item': 3} memory=1 {'item': 1} paired=1 median=0.002
2026-09-29 07:56:10.936  INFO   session     Entity shadow: vision=4 {'player': 1, 'monster': 1, 'item': 2} memory=3 {'monster': 1, 'item': 2} paired=3 median=0.019
2026-09-29 07:56:13.436  INFO   decision    mode=traveling goal=loot action=pickup target=694 sticky=- origin=(269,280) shop=0 scrolled=0 reason='loot target' status=success
2026-09-29 07:56:14.550  INFO   decision    mode=traveling goal=loot action=idle target=- sticky=- origin=(269,280) shop=0 scrolled=0 reason='pickup memory gone' status=success
2026-09-29 07:56:15.759  INFO   decision    mode=traveling goal=loot action=searching target=697 sticky=- origin=(270,281) shop=0 scrolled=0 reason='walk onto item' status=success
2026-09-29 07:56:16.279  INFO   session     Entity shadow: vision=7 {'player': 1, 'npc': 1, 'item': 4, 'monster': 1} memory=7 {'monster': 4, 'item': 3} paired=4 median=0.043 unleveled=14:개구리,10:경비병
2026-09-29 07:56:17.313  INFO   combat      engage id=699 species=monster_오크_2 rel=(4,0)
2026-09-29 07:56:17.510  INFO   decision    mode=traveling goal=combat action=attack target=699 sticky=699 origin=(272,279) shop=0 scrolled=0 reason='engage target' status=success
2026-09-29 07:56:21.284  INFO   decision    mode=traveling goal=loot action=searching target=697 sticky=- origin=(275,279) shop=0 scrolled=0 reason='walk onto item' status=success
2026-09-29 07:56:21.785  INFO   session     Entity shadow: vision=4 {'player': 1, 'item': 2, 'monster': 1} memory=4 {'monster': 2, 'item': 2} paired=2 median=0.034 unleveled=189:사슴,14:개구리
2026-09-29 07:56:22.547  INFO   decision    mode=traveling goal=loot action=pickup target=697 sticky=- origin=(276,278) shop=0 scrolled=0 reason='loot target' status=success
2026-09-29 07:56:23.170  INFO   decision    mode=traveling goal=loot action=idle target=- sticky=- origin=(276,278) shop=0 scrolled=0 reason='pickup memory gone' status=success
2026-09-29 07:56:23.815  INFO   decision    mode=traveling goal=loot action=searching target=694 sticky=- origin=(277,276) shop=0 scrolled=0 reason='walk onto item' status=success
2026-09-29 07:56:26.871  INFO   session     Entity shadow: vision=1 {'player': 1} memory=2 {'monster': 1, 'item': 1} paired=0 median=0.000 unleveled=189:사슴
2026-09-29 07:56:30.478  INFO   decision    mode=traveling goal=loot action=pickup target=694 sticky=- origin=(271,282) shop=0 scrolled=0 reason='loot target' status=success
2026-09-29 07:56:31.145  INFO   decision    mode=traveling goal=loot action=idle target=- sticky=- origin=(271,282) shop=0 scrolled=0 reason='pickup memory gone' status=success
2026-09-29 07:56:32.155  INFO   session     Entity shadow: vision=3 {'player': 2, 'item': 1} memory=4 {'monster': 2, 'player': 1, 'item': 1} paired=2 median=0.035 unleveled=14:개구리,189:사슴
2026-09-29 07:56:32.908  INFO   combat      engage id=710 species=monster_세퍼드_5 rel=(5,11)
2026-09-29 07:56:32.909  INFO   decision    mode=traveling goal=combat action=attack target=710 sticky=710 origin=(269,281) shop=0 scrolled=0 reason='engage target' status=success
2026-09-29 07:56:35.983  INFO   decision    mode=traveling goal=loot action=pickup target=694 sticky=- origin=(270,282) shop=0 scrolled=0 reason='engage item' status=success
2026-09-29 07:56:36.547  INFO   decision    mode=traveling goal=loot action=idle target=- sticky=- origin=(270,282) shop=0 scrolled=0 reason='pickup memory gone' status=success
2026-09-29 07:56:37.725  INFO   session     Entity shadow: vision=1 {'player': 1} memory=5 {'monster': 2, 'item': 2, 'player': 1} paired=1 median=0.033 unleveled=189:사슴,14:개구리
2026-09-29 07:56:38.462  INFO   decision    mode=traveling goal=loot action=searching target=711 sticky=- origin=(270,282) shop=0 scrolled=0 reason='walk onto item' status=success
2026-09-29 07:56:41.620  INFO   decision    mode=traveling goal=loot action=pickup target=711 sticky=- origin=(272,286) shop=0 scrolled=0 reason='loot target' status=success
2026-09-29 07:56:42.179  INFO   decision    mode=traveling goal=loot action=idle target=- sticky=- origin=(272,286) shop=0 scrolled=0 reason='pickup memory gone' status=success
2026-09-29 07:56:42.753  INFO   session     Entity shadow: vision=3 {'player': 1, 'item': 2} memory=4 {'monster': 3, 'item': 1} paired=1 median=0.002 unleveled=189:사슴,14:개구리
2026-09-29 07:56:43.435  INFO   combat      engage id=713 species=monster_세퍼드_5 rel=(0,9)
2026-09-29 07:56:43.438  INFO   decision    mode=traveling goal=combat action=attack target=713 sticky=713 origin=(273,288) shop=0 scrolled=0 reason='engage target' status=success
2026-09-29 07:56:44.702  INFO   decision    mode=traveling goal=loot action=searching target=714 sticky=- origin=(273,288) shop=0 scrolled=0 reason='walk onto item' status=success
2026-09-29 07:56:47.812  INFO   session     Entity shadow: vision=1 {'monster': 1} memory=2 {'monster': 1, 'item': 1} paired=0 median=0.000 unleveled=14:개구리
2026-09-29 07:56:52.877  INFO   session     Entity shadow: vision=3 {'player': 1, 'item': 2} memory=3 {'monster': 1, 'item': 2} paired=2 median=0.020 unleveled=14:개구리
2026-09-29 07:56:52.946  INFO   decision    mode=traveling goal=loot action=pickup target=714 sticky=- origin=(274,296) shop=0 scrolled=0 reason='loot target' status=success
2026-09-29 07:56:53.602  INFO   decision    mode=traveling goal=loot action=idle target=- sticky=- origin=(274,296) shop=0 scrolled=0 reason='pickup memory gone' status=success
2026-09-29 07:56:54.708  INFO   decision    mode=traveling goal=loot action=searching target=715 sticky=- origin=(274,298) shop=0 scrolled=0 reason='walk onto item' status=success
2026-09-29 07:56:57.889  INFO   session     Entity shadow: vision=3 {'player': 1, 'item': 2} memory=3 {'monster': 1, 'item': 2} paired=2 median=0.041 unleveled=189:사슴
2026-09-29 07:57:02.067  INFO   decision    mode=traveling goal=loot action=pickup target=715 sticky=- origin=(275,308) shop=0 scrolled=0 reason='loot target' status=success
2026-09-29 07:57:02.666  INFO   decision    mode=traveling goal=loot action=idle target=- sticky=- origin=(275,308) shop=0 scrolled=0 reason='pickup memory gone' status=success
2026-09-29 07:57:03.226  INFO   session     Entity shadow: vision=3 {'player': 1, 'item': 2} memory=1 {'item': 1} paired=1 median=0.032
2026-09-29 07:57:04.595  INFO   decision    mode=traveling goal=traveling action=traveling target=- sticky=- origin=(276,310) shop=0 scrolled=0 reason='low adena yield' status=success
2026-09-29 07:57:05.063  INFO   decision    mode=traveling goal=loot action=pickup target=715 sticky=- origin=(276,310) shop=0 scrolled=0 reason='engage item' status=success
2026-09-29 07:57:05.702  INFO   decision    mode=traveling goal=loot action=idle target=- sticky=- origin=(276,310) shop=0 scrolled=0 reason='pickup memory gone' status=success
2026-09-29 07:57:07.406  INFO   decision    mode=traveling goal=traveling action=traveling target=- sticky=- origin=(275,312) shop=0 scrolled=0 reason='low adena yield' status=success
2026-09-29 07:57:08.246  INFO   session     Entity shadow: vision=2 {'player': 1, 'item': 1} memory=1 {'item': 1} paired=1 median=0.016
2026-09-29 07:57:08.297  INFO   decision    mode=traveling goal=loot action=pickup target=715 sticky=- origin=(275,312) shop=0 scrolled=0 reason='engage item' status=success
2026-09-29 07:57:08.887  INFO   decision    mode=traveling goal=loot action=idle target=- sticky=- origin=(275,312) shop=0 scrolled=0 reason='pickup memory gone' status=success
2026-09-29 07:57:10.727  INFO   decision    mode=traveling goal=traveling action=traveling target=- sticky=- origin=(275,313) shop=0 scrolled=0 reason='low adena yield' status=success
2026-09-29 07:57:11.309  INFO   decision    mode=traveling goal=loot action=pickup target=715 sticky=- origin=(275,311) shop=0 scrolled=0 reason='engage item' status=success
2026-09-29 07:57:11.914  INFO   decision    mode=traveling goal=loot action=idle target=- sticky=- origin=(275,311) shop=0 scrolled=0 reason='pickup memory gone' status=success
2026-09-29 07:57:13.662  INFO   session     Entity shadow: vision=1 {'player': 1} memory=0 {} paired=0 median=0.000
2026-09-29 07:57:13.787  INFO   decision    mode=traveling goal=traveling action=traveling target=- sticky=- origin=(275,311) shop=0 scrolled=0 reason='low adena yield' status=success
2026-09-29 07:57:18.823  INFO   session     Entity shadow: vision=1 {'player': 1} memory=0 {} paired=0 median=0.000
2026-09-29 07:57:23.875  INFO   session     Entity shadow: vision=2 {'player': 1, 'npc': 1} memory=3 {'monster': 1, 'npc': 2} paired=0 median=0.000 unleveled=68:경비병
2026-09-29 07:57:24.413  INFO   combat      engage id=722 species=monster_난쟁이_5 rel=(15,0)
2026-09-29 07:57:24.413  INFO   decision    mode=traveling goal=combat action=attack target=722 sticky=722 origin=(281,326) shop=0 scrolled=0 reason='engage target' status=success
2026-09-29 07:57:29.275  INFO   session     Entity shadow: vision=1 {'player': 1} memory=2 {'monster': 2} paired=0 median=0.000
2026-09-29 07:57:31.691  INFO   decision    mode=traveling goal=combat action=attack target=725 sticky=725 origin=(286,324) shop=0 scrolled=0 reason='attack target' status=success
2026-09-29 07:57:34.608  INFO   session     Entity shadow: vision=4 {'item': 1, 'player': 1, 'monster': 2} memory=4 {'monster': 3, 'item': 1} paired=3 median=0.008
2026-09-29 07:57:35.189  INFO   combat      engage id=723 species=monster_도베르만_6 rel=(5,-1)
2026-09-29 07:57:35.238  INFO   decision    mode=traveling goal=combat action=attack target=723 sticky=723 origin=(287,323) shop=0 scrolled=0 reason='engage target' status=success
2026-09-29 07:57:36.500  INFO   decision    mode=traveling goal=loot action=searching target=727 sticky=- origin=(287,323) shop=0 scrolled=0 reason='walk onto item' status=success
2026-09-29 07:57:39.684  INFO   session     Entity shadow: vision=5 {'player': 1, 'item': 3, 'monster': 1} memory=4 {'item': 3, 'monster': 1} paired=4 median=0.024
2026-09-29 07:57:41.538  INFO   combat      engage id=724 species=monster_고블린_2 rel=(3,-5)
2026-09-29 07:57:41.539  INFO   decision    mode=traveling goal=combat action=attack target=724 sticky=724 origin=(287,319) shop=0 scrolled=0 reason='engage target' status=success
2026-09-29 07:57:45.182  INFO   session     Entity shadow: vision=8 {'player': 1, 'item': 4, 'monster': 3} memory=10 {'monster': 5, 'npc': 1, 'item': 4} paired=6 median=0.036
2026-09-29 07:57:45.256  INFO   decision    mode=traveling goal=combat action=attack target=734 sticky=734 origin=(289,316) shop=0 scrolled=0 reason='attack target' status=success
2026-09-29 07:57:47.750  INFO   decision    mode=traveling goal=combat action=attack target=732 sticky=732 origin=(291,314) shop=0 scrolled=0 reason='attack target' status=success
2026-09-29 07:57:50.773  INFO   session     Entity shadow: vision=8 {'item': 4, 'player': 1, 'monster': 3} memory=8 {'monster': 3, 'npc': 1, 'item': 4} paired=7 median=0.009
2026-09-29 07:57:51.373  INFO   combat      engage id=729 species=monster_오크_2 rel=(-2,1)
2026-09-29 07:57:51.404  INFO   decision    mode=traveling goal=combat action=attack target=729 sticky=729 origin=(294,315) shop=0 scrolled=0 reason='engage target' status=success
2026-09-29 07:57:53.425  INFO   decision    mode=traveling goal=loot action=searching target=733 sticky=- origin=(296,316) shop=0 scrolled=0 reason='walk onto item' status=success
2026-09-29 07:57:56.333  INFO   session     Entity shadow: vision=7 {'player': 1, 'item': 4, 'monster': 1, 'npc': 1} memory=6 {'npc': 1, 'monster': 1, 'item': 4} paired=6 median=0.023
2026-09-29 07:57:56.437  INFO   decision    mode=traveling goal=loot action=pickup target=733 sticky=- origin=(293,315) shop=0 scrolled=0 reason='loot target' status=success
2026-09-29 07:57:57.633  INFO   decision    mode=traveling goal=loot action=searching target=727 sticky=- origin=(292,315) shop=0 scrolled=0 reason='walk onto item' status=success
2026-09-29 07:58:00.028  INFO   decision    mode=traveling goal=loot action=pickup target=727 sticky=- origin=(289,316) shop=0 scrolled=0 reason='loot target' status=success
2026-09-29 07:58:00.743  INFO   decision    mode=traveling goal=loot action=idle target=- sticky=- origin=(288,316) shop=0 scrolled=0 reason='pickup memory gone' status=success
2026-09-29 07:58:01.297  INFO   session     Entity shadow: vision=4 {'item': 3, 'player': 1} memory=4 {'npc': 1, 'item': 3} paired=3 median=0.011
2026-09-29 07:58:02.038  INFO   decision    mode=traveling goal=loot action=searching target=728 sticky=- origin=(288,316) shop=0 scrolled=0 reason='walk onto item' status=success
2026-09-29 07:58:04.811  INFO   decision    mode=traveling goal=loot action=pickup target=728 sticky=- origin=(292,320) shop=0 scrolled=0 reason='loot target' status=success
2026-09-29 07:58:05.903  INFO   decision    mode=traveling goal=loot action=pickup target=726 sticky=- origin=(293,321) shop=0 scrolled=0 reason='engage item' status=success
2026-09-29 07:58:06.482  INFO   session     Entity shadow: vision=3 {'item': 1, 'monster': 1, 'player': 1} memory=3 {'monster': 1, 'npc': 1, 'item': 1} paired=2 median=0.026
2026-09-29 07:58:06.574  INFO   decision    mode=traveling goal=loot action=idle target=- sticky=- origin=(293,321) shop=0 scrolled=0 reason='pickup memory gone' status=success
2026-09-29 07:58:08.408  INFO   combat      engage id=742 species=monster_오크 전사_8 rel=(11,1)
2026-09-29 07:58:08.409  INFO   decision    mode=traveling goal=combat action=attack target=742 sticky=742 origin=(293,321) shop=0 scrolled=0 reason='engage target' status=success
2026-09-29 07:58:11.963  INFO   session     Entity shadow: vision=6 {'monster': 5, 'item': 1} memory=7 {'monster': 5, 'npc': 1, 'item': 1} paired=4 median=0.023
2026-09-29 07:58:16.295  INFO   decision    mode=traveling goal=loot action=pickup target=747 sticky=- origin=(297,320) shop=0 scrolled=0 reason='engage item' status=success
2026-09-29 07:58:16.990  INFO   combat      engage id=744 species=monster_도베르만_6 rel=(5,2)
2026-09-29 07:58:16.991  INFO   decision    mode=traveling goal=combat action=attack target=744 sticky=744 origin=(297,320) shop=0 scrolled=0 reason='engage target' status=success
2026-09-29 07:58:18.064  INFO   session     Entity shadow: vision=4 {'monster': 3, 'item': 1} memory=7 {'monster': 5, 'npc': 1, 'item': 1} paired=3 median=0.007
2026-09-29 07:58:19.589  INFO   combat      engage id=746 species=monster_난쟁이_5 rel=(-1,3)
2026-09-29 07:58:19.853  INFO   decision    mode=traveling goal=combat action=attack target=746 sticky=746 origin=(297,320) shop=0 scrolled=0 reason='engage target' status=success
2026-09-29 07:58:23.584  INFO   session     Entity shadow: vision=7 {'item': 3, 'monster': 4} memory=5 {'npc': 1, 'monster': 3, 'item': 1} paired=3 median=0.016
2026-09-29 07:58:24.465  INFO   combat      engage id=745 species=monster_세퍼드_5 rel=(-4,-2)
2026-09-29 07:58:24.802  INFO   decision    mode=traveling goal=combat action=attack target=745 sticky=745 origin=(296,322) shop=0 scrolled=0 reason='engage target' status=success
2026-09-29 07:58:28.037  INFO   decision    mode=traveling goal=loot action=searching target=750 sticky=- origin=(293,321) shop=0 scrolled=0 reason='walk onto item' status=success
2026-09-29 07:58:29.145  INFO   session     Entity shadow: vision=5 {'item': 4, 'player': 1} memory=4 {'npc': 1, 'item': 3} paired=3 median=0.010
2026-09-29 07:58:31.152  INFO   decision    mode=traveling goal=loot action=pickup target=750 sticky=- origin=(292,322) shop=0 scrolled=0 reason='loot target' status=success
2026-09-29 07:58:31.844  INFO   decision    mode=traveling goal=loot action=idle target=- sticky=- origin=(292,322) shop=0 scrolled=0 reason='pickup memory gone' status=success
2026-09-29 07:58:33.019  INFO   decision    mode=traveling goal=loot action=searching target=749 sticky=- origin=(291,323) shop=0 scrolled=0 reason='walk onto item' status=success
2026-09-29 07:58:34.654  INFO   session     Entity shadow: vision=3 {'player': 1, 'item': 2} memory=3 {'npc': 1, 'item': 2} paired=2 median=0.014
2026-09-29 07:58:37.368  INFO   decision    mode=traveling goal=loot action=pickup target=749 sticky=- origin=(297,329) shop=0 scrolled=0 reason='loot target' status=success
2026-09-29 07:58:37.916  INFO   decision    mode=traveling goal=loot action=idle target=- sticky=- origin=(297,329) shop=0 scrolled=0 reason='pickup memory gone' status=success
2026-09-29 07:58:39.670  INFO   session     Entity shadow: vision=5 {'player': 2, 'item': 3} memory=5 {'npc': 1, 'item': 3, 'player': 1} paired=4 median=0.031
2026-09-29 07:58:39.734  INFO   decision    mode=traveling goal=loot action=searching target=748 sticky=- origin=(299,328) shop=0 scrolled=0 reason='walk onto item' status=success
2026-09-29 07:58:44.652  INFO   decision    mode=traveling goal=loot action=pickup target=748 sticky=- origin=(302,325) shop=0 scrolled=0 reason='loot target' status=success
2026-09-29 07:58:45.294  INFO   session     Entity shadow: vision=4 {'player': 1, 'item': 1, 'monster': 2} memory=5 {'player': 1, 'monster': 2, 'npc': 1, 'item': 1} paired=3 median=0.023
2026-09-29 07:58:45.358  INFO   decision    mode=traveling goal=loot action=idle target=- sticky=- origin=(303,324) shop=0 scrolled=0 reason='pickup memory gone' status=success
2026-09-29 07:58:45.833  INFO   decision    mode=traveling goal=loot action=searching target=756 sticky=- origin=(303,324) shop=0 scrolled=0 reason='walk onto item' status=success
2026-09-29 07:58:48.053  INFO   combat      engage id=755 species=monster_난쟁이_5 rel=(2,-5)
2026-09-29 07:58:48.255  INFO   decision    mode=traveling goal=combat action=attack target=755 sticky=755 origin=(305,322) shop=0 scrolled=0 reason='engage target' status=success
2026-09-29 07:58:49.078  INFO   decision    mode=traveling goal=loot action=searching target=757 sticky=- origin=(306,321) shop=0 scrolled=0 reason='walk onto item' status=success
2026-09-29 07:58:49.672  INFO   decision    mode=traveling goal=loot action=pickup target=757 sticky=- origin=(308,320) shop=0 scrolled=0 reason='loot target' status=success
2026-09-29 07:58:50.281  INFO   decision    mode=traveling goal=loot action=idle target=- sticky=- origin=(308,320) shop=0 scrolled=0 reason='pickup memory gone' status=success
2026-09-29 07:58:50.686  INFO   session     Entity shadow: vision=4 {'player': 2, 'item': 2} memory=3 {'player': 1, 'item': 2} paired=3 median=0.027
2026-09-29 07:58:52.048  INFO   decision    mode=traveling goal=loot action=searching target=756 sticky=- origin=(308,317) shop=0 scrolled=0 reason='walk onto item' status=success
2026-09-29 07:58:53.459  INFO   decision    mode=traveling goal=loot action=pickup target=756 sticky=- origin=(310,318) shop=0 scrolled=0 reason='loot target' status=success
2026-09-29 07:58:54.497  INFO   decision    mode=traveling goal=loot action=idle target=- sticky=- origin=(311,319) shop=0 scrolled=0 reason='pickup memory gone' status=success
2026-09-29 07:58:56.217  INFO   session     Entity shadow: vision=2 {'item': 1, 'player': 1} memory=2 {'player': 1, 'item': 1} paired=1 median=0.003
2026-09-29 07:58:56.378  INFO   decision    mode=traveling goal=traveling action=traveling target=- sticky=- origin=(312,320) shop=0 scrolled=0 reason='low adena yield' status=success
2026-09-29 07:59:01.149  INFO   session     Entity shadow: vision=5 {'monster': 1, 'player': 2, 'item': 2} memory=5 {'player': 2, 'item': 3} paired=3 median=0.009
2026-09-29 07:59:06.163  INFO   session     Entity shadow: vision=4 {'player': 1, 'monster': 1, 'item': 2} memory=1 {'item': 1} paired=1 median=0.011
2026-09-29 07:59:11.173  INFO   session     Entity shadow: vision=2 {'monster': 1, 'player': 1} memory=2 {'player': 1, 'item': 1} paired=0 median=0.000
2026-09-29 07:59:16.215  INFO   session     Entity shadow: vision=7 {'player': 3, 'item': 3, 'monster': 1} memory=3 {'player': 1, 'item': 2} paired=3 median=0.010
2026-09-29 07:59:16.747  INFO   decision    mode=traveling goal=traveling action=traveling target=- sticky=- origin=(313,343) shop=0 scrolled=0 reason='low adena yield' status=success (repeat x50)
2026-09-29 07:59:21.648  INFO   session     Entity shadow: vision=7 {'player': 2, 'monster': 1, 'npc': 1, 'item': 3} memory=5 {'monster': 1, 'player': 1, 'item': 3} paired=4 median=0.021 unleveled=68:경비병
2026-09-29 07:59:26.709  INFO   session     Entity shadow: vision=4 {'item': 3, 'npc': 1} memory=6 {'player': 2, 'monster': 1, 'item': 3} paired=3 median=0.010 unleveled=68:경비병
2026-09-29 07:59:30.340  INFO   combat      engage id=771 species=monster_코볼트_3 rel=(-15,4)
2026-09-29 07:59:30.369  INFO   decision    mode=traveling goal=combat action=attack target=771 sticky=771 origin=(308,361) shop=0 scrolled=0 reason='engage target' status=success
2026-09-29 07:59:31.596  INFO   session     Entity shadow: vision=4 {'player': 1, 'npc': 1, 'item': 2} memory=6 {'monster': 2, 'player': 1, 'item': 3} paired=2 median=0.069 unleveled=68:경비병
2026-09-29 07:59:35.143  INFO   decision    mode=traveling goal=buff action=buff target=- sticky=771 origin=(302,363) shop=0 scrolled=0 reason='light' status=success
2026-09-29 07:59:36.071  INFO   decision    mode=traveling goal=loot action=searching target=773 sticky=- origin=(302,363) shop=0 scrolled=0 reason='walk onto item' status=success
2026-09-29 07:59:37.168  INFO   session     Entity shadow: vision=6 {'player': 1, 'item': 4, 'monster': 1} memory=5 {'item': 4, 'monster': 1} paired=5 median=0.010
2026-09-29 07:59:40.459  INFO   decision    mode=traveling goal=loot action=pickup target=773 sticky=- origin=(298,363) shop=0 scrolled=0 reason='loot target' status=success
2026-09-29 07:59:41.063  INFO   decision    mode=traveling goal=loot action=idle target=- sticky=- origin=(298,363) shop=0 scrolled=0 reason='pickup memory gone' status=success
2026-09-29 07:59:41.524  INFO   combat      engage id=772 species=monster_오크 궁수_3 rel=(-8,2)
2026-09-29 07:59:41.525  INFO   decision    mode=traveling goal=combat action=attack target=772 sticky=772 origin=(297,363) shop=0 scrolled=0 reason='engage target' status=success
2026-09-29 07:59:42.194  INFO   session     Entity shadow: vision=4 {'item': 1, 'monster': 2, 'player': 1} memory=4 {'monster': 2, 'item': 2} paired=3 median=0.023
2026-09-29 07:59:42.977  INFO   combat      engage id=774 species=monster_오크_2 rel=(-9,0)
2026-09-29 07:59:42.978  INFO   decision    mode=traveling goal=combat action=attack target=774 sticky=774 origin=(297,363) shop=0 scrolled=0 reason='engage target' status=success
2026-09-29 07:59:45.520  INFO   decision    mode=traveling goal=traveling action=traveling target=- sticky=- origin=(297,363) shop=0 scrolled=0 reason='low adena yield' status=success
2026-09-29 07:59:47.218  INFO   session     Entity shadow: vision=1 {'monster': 1} memory=2 {'item': 2} paired=0 median=0.000
2026-09-29 07:59:52.602  INFO   session     Entity shadow: vision=2 {'player': 1, 'item': 1} memory=2 {'item': 2} paired=1 median=0.007
2026-09-29 07:59:57.903  INFO   session     Entity shadow: vision=2 {'player': 1, 'item': 1} memory=2 {'item': 2} paired=1 median=0.039
2026-09-29 08:00:02.847  INFO   session     Entity shadow: vision=1 {'player': 1} memory=0 {} paired=0 median=0.000
2026-09-29 08:00:02.998  INFO   decision    mode=traveling goal=traveling action=traveling target=- sticky=- origin=(311,384) shop=0 scrolled=0 reason='low adena yield' status=success (repeat x50)
2026-09-29 08:00:08.298  INFO   session     Entity shadow: vision=2 {'player': 2} memory=2 {'player': 1, 'monster': 1} paired=1 median=0.011
2026-09-29 08:00:09.679  INFO   hp          hp action=heal
2026-09-29 08:00:09.679  INFO   decision    mode=traveling goal=heal action=heal target=- sticky=- origin=(302,395) shop=0 scrolled=0 reason='recover hp' status=success
2026-09-29 08:00:10.426  INFO   hp          hp action=heal
2026-09-29 08:00:11.531  INFO   hp          hp action=heal
2026-09-29 08:00:12.402  INFO   hp          hp action=heal
2026-09-29 08:00:13.414  INFO   session     Entity shadow: vision=1 {'player': 1} memory=12 {'monster': 4, 'npc': 8} paired=0 median=0.000 unleveled=206:토끼,209:토끼,208:토끼,210:토끼
2026-09-29 08:00:13.508  INFO   hp          hp action=heal
2026-09-29 08:00:14.711  INFO   hp          hp action=heal
2026-09-29 08:00:15.945  INFO   hp          hp action=heal
2026-09-29 08:00:16.707  INFO   hp          hp action=heal
2026-09-29 08:00:17.029  INFO   session     일시정지 — 단축키
2026-09-29 08:04:51.169  INFO   session     일시정지 / 재개 → 실행 중
2026-09-29 08:04:52.427  INFO   session     Entity shadow: vision=43 {'player': 40, 'monster': 1, 'npc': 2} memory=121 {'npc': 6, 'player': 115} paired=41 median=0.044
2026-09-29 08:04:52.645  INFO   decision    mode=traveling goal=buff action=buff target=- sticky=- origin=(772,-405) shop=0 scrolled=0 reason='armor_up' status=success
2026-09-29 08:04:54.252  INFO   nav         talking scroll emit spot=ti_spellbook purpose= reason=return to selected hunt map
2026-09-29 08:04:54.399  INFO   decision    mode=traveling goal=talking_scroll action=use_talking_scroll target=- sticky=- origin=(772,-405) shop=0 scrolled=0 reason='return to selected hunt map' status=success
2026-09-29 08:04:55.205  INFO   session     일시정지 — 단축키
2026-09-29 08:05:54.224  INFO   session     일시정지 / 재개 → 실행 중
2026-09-29 08:05:55.439  INFO   session     Entity shadow: vision=38 {'player': 34, 'npc': 2, 'monster': 2} memory=59 {'npc': 9, 'player': 49, 'monster': 1} paired=33 median=0.062 unleveled=319:?
2026-09-29 08:05:55.627  INFO   nav         talking scroll emit spot=ti_spellbook purpose= reason=return to selected hunt map
2026-09-29 08:05:59.264  INFO   decision    mode=traveling goal=traveling action=traveling target=- sticky=- origin=(273,341) shop=0 scrolled=0 reason='low adena yield' status=success
2026-09-29 08:06:00.660  INFO   session     Entity shadow: vision=4 {'player': 2, 'npc': 1, 'monster': 1} memory=6 {'monster': 3, 'npc': 3} paired=1 median=0.021 unleveled=68:경비병,10:경비병
2026-09-29 08:06:01.416  INFO   combat      engage id=981 species=monster_도베르만_6 rel=(-13,4)
2026-09-29 08:06:01.416  INFO   decision    mode=traveling goal=combat action=attack target=981 sticky=981 origin=(271,343) shop=0 scrolled=0 reason='engage target' status=success
2026-09-29 08:06:05.714  INFO   session     Entity shadow: vision=5 {'player': 1, 'npc': 3, 'monster': 1} memory=7 {'monster': 5, 'npc': 2} paired=1 median=0.020 unleveled=68:경비병,10:경비병
2026-09-29 08:06:11.218  INFO   session     Entity shadow: vision=5 {'npc': 3, 'player': 2} memory=9 {'player': 1, 'monster': 5, 'npc': 3} paired=1 median=0.035 unleveled=68:경비병,10:경비병
2026-09-29 08:06:12.297  INFO   decision    mode=traveling goal=traveling action=traveling target=- sticky=- origin=(267,339) shop=0 scrolled=0 reason='low adena yield' status=success
2026-09-29 08:06:13.005  INFO   decision    mode=traveling goal=loot action=searching target=989 sticky=- origin=(345,310) shop=0 scrolled=0 reason='walk onto item' status=success
2026-09-29 08:06:16.324  INFO   session     Entity shadow: vision=3 {'item': 1, 'monster': 2} memory=3 {'monster': 1, 'player': 1, 'item': 1} paired=2 median=0.010
2026-09-29 08:06:18.987  INFO   decision    mode=traveling goal=loot action=pickup target=989 sticky=- origin=(340,311) shop=0 scrolled=0 reason='loot target' status=success
2026-09-29 08:06:19.559  INFO   decision    mode=traveling goal=loot action=idle target=- sticky=- origin=(340,311) shop=0 scrolled=0 reason='pickup memory gone' status=success
2026-09-29 08:06:21.352  INFO   decision    mode=traveling goal=loot action=searching target=991 sticky=- origin=(340,311) shop=0 scrolled=0 reason='walk onto item' status=success
2026-09-29 08:06:21.935  INFO   session     Entity shadow: vision=6 {'player': 3, 'item': 3} memory=4 {'player': 2, 'item': 2} paired=4 median=0.050
2026-09-29 08:06:23.304  INFO   decision    mode=traveling goal=loot action=searching target=989 sticky=- origin=(342,314) shop=0 scrolled=0 reason='walk onto item' status=success
2026-09-29 08:06:26.131  INFO   decision    mode=traveling goal=loot action=pickup target=989 sticky=- origin=(339,312) shop=0 scrolled=0 reason='loot target' status=success
2026-09-29 08:06:26.916  INFO   decision    mode=traveling goal=loot action=idle target=- sticky=- origin=(339,312) shop=0 scrolled=0 reason='pickup memory gone' status=success
2026-09-29 08:06:27.090  INFO   session     Entity shadow: vision=3 {'player': 1, 'item': 1, 'monster': 1} memory=1 {'item': 1} paired=1 median=0.002
2026-09-29 08:06:28.249  INFO   decision    mode=traveling goal=traveling action=traveling target=- sticky=- origin=(338,310) shop=0 scrolled=0 reason='low adena yield' status=success
2026-09-29 08:06:32.453  INFO   session     Entity shadow: vision=1 {'player': 1} memory=0 {} paired=0 median=0.000
2026-09-29 08:06:36.081  INFO   session     일시정지 — 단축키
2026-09-29 08:07:49.647  INFO   session     일시정지 / 재개 → 실행 중
2026-09-29 08:07:49.870  INFO   session     Entity shadow: vision=2 {'player': 2} memory=1 {'player': 1} paired=1 median=0.033
2026-09-29 08:07:50.322  INFO   nav         unstick TP emit reason=unstick confined
2026-09-29 08:07:50.478  INFO   decision    mode=traveling goal=unstick action=teleport target=- sticky=- origin=(329,320) shop=0 scrolled=0 reason='unstick confined' status=success
2026-09-29 08:07:51.804  INFO   combat      engage id=996 species=monster_오크 전사_8 rel=(8,9)
2026-09-29 08:07:52.195  INFO   decision    mode=traveling goal=combat action=attack target=996 sticky=996 origin=(329,322) shop=0 scrolled=0 reason='engage target' status=success
2026-09-29 08:07:55.212  INFO   session     Entity shadow: vision=2 {'player': 1, 'monster': 1} memory=2 {'player': 1, 'monster': 1} paired=1 median=0.015
2026-09-29 08:07:57.187  INFO   decision    mode=traveling goal=loot action=pickup target=998 sticky=- origin=(332,327) shop=0 scrolled=0 reason='engage item' status=success
2026-09-29 08:07:57.832  INFO   decision    mode=traveling goal=loot action=idle target=- sticky=- origin=(332,327) shop=0 scrolled=0 reason='pickup memory gone' status=success
2026-09-29 08:07:59.649  INFO   decision    mode=traveling goal=traveling action=traveling target=- sticky=- origin=(331,329) shop=0 scrolled=0 reason='low adena yield' status=success
2026-09-29 08:08:00.156  INFO   session     Entity shadow: vision=4 {'player': 1, 'item': 3} memory=3 {'player': 1, 'item': 2} paired=3 median=0.038
2026-09-29 08:08:00.231  INFO   decision    mode=traveling goal=loot action=pickup target=998 sticky=- origin=(331,329) shop=0 scrolled=0 reason='engage item' status=success
2026-09-29 08:08:00.875  INFO   decision    mode=traveling goal=traveling action=traveling target=- sticky=- origin=(331,329) shop=0 scrolled=0 reason='low adena yield' status=success
2026-09-29 08:08:05.700  INFO   session     Entity shadow: vision=2 {'item': 2} memory=2 {'item': 2} paired=2 median=0.081
2026-09-29 08:08:11.073  INFO   session     Entity shadow: vision=3 {'monster': 2, 'item': 1} memory=1 {'item': 1} paired=1 median=0.012
2026-09-29 08:08:16.120  INFO   session     Entity shadow: vision=1 {'monster': 1} memory=0 {} paired=0 median=0.000
2026-09-29 08:08:20.022  INFO   decision    mode=traveling goal=traveling action=traveling target=- sticky=- origin=(304,368) shop=0 scrolled=0 reason='low adena yield' status=success (repeat x50)
2026-09-29 08:08:20.771  INFO   decision    mode=traveling goal=loot action=searching target=1009 sticky=- origin=(304,371) shop=0 scrolled=0 reason='walk onto item' status=success
2026-09-29 08:08:21.718  INFO   session     Entity shadow: vision=5 {'player': 3, 'item': 2} memory=8 {'player': 2, 'item': 6} paired=4 median=0.027
2026-09-29 08:08:26.106  INFO   decision    mode=traveling goal=traveling action=traveling target=- sticky=- origin=(307,376) shop=0 scrolled=0 reason='low adena yield' status=success
2026-09-29 08:08:26.784  INFO   session     Entity shadow: vision=4 {'monster': 1, 'player': 1, 'item': 2} memory=7 {'player': 3, 'item': 4} paired=3 median=0.028
2026-09-29 08:08:30.273  INFO   decision    mode=traveling goal=loot action=searching target=1011 sticky=- origin=(310,384) shop=0 scrolled=0 reason='walk onto item' status=success
2026-09-29 08:08:31.828  INFO   session     Entity shadow: vision=2 {'player': 1, 'item': 1} memory=3 {'player': 2, 'item': 1} paired=1 median=0.003
2026-09-29 08:08:34.440  INFO   decision    mode=traveling goal=traveling action=traveling target=- sticky=- origin=(309,395) shop=0 scrolled=0 reason='low adena yield' status=success
2026-09-29 08:08:36.980  INFO   session     Entity shadow: vision=3 {'player': 1, 'monster': 1, 'npc': 1} memory=3 {'monster': 2, 'player': 1} paired=1 median=0.043
2026-09-29 08:08:37.126  INFO   combat      engage id=1012 species=monster_늑대인간_9 rel=(-15,0)
2026-09-29 08:08:37.492  INFO   decision    mode=traveling goal=combat action=attack target=1012 sticky=1012 origin=(306,400) shop=0 scrolled=0 reason='engage target' status=success
2026-09-29 08:08:42.469  INFO   session     Entity shadow: vision=5 {'player': 2, 'monster': 2, 'item': 1} memory=8 {'monster': 5, 'item': 2, 'player': 1} paired=4 median=0.042
2026-09-29 08:08:43.146  INFO   decision    mode=traveling goal=loot action=searching target=1017 sticky=- origin=(300,400) shop=0 scrolled=0 reason='walk onto item' status=success
2026-09-29 08:08:44.057  INFO   combat      engage id=1014 species=monster_늑대_4 rel=(-5,1)
2026-09-29 08:08:44.252  INFO   decision    mode=traveling goal=combat action=attack target=1014 sticky=1014 origin=(300,400) shop=0 scrolled=0 reason='engage target' status=success
2026-09-29 08:08:47.486  INFO   session     Entity shadow: vision=5 {'item': 1, 'monster': 2, 'npc': 1, 'player': 1} memory=5 {'player': 2, 'monster': 2, 'item': 1} paired=2 median=0.036 unleveled=68:경비병
2026-09-29 08:08:47.665  INFO   combat      engage id=1023 species=monster_코볼트_3 rel=(6,-11)
2026-09-29 08:08:47.999  INFO   decision    mode=traveling goal=combat action=attack target=1023 sticky=1023 origin=(296,401) shop=0 scrolled=0 reason='engage target' status=success
2026-09-29 08:08:51.339  INFO   decision    mode=traveling goal=loot action=searching target=1024 sticky=- origin=(300,398) shop=0 scrolled=0 reason='walk onto item' status=success
2026-09-29 08:08:52.642  INFO   session     Entity shadow: vision=4 {'player': 3, 'item': 1} memory=3 {'player': 2, 'item': 1} paired=3 median=0.020
2026-09-29 08:08:53.189  INFO   decision    mode=traveling goal=loot action=pickup target=1024 sticky=- origin=(301,394) shop=0 scrolled=0 reason='loot target' status=success
2026-09-29 08:08:53.908  INFO   decision    mode=traveling goal=loot action=idle target=- sticky=- origin=(302,392) shop=0 scrolled=0 reason='pickup memory gone' status=success
2026-09-29 08:08:55.752  INFO   decision    mode=traveling goal=traveling action=traveling target=- sticky=- origin=(302,392) shop=0 scrolled=0 reason='low adena yield' status=success
2026-09-29 08:08:56.660  INFO   decision    mode=traveling goal=loot action=pickup target=1024 sticky=- origin=(302,392) shop=0 scrolled=0 reason='engage item' status=success
2026-09-29 08:08:57.625  INFO   decision    mode=traveling goal=traveling action=traveling target=- sticky=- origin=(300,394) shop=0 scrolled=0 reason='low adena yield' status=success
2026-09-29 08:08:58.729  INFO   session     Entity shadow: vision=1 {'player': 1} memory=1 {'player': 1} paired=1 median=0.048
2026-09-29 08:09:01.937  INFO   decision    mode=farming goal=search action=searching target=- sticky=- origin=(294,400) shop=0 scrolled=0 reason='search area' status=success
2026-09-29 08:09:03.692  INFO   session     Entity shadow: vision=2 {'player': 1, 'npc': 1} memory=1 {'monster': 1} paired=0 median=0.000 unleveled=68:경비병
2026-09-29 08:09:08.706  INFO   session     Entity shadow: vision=3 {'player': 2, 'npc': 1} memory=3 {'player': 1, 'monster': 2} paired=1 median=0.047 unleveled=207:토끼,68:경비병
2026-09-29 08:09:09.265  INFO   combat      engage id=1029 species=monster_오크 궁수_3 rel=(-14,3)
2026-09-29 08:09:09.266  INFO   decision    mode=farming goal=combat action=attack target=1029 sticky=1029 origin=(304,404) shop=0 scrolled=0 reason='engage target' status=success
2026-09-29 08:09:10.374  INFO   decision    mode=farming goal=search action=searching target=- sticky=- origin=(304,404) shop=0 scrolled=0 reason='search area' status=success
2026-09-29 08:09:11.106  INFO   combat      engage id=1030 species=monster_오크 궁수_3 rel=(-13,1)
2026-09-29 08:09:11.107  INFO   decision    mode=farming goal=combat action=attack target=1030 sticky=1030 origin=(303,406) shop=0 scrolled=0 reason='engage target' status=success
2026-09-29 08:09:14.033  INFO   session     Entity shadow: vision=3 {'player': 1, 'npc': 1, 'monster': 1} memory=3 {'player': 1, 'monster': 2} paired=1 median=0.010 unleveled=68:경비병
2026-09-29 08:09:18.938  INFO   decision    mode=farming goal=loot action=pickup target=1032 sticky=- origin=(295,400) shop=0 scrolled=0 reason='engage item' status=success
2026-09-29 08:09:19.449  INFO   session     Entity shadow: vision=3 {'npc': 1, 'item': 1, 'player': 1} memory=2 {'monster': 1, 'item': 1} paired=1 median=0.033 unleveled=68:경비병
2026-09-29 08:09:19.541  INFO   decision    mode=farming goal=loot action=idle target=- sticky=- origin=(295,400) shop=0 scrolled=0 reason='pickup memory gone' status=success
2026-09-29 08:09:20.201  INFO   decision    mode=farming goal=search action=searching target=- sticky=- origin=(296,399) shop=0 scrolled=0 reason='search area' status=success
2026-09-29 08:09:24.677  INFO   session     Entity shadow: vision=2 {'player': 1, 'npc': 1} memory=1 {'monster': 1} paired=0 median=0.000 unleveled=68:경비병
2026-09-29 08:09:30.037  INFO   session     Entity shadow: vision=1 {'player': 1} memory=1 {'monster': 1} paired=0 median=0.000 unleveled=68:경비병
2026-09-29 08:09:35.146  INFO   session     Entity shadow: vision=0 {} memory=0 {} paired=0 median=0.000
2026-09-29 08:09:38.730  INFO   decision    mode=farming goal=search action=searching target=- sticky=- origin=(317,408) shop=0 scrolled=0 reason='search area' status=success (repeat x50)
2026-09-29 08:09:40.556  INFO   session     Entity shadow: vision=1 {'player': 1} memory=0 {} paired=0 median=0.000
2026-09-29 08:09:41.267  INFO   combat      engage id=1035 species=monster_해골_10 rel=(12,7)
2026-09-29 08:09:41.267  INFO   decision    mode=farming goal=combat action=attack target=1035 sticky=1035 origin=(321,410) shop=0 scrolled=0 reason='engage target' status=success
2026-09-29 08:09:45.893  INFO   session     Entity shadow: vision=2 {'player': 1, 'monster': 1} memory=2 {'monster': 2} paired=1 median=0.090 unleveled=189:사슴
2026-09-29 08:09:50.814  INFO   session     Entity shadow: vision=2 {'player': 1, 'item': 1} memory=4 {'item': 1, 'player': 1, 'monster': 2} paired=2 median=0.114 unleveled=189:사슴
2026-09-29 08:09:50.912  INFO   decision    mode=farming goal=combat action=searching target=1035 sticky=1035 origin=(330,415) shop=0 scrolled=0 reason='sidestep combat block' status=success
2026-09-29 08:09:51.512  INFO   decision    mode=farming goal=loot action=pickup target=1038 sticky=- origin=(330,415) shop=0 scrolled=0 reason='engage item' status=success
2026-09-29 08:09:52.244  INFO   decision    mode=farming goal=loot action=idle target=- sticky=- origin=(329,416) shop=0 scrolled=0 reason='pickup memory gone' status=success
2026-09-29 08:09:53.709  INFO   decision    mode=farming goal=search action=searching target=- sticky=- origin=(330,415) shop=0 scrolled=0 reason='search area' status=success
2026-09-29 08:09:55.855  INFO   session     Entity shadow: vision=2 {'player': 2} memory=3 {'monster': 2, 'player': 1} paired=1 median=0.044 unleveled=206:토끼,189:사슴
2026-09-29 08:10:01.335  INFO   session     Entity shadow: vision=3 {'player': 2, 'monster': 1} memory=2 {'monster': 1, 'player': 1} paired=1 median=0.023 unleveled=206:토끼
2026-09-29 08:10:06.349  INFO   session     Entity shadow: vision=1 {'monster': 1} memory=2 {'player': 2} paired=0 median=0.000
2026-09-29 08:10:11.364  INFO   session     Entity shadow: vision=4 {'monster': 2, 'player': 2} memory=3 {'player': 2, 'monster': 1} paired=1 median=0.018 unleveled=189:사슴
2026-09-29 08:10:11.823  INFO   decision    mode=farming goal=search action=searching target=- sticky=- origin=(326,417) shop=0 scrolled=0 reason='search area' status=success (repeat x50)
2026-09-29 08:10:16.703  INFO   session     Entity shadow: vision=2 {'player': 1, 'monster': 1} memory=2 {'player': 1, 'monster': 1} paired=0 median=0.000 unleveled=189:사슴
2026-09-29 08:10:20.690  INFO   combat      engage id=1044 species=monster_오크_2 rel=(-10,-6)
2026-09-29 08:10:20.925  INFO   decision    mode=farming goal=combat action=attack target=1044 sticky=1044 origin=(319,409) shop=0 scrolled=0 reason='engage target' status=success
2026-09-29 08:10:22.170  INFO   session     Entity shadow: vision=2 {'monster': 1, 'player': 1} memory=6 {'monster': 5, 'player': 1} paired=1 median=0.026
2026-09-29 08:10:22.822  INFO   combat      sticky wall/fence blocked id=1046 — give up (no detour)
2026-09-29 08:10:22.822  INFO   combat      give-up id=1046 sticky_was=1046
2026-09-29 08:10:22.905  INFO   decision    mode=farming goal=loot action=searching target=1050 sticky=- origin=(315,405) shop=0 scrolled=0 reason='walk onto item' status=success
2026-09-29 08:10:27.265  INFO   session     Entity shadow: vision=4 {'player': 2, 'item': 2} memory=4 {'player': 1, 'monster': 1, 'item': 2} paired=3 median=0.011
2026-09-29 08:10:28.526  INFO   decision    mode=farming goal=loot action=pickup target=1050 sticky=- origin=(310,403) shop=0 scrolled=0 reason='loot target' status=success
2026-09-29 08:10:29.276  INFO   decision    mode=farming goal=loot action=idle target=- sticky=- origin=(307,403) shop=0 scrolled=0 reason='pickup memory gone' status=success
2026-09-29 08:10:31.067  INFO   combat      engage id=1053 species=monster_난쟁이_5 rel=(-11,-1)
2026-09-29 08:10:31.561  INFO   decision    mode=farming goal=combat action=attack target=1053 sticky=1053 origin=(307,402) shop=0 scrolled=0 reason='engage target' status=success
2026-09-29 08:10:32.344  INFO   session     Entity shadow: vision=3 {'item': 2, 'player': 1} memory=5 {'player': 3, 'item': 2} paired=3 median=0.046
2026-09-29 08:10:32.500  INFO   decision    mode=farming goal=loot action=searching target=1055 sticky=- origin=(307,402) shop=0 scrolled=0 reason='walk onto item' status=success
2026-09-29 08:10:33.803  INFO   decision    mode=farming goal=loot action=searching target=1050 sticky=- origin=(305,401) shop=0 scrolled=0 reason='walk onto item' status=success
2026-09-29 08:10:37.452  INFO   session     Entity shadow: vision=2 {'monster': 1, 'player': 1} memory=2 {'player': 1, 'item': 1} paired=1 median=0.030
2026-09-29 08:10:37.610  INFO   decision    mode=farming goal=loot action=pickup target=1050 sticky=- origin=(307,404) shop=0 scrolled=0 reason='loot target' status=success
2026-09-29 08:10:38.297  INFO   decision    mode=farming goal=loot action=idle target=- sticky=- origin=(309,404) shop=0 scrolled=0 reason='pickup memory gone' status=success
2026-09-29 08:10:39.833  INFO   decision    mode=farming goal=search action=searching target=- sticky=- origin=(310,402) shop=0 scrolled=0 reason='search area' status=success
2026-09-29 08:10:40.797  INFO   combat      engage id=1057 species=monster_셸로브_14 rel=(2,-17)
2026-09-29 08:10:40.799  INFO   decision    mode=farming goal=combat action=attack target=1057 sticky=1057 origin=(310,402) shop=0 scrolled=0 reason='engage target' status=success
2026-09-29 08:10:41.969  INFO   decision    mode=farming goal=loot action=searching target=1059 sticky=- origin=(312,400) shop=0 scrolled=0 reason='walk onto item' status=success
2026-09-29 08:10:42.552  INFO   session     Entity shadow: vision=5 {'player': 3, 'monster': 1, 'item': 1} memory=5 {'monster': 2, 'player': 2, 'item': 1} paired=3 median=0.036
2026-09-29 08:10:44.643  INFO   combat      engage id=1060 species=monster_오크 전사_8 rel=(10,4)
2026-09-29 08:10:44.644  INFO   decision    mode=farming goal=combat action=attack target=1060 sticky=1060 origin=(312,393) shop=0 scrolled=0 reason='engage target' status=success
2026-09-29 08:10:46.589  INFO   hp          hp action=heal
2026-09-29 08:10:46.909  INFO   decision    mode=farming goal=heal action=heal target=- sticky=1060 origin=(312,392) shop=0 scrolled=0 reason='recover hp' status=success
2026-09-29 08:10:47.707  INFO   session     Entity shadow: vision=3 {'player': 2, 'monster': 1} memory=3 {'monster': 2, 'player': 1} paired=2 median=0.021
2026-09-29 08:10:47.778  INFO   hp          hp action=heal
2026-09-29 08:10:48.872  INFO   hp          hp action=heal
2026-09-29 08:10:50.038  INFO   hp          hp action=heal
2026-09-29 08:10:51.344  INFO   decision    mode=farming goal=loot action=searching target=1061 sticky=- origin=(312,392) shop=0 scrolled=0 reason='walk onto item' status=success
2026-09-29 08:10:53.127  INFO   session     Entity shadow: vision=4 {'item': 2, 'player': 1, 'monster': 1} memory=4 {'player': 1, 'monster': 2, 'item': 1} paired=2 median=0.011 unleveled=12:슬라임
2026-09-29 08:10:54.780  INFO   decision    mode=farming goal=loot action=pickup target=1061 sticky=- origin=(314,393) shop=0 scrolled=0 reason='loot target' status=success
2026-09-29 08:10:55.773  INFO   decision    mode=farming goal=loot action=idle target=- sticky=- origin=(315,393) shop=0 scrolled=0 reason='pickup memory gone' status=success
2026-09-29 08:10:57.287  INFO   combat      engage id=1063 species=monster_늑대인간_9 rel=(-5,-6)
2026-09-29 08:10:57.530  INFO   decision    mode=farming goal=combat action=attack target=1063 sticky=1063 origin=(315,393) shop=0 scrolled=0 reason='engage target' status=success
2026-09-29 08:10:58.302  INFO   session     Entity shadow: vision=0 {} memory=4 {'monster': 3, 'player': 1} paired=0 median=0.000 unleveled=12:슬라임
2026-09-29 08:10:59.656  INFO   hp          hp action=heal
2026-09-29 08:10:59.966  INFO   decision    mode=farming goal=heal action=heal target=- sticky=1063 origin=(315,393) shop=0 scrolled=0 reason='recover hp' status=success
2026-09-29 08:11:00.590  INFO   session     일시정지 — 단축키
2026-09-29 08:11:19.944  INFO   session     일시정지 / 재개 → 실행 중
2026-09-29 08:11:20.182  INFO   session     Entity shadow: vision=2 {'player': 1, 'item': 1} memory=4 {'monster': 1, 'player': 2, 'item': 1} paired=1 median=0.024 unleveled=206:토끼
2026-09-29 08:11:20.806  INFO   decision    mode=traveling goal=traveling action=traveling target=- sticky=- origin=(315,393) shop=0 scrolled=0 reason='enter farm area' status=success
2026-09-29 08:11:24.169  INFO   decision    mode=farming goal=search action=searching target=- sticky=- origin=(315,398) shop=0 scrolled=0 reason='search area' status=success
2026-09-29 08:11:25.697  INFO   session     Entity shadow: vision=2 {'player': 2} memory=3 {'monster': 1, 'player': 2} paired=1 median=0.055 unleveled=206:토끼
2026-09-29 08:11:26.454  INFO   session     일시정지 — 단축키
2026-09-29 08:11:44.390  INFO   session     정지 → 중지됨
