2026-09-28 22:39:04.995  INFO   session     Loading Manmabot from D:\KRR\1.LCBot\ManmabotV1_final\engine
2026-09-28 22:39:05.014  INFO   session     Session log D:\KRR\1.LCBot\ManmabotV1_final\engine\logs\bot-20260928-223904.log
2026-09-28 22:39:05.015  INFO   session     character=elf loot=adena_only game_lang=ko map=talking_island farms=['area_1', 'area_3'] file=D:\KRR\1.LCBot\ManmabotV1_final\engine\logs\bot-20260928-223904.log
2026-09-28 22:39:05.457  INFO   nav         building portal graph (cluster=32, 479x511)
2026-09-28 22:39:06.078  INFO   nav         portal graph: 188 components, 620 ms
2026-09-28 22:39:06.090  INFO   nav         farms=2 safe=11 home=(354, 203) (files farm=D:\KRR\1.LCBot\ManmabotV1_final\engine\maps\talking_island\farms.yaml safe=D:\KRR\1.LCBot\ManmabotV1_final\engine\maps\talking_island\safe.yaml home=D:\KRR\1.LCBot\ManmabotV1_final\engine\maps\talking_island\home.yaml)
2026-09-28 22:39:06.548  INFO   capture     mss window capture process='LC.exe' title=None content_aspect=4:3
2026-09-28 22:39:07.298  INFO   session     Entity clicks use memory names, species, and world cells. Image recognition still runs. Set memory.entity_source to vision to restore image-only clicks.
2026-09-28 22:39:07.331  INFO   session     Player memory is read in this process (realtime_monitor.dll, offsets.json). No separate console.
2026-09-28 22:39:07.351  INFO   session     인벤토리를 백그라운드에서 스캔 중 (inventory_listen.dll 또는 inv.json을 두세요).
2026-09-28 22:39:07.414  INFO   session     메모리에서 핫바 24칸을 읽는 중…
2026-09-28 22:39:07.708  INFO   session     핫바 스캔 완료 · 파워 업@box1/f5, 아머 업@box1/f6, 라이트@box1/f7, 힐@box1/f8, HP 물약@box2/f9, 텔레포트@box1/f10, 마법 공격@box1/f12, 말하는 두루마리@box2/f5, 마더 트리@box2/f6, HP를 MP로@box2/f7
2026-09-28 22:39:07.790  INFO   session     매핑되지 않은 핫바 아이콘: box1/f11:아데나, box1/f12:화살, box2/f10:은화살, box2/f12:SPELL
2026-09-28 22:39:07.855  INFO   session     루프 준비 · 요정 · 한국어 · 맵=말하는 섬 · 룻=아데나만 · 구역=구역 1, 구역 3
2026-09-28 22:39:08.926  INFO   session     Entity shadow: vision=21 {'monster': 2, 'player': 19} memory=165 {'player': 161, 'npc': 4} paired=19 median=0.058
2026-09-28 22:39:09.018  INFO   session     인벤토리 수신 준비 (dll) · hp=70 화살=957 은화살=0 해독=0
2026-09-28 22:39:09.066  INFO   decision    mode=farming behavior=buff action=buff target=- reason='armor_up' status=success
2026-09-28 22:39:10.589  INFO   decision    mode=farming behavior=talking_scroll action=use_talking_scroll target=- reason='return to selected hunt map' status=success
2026-09-28 22:39:14.282  INFO   session     Entity shadow: vision=40 {'monster': 3, 'player': 36, 'npc': 1} memory=166 {'player': 162, 'npc': 4} paired=36 median=0.033
2026-09-28 22:39:14.473  INFO   decision    mode=farming behavior=talking_scroll action=idle target=- reason='waiting talking scroll (hunt map)' status=success
2026-09-28 22:39:18.709  INFO   decision    mode=farming behavior=talking_scroll action=use_talking_scroll target=- reason='return to selected hunt map' status=success
2026-09-28 22:39:21.538  INFO   session     Entity shadow: vision=56 {'player': 55, 'npc': 1} memory=173 {'player': 169, 'npc': 4} paired=56 median=0.039
2026-09-28 22:39:21.786  INFO   decision    mode=farming behavior=buff action=buff target=- reason='light' status=success
2026-09-28 22:39:23.043  INFO   decision    mode=farming behavior=talking_scroll action=idle target=- reason='waiting talking scroll (hunt map)' status=success
2026-09-28 22:39:24.345  INFO   decision    mode=farming behavior=unstick action=teleport target=- reason='unstick confined' status=success
2026-09-28 22:39:25.816  INFO   decision    mode=farming behavior=talking_scroll action=idle target=- reason='waiting talking scroll (hunt map)' status=success
2026-09-28 22:39:26.738  INFO   session     Entity shadow: vision=0 {} memory=0 {} paired=0 median=0.000
2026-09-28 22:39:26.796  INFO   decision    mode=farming behavior=talking_scroll action=use_talking_scroll target=- reason='return to selected hunt map' status=success
2026-09-28 22:39:29.533  INFO   decision    mode=farming behavior=talking_scroll action=idle target=- reason='waiting talking scroll (hunt map)' status=success
2026-09-28 22:39:31.168  INFO   decision    mode=traveling behavior=traveling action=traveling target=- reason='enter farm area' status=success
2026-09-28 22:39:32.507  INFO   session     Entity shadow: vision=41 {'npc': 3, 'player': 38} memory=54 {'player': 46, 'npc': 6, 'monster': 2} paired=33 median=0.064 unleveled=319:?,14:개구리
2026-09-28 22:39:37.686  INFO   session     Entity shadow: vision=35 {'player': 31, 'npc': 3, 'monster': 1} memory=51 {'player': 43, 'monster': 2, 'npc': 6} paired=33 median=0.038 unleveled=14:개구리,319:?
2026-09-28 22:39:42.704  INFO   session     Entity shadow: vision=27 {'npc': 3, 'player': 22, 'monster': 2} memory=44 {'player': 37, 'npc': 6, 'monster': 1} paired=25 median=0.035 unleveled=319:?
2026-09-28 22:39:48.149  INFO   session     Entity shadow: vision=21 {'player': 18, 'npc': 2, 'item': 1} memory=57 {'player': 48, 'npc': 8, 'monster': 1} paired=18 median=0.033 unleveled=319:?
2026-09-28 22:39:53.430  INFO   session     Entity shadow: vision=16 {'player': 13, 'npc': 3} memory=20 {'player': 16, 'npc': 4} paired=16 median=0.047
2026-09-28 22:39:58.175  INFO   session     Entity shadow: vision=12 {'player': 8, 'npc': 3, 'monster': 1} memory=26 {'monster': 3, 'player': 21, 'npc': 2} paired=7 median=0.065 unleveled=14:개구리,10:경비병,68:경비병
2026-09-28 22:40:01.302  INFO   decision    mode=traveling behavior=combat action=attack target=355 reason='engage target' status=success
2026-09-28 22:40:03.724  INFO   session     Entity shadow: vision=5 {'player': 1, 'monster': 2, 'npc': 2} memory=5 {'monster': 4, 'npc': 1} paired=1 median=0.019 unleveled=10:경비병,68:경비병
2026-09-28 22:40:03.785  INFO   decision    mode=traveling behavior=combat action=attack target=357 reason='engage target' status=success
2026-09-28 22:40:06.034  INFO   decision    mode=traveling behavior=loot action=searching target=358 reason='walk onto item' status=success
2026-09-28 22:40:08.915  INFO   session     Entity shadow: vision=4 {'player': 1, 'npc': 2, 'item': 1} memory=5 {'npc': 1, 'item': 1, 'monster': 3} paired=1 median=0.028 unleveled=10:경비병,68:경비병
2026-09-28 22:40:13.098  INFO   decision    mode=traveling behavior=loot action=pickup target=358 reason='loot target' status=success
2026-09-28 22:40:13.837  INFO   decision    mode=traveling behavior=traveling action=traveling target=- reason='enter farm area' status=success
2026-09-28 22:40:14.369  INFO   session     Entity shadow: vision=1 {'player': 1} memory=2 {'npc': 1, 'monster': 1} paired=0 median=0.000 unleveled=206:토끼
2026-09-28 22:40:19.764  INFO   session     Entity shadow: vision=2 {'player': 1, 'item': 1} memory=3 {'monster': 1, 'npc': 1, 'item': 1} paired=1 median=0.027 unleveled=206:토끼
2026-09-28 22:40:20.231  INFO   decision    mode=traveling behavior=combat action=attack target=364 reason='engage target' status=success
2026-09-28 22:40:23.157  INFO   decision    mode=traveling behavior=loot action=searching target=368 reason='walk onto item' status=success
2026-09-28 22:40:25.558  INFO   session     Entity shadow: vision=4 {'player': 1, 'item': 2, 'monster': 1} memory=5 {'monster': 3, 'item': 2} paired=3 median=0.011 unleveled=14:개구리
2026-09-28 22:40:25.652  INFO   decision    mode=traveling behavior=combat action=attack target=367 reason='engage target' status=success
2026-09-28 22:40:28.853  INFO   decision    mode=traveling behavior=combat action=attack target=366 reason='attack target' status=success
2026-09-28 22:40:30.276  INFO   decision    mode=traveling behavior=loot action=searching target=370 reason='walk onto item' status=success
2026-09-28 22:40:30.831  INFO   session     Entity shadow: vision=6 {'item': 3, 'player': 1, 'monster': 2} memory=4 {'monster': 1, 'item': 3} paired=4 median=0.052
2026-09-28 22:40:31.536  INFO   decision    mode=traveling behavior=loot action=pickup target=370 reason='loot target' status=success
2026-09-28 22:40:32.310  INFO   decision    mode=traveling behavior=loot action=idle target=- reason='pickup memory gone' status=success
2026-09-28 22:40:32.840  INFO   decision    mode=traveling behavior=loot action=searching target=368 reason='walk onto item' status=success
2026-09-28 22:40:36.090  INFO   session     Entity shadow: vision=3 {'player': 1, 'item': 2} memory=5 {'monster': 3, 'item': 2} paired=2 median=0.041 unleveled=206:토끼,14:개구리,208:토끼
2026-09-28 22:40:36.375  INFO   decision    mode=traveling behavior=loot action=pickup target=368 reason='loot target' status=success
2026-09-28 22:40:36.980  INFO   decision    mode=traveling behavior=loot action=idle target=- reason='pickup memory gone' status=success
2026-09-28 22:40:37.520  INFO   decision    mode=traveling behavior=traveling action=traveling target=- reason='enter farm area' status=success
2026-09-28 22:40:41.499  INFO   session     Entity shadow: vision=2 {'player': 1, 'item': 1} memory=3 {'monster': 2, 'item': 1} paired=1 median=0.012 unleveled=208:토끼,14:개구리
2026-09-28 22:40:41.881  INFO   decision    mode=traveling behavior=combat action=attack target=374 reason='engage target' status=success
2026-09-28 22:40:44.337  INFO   decision    mode=traveling behavior=loot action=searching target=375 reason='walk onto item' status=success
2026-09-28 22:40:46.264  INFO   session     Entity shadow: vision=3 {'item': 1, 'player': 1, 'npc': 1} memory=3 {'item': 1, 'monster': 1, 'npc': 1} paired=2 median=0.026 unleveled=189:사슴
2026-09-28 22:40:50.655  INFO   decision    mode=traveling behavior=loot action=pickup target=375 reason='loot target' status=success
2026-09-28 22:40:51.277  INFO   decision    mode=traveling behavior=loot action=idle target=- reason='pickup memory gone' status=success
2026-09-28 22:40:51.678  INFO   session     Entity shadow: vision=4 {'player': 1, 'npc': 1, 'monster': 2} memory=5 {'monster': 3, 'item': 1, 'npc': 1} paired=3 median=0.021 unleveled=189:사슴
2026-09-28 22:40:52.933  INFO   decision    mode=traveling behavior=combat action=attack target=379 reason='engage target' status=success
2026-09-28 22:40:56.999  INFO   session     Entity shadow: vision=3 {'npc': 1, 'player': 1, 'monster': 1} memory=5 {'monster': 2, 'item': 2, 'npc': 1} paired=2 median=0.027 unleveled=189:사슴
2026-09-28 22:40:57.521  INFO   decision    mode=traveling behavior=loot action=pickup target=375 reason='engage item' status=success
2026-09-28 22:40:58.032  INFO   decision    mode=traveling behavior=loot action=idle target=- reason='pickup memory gone' status=success
2026-09-28 22:40:58.752  INFO   decision    mode=traveling behavior=loot action=searching target=380 reason='walk onto item' status=success
2026-09-28 22:41:02.922  INFO   session     Entity shadow: vision=3 {'player': 1, 'item': 1, 'npc': 1} memory=3 {'monster': 2, 'npc': 1} paired=1 median=0.028 unleveled=189:사슴,14:개구리
2026-09-28 22:41:03.064  INFO   decision    mode=traveling behavior=traveling action=traveling target=- reason='enter farm area' status=success
2026-09-28 22:41:04.927  INFO   session     일시정지 — 단축키
2026-09-28 22:42:14.834  INFO   session     일시정지 / 재개 → 실행 중
2026-09-28 22:42:15.506  INFO   session     Entity shadow: vision=3 {'player': 2, 'item': 1} memory=3 {'player': 1, 'monster': 1, 'item': 1} paired=2 median=0.017 unleveled=14:개구리
2026-09-28 22:42:15.677  INFO   decision    mode=traveling behavior=loot action=pickup target=385 reason='engage item' status=success
2026-09-28 22:42:16.408  INFO   decision    mode=traveling behavior=loot action=idle target=- reason='pickup memory gone' status=success
2026-09-28 22:42:18.215  INFO   decision    mode=traveling behavior=traveling action=traveling target=- reason='enter farm area' status=success
2026-09-28 22:42:20.433  INFO   session     Entity shadow: vision=2 {'player': 2} memory=1 {'player': 1} paired=1 median=0.052
2026-09-28 22:42:25.819  INFO   session     Entity shadow: vision=2 {'player': 2} memory=2 {'player': 2} paired=1 median=0.015
2026-09-28 22:42:30.875  INFO   session     Entity shadow: vision=2 {'player': 1, 'npc': 1} memory=1 {'monster': 1} paired=0 median=0.000 unleveled=68:경비병
2026-09-28 22:42:32.065  INFO   decision    mode=traveling behavior=combat action=attack target=390 reason='engage target' status=success
2026-09-28 22:42:34.800  INFO   decision    mode=traveling behavior=traveling action=traveling target=- reason='enter farm area' status=success
2026-09-28 22:42:35.439  INFO   decision    mode=traveling behavior=combat action=attack target=391 reason='engage target' status=success
2026-09-28 22:42:36.146  INFO   session     Entity shadow: vision=3 {'player': 1, 'npc': 1, 'monster': 1} memory=2 {'monster': 2} paired=1 median=0.006 unleveled=68:경비병
2026-09-28 22:42:38.202  INFO   decision    mode=traveling behavior=traveling action=traveling target=- reason='enter farm area' status=success
2026-09-28 22:42:38.827  INFO   decision    mode=traveling behavior=loot action=searching target=394 reason='walk onto item' status=success
2026-09-28 22:42:40.117  INFO   decision    mode=traveling behavior=combat action=attack target=393 reason='engage target' status=success
2026-09-28 22:42:41.956  INFO   session     Entity shadow: vision=3 {'npc': 1, 'item': 1, 'player': 1} memory=5 {'monster': 3, 'player': 2} paired=1 median=0.003 unleveled=68:경비병
2026-09-28 22:42:44.058  INFO   decision    mode=traveling behavior=loot action=searching target=397 reason='walk onto item' status=success
2026-09-28 22:42:46.073  INFO   decision    mode=traveling behavior=loot action=pickup target=397 reason='loot target' status=success
2026-09-28 22:42:46.844  INFO   decision    mode=traveling behavior=combat action=attack target=396 reason='engage target' status=success
2026-09-28 22:42:47.502  INFO   session     Entity shadow: vision=2 {'monster': 1, 'player': 1} memory=3 {'player': 1, 'monster': 2} paired=2 median=0.022 unleveled=68:경비병
2026-09-28 22:42:48.133  INFO   decision    mode=traveling behavior=loot action=searching target=398 reason='walk onto item' status=success
2026-09-28 22:42:52.945  INFO   session     Entity shadow: vision=2 {'player': 1, 'item': 1} memory=2 {'item': 1, 'monster': 1} paired=1 median=0.012 unleveled=68:경비병
2026-09-28 22:42:53.009  INFO   decision    mode=traveling behavior=loot action=pickup target=398 reason='loot target' status=success
2026-09-28 22:42:53.711  INFO   decision    mode=traveling behavior=loot action=idle target=- reason='pickup memory gone' status=success
2026-09-28 22:42:55.445  INFO   decision    mode=traveling behavior=traveling action=traveling target=- reason='enter farm area' status=success
2026-09-28 22:42:56.454  INFO   decision    mode=traveling behavior=loot action=pickup target=398 reason='engage item' status=success
2026-09-28 22:42:57.096  INFO   decision    mode=traveling behavior=loot action=idle target=- reason='pickup memory gone' status=success
2026-09-28 22:42:58.294  INFO   session     Entity shadow: vision=2 {'item': 1, 'player': 1} memory=1 {'item': 1} paired=1 median=0.032
2026-09-28 22:42:58.925  INFO   decision    mode=traveling behavior=traveling action=traveling target=- reason='enter farm area' status=success
2026-09-28 22:43:03.062  INFO   session     Entity shadow: vision=2 {'player': 2} memory=4 {'monster': 1, 'player': 1, 'npc': 2} paired=0 median=0.000 unleveled=68:경비병
2026-09-28 22:43:08.771  INFO   session     Entity shadow: vision=4 {'npc': 3, 'player': 1} memory=6 {'monster': 2, 'npc': 3, 'player': 1} paired=0 median=0.000 unleveled=10:경비병,68:경비병
2026-09-28 22:43:13.570  INFO   session     Entity shadow: vision=2 {'npc': 2} memory=5 {'monster': 2, 'npc': 3} paired=0 median=0.000 unleveled=10:경비병,68:경비병
2026-09-28 22:43:18.951  INFO   session     Entity shadow: vision=4 {'monster': 2, 'npc': 2} memory=5 {'monster': 2, 'npc': 3} paired=0 median=0.000 unleveled=10:경비병,68:경비병
2026-09-28 22:43:19.249  INFO   decision    mode=traveling behavior=combat action=attack target=405 reason='engage target' status=success
2026-09-28 22:43:27.233  INFO   decision    mode=traveling behavior=traveling action=traveling target=- reason='enter farm area' status=success
2026-09-28 22:43:27.824  INFO   session     Entity shadow: vision=4 {'npc': 2, 'item': 1, 'player': 1} memory=4 {'player': 1, 'item': 1, 'monster': 2} paired=2 median=0.041 unleveled=10:경비병,68:경비병
2026-09-28 22:43:30.361  INFO   decision    mode=traveling behavior=combat action=attack target=409 reason='engage target' status=success
2026-09-28 22:43:31.162  INFO   decision    mode=traveling behavior=traveling action=traveling target=- reason='enter farm, walk around' status=success
2026-09-28 22:43:31.761  INFO   decision    mode=traveling behavior=combat action=attack target=411 reason='engage target' status=success
2026-09-28 22:43:32.929  INFO   session     Entity shadow: vision=2 {'player': 1, 'item': 1} memory=5 {'monster': 2, 'player': 1, 'item': 1, 'npc': 1} paired=1 median=0.024
2026-09-28 22:43:38.223  INFO   session     Entity shadow: vision=2 {'player': 1, 'monster': 1} memory=5 {'monster': 2, 'player': 1, 'item': 1, 'npc': 1} paired=1 median=0.013
2026-09-28 22:43:43.140  INFO   session     Entity shadow: vision=2 {'item': 1, 'player': 1} memory=4 {'monster': 2, 'item': 1, 'npc': 1} paired=1 median=0.009
2026-09-28 22:43:46.996  INFO   decision    mode=traveling behavior=unstick action=teleport target=- reason='unstick confined' status=success
2026-09-28 22:43:48.349  INFO   session     Entity shadow: vision=3 {'player': 1, 'monster': 1, 'item': 1} memory=0 {} paired=0 median=0.000
2026-09-28 22:43:48.528  INFO   decision    mode=traveling behavior=traveling action=traveling target=- reason='enter farm, walk around' status=success
2026-09-28 22:43:49.155  INFO   decision    mode=traveling behavior=loot action=searching target=417 reason='walk onto item' status=success
2026-09-28 22:43:53.898  INFO   session     Entity shadow: vision=3 {'player': 1, 'monster': 1, 'item': 1} memory=2 {'monster': 1, 'item': 1} paired=1 median=0.014 unleveled=207:토끼
2026-09-28 22:43:53.957  INFO   decision    mode=traveling behavior=loot action=pickup target=417 reason='loot target' status=success
2026-09-28 22:43:54.723  INFO   decision    mode=traveling behavior=loot action=idle target=- reason='pickup memory gone' status=success
2026-09-28 22:43:56.308  INFO   decision    mode=traveling behavior=combat action=attack target=421 reason='engage target' status=success
2026-09-28 22:43:59.334  INFO   session     Entity shadow: vision=3 {'player': 1, 'item': 2} memory=5 {'monster': 3, 'item': 2} paired=2 median=0.037 unleveled=208:토끼,207:토끼
2026-09-28 22:43:59.401  INFO   decision    mode=traveling behavior=loot action=searching target=417 reason='walk onto item' status=success
2026-09-28 22:44:02.375  INFO   decision    mode=traveling behavior=loot action=pickup target=417 reason='loot target' status=success
2026-09-28 22:44:03.049  INFO   decision    mode=traveling behavior=loot action=searching target=422 reason='walk onto item' status=success
2026-09-28 22:44:04.826  INFO   session     Entity shadow: vision=3 {'item': 2, 'player': 1} memory=3 {'monster': 2, 'item': 1} paired=1 median=0.012 unleveled=14:개구리,207:토끼
2026-09-28 22:44:08.313  INFO   decision    mode=traveling behavior=combat action=attack target=426 reason='engage target' status=success
2026-09-28 22:44:10.212  INFO   session     Entity shadow: vision=6 {'player': 1, 'item': 1, 'monster': 4} memory=9 {'monster': 8, 'item': 1} paired=4 median=0.017 unleveled=207:토끼,208:토끼,14:개구리
2026-09-28 22:44:12.320  INFO   decision    mode=traveling behavior=combat action=attack target=430 reason='attack target' status=success
2026-09-28 22:44:13.695  INFO   decision    mode=traveling behavior=combat action=attack target=433 reason='attack target' status=success
2026-09-28 22:44:15.514  INFO   session     Entity shadow: vision=3 {'item': 1, 'monster': 2} memory=6 {'monster': 5, 'item': 1} paired=3 median=0.024 unleveled=14:개구리,208:토끼,207:토끼
2026-09-28 22:44:16.456  INFO   decision    mode=traveling behavior=combat action=attack target=428 reason='engage target' status=success
2026-09-28 22:44:20.380  INFO   decision    mode=traveling behavior=loot action=pickup target=434 reason='engage item' status=success
2026-09-28 22:44:21.050  INFO   session     Entity shadow: vision=4 {'item': 3, 'player': 1} memory=5 {'item': 2, 'monster': 3} paired=2 median=0.029 unleveled=14:개구리,208:토끼,207:토끼
2026-09-28 22:44:21.129  INFO   decision    mode=traveling behavior=loot action=idle target=- reason='pickup memory gone' status=success
2026-09-28 22:44:21.580  INFO   decision    mode=traveling behavior=unstick action=teleport target=- reason='unstick confined' status=success
2026-09-28 22:44:23.187  INFO   decision    mode=traveling behavior=traveling action=traveling target=- reason='enter farm area' status=success
2026-09-28 22:44:25.210  INFO   decision    mode=traveling behavior=combat action=attack target=437 reason='engage target' status=success
2026-09-28 22:44:26.444  INFO   session     Entity shadow: vision=4 {'player': 1, 'monster': 2, 'npc': 1} memory=4 {'monster': 4} paired=2 median=0.066 unleveled=10:경비병
2026-09-28 22:44:30.604  INFO   decision    mode=traveling behavior=combat action=attack target=438 reason='engage target' status=success
2026-09-28 22:44:31.814  INFO   session     Entity shadow: vision=5 {'npc': 1, 'monster': 2, 'player': 1, 'item': 1} memory=4 {'item': 1, 'monster': 3} paired=2 median=0.069 unleveled=10:경비병
2026-09-28 22:44:31.892  INFO   decision    mode=traveling behavior=loot action=searching target=441 reason='walk onto item' status=success
2026-09-28 22:44:33.458  INFO   decision    mode=traveling behavior=loot action=pickup target=441 reason='loot target' status=success
2026-09-28 22:44:34.009  INFO   decision    mode=traveling behavior=loot action=idle target=- reason='pickup memory gone' status=success
2026-09-28 22:44:34.359  INFO   decision    mode=traveling behavior=combat action=attack target=440 reason='engage target' status=success
2026-09-28 22:44:35.658  INFO   decision    mode=traveling behavior=traveling action=traveling target=- reason='enter farm area' status=success
2026-09-28 22:44:36.864  INFO   decision    mode=traveling behavior=combat action=attack target=442 reason='engage target' status=success
2026-09-28 22:44:37.483  INFO   session     Entity shadow: vision=2 {'monster': 2} memory=1 {'monster': 1} paired=1 median=0.033
2026-09-28 22:44:42.768  INFO   session     Entity shadow: vision=3 {'player': 1, 'monster': 2} memory=3 {'monster': 3} paired=2 median=0.024
2026-09-28 22:44:47.327  INFO   decision    mode=traveling behavior=combat action=attack target=443 reason='engage target' status=success
2026-09-28 22:44:48.066  INFO   session     Entity shadow: vision=4 {'item': 1, 'player': 1, 'monster': 2} memory=3 {'monster': 2, 'item': 1} paired=3 median=0.016
2026-09-28 22:44:49.950  INFO   decision    mode=traveling behavior=loot action=pickup target=445 reason='engage item' status=success
2026-09-28 22:44:50.424  INFO   decision    mode=traveling behavior=loot action=idle target=- reason='pickup memory gone' status=success
2026-09-28 22:44:51.347  INFO   decision    mode=traveling behavior=loot action=searching target=446 reason='walk onto item' status=success
2026-09-28 22:44:52.748  INFO   decision    mode=traveling behavior=loot action=pickup target=446 reason='loot target' status=success
2026-09-28 22:44:53.350  INFO   session     Entity shadow: vision=1 {'player': 1} memory=0 {} paired=0 median=0.000
2026-09-28 22:44:53.454  INFO   decision    mode=traveling behavior=traveling action=traveling target=- reason='enter farm area' status=success
2026-09-28 22:44:58.603  INFO   session     Entity shadow: vision=0 {} memory=1 {'player': 1} paired=0 median=0.000
2026-09-28 22:45:03.558  INFO   session     Entity shadow: vision=0 {} memory=1 {'player': 1} paired=0 median=0.000
2026-09-28 22:45:08.837  INFO   session     Entity shadow: vision=3 {'player': 1, 'item': 2} memory=3 {'item': 2, 'player': 1} paired=2 median=0.013
2026-09-28 22:45:10.323  INFO   decision    mode=traveling behavior=combat action=attack target=450 reason='engage target' status=success
2026-09-28 22:45:14.206  INFO   session     Entity shadow: vision=2 {'item': 1, 'player': 1} memory=3 {'monster': 2, 'player': 1} paired=0 median=0.000
2026-09-28 22:45:18.810  INFO   decision    mode=traveling behavior=loot action=searching target=455 reason='walk onto item' status=success
2026-09-28 22:45:18.983  INFO   session     일시정지 — 단축키
2026-09-28 22:45:23.823  INFO   session     일시정지 / 재개 → 실행 중
2026-09-28 22:45:24.508  INFO   session     Entity shadow: vision=5 {'player': 2, 'monster': 1, 'item': 2} memory=4 {'monster': 2, 'player': 1, 'item': 1} paired=3 median=0.027
2026-09-28 22:45:24.712  INFO   decision    mode=traveling behavior=combat action=attack target=451 reason='engage target' status=success
2026-09-28 22:45:26.761  INFO   decision    mode=traveling behavior=combat action=attack target=458 reason='attack target' status=success
2026-09-28 22:45:29.361  INFO   session     Entity shadow: vision=6 {'item': 3, 'player': 1, 'monster': 2} memory=6 {'player': 1, 'monster': 2, 'item': 3} paired=5 median=0.035
2026-09-28 22:45:30.872  INFO   decision    mode=traveling behavior=combat action=attack target=460 reason='engage target' status=success
2026-09-28 22:45:34.817  INFO   session     Entity shadow: vision=4 {'player': 2, 'item': 2} memory=6 {'player': 3, 'item': 3} paired=4 median=0.050
2026-09-28 22:45:34.906  INFO   decision    mode=traveling behavior=loot action=searching target=463 reason='walk onto item' status=success
2026-09-28 22:45:35.572  INFO   decision    mode=traveling behavior=loot action=pickup target=463 reason='loot target' status=success
2026-09-28 22:45:36.319  INFO   decision    mode=traveling behavior=loot action=idle target=- reason='pickup memory gone' status=success
2026-09-28 22:45:37.817  INFO   decision    mode=traveling behavior=traveling action=traveling target=- reason='enter farm area' status=success
2026-09-28 22:45:40.254  INFO   session     Entity shadow: vision=2 {'monster': 2} memory=2 {'player': 2} paired=0 median=0.000
2026-09-28 22:45:43.436  INFO   decision    mode=traveling behavior=combat action=attack target=465 reason='engage target' status=success
2026-09-28 22:45:44.694  INFO   decision    mode=traveling behavior=combat action=attack target=467 reason='engage target' status=success
2026-09-28 22:45:45.329  INFO   session     Entity shadow: vision=4 {'player': 1, 'monster': 2, 'item': 1} memory=3 {'player': 1, 'item': 1, 'monster': 1} paired=2 median=0.026
2026-09-28 22:45:50.720  INFO   session     Entity shadow: vision=4 {'monster': 2, 'item': 1, 'player': 1} memory=1 {'item': 1} paired=1 median=0.004
2026-09-28 22:45:50.786  INFO   decision    mode=traveling behavior=loot action=searching target=468 reason='walk onto item' status=success
2026-09-28 22:45:51.387  INFO   decision    mode=traveling behavior=loot action=pickup target=468 reason='loot target' status=success
2026-09-28 22:45:52.120  INFO   decision    mode=traveling behavior=traveling action=traveling target=- reason='enter farm, walk around' status=success
2026-09-28 22:45:56.070  INFO   session     Entity shadow: vision=1 {'monster': 1} memory=0 {} paired=0 median=0.000
2026-09-28 22:46:01.590  INFO   session     Entity shadow: vision=1 {'player': 1} memory=0 {} paired=0 median=0.000
2026-09-28 22:46:02.462  INFO   decision    mode=traveling behavior=combat action=attack target=471 reason='engage target' status=success
2026-09-28 22:46:05.833  INFO   decision    mode=traveling behavior=combat action=attack target=472 reason='engage target' status=success
2026-09-28 22:46:07.001  INFO   session     Entity shadow: vision=3 {'player': 1, 'monster': 1, 'item': 1} memory=3 {'monster': 2, 'item': 1} paired=2 median=0.080
2026-09-28 22:46:09.106  INFO   decision    mode=traveling behavior=loot action=pickup target=474 reason='engage item' status=success
2026-09-28 22:46:09.808  INFO   decision    mode=traveling behavior=loot action=idle target=- reason='pickup memory gone' status=success
2026-09-28 22:46:10.584  INFO   decision    mode=traveling behavior=traveling action=traveling target=- reason='enter farm area' status=success
2026-09-28 22:46:12.344  INFO   session     Entity shadow: vision=3 {'player': 2, 'item': 1} memory=1 {'item': 1} paired=1 median=0.012
2026-09-28 22:46:13.041  INFO   decision    mode=traveling behavior=combat action=attack target=475 reason='engage target' status=success
2026-09-28 22:46:15.938  INFO   decision    mode=traveling behavior=traveling action=traveling target=- reason='enter farm area' status=success
2026-09-28 22:46:17.202  INFO   session     Entity shadow: vision=1 {'player': 1} memory=0 {} paired=0 median=0.000
2026-09-28 22:46:17.960  INFO   decision    mode=traveling behavior=combat action=attack target=476 reason='engage target' status=success
2026-09-28 22:46:22.569  INFO   session     Entity shadow: vision=1 {'player': 1} memory=3 {'monster': 2, 'item': 1} paired=0 median=0.000
2026-09-28 22:46:23.086  INFO   decision    mode=traveling behavior=combat action=attack target=479 reason='engage target' status=success
2026-09-28 22:46:27.359  INFO   session     Entity shadow: vision=4 {'player': 2, 'monster': 2} memory=4 {'monster': 3, 'player': 1} paired=3 median=0.026
2026-09-28 22:46:28.619  INFO   decision    mode=traveling behavior=combat action=attack target=483 reason='attack target' status=success
2026-09-28 22:46:32.592  INFO   session     Entity shadow: vision=2 {'item': 1, 'monster': 1} memory=4 {'item': 1, 'player': 1, 'monster': 2} paired=2 median=0.031
2026-09-28 22:46:33.555  INFO   decision    mode=traveling behavior=loot action=pickup target=487 reason='engage item' status=success
2026-09-28 22:46:34.181  INFO   decision    mode=traveling behavior=loot action=idle target=- reason='pickup memory gone' status=success
2026-09-28 22:46:34.647  INFO   decision    mode=traveling behavior=loot action=searching target=486 reason='walk onto item' status=success
2026-09-28 22:46:35.078  INFO   decision    mode=traveling behavior=combat action=attack target=481 reason='engage target' status=success
2026-09-28 22:46:37.511  INFO   session     Entity shadow: vision=3 {'monster': 1, 'item': 1, 'player': 1} memory=2 {'monster': 1, 'player': 1} paired=0 median=0.000
2026-09-28 22:46:39.660  INFO   decision    mode=traveling behavior=loot action=pickup target=488 reason='engage item' status=success
2026-09-28 22:46:40.330  INFO   decision    mode=traveling behavior=loot action=idle target=- reason='pickup memory gone' status=success
2026-09-28 22:46:41.055  INFO   decision    mode=traveling behavior=traveling action=traveling target=- reason='enter farm area' status=success
2026-09-28 22:46:42.893  INFO   session     Entity shadow: vision=2 {'monster': 1, 'item': 1} memory=1 {'player': 1} paired=0 median=0.000
2026-09-28 22:46:43.823  INFO   decision    mode=traveling behavior=combat action=attack target=489 reason='engage target' status=success
2026-09-28 22:46:45.144  INFO   decision    mode=traveling behavior=combat action=attack target=490 reason='engage target' status=success
2026-09-28 22:46:47.889  INFO   session     Entity shadow: vision=1 {'monster': 1} memory=3 {'player': 1, 'monster': 2} paired=0 median=0.000
2026-09-28 22:46:49.821  INFO   decision    mode=traveling behavior=combat action=attack target=492 reason='engage target' status=success
2026-09-28 22:46:52.457  INFO   decision    mode=traveling behavior=loot action=searching target=493 reason='walk onto item' status=success
2026-09-28 22:46:53.235  INFO   session     Entity shadow: vision=2 {'player': 1, 'item': 1} memory=1 {'item': 1} paired=1 median=0.024
2026-09-28 22:46:54.668  INFO   decision    mode=traveling behavior=traveling action=traveling target=- reason='enter farm, walk around' status=success
2026-09-28 22:46:58.594  INFO   session     Entity shadow: vision=1 {'player': 1} memory=0 {} paired=0 median=0.000
2026-09-28 22:47:01.979  INFO   decision    mode=traveling behavior=combat action=attack target=494 reason='engage target' status=success
2026-09-28 22:47:03.588  INFO   session     Entity shadow: vision=2 {'player': 1, 'monster': 1} memory=1 {'monster': 1} paired=1 median=0.018
2026-09-28 22:47:04.432  INFO   decision    mode=traveling behavior=loot action=searching target=495 reason='walk onto item' status=success
2026-09-28 22:47:09.020  INFO   session     Entity shadow: vision=3 {'player': 2, 'item': 1} memory=3 {'monster': 2, 'item': 1} paired=1 median=0.008
2026-09-28 22:47:10.499  INFO   decision    mode=traveling behavior=loot action=pickup target=495 reason='loot target' status=success
2026-09-28 22:47:11.157  INFO   decision    mode=traveling behavior=loot action=idle target=- reason='pickup memory gone' status=success
2026-09-28 22:47:12.388  INFO   decision    mode=traveling behavior=combat action=attack target=498 reason='engage target' status=success
2026-09-28 22:47:14.023  INFO   session     Entity shadow: vision=1 {'player': 1} memory=4 {'monster': 3, 'item': 1} paired=0 median=0.000
2026-09-28 22:47:18.516  INFO   decision    mode=traveling behavior=combat action=searching target=498 reason='sidestep combat block' status=success
2026-09-28 22:47:19.156  INFO   session     Entity shadow: vision=5 {'player': 1, 'item': 3, 'monster': 1} memory=4 {'monster': 2, 'item': 2} paired=3 median=0.050
2026-09-28 22:47:19.243  INFO   decision    mode=traveling behavior=combat action=attack target=496 reason='engage target' status=success
2026-09-28 22:47:23.312  INFO   decision    mode=traveling behavior=combat action=attack target=501 reason='attack target' status=success
2026-09-28 22:47:24.428  INFO   session     Entity shadow: vision=4 {'player': 1, 'item': 3} memory=4 {'monster': 1, 'item': 3} paired=3 median=0.051
2026-09-28 22:47:28.713  INFO   decision    mode=traveling behavior=loot action=searching target=495 reason='walk onto item' status=success
2026-09-28 22:47:29.864  INFO   session     Entity shadow: vision=4 {'monster': 1, 'item': 3} memory=3 {'item': 3} paired=3 median=0.029
2026-09-28 22:47:30.808  INFO   decision    mode=traveling behavior=loot action=pickup target=495 reason='loot target' status=success
2026-09-28 22:47:31.907  INFO   decision    mode=traveling behavior=loot action=idle target=- reason='pickup memory gone' status=success
2026-09-28 22:47:32.261  INFO   decision    mode=traveling behavior=loot action=searching target=500 reason='walk onto item' status=success
2026-09-28 22:47:33.258  INFO   decision    mode=traveling behavior=loot action=pickup target=500 reason='loot target' status=success
2026-09-28 22:47:33.998  INFO   decision    mode=traveling behavior=loot action=idle target=- reason='pickup memory gone' status=success
2026-09-28 22:47:34.313  INFO   decision    mode=traveling behavior=combat action=attack target=504 reason='engage target' status=success
2026-09-28 22:47:35.275  INFO   session     Entity shadow: vision=3 {'monster': 1, 'item': 1, 'player': 1} memory=2 {'monster': 1, 'item': 1} paired=2 median=0.034
2026-09-28 22:47:39.959  INFO   decision    mode=traveling behavior=loot action=searching target=507 reason='walk onto item' status=success
2026-09-28 22:47:40.579  INFO   session     Entity shadow: vision=5 {'item': 3, 'player': 1, 'monster': 1} memory=4 {'monster': 2, 'item': 2} paired=3 median=0.039
2026-09-28 22:47:40.654  INFO   decision    mode=traveling behavior=combat action=attack target=505 reason='engage target' status=success
2026-09-28 22:47:44.852  INFO   decision    mode=traveling behavior=combat action=attack target=508 reason='engage target' status=success
2026-09-28 22:47:46.011  INFO   session     Entity shadow: vision=3 {'npc': 1, 'item': 2} memory=3 {'monster': 1, 'item': 2} paired=2 median=0.012
2026-09-28 22:47:50.724  INFO   decision    mode=traveling behavior=combat action=searching target=508 reason='sidestep combat block' status=success
2026-09-28 22:47:51.315  INFO   session     Entity shadow: vision=5 {'player': 2, 'item': 3} memory=4 {'monster': 1, 'item': 3} paired=3 median=0.030
2026-09-28 22:47:51.393  INFO   decision    mode=traveling behavior=loot action=searching target=510 reason='walk onto item' status=success
2026-09-28 22:47:53.297  INFO   decision    mode=traveling behavior=loot action=pickup target=510 reason='loot target' status=success
2026-09-28 22:47:54.026  INFO   decision    mode=traveling behavior=loot action=searching target=507 reason='walk onto item' status=success
2026-09-28 22:47:56.767  INFO   session     Entity shadow: vision=6 {'player': 1, 'item': 5} memory=3 {'player': 1, 'item': 2} paired=2 median=0.042
2026-09-28 22:47:57.831  INFO   decision    mode=traveling behavior=unstick action=teleport target=- reason='unstick confined' status=success
2026-09-28 22:47:58.880  INFO   decision    mode=traveling behavior=loot action=searching target=507 reason='walk onto item' status=success
2026-09-28 22:47:59.547  INFO   decision    mode=traveling behavior=traveling action=traveling target=- reason='enter farm area' status=success
2026-09-28 22:48:01.996  INFO   session     Entity shadow: vision=2 {'monster': 1, 'player': 1} memory=3 {'player': 1, 'monster': 2} paired=1 median=0.026 unleveled=210:토끼,207:토끼
2026-09-28 22:48:02.785  INFO   decision    mode=traveling behavior=combat action=attack target=522 reason='engage target' status=success
2026-09-28 22:48:05.882  INFO   decision    mode=traveling behavior=traveling action=traveling target=- reason='enter farm area' status=success
2026-09-28 22:48:07.442  INFO   session     Entity shadow: vision=1 {'player': 1} memory=2 {'player': 1, 'item': 1} paired=0 median=0.000
2026-09-28 22:48:09.695  INFO   decision    mode=traveling behavior=loot action=searching target=525 reason='walk onto item' status=success
2026-09-28 22:48:12.233  INFO   session     Entity shadow: vision=2 {'player': 1, 'item': 1} memory=4 {'player': 1, 'monster': 1, 'item': 2} paired=1 median=0.017 unleveled=189:사슴
2026-09-28 22:48:15.371  INFO   decision    mode=traveling behavior=loot action=pickup target=525 reason='loot target' status=success
2026-09-28 22:48:15.906  INFO   decision    mode=traveling behavior=combat action=attack target=529 reason='engage target' status=success
2026-09-28 22:48:17.668  INFO   session     Entity shadow: vision=3 {'player': 1, 'monster': 2} memory=4 {'monster': 4} paired=2 median=0.059 unleveled=189:사슴
2026-09-28 22:48:22.932  INFO   session     Entity shadow: vision=1 {'monster': 1} memory=3 {'monster': 3} paired=1 median=0.022 unleveled=189:사슴
2026-09-28 22:48:24.391  INFO   decision    mode=traveling behavior=loot action=pickup target=534 reason='engage item' status=success
2026-09-28 22:48:25.163  INFO   decision    mode=traveling behavior=loot action=idle target=- reason='pickup memory gone' status=success
2026-09-28 22:48:25.752  INFO   decision    mode=traveling behavior=combat action=attack target=535 reason='engage target' status=success
2026-09-28 22:48:28.182  INFO   session     Entity shadow: vision=2 {'player': 1, 'monster': 1} memory=6 {'monster': 6} paired=1 median=0.030 unleveled=189:사슴
2026-09-28 22:48:30.488  INFO   decision    mode=traveling behavior=combat action=attack target=537 reason='attack target' status=success
2026-09-28 22:48:31.573  INFO   decision    mode=traveling behavior=loot action=pickup target=539 reason='engage item' status=success
2026-09-28 22:48:32.156  INFO   decision    mode=traveling behavior=loot action=idle target=- reason='pickup memory gone' status=success
2026-09-28 22:48:32.948  INFO   decision    mode=traveling behavior=traveling action=traveling target=- reason='enter farm area' status=success
2026-09-28 22:48:33.325  INFO   session     Entity shadow: vision=1 {'player': 1} memory=2 {'monster': 2} paired=0 median=0.000
2026-09-28 22:48:33.987  INFO   decision    mode=traveling behavior=combat action=attack target=540 reason='engage target' status=success
2026-09-28 22:48:38.598  INFO   session     Entity shadow: vision=2 {'player': 1, 'monster': 1} memory=1 {'monster': 1} paired=0 median=0.000
2026-09-28 22:48:43.895  INFO   session     Entity shadow: vision=2 {'player': 1, 'item': 1} memory=2 {'monster': 1, 'item': 1} paired=1 median=0.017
2026-09-28 22:48:45.399  INFO   decision    mode=traveling behavior=loot action=pickup target=542 reason='engage item' status=success
2026-09-28 22:48:46.026  INFO   decision    mode=traveling behavior=loot action=idle target=- reason='pickup memory gone' status=success
2026-09-28 22:48:46.782  INFO   decision    mode=traveling behavior=traveling action=traveling target=- reason='enter farm area' status=success
2026-09-28 22:48:48.940  INFO   session     Entity shadow: vision=2 {'monster': 2} memory=1 {'monster': 1} paired=0 median=0.000
2026-09-28 22:48:51.079  INFO   decision    mode=traveling behavior=combat action=attack target=545 reason='engage target' status=success
2026-09-28 22:48:54.193  INFO   session     Entity shadow: vision=3 {'monster': 3} memory=2 {'monster': 2} paired=2 median=0.097
2026-09-28 22:48:54.361  INFO   decision    mode=traveling behavior=traveling action=traveling target=- reason='enter farm area' status=success
2026-09-28 22:48:59.174  INFO   session     Entity shadow: vision=2 {'player': 1, 'item': 1} memory=2 {'player': 1, 'item': 1} paired=1 median=0.050
2026-09-28 22:48:59.603  INFO   decision    mode=traveling behavior=loot action=searching target=549 reason='walk onto item' status=success
2026-09-28 22:49:03.226  INFO   decision    mode=traveling behavior=traveling action=traveling target=- reason='enter farm area' status=success
2026-09-28 22:49:05.092  INFO   session     Entity shadow: vision=5 {'player': 3, 'item': 2} memory=5 {'monster': 1, 'player': 3, 'item': 1} paired=3 median=0.052 unleveled=12:슬라임
2026-09-28 22:49:09.341  INFO   decision    mode=traveling behavior=buff action=buff target=- reason='power_up' status=success
2026-09-28 22:49:10.126  INFO   decision    mode=traveling behavior=traveling action=traveling target=- reason='enter farm area' status=success
2026-09-28 22:49:10.675  INFO   session     Entity shadow: vision=3 {'player': 1, 'monster': 1, 'item': 1} memory=2 {'player': 1, 'item': 1} paired=1 median=0.024
2026-09-28 22:49:16.104  INFO   session     Entity shadow: vision=1 {'player': 1} memory=0 {} paired=0 median=0.000
2026-09-28 22:49:20.908  INFO   session     Entity shadow: vision=1 {'player': 1} memory=1 {'npc': 1} paired=0 median=0.000
2026-09-28 22:49:24.822  INFO   decision    mode=traveling behavior=combat action=attack target=556 reason='engage target' status=success
2026-09-28 22:49:26.232  INFO   session     Entity shadow: vision=2 {'player': 1, 'monster': 1} memory=4 {'monster': 2, 'item': 1, 'npc': 1} paired=1 median=0.026
2026-09-28 22:49:29.812  INFO   decision    mode=traveling behavior=loot action=pickup target=563 reason='engage item' status=success
2026-09-28 22:49:30.437  INFO   decision    mode=traveling behavior=loot action=idle target=- reason='pickup memory gone' status=success
2026-09-28 22:49:31.040  INFO   decision    mode=traveling behavior=traveling action=traveling target=- reason='enter farm area' status=success
2026-09-28 22:49:31.656  INFO   session     Entity shadow: vision=5 {'monster': 2, 'player': 3} memory=5 {'player': 4, 'monster': 1} paired=3 median=0.038
2026-09-28 22:49:34.912  INFO   decision    mode=traveling behavior=combat action=attack target=565 reason='engage target' status=success
2026-09-28 22:49:37.064  INFO   session     Entity shadow: vision=2 {'player': 1, 'monster': 1} memory=4 {'player': 2, 'monster': 2} paired=1 median=0.021
2026-09-28 22:49:40.511  INFO   decision    mode=traveling behavior=loot action=pickup target=567 reason='engage item' status=success
2026-09-28 22:49:41.708  INFO   decision    mode=traveling behavior=loot action=idle target=- reason='pickup memory gone' status=success
2026-09-28 22:49:42.315  INFO   session     Entity shadow: vision=3 {'monster': 3} memory=4 {'player': 2, 'monster': 2} paired=0 median=0.000
2026-09-28 22:49:42.418  INFO   decision    mode=traveling behavior=combat action=attack target=566 reason='engage target' status=success
2026-09-28 22:49:47.616  INFO   session     Entity shadow: vision=3 {'player': 1, 'monster': 2} memory=2 {'player': 2} paired=0 median=0.000
2026-09-28 22:49:47.718  INFO   decision    mode=traveling behavior=traveling action=traveling target=- reason='enter farm area' status=success
2026-09-28 22:49:48.374  INFO   decision    mode=traveling behavior=combat action=attack target=568 reason='engage target' status=success
2026-09-28 22:49:50.385  INFO   decision    mode=traveling behavior=loot action=searching target=569 reason='walk onto item' status=success
2026-09-28 22:49:53.009  INFO   session     Entity shadow: vision=3 {'item': 1, 'monster': 1, 'player': 1} memory=2 {'player': 1, 'item': 1} paired=2 median=0.039
2026-09-28 22:49:57.088  INFO   decision    mode=traveling behavior=loot action=pickup target=569 reason='loot target' status=success
2026-09-28 22:49:57.765  INFO   decision    mode=traveling behavior=loot action=idle target=- reason='pickup memory gone' status=success
2026-09-28 22:49:58.345  INFO   session     Entity shadow: vision=1 {'player': 1} memory=1 {'player': 1} paired=0 median=0.000
2026-09-28 22:49:58.438  INFO   decision    mode=traveling behavior=traveling action=traveling target=- reason='enter farm area' status=success
2026-09-28 22:50:01.021  INFO   decision    mode=traveling behavior=combat action=attack target=570 reason='engage target' status=success
2026-09-28 22:50:02.365  INFO   decision    mode=traveling behavior=traveling action=traveling target=- reason='enter farm area' status=success
2026-09-28 22:50:03.762  INFO   session     Entity shadow: vision=1 {'player': 1} memory=1 {'player': 1} paired=1 median=0.006
2026-09-28 22:50:08.651  INFO   session     Entity shadow: vision=2 {'player': 1, 'monster': 1} memory=1 {'player': 1} paired=0 median=0.000
2026-09-28 22:50:12.265  INFO   decision    mode=traveling behavior=loot action=searching target=574 reason='walk onto item' status=success
2026-09-28 22:50:14.094  INFO   session     Entity shadow: vision=4 {'player': 2, 'monster': 1, 'item': 1} memory=5 {'monster': 3, 'player': 1, 'item': 1} paired=3 median=0.032
2026-09-28 22:50:14.989  INFO   decision    mode=traveling behavior=combat action=attack target=576 reason='engage target' status=success
2026-09-28 22:50:19.001  INFO   decision    mode=traveling behavior=loot action=searching target=574 reason='walk onto item' status=success
2026-09-28 22:50:19.593  INFO   session     Entity shadow: vision=5 {'player': 2, 'monster': 1, 'item': 2} memory=2 {'monster': 1, 'item': 1} paired=2 median=0.046
2026-09-28 22:50:19.675  INFO   decision    mode=traveling behavior=combat action=attack target=577 reason='engage target' status=success
2026-09-28 22:50:22.798  INFO   decision    mode=traveling behavior=loot action=pickup target=578 reason='engage item' status=success
2026-09-28 22:50:23.580  INFO   decision    mode=traveling behavior=loot action=idle target=- reason='pickup memory gone' status=success
2026-09-28 22:50:24.055  INFO   decision    mode=traveling behavior=loot action=pickup target=574 reason='engage item' status=success
2026-09-28 22:50:24.446  INFO   decision    mode=traveling behavior=loot action=idle target=- reason='pickup memory gone' status=success
2026-09-28 22:50:24.886  INFO   session     Entity shadow: vision=2 {'player': 1, 'item': 1} memory=1 {'item': 1} paired=1 median=0.033
2026-09-28 22:50:25.253  INFO   decision    mode=traveling behavior=traveling action=traveling target=- reason='enter farm area' status=success
2026-09-28 22:50:26.480  INFO   decision    mode=traveling behavior=combat action=attack target=579 reason='engage target' status=success
2026-09-28 22:50:30.894  INFO   session     Entity shadow: vision=1 {'player': 1} memory=1 {'monster': 1} paired=0 median=0.000
2026-09-28 22:50:33.693  INFO   decision    mode=traveling behavior=loot action=pickup target=580 reason='engage item' status=success
2026-09-28 22:50:34.308  INFO   decision    mode=traveling behavior=loot action=idle target=- reason='pickup memory gone' status=success
2026-09-28 22:50:35.020  INFO   decision    mode=traveling behavior=combat action=attack target=581 reason='engage target' status=success
2026-09-28 22:50:36.255  INFO   session     Entity shadow: vision=2 {'player': 1, 'item': 1} memory=1 {'item': 1} paired=1 median=0.012
2026-09-28 22:50:36.315  INFO   decision    mode=traveling behavior=unstick action=teleport target=- reason='unstick confined' status=success
2026-09-28 22:50:37.703  INFO   decision    mode=traveling behavior=combat action=attack target=583 reason='engage target' status=success
2026-09-28 22:50:41.617  INFO   session     Entity shadow: vision=5 {'monster': 4, 'player': 1} memory=7 {'item': 1, 'monster': 6} paired=4 median=0.013
2026-09-28 22:50:43.131  INFO   decision    mode=traveling behavior=combat action=attack target=584 reason='engage target' status=success
2026-09-28 22:50:46.445  INFO   decision    mode=traveling behavior=combat action=attack target=585 reason='engage target' status=success
2026-09-28 22:50:47.100  INFO   session     Entity shadow: vision=4 {'item': 1, 'monster': 2, 'player': 1} memory=5 {'monster': 4, 'item': 1} paired=3 median=0.011
2026-09-28 22:50:51.499  INFO   decision    mode=traveling behavior=unstick action=teleport target=- reason='unstick confined' status=success
2026-09-28 22:50:52.794  INFO   session     Entity shadow: vision=4 {'monster': 2, 'item': 2} memory=1 {'monster': 1} paired=0 median=0.000
2026-09-28 22:50:52.992  INFO   decision    mode=traveling behavior=combat action=attack target=593 reason='engage target' status=success
2026-09-28 22:50:54.816  INFO   decision    mode=traveling behavior=combat action=attack target=594 reason='attack target' status=success
2026-09-28 22:50:57.569  INFO   session     Entity shadow: vision=2 {'player': 1, 'monster': 1} memory=1 {'item': 1} paired=0 median=0.000
2026-09-28 22:50:57.638  INFO   decision    mode=traveling behavior=loot action=searching target=595 reason='walk onto item' status=success
2026-09-28 22:51:02.947  INFO   session     Entity shadow: vision=2 {'player': 1, 'item': 1} memory=2 {'monster': 1, 'item': 1} paired=1 median=0.033
2026-09-28 22:51:04.582  INFO   decision    mode=traveling behavior=loot action=pickup target=595 reason='loot target' status=success
2026-09-28 22:51:05.326  INFO   decision    mode=traveling behavior=loot action=idle target=- reason='pickup memory gone' status=success
2026-09-28 22:51:05.826  INFO   decision    mode=traveling behavior=loot action=searching target=598 reason='walk onto item' status=success
2026-09-28 22:51:06.672  INFO   decision    mode=traveling behavior=heal action=heal target=- reason='recover hp' status=success
2026-09-28 22:51:07.656  INFO   decision    mode=traveling behavior=combat action=attack target=596 reason='engage target' status=success
2026-09-28 22:51:08.543  INFO   session     Entity shadow: vision=4 {'item': 1, 'player': 1, 'monster': 2} memory=5 {'monster': 4, 'item': 1} paired=3 median=0.016
2026-09-28 22:51:09.038  INFO   decision    mode=traveling behavior=heal action=heal target=- reason='recover hp' status=success
2026-09-28 22:51:10.090  INFO   decision    mode=traveling behavior=combat action=attack target=596 reason='attack target' status=success
2026-09-28 22:51:12.184  INFO   decision    mode=traveling behavior=loot action=searching target=598 reason='walk onto item' status=success
2026-09-28 22:51:12.842  INFO   decision    mode=traveling behavior=combat action=attack target=603 reason='engage target' status=success
2026-09-28 22:51:13.481  INFO   session     Entity shadow: vision=2 {'monster': 1, 'item': 1} memory=4 {'item': 1, 'monster': 3} paired=2 median=0.010
2026-09-28 22:51:16.544  INFO   decision    mode=traveling behavior=combat action=attack target=607 reason='attack target' status=success
2026-09-28 22:51:18.706  INFO   session     Entity shadow: vision=3 {'player': 1, 'item': 1, 'monster': 1} memory=2 {'monster': 1, 'item': 1} paired=1 median=0.008
2026-09-28 22:51:18.796  INFO   decision    mode=traveling behavior=loot action=searching target=602 reason='walk onto item' status=success
2026-09-28 22:51:21.822  INFO   decision    mode=traveling behavior=buff action=buff target=- reason='light' status=success
2026-09-28 22:51:22.557  INFO   decision    mode=traveling behavior=loot action=searching target=602 reason='walk onto item' status=success
2026-09-28 22:51:24.098  INFO   session     Entity shadow: vision=4 {'item': 2, 'player': 1, 'monster': 1} memory=4 {'monster': 2, 'item': 2} paired=3 median=0.012
2026-09-28 22:51:26.222  INFO   decision    mode=traveling behavior=unstick action=teleport target=- reason='unstick confined' status=success
2026-09-28 22:51:27.474  INFO   session     일시정지 — 단축키
2026-09-28 22:53:47.095  INFO   session     일시정지 / 재개 → 실행 중
2026-09-28 22:53:48.447  INFO   session     Entity shadow: vision=42 {'player': 40, 'npc': 2} memory=162 {'player': 152, 'npc': 6, 'monster': 3, 'item': 1} paired=42 median=0.039 unleveled=209:토끼,206:토끼
2026-09-28 22:53:48.643  INFO   decision    mode=traveling behavior=talking_scroll action=use_talking_scroll target=- reason='return to selected hunt map' status=success
2026-09-28 22:53:51.720  INFO   decision    mode=traveling behavior=traveling action=traveling target=- reason='enter farm area' status=success
2026-09-28 22:53:54.299  INFO   session     Entity shadow: vision=44 {'player': 40, 'npc': 3, 'monster': 1} memory=61 {'player': 51, 'npc': 7, 'monster': 3} paired=39 median=0.057 unleveled=10:경비병,206:토끼,319:?
2026-09-28 22:53:59.448  INFO   session     Entity shadow: vision=39 {'player': 35, 'npc': 3, 'monster': 1} memory=56 {'monster': 3, 'player': 46, 'npc': 7} paired=36 median=0.043 unleveled=206:토끼,10:경비병,319:?
2026-09-28 22:54:05.018  INFO   session     Entity shadow: vision=28 {'player': 25, 'npc': 3} memory=59 {'monster': 2, 'player': 50, 'npc': 7} paired=26 median=0.061 unleveled=206:토끼,319:?
2026-09-28 22:54:10.678  INFO   session     Entity shadow: vision=14 {'player': 11, 'npc': 3} memory=20 {'monster': 2, 'npc': 5, 'player': 13} paired=9 median=0.065 unleveled=68:경비병,206:토끼
2026-09-28 22:54:12.507  INFO   decision    mode=traveling behavior=combat action=attack target=900 reason='engage target' status=success
2026-09-28 22:54:13.417  INFO   decision    mode=traveling behavior=combat action=attack target=902 reason='attack target' status=success
2026-09-28 22:54:14.935  INFO   decision    mode=traveling behavior=combat action=attack target=900 reason='attack target' status=success
2026-09-28 22:54:15.534  INFO   session     Entity shadow: vision=11 {'player': 8, 'npc': 2, 'monster': 1} memory=23 {'monster': 3, 'player': 17, 'npc': 3} paired=6 median=0.054 unleveled=10:경비병,68:경비병
2026-09-28 22:54:16.688  INFO   decision    mode=traveling behavior=traveling action=traveling target=- reason='enter farm, walk around' status=success
2026-09-28 22:54:20.544  INFO   session     Entity shadow: vision=6 {'player': 3, 'npc': 3} memory=8 {'monster': 3, 'player': 4, 'npc': 1} paired=3 median=0.036 unleveled=10:경비병,68:경비병
2026-09-28 22:54:25.897  INFO   session     Entity shadow: vision=7 {'player': 4, 'npc': 3} memory=9 {'monster': 3, 'npc': 2, 'player': 4} paired=4 median=0.017 unleveled=10:경비병,68:경비병
2026-09-28 22:54:31.083  INFO   session     Entity shadow: vision=6 {'player': 4, 'npc': 2} memory=8 {'monster': 3, 'player': 4, 'npc': 1} paired=2 median=0.058 unleveled=10:경비병,68:경비병
2026-09-28 22:54:36.316  INFO   session     Entity shadow: vision=3 {'player': 1, 'npc': 2} memory=4 {'monster': 4} paired=0 median=0.000 unleveled=10:경비병,68:경비병
2026-09-28 22:54:41.175  INFO   decision    mode=traveling behavior=traveling action=traveling target=- reason='enter farm area' status=success (repeat)
2026-09-28 22:54:41.608  INFO   session     Entity shadow: vision=2 {'player': 1, 'npc': 1} memory=2 {'npc': 2} paired=1 median=0.014
2026-09-28 22:54:47.088  INFO   session     Entity shadow: vision=1 {'npc': 1} memory=3 {'npc': 3} paired=1 median=0.018
2026-09-28 22:54:48.476  INFO   decision    mode=traveling behavior=combat action=attack target=955 reason='engage target' status=success
2026-09-28 22:54:51.094  INFO   decision    mode=traveling behavior=combat action=attack target=957 reason='attack target' status=success
2026-09-28 22:54:52.299  INFO   session     Entity shadow: vision=4 {'player': 1, 'item': 1, 'monster': 1, 'npc': 1} memory=7 {'monster': 2, 'item': 1, 'npc': 4} paired=3 median=0.023
2026-09-28 22:54:53.683  INFO   decision    mode=traveling behavior=combat action=attack target=959 reason='engage target' status=success
2026-09-28 22:54:57.743  INFO   session     Entity shadow: vision=6 {'player': 1, 'monster': 2, 'npc': 2, 'item': 1} memory=4 {'monster': 3, 'item': 1} paired=2 median=0.045 unleveled=10:경비병,68:경비병
2026-09-28 22:54:59.694  INFO   decision    mode=traveling behavior=combat action=searching target=959 reason='sidestep combat block' status=success
2026-09-28 22:55:00.409  INFO   decision    mode=traveling behavior=traveling action=traveling target=- reason='enter farm area' status=success
2026-09-28 22:55:01.808  INFO   decision    mode=traveling behavior=combat action=attack target=963 reason='engage target' status=success
2026-09-28 22:55:03.122  INFO   session     Entity shadow: vision=5 {'player': 1, 'item': 1, 'npc': 1, 'monster': 2} memory=4 {'monster': 2, 'item': 2} paired=1 median=0.018 unleveled=208:토끼,10:경비병
2026-09-28 22:55:03.199  INFO   decision    mode=traveling behavior=loot action=searching target=964 reason='walk onto item' status=success
2026-09-28 22:55:08.445  INFO   session     Entity shadow: vision=4 {'player': 1, 'item': 1, 'npc': 2} memory=4 {'npc': 1, 'monster': 2, 'item': 1} paired=2 median=0.033 unleveled=208:토끼,10:경비병
2026-09-28 22:55:10.167  INFO   decision    mode=traveling behavior=loot action=pickup target=964 reason='loot target' status=success
2026-09-28 22:55:10.783  INFO   decision    mode=traveling behavior=loot action=idle target=- reason='pickup memory gone' status=success
2026-09-28 22:55:12.686  INFO   decision    mode=traveling behavior=traveling action=traveling target=- reason='enter farm area' status=success
2026-09-28 22:55:13.849  INFO   session     Entity shadow: vision=5 {'player': 1, 'npc': 2, 'item': 2} memory=3 {'monster': 1, 'npc': 1, 'item': 1} paired=2 median=0.050 unleveled=10:경비병
2026-09-28 22:55:14.277  INFO   decision    mode=traveling behavior=loot action=pickup target=964 reason='engage item' status=success
2026-09-28 22:55:14.943  INFO   decision    mode=traveling behavior=loot action=idle target=- reason='pickup memory gone' status=success
2026-09-28 22:55:16.035  INFO   decision    mode=traveling behavior=traveling action=traveling target=- reason='enter farm area' status=success
2026-09-28 22:55:17.325  INFO   decision    mode=traveling behavior=combat action=attack target=968 reason='engage target' status=success
2026-09-28 22:55:19.139  INFO   session     Entity shadow: vision=4 {'player': 1, 'npc': 2, 'monster': 1} memory=4 {'monster': 3, 'npc': 1} paired=2 median=0.014 unleveled=189:사슴,10:경비병
2026-09-28 22:55:21.642  INFO   decision    mode=traveling behavior=traveling action=traveling target=- reason='enter farm area' status=success
2026-09-28 22:55:22.150  INFO   decision    mode=traveling behavior=combat action=attack target=973 reason='engage target' status=success
2026-09-28 22:55:23.209  INFO   session     일시정지 — 단축키
2026-09-28 22:55:26.715  INFO   session     일시정지 / 재개 → 실행 중
2026-09-28 22:55:27.397  INFO   session     Entity shadow: vision=7 {'player': 2, 'monster': 3, 'item': 1, 'npc': 1} memory=8 {'monster': 6, 'item': 1, 'npc': 1} paired=5 median=0.010 unleveled=189:사슴,14:개구리
2026-09-28 22:55:30.937  INFO   decision    mode=traveling behavior=combat action=attack target=974 reason='engage target' status=success
2026-09-28 22:55:32.267  INFO   session     Entity shadow: vision=6 {'player': 1, 'monster': 3, 'npc': 1, 'item': 1} memory=6 {'monster': 5, 'npc': 1} paired=4 median=0.051 unleveled=189:사슴,14:개구리
2026-09-28 22:55:37.556  INFO   session     Entity shadow: vision=4 {'monster': 3, 'player': 1} memory=6 {'monster': 5, 'npc': 1} paired=3 median=0.021 unleveled=14:개구리,189:사슴
2026-09-28 22:55:42.468  INFO   session     Entity shadow: vision=2 {'monster': 2} memory=6 {'monster': 5, 'npc': 1} paired=2 median=0.013 unleveled=189:사슴,14:개구리
2026-09-28 22:55:46.180  INFO   decision    mode=traveling behavior=unstick action=teleport target=- reason='unstick confined' status=success
2026-09-28 22:55:47.704  INFO   decision    mode=traveling behavior=combat action=attack target=981 reason='engage target' status=success
2026-09-28 22:55:48.401  INFO   session     Entity shadow: vision=3 {'player': 1, 'monster': 2} memory=6 {'monster': 4, 'item': 2} paired=1 median=0.039 unleveled=12:슬라임
2026-09-28 22:55:52.436  INFO   decision    mode=traveling behavior=combat action=attack target=984 reason='engage target' status=success
2026-09-28 22:55:54.187  INFO   session     Entity shadow: vision=5 {'player': 1, 'monster': 1, 'item': 2, 'npc': 1} memory=5 {'monster': 3, 'item': 2} paired=3 median=0.027 unleveled=68:경비병
2026-09-28 22:55:56.841  INFO   decision    mode=traveling behavior=loot action=pickup target=987 reason='engage item' status=success
2026-09-28 22:55:57.577  INFO   decision    mode=traveling behavior=loot action=idle target=- reason='pickup memory gone' status=success
2026-09-28 22:55:57.933  INFO   decision    mode=traveling behavior=combat action=attack target=986 reason='engage target' status=success
2026-09-28 22:55:59.510  INFO   session     Entity shadow: vision=3 {'player': 1, 'monster': 1, 'item': 1} memory=5 {'monster': 3, 'item': 2} paired=2 median=0.020 unleveled=68:경비병,12:슬라임
2026-09-28 22:56:01.944  INFO   decision    mode=traveling behavior=traveling action=traveling target=- reason='enter farm, walk around' status=success
2026-09-28 22:56:04.324  INFO   session     Entity shadow: vision=2 {'player': 1, 'item': 1} memory=3 {'monster': 1, 'item': 2} paired=1 median=0.026 unleveled=12:슬라임
2026-09-28 22:56:09.755  INFO   session     Entity shadow: vision=7 {'player': 3, 'npc': 1, 'item': 3} memory=6 {'player': 2, 'monster': 2, 'item': 2} paired=3 median=0.028 unleveled=12:슬라임,68:경비병
2026-09-28 22:56:10.129  INFO   decision    mode=traveling behavior=loot action=searching target=995 reason='walk onto item' status=success
2026-09-28 22:56:13.180  INFO   decision    mode=traveling behavior=combat action=attack target=996 reason='engage target' status=success
2026-09-28 22:56:14.580  INFO   session     Entity shadow: vision=5 {'item': 3, 'monster': 1, 'npc': 1} memory=6 {'player': 4, 'item': 2} paired=2 median=0.058
2026-09-28 22:56:14.716  INFO   decision    mode=traveling behavior=traveling action=traveling target=- reason='enter farm area' status=success
2026-09-28 22:56:16.906  INFO   decision    mode=traveling behavior=combat action=attack target=1000 reason='engage target' status=success
2026-09-28 22:56:18.077  INFO   decision    mode=traveling behavior=traveling action=traveling target=- reason='enter farm area' status=success
2026-09-28 22:56:19.969  INFO   session     Entity shadow: vision=3 {'player': 2, 'item': 1} memory=2 {'player': 1, 'item': 1} paired=2 median=0.046
2026-09-28 22:56:20.952  INFO   decision    mode=traveling behavior=combat action=attack target=1002 reason='engage target' status=success
2026-09-28 22:56:24.964  INFO   decision    mode=traveling behavior=combat action=attack target=1001 reason='engage target' status=success
2026-09-28 22:56:25.580  INFO   session     Entity shadow: vision=5 {'item': 1, 'player': 2, 'monster': 2} memory=3 {'player': 1, 'monster': 1, 'item': 1} paired=3 median=0.033
2026-09-28 22:56:28.780  INFO   decision    mode=traveling behavior=loot action=searching target=1008 reason='walk onto item' status=success
2026-09-28 22:56:29.847  INFO   decision    mode=traveling behavior=loot action=pickup target=1008 reason='loot target' status=success
2026-09-28 22:56:30.441  INFO   decision    mode=traveling behavior=loot action=idle target=- reason='pickup memory gone' status=success
2026-09-28 22:56:30.798  INFO   session     Entity shadow: vision=4 {'player': 2, 'item': 2} memory=5 {'monster': 1, 'player': 1, 'item': 3} paired=2 median=0.007 unleveled=206:토끼
2026-09-28 22:56:32.140  INFO   decision    mode=traveling behavior=traveling action=traveling target=- reason='enter farm area' status=success
2026-09-28 22:56:36.066  INFO   session     Entity shadow: vision=3 {'item': 2, 'player': 1} memory=4 {'monster': 1, 'item': 2, 'player': 1} paired=3 median=0.020 unleveled=206:토끼
2026-09-28 22:56:40.886  INFO   session     Entity shadow: vision=1 {'item': 1} memory=2 {'monster': 1, 'item': 1} paired=1 median=0.035 unleveled=206:토끼
2026-09-28 22:56:46.308  INFO   session     Entity shadow: vision=3 {'player': 2, 'item': 1} memory=2 {'player': 1, 'item': 1} paired=2 median=0.029
2026-09-28 22:56:48.919  INFO   decision    mode=traveling behavior=combat action=attack target=1014 reason='engage target' status=success
2026-09-28 22:56:51.711  INFO   session     Entity shadow: vision=5 {'player': 1, 'item': 1, 'monster': 3} memory=1 {'item': 1} paired=1 median=0.015
2026-09-28 22:56:51.782  INFO   decision    mode=traveling behavior=traveling action=traveling target=- reason='enter farm area' status=success
2026-09-28 22:56:54.384  INFO   decision    mode=traveling behavior=loot action=searching target=1015 reason='walk onto item' status=success
2026-09-28 22:56:57.017  INFO   session     Entity shadow: vision=5 {'monster': 1, 'player': 1, 'item': 3} memory=4 {'player': 1, 'item': 3} paired=3 median=0.012
2026-09-28 22:57:00.409  INFO   decision    mode=traveling behavior=loot action=pickup target=1015 reason='loot target' status=success
2026-09-28 22:57:01.074  INFO   decision    mode=traveling behavior=loot action=idle target=- reason='pickup memory gone' status=success
2026-09-28 22:57:02.206  INFO   session     Entity shadow: vision=3 {'monster': 1, 'player': 2} memory=4 {'player': 2, 'item': 2} paired=2 median=0.088
2026-09-28 22:57:02.934  INFO   decision    mode=traveling behavior=traveling action=traveling target=- reason='enter farm area' status=success
2026-09-28 22:57:03.746  INFO   decision    mode=traveling behavior=loot action=pickup target=1015 reason='engage item' status=success
2026-09-28 22:57:04.352  INFO   decision    mode=traveling behavior=loot action=idle target=- reason='pickup memory gone' status=success
2026-09-28 22:57:04.935  INFO   decision    mode=traveling behavior=traveling action=traveling target=- reason='enter farm area' status=success
2026-09-28 22:57:07.467  INFO   session     Entity shadow: vision=3 {'player': 2, 'item': 1} memory=3 {'player': 2, 'item': 1} paired=2 median=0.022
2026-09-28 22:57:08.180  INFO   decision    mode=farming behavior=search action=searching target=- reason='search area' status=success
2026-09-28 22:57:09.061  INFO   decision    mode=farming behavior=combat action=attack target=1020 reason='engage target' status=success
2026-09-28 22:57:09.767  INFO   decision    mode=farming behavior=search action=searching target=- reason='search area' status=success
2026-09-28 22:57:10.963  INFO   decision    mode=farming behavior=loot action=searching target=1021 reason='walk onto item' status=success
2026-09-28 22:57:12.032  INFO   decision    mode=farming behavior=unstick action=teleport target=- reason='unstick confined' status=success
2026-09-28 22:57:13.524  INFO   session     Entity shadow: vision=4 {'player': 1, 'monster': 3} memory=3 {'monster': 3} paired=3 median=0.021
2026-09-28 22:57:13.625  INFO   decision    mode=farming behavior=combat action=attack target=1022 reason='engage target' status=success
2026-09-28 22:57:18.602  INFO   session     Entity shadow: vision=3 {'player': 1, 'monster': 2} memory=3 {'monster': 3} paired=2 median=0.081
2026-09-28 22:57:19.162  INFO   decision    mode=farming behavior=combat action=attack target=1023 reason='attack target' status=success
2026-09-28 22:57:23.897  INFO   session     Entity shadow: vision=3 {'monster': 2, 'player': 1} memory=2 {'monster': 2} paired=2 median=0.019
2026-09-28 22:57:24.346  INFO   decision    mode=farming behavior=combat action=searching target=1023 reason='sidestep combat block' status=success
2026-09-28 22:57:24.735  INFO   decision    mode=farming behavior=combat action=attack target=1023 reason='attack target' status=success
2026-09-28 22:57:28.714  INFO   decision    mode=farming behavior=unstick action=teleport target=- reason='unstick confined' status=success
2026-09-28 22:57:30.040  INFO   session     Entity shadow: vision=1 {'player': 1} memory=0 {} paired=0 median=0.000
2026-09-28 22:57:30.255  INFO   decision    mode=traveling behavior=traveling action=traveling target=- reason='enter farm area' status=success
2026-09-28 22:57:35.498  INFO   session     Entity shadow: vision=3 {'player': 1, 'monster': 2} memory=1 {'monster': 1} paired=1 median=0.028
2026-09-28 22:57:40.561  INFO   session     Entity shadow: vision=2 {'player': 1, 'monster': 1} memory=1 {'monster': 1} paired=1 median=0.056
2026-09-28 22:57:42.249  INFO   decision    mode=traveling behavior=combat action=attack target=1030 reason='engage target' status=success
2026-09-28 22:57:44.556  INFO   decision    mode=traveling behavior=combat action=attack target=1031 reason='attack target' status=success
2026-09-28 22:57:45.959  INFO   session     Entity shadow: vision=4 {'item': 1, 'monster': 2, 'player': 1} memory=3 {'monster': 2, 'item': 1} paired=2 median=0.024
2026-09-28 22:57:50.961  INFO   session     Entity shadow: vision=3 {'item': 2, 'player': 1} memory=2 {'item': 1, 'monster': 1} paired=1 median=0.022
2026-09-28 22:57:51.543  INFO   decision    mode=traveling behavior=loot action=searching target=1032 reason='walk onto item' status=success
2026-09-28 22:57:55.744  INFO   decision    mode=traveling behavior=loot action=pickup target=1032 reason='loot target' status=success
2026-09-28 22:57:56.238  INFO   session     Entity shadow: vision=3 {'player': 1, 'item': 2} memory=1 {'item': 1} paired=1 median=0.024
2026-09-28 22:57:56.304  INFO   decision    mode=traveling behavior=loot action=idle target=- reason='pickup memory gone' status=success
2026-09-28 22:57:57.619  INFO   decision    mode=traveling behavior=traveling action=traveling target=- reason='enter farm area' status=success
2026-09-28 22:58:01.526  INFO   session     Entity shadow: vision=1 {'player': 1} memory=0 {} paired=0 median=0.000
2026-09-28 22:58:06.849  INFO   session     Entity shadow: vision=2 {'player': 1, 'item': 1} memory=1 {'item': 1} paired=1 median=0.042
2026-09-28 22:58:10.179  INFO   decision    mode=farming behavior=search action=searching target=- reason='search area' status=success
2026-09-28 22:58:12.140  INFO   session     Entity shadow: vision=1 {'player': 1} memory=1 {'item': 1} paired=0 median=0.000
2026-09-28 22:58:17.542  INFO   session     Entity shadow: vision=2 {'player': 2} memory=1 {'player': 1} paired=1 median=0.025
2026-09-28 22:58:22.123  INFO   decision    mode=farming behavior=combat action=attack target=1035 reason='engage target' status=success
2026-09-28 22:58:22.892  INFO   session     Entity shadow: vision=0 {} memory=1 {'monster': 1} paired=0 median=0.000
2026-09-28 22:58:25.638  INFO   decision    mode=farming behavior=loot action=searching target=1037 reason='walk onto item' status=success
2026-09-28 22:58:28.196  INFO   session     Entity shadow: vision=3 {'player': 2, 'item': 1} memory=2 {'item': 1, 'player': 1} paired=2 median=0.044
2026-09-28 22:58:28.858  INFO   decision    mode=farming behavior=search action=searching target=- reason='search area' status=success
2026-09-28 22:58:33.045  INFO   session     Entity shadow: vision=1 {'monster': 1} memory=1 {'player': 1} paired=0 median=0.000
2026-09-28 22:58:38.475  INFO   session     Entity shadow: vision=1 {'monster': 1} memory=2 {'player': 2} paired=0 median=0.000
2026-09-28 22:58:43.815  INFO   session     Entity shadow: vision=1 {'player': 1} memory=1 {'player': 1} paired=0 median=0.000
2026-09-28 22:58:44.609  INFO   decision    mode=farming behavior=combat action=attack target=1041 reason='engage target' status=success
2026-09-28 22:58:45.372  INFO   decision    mode=farming behavior=loot action=searching target=1042 reason='walk onto item' status=success
2026-09-28 22:58:46.587  INFO   decision    mode=farming behavior=search action=searching target=- reason='search area' status=success
2026-09-28 22:58:49.207  INFO   session     Entity shadow: vision=1 {'player': 1} memory=1 {'player': 1} paired=0 median=0.000
2026-09-28 22:58:52.486  INFO   decision    mode=farming behavior=combat action=attack target=1044 reason='engage target' status=success
2026-09-28 22:58:53.437  INFO   decision    mode=farming behavior=combat action=attack target=1045 reason='engage target' status=success
2026-09-28 22:58:54.653  INFO   session     Entity shadow: vision=1 {'monster': 1} memory=2 {'player': 1, 'monster': 1} paired=0 median=0.000
2026-09-28 22:58:55.563  INFO   decision    mode=farming behavior=search action=searching target=- reason='search area' status=success
2026-09-28 22:59:00.147  INFO   session     Entity shadow: vision=1 {'player': 1} memory=2 {'player': 2} paired=1 median=0.017
2026-09-28 22:59:02.390  INFO   decision    mode=farming behavior=combat action=attack target=1047 reason='engage target' status=success
2026-09-28 22:59:05.500  INFO   session     Entity shadow: vision=4 {'monster': 1, 'player': 1, 'item': 2} memory=3 {'item': 1, 'monster': 1, 'player': 1} paired=2 median=0.020
2026-09-28 22:59:06.034  INFO   decision    mode=farming behavior=loot action=searching target=1048 reason='walk onto item' status=success
2026-09-28 22:59:08.461  INFO   decision    mode=farming behavior=search action=searching target=- reason='search area' status=success
2026-09-28 22:59:09.242  INFO   decision    mode=farming behavior=buff action=buff target=- reason='armor_up' status=success
2026-09-28 22:59:09.901  INFO   decision    mode=farming behavior=search action=searching target=- reason='search area' status=success
2026-09-28 22:59:10.963  INFO   session     Entity shadow: vision=2 {'monster': 2} memory=2 {'player': 2} paired=0 median=0.000
2026-09-28 22:59:13.288  INFO   decision    mode=farming behavior=combat action=attack target=1050 reason='engage target' status=success
2026-09-28 22:59:15.830  INFO   session     Entity shadow: vision=3 {'monster': 1, 'player': 2} memory=3 {'player': 2, 'monster': 1} paired=2 median=0.066
2026-09-28 22:59:19.089  INFO   decision    mode=farming behavior=search action=searching target=- reason='search area' status=success
2026-09-28 22:59:21.074  INFO   session     Entity shadow: vision=1 {'player': 1} memory=0 {} paired=0 median=0.000
2026-09-28 22:59:23.194  INFO   decision    mode=farming behavior=unstick action=teleport target=- reason='unstick confined' status=success
2026-09-28 22:59:24.529  INFO   decision    mode=farming behavior=combat action=attack target=1051 reason='engage target' status=success
2026-09-28 22:59:26.406  INFO   session     Entity shadow: vision=3 {'player': 2, 'monster': 1} memory=2 {'player': 1, 'monster': 1} paired=2 median=0.023
2026-09-28 22:59:29.044  INFO   decision    mode=traveling behavior=traveling action=traveling target=- reason='enter farm area' status=success
2026-09-28 22:59:30.186  INFO   decision    mode=traveling behavior=combat action=attack target=1053 reason='engage target' status=success
2026-09-28 22:59:31.296  INFO   session     Entity shadow: vision=4 {'player': 2, 'monster': 2} memory=2 {'player': 1, 'monster': 1} paired=2 median=0.026
2026-09-28 22:59:33.894  INFO   decision    mode=traveling behavior=loot action=searching target=1054 reason='walk onto item' status=success
2026-09-28 22:59:35.247  INFO   decision    mode=traveling behavior=loot action=pickup target=1054 reason='loot target' status=success
2026-09-28 22:59:35.978  INFO   decision    mode=traveling behavior=traveling action=traveling target=- reason='enter farm area' status=success
2026-09-28 22:59:36.549  INFO   session     Entity shadow: vision=2 {'player': 2} memory=1 {'player': 1} paired=1 median=0.062
2026-09-28 22:59:41.588  INFO   session     Entity shadow: vision=1 {'player': 1} memory=0 {} paired=0 median=0.000
2026-09-28 22:59:44.952  INFO   decision    mode=traveling behavior=combat action=attack target=1056 reason='engage target' status=success
2026-09-28 22:59:46.967  INFO   session     Entity shadow: vision=1 {'player': 1} memory=1 {'monster': 1} paired=0 median=0.000
2026-09-28 22:59:51.077  INFO   decision    mode=traveling behavior=combat action=searching target=1056 reason='sidestep combat block' status=success
2026-09-28 22:59:51.719  INFO   decision    mode=traveling behavior=combat action=attack target=1056 reason='attack target' status=success
2026-09-28 22:59:52.402  INFO   session     Entity shadow: vision=3 {'monster': 2, 'player': 1} memory=1 {'monster': 1} paired=1 median=0.016
2026-09-28 22:59:56.471  INFO   decision    mode=farming behavior=search action=searching target=- reason='search area' status=success
2026-09-28 22:59:58.265  INFO   session     Entity shadow: vision=3 {'monster': 2, 'player': 1} memory=1 {'monster': 1} paired=1 median=0.016
2026-09-28 23:00:03.063  INFO   session     Entity shadow: vision=4 {'player': 1, 'monster': 3} memory=1 {'monster': 1} paired=1 median=0.033
2026-09-28 23:00:08.488  INFO   session     Entity shadow: vision=3 {'monster': 3} memory=1 {'monster': 1} paired=1 median=0.031
2026-09-28 23:00:13.384  INFO   session     Entity shadow: vision=3 {'player': 1, 'monster': 2} memory=1 {'monster': 1} paired=1 median=0.035
2026-09-28 23:00:16.927  INFO   decision    mode=farming behavior=search action=searching target=- reason='search area' status=success (repeat)
2026-09-28 23:00:18.828  INFO   session     Entity shadow: vision=3 {'player': 1, 'monster': 2} memory=1 {'player': 1} paired=0 median=0.000
2026-09-28 23:00:24.212  INFO   session     Entity shadow: vision=2 {'player': 1, 'monster': 1} memory=1 {'monster': 1} paired=0 median=0.000 unleveled=189:사슴
2026-09-28 23:00:24.976  INFO   decision    mode=farming behavior=combat action=attack target=1060 reason='engage target' status=success
2026-09-28 23:00:29.468  INFO   session     Entity shadow: vision=1 {'monster': 1} memory=2 {'monster': 2} paired=1 median=0.096 unleveled=189:사슴
2026-09-28 23:00:31.556  INFO   decision    mode=farming behavior=loot action=pickup target=1063 reason='engage item' status=success
2026-09-28 23:00:32.258  INFO   decision    mode=farming behavior=loot action=idle target=- reason='pickup memory gone' status=success
2026-09-28 23:00:32.992  INFO   decision    mode=farming behavior=search action=searching target=- reason='search area' status=success
2026-09-28 23:00:34.867  INFO   session     Entity shadow: vision=3 {'player': 2, 'monster': 1} memory=3 {'player': 2, 'monster': 1} paired=1 median=0.046 unleveled=189:사슴
2026-09-28 23:00:37.051  INFO   decision    mode=farming behavior=combat action=attack target=1066 reason='engage target' status=success
2026-09-28 23:00:39.711  INFO   session     Entity shadow: vision=4 {'player': 2, 'monster': 2} memory=5 {'player': 2, 'monster': 3} paired=3 median=0.011 unleveled=189:사슴
2026-09-28 23:00:43.258  INFO   decision    mode=farming behavior=combat action=attack target=1067 reason='engage target' status=success
2026-09-28 23:00:44.984  INFO   session     Entity shadow: vision=3 {'player': 2, 'monster': 1} memory=4 {'player': 2, 'monster': 2} paired=2 median=0.047
2026-09-28 23:00:46.009  INFO   decision    mode=farming behavior=loot action=searching target=1073 reason='walk onto item' status=success
2026-09-28 23:00:49.920  INFO   decision    mode=farming behavior=search action=searching target=- reason='search area' status=success
2026-09-28 23:00:50.494  INFO   session     Entity shadow: vision=2 {'player': 1, 'monster': 1} memory=3 {'player': 2, 'monster': 1} paired=1 median=0.040
2026-09-28 23:00:55.489  INFO   session     Entity shadow: vision=6 {'player': 4, 'monster': 2} memory=3 {'player': 2, 'monster': 1} paired=3 median=0.022
2026-09-28 23:01:00.938  INFO   session     Entity shadow: vision=1 {'player': 1} memory=0 {} paired=0 median=0.000
2026-09-28 23:01:03.069  INFO   decision    mode=farming behavior=combat action=attack target=1076 reason='engage target' status=success
2026-09-28 23:01:03.849  INFO   decision    mode=farming behavior=search action=searching target=- reason='search area' status=success
2026-09-28 23:01:06.433  INFO   session     Entity shadow: vision=2 {'player': 1, 'monster': 1} memory=2 {'monster': 1, 'player': 1} paired=1 median=0.067
2026-09-28 23:01:11.386  INFO   session     Entity shadow: vision=4 {'player': 3, 'monster': 1} memory=2 {'monster': 1, 'player': 1} paired=2 median=0.061
2026-09-28 23:01:16.678  INFO   session     Entity shadow: vision=2 {'monster': 1, 'player': 1} memory=1 {'player': 1} paired=0 median=0.000
2026-09-28 23:01:22.107  INFO   session     Entity shadow: vision=1 {'player': 1} memory=1 {'player': 1} paired=0 median=0.000
2026-09-28 23:01:24.177  INFO   decision    mode=farming behavior=search action=searching target=- reason='search area' status=success (repeat)
2026-09-28 23:01:27.373  INFO   session     Entity shadow: vision=0 {} memory=1 {'player': 1} paired=0 median=0.000
2026-09-28 23:01:27.758  INFO   decision    mode=farming behavior=combat action=attack target=1080 reason='engage target' status=success
2026-09-28 23:01:28.923  INFO   decision    mode=farming behavior=combat action=attack target=1082 reason='attack target' status=success
2026-09-28 23:01:30.342  INFO   decision    mode=farming behavior=search action=searching target=- reason='search area' status=success
2026-09-28 23:01:32.326  INFO   session     Entity shadow: vision=2 {'monster': 2} memory=1 {'player': 1} paired=0 median=0.000
2026-09-28 23:01:37.375  INFO   session     Entity shadow: vision=1 {'monster': 1} memory=2 {'player': 2} paired=0 median=0.000
2026-09-28 23:01:41.496  INFO   decision    mode=farming behavior=loot action=searching target=1086 reason='walk onto item' status=success
2026-09-28 23:01:42.671  INFO   session     Entity shadow: vision=1 {'player': 1} memory=2 {'monster': 1, 'player': 1} paired=0 median=0.000 unleveled=189:사슴
2026-09-28 23:01:42.735  INFO   decision    mode=farming behavior=search action=searching target=- reason='search area' status=success
2026-09-28 23:01:46.790  INFO   decision    mode=farming behavior=combat action=attack target=1088 reason='engage target' status=success
2026-09-28 23:01:47.961  INFO   session     Entity shadow: vision=1 {'player': 1} memory=3 {'monster': 2, 'player': 1} paired=0 median=0.000 unleveled=189:사슴
2026-09-28 23:01:53.243  INFO   session     Entity shadow: vision=0 {} memory=3 {'monster': 2, 'player': 1} paired=0 median=0.000
2026-09-28 23:01:55.315  INFO   decision    mode=farming behavior=combat action=attack target=1089 reason='engage target' status=success
2026-09-28 23:01:57.930  INFO   decision    mode=farming behavior=loot action=searching target=1091 reason='walk onto item' status=success
2026-09-28 23:01:58.309  INFO   session     Entity shadow: vision=3 {'item': 1, 'monster': 1, 'player': 1} memory=2 {'monster': 1, 'item': 1} paired=1 median=0.026
2026-09-28 23:02:02.441  INFO   decision    mode=farming behavior=loot action=pickup target=1091 reason='loot target' status=success
2026-09-28 23:02:03.168  INFO   decision    mode=farming behavior=loot action=idle target=- reason='pickup memory gone' status=success
2026-09-28 23:02:03.666  INFO   session     Entity shadow: vision=0 {} memory=2 {'player': 1, 'monster': 1} paired=0 median=0.000 unleveled=189:사슴
2026-09-28 23:02:03.757  INFO   decision    mode=farming behavior=search action=searching target=- reason='search area' status=success
2026-09-28 23:02:08.585  INFO   session     Entity shadow: vision=2 {'player': 2} memory=2 {'player': 1, 'monster': 1} paired=0 median=0.000 unleveled=189:사슴
2026-09-28 23:02:09.210  INFO   decision    mode=farming behavior=combat action=attack target=1094 reason='engage target' status=success
2026-09-28 23:02:12.639  INFO   decision    mode=farming behavior=loot action=searching target=1096 reason='walk onto item' status=success
2026-09-28 23:02:14.104  INFO   session     Entity shadow: vision=3 {'monster': 2, 'item': 1} memory=4 {'monster': 3, 'item': 1} paired=1 median=0.030 unleveled=189:사슴,12:슬라임
2026-09-28 23:02:15.751  INFO   decision    mode=farming behavior=loot action=pickup target=1096 reason='loot target' status=success
2026-09-28 23:02:16.571  INFO   decision    mode=farming behavior=search action=searching target=- reason='search area' status=success
2026-09-28 23:02:19.121  INFO   session     Entity shadow: vision=3 {'player': 1, 'monster': 2} memory=2 {'monster': 2} paired=1 median=0.030 unleveled=12:슬라임
2026-09-28 23:02:24.188  INFO   session     Entity shadow: vision=4 {'player': 1, 'monster': 3} memory=3 {'monster': 2, 'player': 1} paired=1 median=0.027 unleveled=12:슬라임
2026-09-28 23:02:24.832  INFO   decision    mode=farming behavior=combat action=attack target=1101 reason='engage target' status=success
2026-09-28 23:02:26.114  INFO   decision    mode=farming behavior=loot action=searching target=1102 reason='walk onto item' status=success
2026-09-28 23:02:27.488  INFO   decision    mode=farming behavior=unstick action=teleport target=- reason='unstick confined' status=success
2026-09-28 23:02:28.741  INFO   decision    mode=farming behavior=loot action=searching target=1102 reason='walk onto item' status=success
2026-09-28 23:02:29.374  INFO   session     Entity shadow: vision=2 {'player': 2} memory=3 {'player': 2, 'monster': 1} paired=1 median=0.083 unleveled=12:슬라임
2026-09-28 23:02:29.453  INFO   decision    mode=farming behavior=search action=searching target=- reason='search area' status=success
2026-09-28 23:02:34.806  INFO   session     Entity shadow: vision=2 {'player': 2} memory=2 {'player': 1, 'item': 1} paired=0 median=0.000
2026-09-28 23:02:39.531  INFO   session     Entity shadow: vision=2 {'player': 1, 'item': 1} memory=1 {'item': 1} paired=1 median=0.024
2026-09-28 23:02:44.793  INFO   session     Entity shadow: vision=2 {'player': 1, 'item': 1} memory=2 {'player': 1, 'item': 1} paired=1 median=0.042
2026-09-28 23:02:47.659  INFO   decision    mode=farming behavior=combat action=attack target=1109 reason='engage target' status=success
2026-09-28 23:02:49.837  INFO   session     Entity shadow: vision=4 {'player': 2, 'item': 1, 'monster': 1} memory=3 {'player': 1, 'monster': 1, 'item': 1} paired=3 median=0.044
2026-09-28 23:02:50.465  INFO   decision    mode=farming behavior=loot action=searching target=1110 reason='walk onto item' status=success
2026-09-28 23:02:55.059  INFO   session     Entity shadow: vision=2 {'player': 1, 'item': 1} memory=1 {'item': 1} paired=1 median=0.009
2026-09-28 23:02:55.958  INFO   decision    mode=farming behavior=loot action=pickup target=1110 reason='loot target' status=success
2026-09-28 23:02:56.537  INFO   decision    mode=farming behavior=loot action=idle target=- reason='pickup memory gone' status=success
2026-09-28 23:02:56.893  INFO   decision    mode=farming behavior=search action=searching target=- reason='search area' status=success
2026-09-28 23:03:00.467  INFO   session     Entity shadow: vision=2 {'player': 2} memory=1 {'player': 1} paired=1 median=0.038
2026-09-28 23:03:03.808  INFO   decision    mode=farming behavior=unstick action=teleport target=- reason='unstick confined' status=success
2026-09-28 23:03:04.845  INFO   decision    mode=farming behavior=combat action=attack target=1116 reason='engage target' status=success
2026-09-28 23:03:05.870  INFO   session     Entity shadow: vision=5 {'player': 1, 'monster': 1, 'item': 3} memory=6 {'player': 1, 'item': 4, 'monster': 1} paired=2 median=0.007
2026-09-28 23:03:07.430  INFO   decision    mode=farming behavior=loot action=searching target=1117 reason='walk onto item' status=success
2026-09-28 23:03:09.980  INFO   decision    mode=farming behavior=loot action=pickup target=1117 reason='loot target' status=success
2026-09-28 23:03:10.734  INFO   session     Entity shadow: vision=9 {'item': 6, 'player': 3} memory=10 {'player': 3, 'item': 7} paired=9 median=0.040
2026-09-28 23:03:10.782  INFO   decision    mode=farming behavior=loot action=idle target=- reason='pickup memory gone' status=success
2026-09-28 23:03:12.299  INFO   decision    mode=farming behavior=loot action=searching target=1120 reason='walk onto item' status=success
2026-09-28 23:03:15.920  INFO   session     Entity shadow: vision=6 {'player': 4, 'item': 2} memory=5 {'player': 2, 'item': 3} paired=4 median=0.028
2026-09-28 23:03:19.350  INFO   session     일시정지 — 단축키
2026-09-28 23:03:24.709  INFO   session     일시정지 / 재개 → 실행 중
2026-09-28 23:03:25.404  INFO   session     Entity shadow: vision=6 {'player': 2, 'item': 4} memory=8 {'item': 7, 'player': 1} paired=5 median=0.023
2026-09-28 23:03:25.583  INFO   decision    mode=farming behavior=buff action=buff target=- reason='light' status=success
2026-09-28 23:03:26.588  INFO   decision    mode=farming behavior=loot action=searching target=1127 reason='walk onto item' status=success
2026-09-28 23:03:30.454  INFO   session     Entity shadow: vision=5 {'monster': 3, 'item': 2} memory=5 {'monster': 2, 'player': 1, 'item': 2} paired=4 median=0.077
2026-09-28 23:03:31.878  INFO   decision    mode=farming behavior=loot action=pickup target=1127 reason='loot target' status=success
2026-09-28 23:03:32.579  INFO   decision    mode=farming behavior=loot action=idle target=- reason='pickup memory gone' status=success
2026-09-28 23:03:34.291  INFO   decision    mode=farming behavior=combat action=attack target=1130 reason='engage target' status=success
2026-09-28 23:03:35.764  INFO   session     Entity shadow: vision=7 {'player': 2, 'monster': 2, 'item': 3} memory=5 {'monster': 2, 'item': 3} paired=5 median=0.033
2026-09-28 23:03:38.386  INFO   decision    mode=farming behavior=loot action=searching target=1127 reason='walk onto item' status=success
2026-09-28 23:03:41.107  INFO   session     Entity shadow: vision=7 {'item': 4, 'player': 2, 'monster': 1} memory=9 {'player': 1, 'monster': 1, 'item': 7} paired=5 median=0.054
2026-09-28 23:03:43.875  INFO   decision    mode=farming behavior=loot action=pickup target=1127 reason='loot target' status=success
2026-09-28 23:03:44.658  INFO   decision    mode=farming behavior=loot action=idle target=- reason='pickup memory gone' status=success
2026-09-28 23:03:45.178  INFO   decision    mode=traveling behavior=traveling action=traveling target=- reason='enter farm area' status=success
2026-09-28 23:03:46.458  INFO   session     Entity shadow: vision=2 {'monster': 1, 'player': 1} memory=5 {'player': 2, 'monster': 1, 'item': 2} paired=2 median=0.075
2026-09-28 23:03:50.088  INFO   decision    mode=traveling behavior=combat action=attack target=1147 reason='engage target' status=success
2026-09-28 23:03:51.502  INFO   session     Entity shadow: vision=7 {'monster': 2, 'item': 5} memory=8 {'monster': 2, 'item': 6} paired=7 median=0.036
2026-09-28 23:03:56.629  INFO   session     Entity shadow: vision=4 {'player': 1, 'item': 2, 'monster': 1} memory=7 {'monster': 2, 'item': 5} paired=3 median=0.049
2026-09-28 23:03:59.415  INFO   decision    mode=traveling behavior=loot action=searching target=1149 reason='walk onto item' status=success
2026-09-28 23:04:01.854  INFO   session     Entity shadow: vision=5 {'player': 2, 'item': 3} memory=4 {'player': 1, 'item': 3} paired=4 median=0.015
2026-09-28 23:04:04.689  INFO   decision    mode=traveling behavior=loot action=pickup target=1149 reason='loot target' status=success
2026-09-28 23:04:05.463  INFO   decision    mode=traveling behavior=loot action=idle target=- reason='pickup memory gone' status=success
2026-09-28 23:04:06.778  INFO   session     Entity shadow: vision=5 {'player': 2, 'item': 3} memory=4 {'player': 1, 'item': 3} paired=4 median=0.011
2026-09-28 23:04:07.315  INFO   decision    mode=traveling behavior=traveling action=traveling target=- reason='enter farm area' status=success
2026-09-28 23:04:08.740  INFO   decision    mode=traveling behavior=loot action=pickup target=1149 reason='engage item' status=success
2026-09-28 23:04:09.401  INFO   decision    mode=traveling behavior=loot action=idle target=- reason='pickup memory gone' status=success
2026-09-28 23:04:10.991  INFO   decision    mode=traveling behavior=traveling action=traveling target=- reason='enter farm area' status=success
2026-09-28 23:04:11.897  INFO   session     Entity shadow: vision=4 {'item': 2, 'player': 2} memory=5 {'player': 2, 'item': 3} paired=3 median=0.011
2026-09-28 23:04:17.347  INFO   session     Entity shadow: vision=1 {'player': 1} memory=2 {'player': 1, 'item': 1} paired=0 median=0.000
2026-09-28 23:04:22.572  INFO   session     Entity shadow: vision=3 {'player': 1, 'item': 1, 'monster': 1} memory=2 {'player': 1, 'item': 1} paired=2 median=0.032
2026-09-28 23:04:26.939  INFO   decision    mode=farming behavior=search action=searching target=- reason='search area' status=success
2026-09-28 23:04:27.415  INFO   session     Entity shadow: vision=4 {'monster': 1, 'item': 1, 'player': 1, 'npc': 1} memory=4 {'player': 3, 'item': 1} paired=2 median=0.039
2026-09-28 23:04:32.604  INFO   session     Entity shadow: vision=3 {'item': 1, 'player': 1, 'monster': 1} memory=5 {'player': 4, 'item': 1} paired=2 median=0.064
2026-09-28 23:04:36.661  INFO   decision    mode=farming behavior=combat action=attack target=1166 reason='engage target' status=success
2026-09-28 23:04:38.056  INFO   session     Entity shadow: vision=5 {'item': 2, 'player': 2, 'monster': 1} memory=5 {'item': 2, 'player': 2, 'monster': 1} paired=5 median=0.029
2026-09-28 23:04:38.709  INFO   decision    mode=farming behavior=loot action=searching target=1167 reason='walk onto item' status=success
2026-09-28 23:04:41.376  INFO   decision    mode=farming behavior=search action=searching target=- reason='search area' status=success
2026-09-28 23:04:43.421  INFO   session     Entity shadow: vision=3 {'player': 2, 'item': 1} memory=2 {'player': 1, 'item': 1} paired=2 median=0.059
2026-09-28 23:04:46.845  INFO   decision    mode=farming behavior=combat action=attack target=1168 reason='engage target' status=success
2026-09-28 23:04:48.821  INFO   session     Entity shadow: vision=5 {'item': 1, 'player': 2, 'monster': 2} memory=3 {'player': 1, 'monster': 1, 'item': 1} paired=3 median=0.035
2026-09-28 23:04:54.117  INFO   session     Entity shadow: vision=3 {'item': 1, 'player': 1, 'monster': 1} memory=2 {'monster': 1, 'item': 1} paired=2 median=0.068
2026-09-28 23:04:54.954  INFO   decision    mode=farming behavior=loot action=searching target=1169 reason='walk onto item' status=success
2026-09-28 23:04:58.904  INFO   session     Entity shadow: vision=1 {'player': 1} memory=1 {'player': 1} paired=0 median=0.000
2026-09-28 23:04:58.986  INFO   decision    mode=farming behavior=search action=searching target=- reason='search area' status=success
2026-09-28 23:05:03.803  INFO   decision    mode=farming behavior=combat action=attack target=1172 reason='engage target' status=success
2026-09-28 23:05:04.534  INFO   session     Entity shadow: vision=4 {'monster': 3, 'player': 1} memory=3 {'monster': 1, 'player': 2} paired=2 median=0.045
2026-09-28 23:05:09.644  INFO   session     Entity shadow: vision=5 {'monster': 2, 'player': 2, 'item': 1} memory=3 {'monster': 1, 'item': 1, 'player': 1} paired=2 median=0.019
2026-09-28 23:05:11.113  INFO   decision    mode=farming behavior=search action=searching target=- reason='search area' status=success
2026-09-28 23:05:12.557  INFO   decision    mode=traveling behavior=traveling action=traveling target=- reason='enter farm area' status=success
2026-09-28 23:05:13.722  INFO   decision    mode=farming behavior=search action=searching target=- reason='search area' status=success
2026-09-28 23:05:15.014  INFO   session     Entity shadow: vision=4 {'player': 2, 'monster': 1, 'item': 1} memory=2 {'player': 1, 'item': 1} paired=2 median=0.024
2026-09-28 23:05:19.885  INFO   session     Entity shadow: vision=5 {'player': 2, 'monster': 2, 'item': 1} memory=1 {'item': 1} paired=1 median=0.013
2026-09-28 23:05:25.255  INFO   session     Entity shadow: vision=1 {'player': 1} memory=3 {'player': 2, 'monster': 1} paired=0 median=0.000 unleveled=189:사슴
2026-09-28 23:05:28.403  INFO   decision    mode=traveling behavior=traveling action=traveling target=- reason='nearby players' status=success
2026-09-28 23:05:30.669  INFO   session     Entity shadow: vision=1 {'player': 1} memory=4 {'player': 2, 'monster': 2} paired=0 median=0.000 unleveled=189:사슴,207:토끼
2026-09-28 23:05:31.469  INFO   decision    mode=traveling behavior=combat action=attack target=1186 reason='engage target' status=success
2026-09-28 23:05:35.941  INFO   session     Entity shadow: vision=2 {'monster': 1, 'player': 1} memory=3 {'monster': 3} paired=1 median=0.104 unleveled=206:토끼,207:토끼
2026-09-28 23:05:39.416  INFO   decision    mode=traveling behavior=traveling action=traveling target=- reason='enter farm, walk around' status=success
2026-09-28 23:05:40.853  INFO   session     Entity shadow: vision=5 {'player': 2, 'item': 2, 'npc': 1} memory=5 {'player': 2, 'monster': 2, 'item': 1} paired=1 median=0.029 unleveled=206:토끼,207:토끼
2026-09-28 23:05:46.780  INFO   session     Entity shadow: vision=4 {'item': 3, 'player': 1} memory=10 {'player': 2, 'monster': 2, 'item': 6} paired=4 median=0.043
2026-09-28 23:05:46.863  INFO   decision    mode=traveling behavior=loot action=searching target=1196 reason='walk onto item' status=success
2026-09-28 23:05:47.820  INFO   decision    mode=traveling behavior=combat action=attack target=1195 reason='engage target' status=success
2026-09-28 23:05:52.096  INFO   session     Entity shadow: vision=5 {'item': 2, 'player': 3} memory=6 {'player': 1, 'monster': 2, 'item': 3} paired=3 median=0.028
2026-09-28 23:05:53.027  INFO   decision    mode=traveling behavior=loot action=pickup target=1201 reason='engage item' status=success
2026-09-28 23:05:53.715  INFO   decision    mode=traveling behavior=loot action=idle target=- reason='pickup memory gone' status=success
2026-09-28 23:05:54.041  INFO   decision    mode=traveling behavior=traveling action=traveling target=- reason='nearby players' status=success
2026-09-28 23:05:57.606  INFO   session     Entity shadow: vision=2 {'monster': 1, 'item': 1} memory=3 {'player': 2, 'item': 1} paired=1 median=0.012
2026-09-28 23:06:02.453  INFO   session     Entity shadow: vision=2 {'monster': 1, 'player': 1} memory=1 {'player': 1} paired=1 median=0.010
2026-09-28 23:06:08.000  INFO   session     Entity shadow: vision=1 {'player': 1} memory=0 {} paired=0 median=0.000
2026-09-28 23:06:09.209  INFO   decision    mode=traveling behavior=combat action=attack target=1204 reason='engage target' status=success
2026-09-28 23:06:12.853  INFO   session     Entity shadow: vision=3 {'player': 1, 'monster': 2} memory=2 {'monster': 2} paired=2 median=0.013
2026-09-28 23:06:14.666  INFO   decision    mode=traveling behavior=combat action=attack target=1205 reason='engage target' status=success
2026-09-28 23:06:15.821  INFO   decision    mode=traveling behavior=traveling action=traveling target=- reason='nearby players' status=success
2026-09-28 23:06:18.252  INFO   session     Entity shadow: vision=1 {'player': 1} memory=0 {} paired=0 median=0.000
2026-09-28 23:06:20.510  INFO   decision    mode=traveling behavior=combat action=attack target=1206 reason='engage target' status=success
2026-09-28 23:06:23.057  INFO   session     Entity shadow: vision=1 {'player': 1} memory=1 {'monster': 1} paired=0 median=0.000
2026-09-28 23:06:24.551  INFO   decision    mode=traveling behavior=traveling action=traveling target=- reason='nearby players' status=success
2026-09-28 23:06:28.467  INFO   session     Entity shadow: vision=1 {'player': 1} memory=0 {} paired=0 median=0.000
2026-09-28 23:06:29.362  INFO   decision    mode=traveling behavior=loot action=searching target=1208 reason='walk onto item' status=success
2026-09-28 23:06:32.766  INFO   decision    mode=traveling behavior=loot action=pickup target=1208 reason='loot target' status=success
2026-09-28 23:06:33.325  INFO   session     Entity shadow: vision=3 {'player': 1, 'item': 1, 'monster': 1} memory=1 {'item': 1} paired=1 median=0.013
2026-09-28 23:06:33.417  INFO   decision    mode=traveling behavior=traveling action=traveling target=- reason='nearby players' status=success
2026-09-28 23:06:38.585  INFO   session     Entity shadow: vision=1 {'monster': 1} memory=0 {} paired=0 median=0.000
2026-09-28 23:06:44.211  INFO   session     Entity shadow: vision=31 {'player': 30, 'npc': 1} memory=61 {'player': 57, 'npc': 4} paired=30 median=0.051
2026-09-28 23:06:49.666  INFO   session     Entity shadow: vision=26 {'player': 23, 'monster': 3} memory=63 {'player': 59, 'npc': 4} paired=23 median=0.033
2026-09-28 23:06:55.024  INFO   session     Entity shadow: vision=21 {'player': 19, 'npc': 2} memory=44 {'player': 41, 'npc': 3} paired=19 median=0.018
2026-09-28 23:06:59.850  INFO   session     Entity shadow: vision=8 {'player': 6, 'npc': 2} memory=14 {'npc': 7, 'monster': 1, 'player': 6} paired=5 median=0.036 unleveled=10:경비병
2026-09-28 23:06:59.895  INFO   decision    mode=traveling behavior=traveling action=traveling target=- reason='enter farm, walk around' status=success (repeat)
2026-09-28 23:07:05.151  INFO   session     Entity shadow: vision=7 {'npc': 4, 'player': 2, 'monster': 1} memory=15 {'npc': 8, 'monster': 2, 'player': 5} paired=3 median=0.039 unleveled=68:경비병,10:경비병
2026-09-28 23:07:10.456  INFO   session     Entity shadow: vision=19 {'player': 18, 'npc': 1} memory=40 {'npc': 4, 'player': 36} paired=18 median=0.044
2026-09-28 23:07:15.532  INFO   session     Entity shadow: vision=6 {'player': 3, 'npc': 3} memory=7 {'player': 3, 'npc': 3, 'monster': 1} paired=4 median=0.029 unleveled=14:개구리
2026-09-28 23:07:20.825  INFO   session     Entity shadow: vision=5 {'player': 2, 'npc': 2, 'monster': 1} memory=8 {'monster': 3, 'npc': 3, 'player': 2} paired=1 median=0.066 unleveled=68:경비병,10:경비병,14:개구리
2026-09-28 23:07:25.522  INFO   decision    mode=traveling behavior=traveling action=traveling target=- reason='enter farm, walk around' status=success (repeat)
2026-09-28 23:07:26.195  INFO   session     Entity shadow: vision=5 {'player': 2, 'npc': 3} memory=5 {'monster': 2, 'player': 1, 'npc': 2} paired=1 median=0.032 unleveled=189:사슴,10:경비병
2026-09-28 23:07:31.539  INFO   session     Entity shadow: vision=3 {'player': 2, 'npc': 1} memory=9 {'monster': 4, 'npc': 3, 'player': 2} paired=2 median=0.059 unleveled=208:토끼,14:개구리,10:경비병,189:사슴
2026-09-28 23:07:36.894  INFO   session     Entity shadow: vision=3 {'player': 1, 'npc': 2} memory=4 {'monster': 3, 'npc': 1} paired=0 median=0.000 unleveled=208:토끼,68:경비병,10:경비병
2026-09-28 23:07:42.293  INFO   session     Entity shadow: vision=2 {'player': 1, 'monster': 1} memory=3 {'monster': 3} paired=1 median=0.043 unleveled=189:사슴
2026-09-28 23:07:42.450  INFO   decision    mode=traveling behavior=combat action=attack target=1358 reason='engage target' status=success
2026-09-28 23:07:46.466  INFO   decision    mode=traveling behavior=combat action=attack target=1359 reason='engage target' status=success
2026-09-28 23:07:47.707  INFO   session     Entity shadow: vision=4 {'monster': 3, 'player': 1} memory=1 {'monster': 1} paired=1 median=0.008
2026-09-28 23:07:47.878  INFO   decision    mode=traveling behavior=combat action=attack target=1360 reason='engage target' status=success
2026-09-28 23:07:48.990  INFO   decision    mode=traveling behavior=loot action=searching target=1361 reason='walk onto item' status=success
2026-09-28 23:07:51.974  INFO   decision    mode=traveling behavior=loot action=pickup target=1361 reason='loot target' status=success
2026-09-28 23:07:52.711  INFO   decision    mode=traveling behavior=combat action=attack target=1362 reason='engage target' status=success
2026-09-28 23:07:53.344  INFO   session     Entity shadow: vision=3 {'player': 1, 'monster': 1, 'npc': 1} memory=2 {'npc': 1, 'monster': 1} paired=2 median=0.019
2026-09-28 23:07:54.002  INFO   decision    mode=traveling behavior=loot action=searching target=1365 reason='walk onto item' status=success
2026-09-28 23:07:56.043  INFO   decision    mode=traveling behavior=combat action=attack target=1366 reason='engage target' status=success
2026-09-28 23:07:58.054  INFO   decision    mode=traveling behavior=loot action=pickup target=1365 reason='engage item' status=success
2026-09-28 23:07:58.701  INFO   session     Entity shadow: vision=6 {'player': 1, 'item': 2, 'monster': 1, 'npc': 2} memory=5 {'monster': 3, 'item': 2} paired=3 median=0.045 unleveled=208:토끼,68:경비병
2026-09-28 23:07:58.763  INFO   decision    mode=traveling behavior=loot action=idle target=- reason='pickup memory gone' status=success
2026-09-28 23:07:59.360  INFO   decision    mode=traveling behavior=loot action=pickup target=1369 reason='engage item' status=success
2026-09-28 23:08:00.004  INFO   decision    mode=traveling behavior=loot action=idle target=- reason='pickup memory gone' status=success
2026-09-28 23:08:00.767  INFO   decision    mode=traveling behavior=combat action=attack target=1368 reason='engage target' status=success
2026-09-28 23:08:03.953  INFO   session     Entity shadow: vision=4 {'npc': 2, 'monster': 1, 'player': 1} memory=3 {'monster': 2, 'npc': 1} paired=2 median=0.050 unleveled=208:토끼
2026-09-28 23:08:05.400  INFO   decision    mode=traveling behavior=traveling action=traveling target=- reason='nearby players' status=success
2026-09-28 23:08:09.308  INFO   session     Entity shadow: vision=2 {'npc': 1, 'player': 1} memory=3 {'monster': 2, 'npc': 1} paired=1 median=0.025 unleveled=14:개구리,208:토끼
2026-09-28 23:08:11.135  INFO   decision    mode=traveling behavior=unstick action=teleport target=- reason='unstick confined' status=success
2026-09-28 23:08:12.287  INFO   decision    mode=traveling behavior=traveling action=traveling target=- reason='nearby players' status=success
2026-09-28 23:08:14.652  INFO   session     Entity shadow: vision=2 {'player': 2} memory=3 {'monster': 1, 'player': 2} paired=1 median=0.023 unleveled=189:사슴
2026-09-28 23:08:20.279  INFO   session     Entity shadow: vision=2 {'player': 2} memory=2 {'player': 2} paired=1 median=0.039
2026-09-28 23:08:23.351  INFO   decision    mode=traveling behavior=combat action=attack target=1384 reason='engage target' status=success
2026-09-28 23:08:24.577  INFO   decision    mode=traveling behavior=loot action=searching target=1385 reason='walk onto item' status=success
2026-09-28 23:08:25.165  INFO   session     Entity shadow: vision=5 {'player': 2, 'item': 1, 'monster': 2} memory=3 {'item': 1, 'player': 2} paired=1 median=0.015
2026-09-28 23:08:27.320  INFO   decision    mode=traveling behavior=combat action=attack target=1386 reason='engage target' status=success
2026-09-28 23:08:28.030  INFO   decision    mode=traveling behavior=traveling action=traveling target=- reason='nearby players' status=success
2026-09-28 23:08:28.617  INFO   decision    mode=traveling behavior=combat action=attack target=1389 reason='engage target' status=success
2026-09-28 23:08:30.489  INFO   session     Entity shadow: vision=0 {} memory=2 {'monster': 1, 'player': 1} paired=0 median=0.000
2026-09-28 23:08:33.952  INFO   decision    mode=traveling behavior=combat action=attack target=1390 reason='attack target' status=success
2026-09-28 23:08:35.862  INFO   session     Entity shadow: vision=2 {'monster': 2} memory=4 {'monster': 1, 'player': 2, 'item': 1} paired=1 median=0.019
2026-09-28 23:08:37.406  INFO   decision    mode=traveling behavior=loot action=searching target=1394 reason='walk onto item' status=success
2026-09-28 23:08:38.589  INFO   decision    mode=traveling behavior=loot action=pickup target=1394 reason='loot target' status=success
2026-09-28 23:08:39.244  INFO   decision    mode=traveling behavior=loot action=idle target=- reason='pickup memory gone' status=success
2026-09-28 23:08:39.631  INFO   decision    mode=traveling behavior=unstick action=teleport target=- reason='unstick confined' status=success
2026-09-28 23:08:41.412  INFO   session     Entity shadow: vision=8 {'player': 1, 'monster': 7} memory=0 {} paired=0 median=0.000
2026-09-28 23:08:41.574  INFO   decision    mode=traveling behavior=traveling action=traveling target=- reason='nearby players' status=success
2026-09-28 23:08:42.421  INFO   decision    mode=traveling behavior=combat action=attack target=1397 reason='engage target' status=success
2026-09-28 23:08:46.365  INFO   session     Entity shadow: vision=5 {'player': 1, 'monster': 4} memory=10 {'monster': 10} paired=4 median=0.054
2026-09-28 23:08:47.828  INFO   decision    mode=traveling behavior=combat action=attack target=1412 reason='engage target' status=success
2026-09-28 23:08:50.705  INFO   decision    mode=traveling behavior=combat action=attack target=1413 reason='engage target' status=success
2026-09-28 23:08:51.902  INFO   session     Entity shadow: vision=3 {'player': 1, 'monster': 2} memory=3 {'monster': 2, 'item': 1} paired=2 median=0.037
2026-09-28 23:08:53.422  INFO   decision    mode=traveling behavior=loot action=searching target=1415 reason='walk onto item' status=success
2026-09-28 23:08:55.800  INFO   decision    mode=traveling behavior=combat action=attack target=1414 reason='engage target' status=success
2026-09-28 23:08:57.367  INFO   session     Entity shadow: vision=7 {'player': 1, 'monster': 4, 'item': 2} memory=5 {'monster': 2, 'player': 1, 'item': 2} paired=4 median=0.024
2026-09-28 23:09:00.876  INFO   decision    mode=traveling behavior=combat action=attack target=1419 reason='attack target' status=success
2026-09-28 23:09:02.656  INFO   session     Entity shadow: vision=6 {'item': 2, 'monster': 2, 'player': 2} memory=8 {'player': 1, 'item': 5, 'monster': 2} paired=5 median=0.014
2026-09-28 23:09:04.878  INFO   decision    mode=traveling behavior=loot action=searching target=1415 reason='walk onto item' status=success
2026-09-28 23:09:06.143  INFO   decision    mode=traveling behavior=loot action=pickup target=1415 reason='loot target' status=success
2026-09-28 23:09:06.903  INFO   decision    mode=traveling behavior=loot action=idle target=- reason='pickup memory gone' status=success
2026-09-28 23:09:07.308  INFO   decision    mode=traveling behavior=loot action=searching target=1427 reason='walk onto item' status=success
2026-09-28 23:09:08.067  INFO   session     Entity shadow: vision=7 {'player': 2, 'item': 4, 'monster': 1} memory=7 {'monster': 1, 'item': 5, 'player': 1} paired=6 median=0.039
2026-09-28 23:09:08.991  INFO   decision    mode=traveling behavior=combat action=attack target=1421 reason='engage target' status=success
2026-09-28 23:09:09.788  INFO   decision    mode=traveling behavior=buff action=buff target=- reason='power_up' status=success
2026-09-28 23:09:10.374  INFO   decision    mode=traveling behavior=combat action=attack target=1421 reason='attack target' status=success
2026-09-28 23:09:12.869  INFO   session     일시정지 — 단축키
2026-09-28 23:09:27.527  INFO   session     일시정지 / 재개 → 실행 중
2026-09-28 23:09:28.101  INFO   session     Entity shadow: vision=3 {'player': 2, 'item': 1} memory=4 {'monster': 2, 'player': 1, 'item': 1} paired=2 median=0.045
2026-09-28 23:09:28.285  INFO   decision    mode=traveling behavior=combat action=attack target=1429 reason='engage target' status=success
2026-09-28 23:09:33.435  INFO   session     Entity shadow: vision=6 {'monster': 3, 'item': 1, 'player': 2} memory=4 {'player': 1, 'monster': 2, 'item': 1} paired=4 median=0.022
2026-09-28 23:09:34.324  INFO   decision    mode=traveling behavior=traveling action=traveling target=- reason='nearby players' status=success
2026-09-28 23:09:38.541  INFO   session     Entity shadow: vision=3 {'player': 2, 'item': 1} memory=2 {'player': 1, 'item': 1} paired=2 median=0.017
2026-09-28 23:09:40.968  INFO   decision    mode=traveling behavior=combat action=attack target=1434 reason='engage target' status=success
2026-09-28 23:09:43.243  INFO   decision    mode=traveling behavior=loot action=searching target=1435 reason='walk onto item' status=success
2026-09-28 23:09:43.825  INFO   session     Entity shadow: vision=3 {'player': 1, 'monster': 1, 'item': 1} memory=2 {'item': 2} paired=1 median=0.022
2026-09-28 23:09:47.333  INFO   decision    mode=traveling behavior=loot action=pickup target=1435 reason='loot target' status=success
2026-09-28 23:09:47.986  INFO   decision    mode=traveling behavior=loot action=idle target=- reason='pickup memory gone' status=success
2026-09-28 23:09:49.210  INFO   session     Entity shadow: vision=4 {'player': 2, 'item': 2} memory=3 {'player': 1, 'item': 2} paired=3 median=0.005
2026-09-28 23:09:49.934  INFO   decision    mode=traveling behavior=traveling action=traveling target=- reason='nearby players' status=success
2026-09-28 23:09:50.780  INFO   decision    mode=traveling behavior=loot action=pickup target=1435 reason='engage item' status=success
2026-09-28 23:09:51.320  INFO   decision    mode=traveling behavior=loot action=idle target=- reason='pickup memory gone' status=success
2026-09-28 23:09:52.639  INFO   decision    mode=traveling behavior=traveling action=traveling target=- reason='nearby players' status=success
2026-09-28 23:09:54.564  INFO   session     Entity shadow: vision=3 {'item': 1, 'player': 2} memory=2 {'player': 1, 'item': 1} paired=2 median=0.023
2026-09-28 23:09:59.948  INFO   session     Entity shadow: vision=2 {'player': 1, 'npc': 1} memory=3 {'monster': 1, 'npc': 2} paired=0 median=0.000 unleveled=68:경비병
2026-09-28 23:10:00.679  INFO   decision    mode=traveling behavior=combat action=attack target=1444 reason='engage target' status=success
2026-09-28 23:10:03.229  INFO   decision    mode=traveling behavior=loot action=searching target=1445 reason='walk onto item' status=success
2026-09-28 23:10:05.226  INFO   session     Entity shadow: vision=2 {'player': 1, 'item': 1} memory=1 {'item': 1} paired=1 median=0.016
2026-09-28 23:10:06.560  INFO   decision    mode=traveling behavior=loot action=pickup target=1445 reason='loot target' status=success
2026-09-28 23:10:07.295  INFO   decision    mode=traveling behavior=loot action=idle target=- reason='pickup memory gone' status=success
2026-09-28 23:10:08.581  INFO   decision    mode=traveling behavior=combat action=attack target=1447 reason='engage target' status=success
2026-09-28 23:10:10.668  INFO   session     Entity shadow: vision=2 {'player': 1, 'monster': 1} memory=1 {'monster': 1} paired=1 median=0.042
2026-09-28 23:10:11.322  INFO   decision    mode=traveling behavior=loot action=pickup target=1448 reason='engage item' status=success
2026-09-28 23:10:12.102  INFO   decision    mode=traveling behavior=loot action=idle target=- reason='pickup memory gone' status=success
2026-09-28 23:10:13.613  INFO   decision    mode=traveling behavior=traveling action=traveling target=- reason='nearby players' status=success
2026-09-28 23:10:14.422  INFO   decision    mode=traveling behavior=loot action=pickup target=1448 reason='engage item' status=success
2026-09-28 23:10:14.968  INFO   decision    mode=traveling behavior=loot action=idle target=- reason='pickup memory gone' status=success
2026-09-28 23:10:16.088  INFO   session     Entity shadow: vision=2 {'player': 1, 'item': 1} memory=1 {'item': 1} paired=1 median=0.026
2026-09-28 23:10:16.783  INFO   decision    mode=traveling behavior=traveling action=traveling target=- reason='nearby players' status=success
2026-09-28 23:10:17.571  INFO   decision    mode=traveling behavior=loot action=pickup target=1448 reason='engage item' status=success
2026-09-28 23:10:18.240  INFO   decision    mode=traveling behavior=loot action=idle target=- reason='pickup memory gone' status=success
2026-09-28 23:10:19.787  INFO   decision    mode=traveling behavior=traveling action=traveling target=- reason='nearby players' status=success
2026-09-28 23:10:20.531  INFO   decision    mode=traveling behavior=unstick action=teleport target=- reason='unstick confined' status=success
2026-09-28 23:10:21.626  INFO   session     Entity shadow: vision=0 {} memory=3 {'monster': 3} paired=0 median=0.000 unleveled=189:사슴,208:토끼
2026-09-28 23:10:21.688  INFO   decision    mode=traveling behavior=traveling action=traveling target=- reason='nearby players' status=success
2026-09-28 23:10:24.881  INFO   decision    mode=traveling behavior=combat action=attack target=1453 reason='engage target' status=success
2026-09-28 23:10:26.310  INFO   decision    mode=traveling behavior=traveling action=traveling target=- reason='nearby players' status=success
2026-09-28 23:10:26.853  INFO   session     Entity shadow: vision=1 {'monster': 1} memory=3 {'monster': 3} paired=1 median=0.040 unleveled=189:사슴,208:토끼
2026-09-28 23:10:31.593  INFO   decision    mode=traveling behavior=combat action=attack target=1456 reason='engage target' status=success
2026-09-28 23:10:32.249  INFO   session     Entity shadow: vision=1 {'player': 1} memory=6 {'monster': 6} paired=0 median=0.000 unleveled=14:개구리,208:토끼,189:사슴
2026-09-28 23:10:35.638  INFO   decision    mode=traveling behavior=combat action=attack target=1458 reason='attack target' status=success
2026-09-28 23:10:36.787  INFO   decision    mode=traveling behavior=survival_potion action=use_hp_potion target=- reason='low hp' status=success
2026-09-28 23:10:37.091  INFO   session     일시정지 — 단축키
2026-09-28 23:10:55.113  INFO   session     일시정지 / 재개 → 실행 중
2026-09-28 23:10:55.770  INFO   session     Entity shadow: vision=5 {'item': 3, 'player': 1, 'monster': 1} memory=6 {'monster': 4, 'item': 2} paired=3 median=0.015 unleveled=14:개구리
2026-09-28 23:10:55.951  INFO   decision    mode=traveling behavior=loot action=searching target=1462 reason='walk onto item' status=success
2026-09-28 23:10:56.662  INFO   decision    mode=traveling behavior=combat action=attack target=1463 reason='engage target' status=success
2026-09-28 23:10:59.239  INFO   decision    mode=traveling behavior=loot action=searching target=1462 reason='walk onto item' status=success
2026-09-28 23:11:00.636  INFO   session     Entity shadow: vision=3 {'item': 1, 'monster': 1, 'player': 1} memory=3 {'monster': 2, 'item': 1} paired=1 median=0.006 unleveled=14:개구리
2026-09-28 23:11:03.442  INFO   decision    mode=traveling behavior=loot action=pickup target=1462 reason='loot target' status=success
2026-09-28 23:11:04.154  INFO   decision    mode=traveling behavior=combat action=attack target=1464 reason='engage target' status=success
2026-09-28 23:11:05.458  INFO   decision    mode=traveling behavior=combat action=attack target=1465 reason='engage target' status=success
2026-09-28 23:11:06.095  INFO   session     Entity shadow: vision=1 {'monster': 1} memory=4 {'monster': 4} paired=1 median=0.036 unleveled=14:개구리
2026-09-28 23:11:08.215  INFO   decision    mode=traveling behavior=loot action=searching target=1468 reason='walk onto item' status=success
2026-09-28 23:11:11.433  INFO   session     Entity shadow: vision=5 {'player': 1, 'monster': 3, 'item': 1} memory=5 {'monster': 4, 'item': 1} paired=4 median=0.017 unleveled=14:개구리
2026-09-28 23:11:13.595  INFO   decision    mode=traveling behavior=combat action=attack target=1466 reason='engage target' status=success
2026-09-28 23:11:16.238  INFO   session     Entity shadow: vision=3 {'monster': 1, 'player': 1, 'item': 1} memory=4 {'monster': 3, 'item': 1} paired=2 median=0.013 unleveled=14:개구리
2026-09-28 23:11:16.268  INFO   decision    mode=traveling behavior=combat action=attack target=1472 reason='attack target' status=success
2026-09-28 23:11:17.639  INFO   decision    mode=traveling behavior=combat action=attack target=1470 reason='attack target' status=success
2026-09-28 23:11:20.221  INFO   decision    mode=traveling behavior=loot action=searching target=1473 reason='walk onto item' status=success
2026-09-28 23:11:21.509  INFO   session     Entity shadow: vision=2 {'player': 1, 'monster': 1} memory=3 {'monster': 1, 'item': 2} paired=0 median=0.000 unleveled=14:개구리
2026-09-28 23:11:22.374  INFO   decision    mode=traveling behavior=loot action=searching target=1475 reason='walk onto item' status=success
2026-09-28 23:11:25.012  INFO   decision    mode=traveling behavior=unstick action=teleport target=- reason='unstick confined' status=success
2026-09-28 23:11:26.389  INFO   session     Entity shadow: vision=4 {'player': 1, 'item': 1, 'monster': 2} memory=2 {'monster': 1, 'player': 1} paired=0 median=0.000 unleveled=14:개구리
2026-09-28 23:11:26.978  INFO   decision    mode=traveling behavior=traveling action=traveling target=- reason='enter farm, walk around' status=success
2026-09-28 23:11:31.872  INFO   session     Entity shadow: vision=2 {'player': 2} memory=1 {'player': 1} paired=1 median=0.031
2026-09-28 23:11:34.582  INFO   decision    mode=traveling behavior=survival_potion action=use_hp_potion target=- reason='critical hp, cannot heal' status=success
2026-09-28 23:11:36.669  INFO   decision    mode=traveling behavior=traveling action=traveling target=- reason='nearby players' status=success
2026-09-28 23:11:37.217  INFO   session     Entity shadow: vision=2 {'player': 2} memory=1 {'player': 1} paired=1 median=0.022
2026-09-28 23:11:37.933  INFO   decision    mode=traveling behavior=survival_potion action=use_hp_potion target=- reason='critical hp, cannot heal' status=success
2026-09-28 23:11:38.612  INFO   decision    mode=traveling behavior=traveling action=traveling target=- reason='nearby players' status=success
2026-09-28 23:11:39.571  INFO   decision    mode=traveling behavior=traveling action=idle target=- reason='no behavior produced an intent' status=success
2026-09-28 23:11:40.003  INFO   decision    mode=traveling behavior=survival_potion action=use_hp_potion target=- reason='critical hp, cannot heal' status=success
2026-09-28 23:11:40.780  INFO   decision    mode=traveling behavior=unstick action=teleport target=- reason='unstick confined' status=success
2026-09-28 23:11:42.682  INFO   session     Entity shadow: vision=8 {'player': 7, 'npc': 1} memory=0 {} paired=0 median=0.000
2026-09-28 23:11:42.730  INFO   decision    mode=traveling behavior=survival_potion action=use_hp_potion target=- reason='critical hp, cannot heal' status=success
2026-09-28 23:11:43.661  INFO   decision    mode=traveling behavior=traveling action=traveling target=- reason='nearby players' status=success
2026-09-28 23:11:48.138  INFO   session     Entity shadow: vision=16 {'player': 12, 'npc': 4} memory=22 {'monster': 1, 'npc': 5, 'player': 16} paired=14 median=0.053 unleveled=10:경비병
2026-09-28 23:11:53.564  INFO   session     Entity shadow: vision=25 {'player': 21, 'npc': 3, 'monster': 1} memory=56 {'player': 48, 'monster': 2, 'npc': 6} paired=21 median=0.074 unleveled=319:?,10:경비병
2026-09-28 23:11:58.689  INFO   session     Entity shadow: vision=38 {'player': 36, 'npc': 2} memory=74 {'player': 69, 'npc': 5} paired=35 median=0.054
2026-09-28 23:12:04.014  INFO   session     Entity shadow: vision=30 {'player': 25, 'npc': 2, 'monster': 3} memory=54 {'npc': 7, 'player': 47} paired=21 median=0.085
2026-09-28 23:12:09.445  INFO   session     Entity shadow: vision=8 {'player': 5, 'npc': 3} memory=11 {'npc': 6, 'player': 5} paired=7 median=0.027
2026-09-28 23:12:14.243  INFO   session     Entity shadow: vision=3 {'player': 1, 'npc': 2} memory=5 {'monster': 2, 'player': 1, 'npc': 2} paired=0 median=0.000 unleveled=68:경비병,14:개구리
2026-09-28 23:12:17.661  INFO   decision    mode=traveling behavior=traveling action=traveling target=- reason='nearby players' status=success (repeat)
2026-09-28 23:12:19.541  INFO   session     Entity shadow: vision=3 {'npc': 2, 'player': 1} memory=3 {'monster': 2, 'player': 1} paired=0 median=0.000 unleveled=10:경비병,68:경비병
2026-09-28 23:12:24.843  INFO   session     Entity shadow: vision=1 {'player': 1} memory=0 {} paired=0 median=0.000
2026-09-28 23:12:30.169  INFO   session     Entity shadow: vision=0 {} memory=0 {} paired=0 median=0.000
2026-09-28 23:12:35.409  INFO   session     Entity shadow: vision=1 {'player': 1} memory=1 {'monster': 1} paired=0 median=0.000 unleveled=207:토끼
2026-09-28 23:12:35.437  INFO   decision    mode=traveling behavior=traveling action=traveling target=- reason='nearby players' status=success (repeat)
2026-09-28 23:12:40.795  INFO   session     Entity shadow: vision=1 {'player': 1} memory=1 {'monster': 1} paired=0 median=0.000 unleveled=207:토끼
2026-09-28 23:12:46.246  INFO   session     Entity shadow: vision=2 {'player': 1, 'item': 1} memory=3 {'monster': 2, 'item': 1} paired=1 median=0.014 unleveled=206:토끼,14:개구리
2026-09-28 23:12:48.502  INFO   decision    mode=traveling behavior=combat action=attack target=1625 reason='engage target' status=success
2026-09-28 23:12:51.479  INFO   session     Entity shadow: vision=3 {'monster': 2, 'item': 1} memory=4 {'monster': 3, 'item': 1} paired=3 median=0.047
2026-09-28 23:12:53.615  INFO   decision    mode=traveling behavior=loot action=searching target=1628 reason='walk onto item' status=success
2026-09-28 23:12:54.786  INFO   decision    mode=traveling behavior=combat action=attack target=1626 reason='engage target' status=success
2026-09-28 23:12:56.690  INFO   session     Entity shadow: vision=6 {'item': 3, 'player': 2, 'monster': 1} memory=9 {'item': 3, 'monster': 6} paired=4 median=0.010 unleveled=14:개구리
2026-09-28 23:12:57.357  INFO   decision    mode=traveling behavior=combat action=attack target=1629 reason='attack target' status=success
2026-09-28 23:12:58.524  INFO   decision    mode=traveling behavior=combat action=attack target=1627 reason='attack target' status=success
2026-09-28 23:12:59.789  INFO   decision    mode=traveling behavior=loot action=searching target=1628 reason='walk onto item' status=success
2026-09-28 23:13:01.572  INFO   decision    mode=traveling behavior=loot action=pickup target=1628 reason='loot target' status=success
2026-09-28 23:13:02.151  INFO   session     Entity shadow: vision=3 {'player': 1, 'item': 2} memory=5 {'monster': 3, 'item': 2} paired=2 median=0.053 unleveled=14:개구리
2026-09-28 23:13:02.350  INFO   decision    mode=traveling behavior=combat action=attack target=1632 reason='engage target' status=success
2026-09-28 23:13:03.677  INFO   decision    mode=traveling behavior=combat action=attack target=1631 reason='attack target' status=success
2026-09-28 23:13:05.048  INFO   decision    mode=traveling behavior=loot action=searching target=1635 reason='walk onto item' status=success
2026-09-28 23:13:07.157  INFO   session     Entity shadow: vision=6 {'item': 4, 'player': 1, 'monster': 1} memory=10 {'monster': 4, 'player': 1, 'item': 5} paired=6 median=0.028 unleveled=14:개구리
2026-09-28 23:13:09.687  INFO   decision    mode=traveling behavior=loot action=pickup target=1635 reason='loot target' status=success
2026-09-28 23:13:10.437  INFO   decision    mode=traveling behavior=loot action=idle target=- reason='pickup memory gone' status=success
2026-09-28 23:13:11.041  INFO   decision    mode=traveling behavior=combat action=attack target=1639 reason='engage target' status=success
2026-09-28 23:13:12.334  INFO   session     Entity shadow: vision=4 {'item': 2, 'monster': 2} memory=7 {'monster': 5, 'item': 2} paired=4 median=0.018
2026-09-28 23:13:15.187  INFO   decision    mode=traveling behavior=loot action=pickup target=1635 reason='engage item' status=success
2026-09-28 23:13:15.898  INFO   decision    mode=traveling behavior=loot action=idle target=- reason='pickup memory gone' status=success
2026-09-28 23:13:16.247  INFO   decision    mode=traveling behavior=loot action=searching target=1643 reason='walk onto item' status=success
2026-09-28 23:13:17.342  INFO   session     Entity shadow: vision=5 {'item': 1, 'monster': 3, 'player': 1} memory=5 {'monster': 3, 'item': 2} paired=3 median=0.024 unleveled=14:개구리
2026-09-28 23:13:21.973  INFO   decision    mode=traveling behavior=loot action=pickup target=1643 reason='loot target' status=success
2026-09-28 23:13:22.659  INFO   session     Entity shadow: vision=4 {'player': 3, 'item': 1} memory=5 {'monster': 3, 'player': 1, 'item': 1} paired=2 median=0.023 unleveled=14:개구리
2026-09-28 23:13:22.785  INFO   decision    mode=traveling behavior=combat action=attack target=1646 reason='engage target' status=success
2026-09-28 23:13:25.330  INFO   decision    mode=traveling behavior=unstick action=teleport target=- reason='unstick confined' status=success
2026-09-28 23:13:27.312  INFO   decision    mode=traveling behavior=combat action=attack target=1652 reason='engage target' status=success
2026-09-28 23:13:28.021  INFO   session     Entity shadow: vision=3 {'player': 1, 'monster': 2} memory=4 {'monster': 4} paired=2 median=0.056
2026-09-28 23:13:31.622  INFO   decision    mode=traveling behavior=loot action=searching target=1655 reason='walk onto item' status=success
2026-09-28 23:13:33.310  INFO   session     Entity shadow: vision=2 {'player': 1, 'monster': 1} memory=4 {'monster': 3, 'item': 1} paired=1 median=0.012
2026-09-28 23:13:33.386  INFO   decision    mode=traveling behavior=loot action=pickup target=1655 reason='loot target' status=success
2026-09-28 23:13:34.242  INFO   decision    mode=traveling behavior=combat action=attack target=1654 reason='engage target' status=success
2026-09-28 23:13:36.577  INFO   decision    mode=traveling behavior=combat action=attack target=1653 reason='attack target' status=success
2026-09-28 23:13:38.671  INFO   session     Entity shadow: vision=3 {'monster': 2, 'player': 1} memory=3 {'monster': 2, 'item': 1} paired=1 median=0.008
2026-09-28 23:13:39.173  INFO   decision    mode=traveling behavior=combat action=attack target=1656 reason='engage target' status=success
2026-09-28 23:13:40.294  INFO   decision    mode=traveling behavior=loot action=pickup target=1657 reason='engage item' status=success
2026-09-28 23:13:40.844  INFO   decision    mode=traveling behavior=loot action=idle target=- reason='pickup memory gone' status=success
2026-09-28 23:13:41.586  INFO   decision    mode=traveling behavior=loot action=searching target=1658 reason='walk onto item' status=success
2026-09-28 23:13:43.374  INFO   decision    mode=traveling behavior=loot action=pickup target=1658 reason='loot target' status=success
2026-09-28 23:13:44.076  INFO   session     Entity shadow: vision=1 {'player': 1} memory=0 {} paired=0 median=0.000
2026-09-28 23:13:44.245  INFO   decision    mode=traveling behavior=traveling action=traveling target=- reason='nearby players' status=success
2026-09-28 23:13:47.687  INFO   decision    mode=traveling behavior=combat action=attack target=1659 reason='engage target' status=success
2026-09-28 23:13:49.568  INFO   session     Entity shadow: vision=3 {'player': 1, 'monster': 2} memory=2 {'monster': 2} paired=2 median=0.066
2026-09-28 23:13:51.102  INFO   decision    mode=traveling behavior=combat action=attack target=1660 reason='attack target' status=success
2026-09-28 23:13:52.292  INFO   decision    mode=traveling behavior=loot action=pickup target=1661 reason='engage item' status=success
2026-09-28 23:13:52.753  INFO   decision    mode=traveling behavior=loot action=idle target=- reason='pickup memory gone' status=success
2026-09-28 23:13:54.486  INFO   session     Entity shadow: vision=2 {'monster': 1, 'player': 1} memory=2 {'item': 2} paired=0 median=0.000
2026-09-28 23:13:54.544  INFO   decision    mode=traveling behavior=loot action=searching target=1662 reason='walk onto item' status=success
2026-09-28 23:13:58.574  INFO   decision    mode=traveling behavior=loot action=pickup target=1662 reason='loot target' status=success
2026-09-28 23:13:59.268  INFO   decision    mode=traveling behavior=loot action=idle target=- reason='pickup memory gone' status=success
2026-09-28 23:13:59.779  INFO   session     Entity shadow: vision=4 {'player': 1, 'item': 3} memory=2 {'item': 2} paired=2 median=0.045
2026-09-28 23:14:00.876  INFO   decision    mode=traveling behavior=loot action=searching target=1661 reason='walk onto item' status=success
2026-09-28 23:14:04.490  INFO   decision    mode=traveling behavior=loot action=pickup target=1661 reason='loot target' status=success
2026-09-28 23:14:05.101  INFO   session     Entity shadow: vision=3 {'player': 1, 'item': 2} memory=2 {'item': 2} paired=2 median=0.047
2026-09-28 23:14:05.134  INFO   decision    mode=traveling behavior=loot action=idle target=- reason='pickup memory gone' status=success
2026-09-28 23:14:05.819  INFO   decision    mode=traveling behavior=loot action=searching target=1662 reason='walk onto item' status=success
2026-09-28 23:14:10.462  INFO   session     Entity shadow: vision=2 {'player': 1, 'item': 1} memory=2 {'monster': 1, 'item': 1} paired=1 median=0.016
2026-09-28 23:14:10.506  INFO   decision    mode=traveling behavior=combat action=attack target=1663 reason='engage target' status=success
2026-09-28 23:14:13.671  INFO   decision    mode=traveling behavior=combat action=attack target=1665 reason='attack target' status=success
2026-09-28 23:14:15.210  INFO   decision    mode=traveling behavior=loot action=pickup target=1662 reason='engage item' status=success
2026-09-28 23:14:15.877  INFO   session     Entity shadow: vision=4 {'item': 1, 'player': 1, 'monster': 2} memory=2 {'item': 2} paired=1 median=0.031
2026-09-28 23:14:15.920  INFO   decision    mode=traveling behavior=loot action=idle target=- reason='pickup memory gone' status=success
2026-09-28 23:14:16.188  INFO   decision    mode=traveling behavior=loot action=searching target=1666 reason='walk onto item' status=success
2026-09-28 23:14:21.188  INFO   session     Entity shadow: vision=3 {'player': 1, 'monster': 1, 'item': 1} memory=2 {'monster': 1, 'item': 1} paired=2 median=0.006
2026-09-28 23:14:22.785  INFO   decision    mode=traveling behavior=loot action=pickup target=1666 reason='loot target' status=success
2026-09-28 23:14:23.350  INFO   decision    mode=traveling behavior=loot action=idle target=- reason='pickup memory gone' status=success
2026-09-28 23:14:23.547  INFO   decision    mode=traveling behavior=combat action=attack target=1667 reason='engage target' status=success
2026-09-28 23:14:26.638  INFO   session     Entity shadow: vision=3 {'monster': 1, 'item': 1, 'player': 1} memory=1 {'monster': 1} paired=1 median=0.009
2026-09-28 23:14:27.231  INFO   decision    mode=traveling behavior=traveling action=traveling target=- reason='nearby players' status=success
2026-09-28 23:14:31.851  INFO   session     Entity shadow: vision=1 {'player': 1} memory=0 {} paired=0 median=0.000
2026-09-28 23:14:37.230  INFO   session     Entity shadow: vision=1 {'player': 1} memory=1 {'monster': 1} paired=0 median=0.000 unleveled=208:토끼
2026-09-28 23:14:39.530  INFO   decision    mode=traveling behavior=combat action=attack target=1670 reason='engage target' status=success
2026-09-28 23:14:41.962  INFO   decision    mode=traveling behavior=traveling action=traveling target=- reason='nearby players' status=success
2026-09-28 23:14:42.519  INFO   session     Entity shadow: vision=1 {'player': 1} memory=1 {'monster': 1} paired=0 median=0.000 unleveled=208:토끼
2026-09-28 23:14:42.818  INFO   decision    mode=traveling behavior=combat action=attack target=1671 reason='engage target' status=success
2026-09-28 23:14:47.335  INFO   decision    mode=traveling behavior=loot action=searching target=1674 reason='walk onto item' status=success
2026-09-28 23:14:47.919  INFO   session     Entity shadow: vision=4 {'item': 1, 'npc': 1, 'monster': 2} memory=5 {'monster': 3, 'item': 2} paired=3 median=0.050 unleveled=208:토끼
2026-09-28 23:14:47.977  INFO   decision    mode=traveling behavior=combat action=attack target=1672 reason='engage target' status=success
2026-09-28 23:14:50.074  INFO   decision    mode=traveling behavior=loot action=searching target=1676 reason='walk onto item' status=success
2026-09-28 23:14:52.298  INFO   decision    mode=traveling behavior=loot action=pickup target=1676 reason='loot target' status=success
2026-09-28 23:14:52.861  INFO   decision    mode=traveling behavior=loot action=searching target=1674 reason='walk onto item' status=success
2026-09-28 23:14:53.350  INFO   session     Entity shadow: vision=4 {'item': 2, 'player': 1, 'monster': 1} memory=5 {'monster': 3, 'item': 2} paired=3 median=0.026 unleveled=208:토끼
2026-09-28 23:14:58.623  INFO   session     Entity shadow: vision=4 {'player': 1, 'monster': 2, 'item': 1} memory=5 {'monster': 3, 'item': 2} paired=2 median=0.025 unleveled=208:토끼
2026-09-28 23:14:59.488  INFO   decision    mode=traveling behavior=combat action=attack target=1673 reason='engage target' status=success
2026-09-28 23:15:00.851  INFO   session     일시정지 — 단축키
2026-09-28 23:15:21.572  INFO   session     일시정지 / 재개 → 실행 중
2026-09-28 23:15:22.219  INFO   session     Entity shadow: vision=5 {'player': 1, 'monster': 1, 'item': 3} memory=5 {'item': 3, 'monster': 2} paired=3 median=0.002
2026-09-28 23:15:22.404  INFO   decision    mode=traveling behavior=combat action=attack target=1680 reason='engage target' status=success
2026-09-28 23:15:26.956  INFO   decision    mode=traveling behavior=loot action=pickup target=1681 reason='engage item' status=success
2026-09-28 23:15:27.670  INFO   session     Entity shadow: vision=5 {'item': 4, 'monster': 1} memory=5 {'monster': 1, 'item': 4} paired=5 median=0.011
2026-09-28 23:15:27.814  INFO   decision    mode=traveling behavior=loot action=idle target=- reason='pickup memory gone' status=success
2026-09-28 23:15:28.305  INFO   decision    mode=traveling behavior=loot action=searching target=1674 reason='walk onto item' status=success
2026-09-28 23:15:30.641  INFO   decision    mode=traveling behavior=loot action=pickup target=1674 reason='loot target' status=success
2026-09-28 23:15:31.303  INFO   decision    mode=traveling behavior=loot action=idle target=- reason='pickup memory gone' status=success
2026-09-28 23:15:33.053  INFO   session     Entity shadow: vision=5 {'item': 3, 'monster': 1, 'player': 1} memory=3 {'monster': 1, 'item': 2} paired=3 median=0.027
2026-09-28 23:15:33.226  INFO   decision    mode=traveling behavior=combat action=attack target=1683 reason='engage target' status=success
2026-09-28 23:15:35.266  INFO   decision    mode=traveling behavior=combat action=attack target=1684 reason='engage target' status=success
2026-09-28 23:15:37.894  INFO   decision    mode=traveling behavior=combat action=attack target=1685 reason='engage target' status=success
2026-09-28 23:15:38.572  INFO   session     Entity shadow: vision=5 {'item': 2, 'monster': 2, 'player': 1} memory=3 {'monster': 1, 'item': 2} paired=3 median=0.008
2026-09-28 23:15:43.136  INFO   decision    mode=traveling behavior=loot action=searching target=1687 reason='walk onto item' status=success
2026-09-28 23:15:43.680  INFO   session     Entity shadow: vision=5 {'item': 2, 'monster': 2, 'player': 1} memory=4 {'monster': 1, 'item': 3} paired=3 median=0.033
2026-09-28 23:15:43.745  INFO   decision    mode=traveling behavior=combat action=attack target=1686 reason='engage target' status=success
2026-09-28 23:15:48.622  INFO   decision    mode=traveling behavior=loot action=searching target=1687 reason='walk onto item' status=success
2026-09-28 23:15:49.151  INFO   session     Entity shadow: vision=7 {'item': 4, 'monster': 3} memory=6 {'monster': 3, 'item': 3} paired=5 median=0.047
2026-09-28 23:15:49.457  INFO   decision    mode=traveling behavior=combat action=attack target=1688 reason='engage target' status=success
2026-09-28 23:15:54.607  INFO   session     Entity shadow: vision=8 {'monster': 2, 'item': 5, 'player': 1} memory=12 {'monster': 7, 'item': 5} paired=7 median=0.012
2026-09-28 23:15:55.454  INFO   decision    mode=traveling behavior=combat action=searching target=1688 reason='sidestep combat block' status=success
2026-09-28 23:15:55.991  INFO   decision    mode=traveling behavior=combat action=attack target=1690 reason='attack target' status=success
2026-09-28 23:15:59.330  INFO   session     일시정지 — 단축키
2026-09-28 23:59:59.682  INFO   session     정지 → 중지됨
2026-09-29 00:00:00.440  INFO   session     봇 작업이 종료되었습니다
