2026-09-24 18:05:19.667  INFO   session     Loading Manmabot from D:\Work\Lineage\ManmabotV1_final\engine
2026-09-24 18:05:19.686  INFO   session     Session log D:\Work\Lineage\ManmabotV1_final\engine\logs\bot-20260924-180519.log
2026-09-24 18:05:19.686  INFO   session     character=elf loot=all_items game_lang=ko map=talking_island farms=['area_2', 'area_1', 'area_3'] file=D:\Work\Lineage\ManmabotV1_final\engine\logs\bot-20260924-180519.log
2026-09-24 18:05:19.743  INFO   nav         building portal graph (cluster=32, 479x511)
2026-09-24 18:05:19.986  INFO   nav         portal graph: 188 components, 243 ms
2026-09-24 18:05:19.992  INFO   nav         farms=3 safe=11 home=(354, 203) (files farm=D:\Work\Lineage\ManmabotV1_final\engine\maps\talking_island\farms.yaml safe=D:\Work\Lineage\ManmabotV1_final\engine\maps\talking_island\safe.yaml home=D:\Work\Lineage\ManmabotV1_final\engine\maps\talking_island\home.yaml)
2026-09-24 18:05:20.044  INFO   capture     mss window capture process='LC.exe' title=None content_aspect=4:3
2026-09-24 18:05:20.366  INFO   session     Entity clicks use memory names, species, and world cells. Image recognition still runs. Set memory.entity_source to vision to restore image-only clicks.
2026-09-24 18:05:20.376  INFO   session     Player memory is read in this process (realtime_monitor.dll, offsets.json). No separate console.
2026-09-24 18:05:20.382  INFO   session     Inventory listen scanning in background (build inventory_listen.dll or place inv.json).
2026-09-24 18:05:20.387  INFO   session     Reading hotbar from memory (24 slots)…
2026-09-24 18:05:20.463  INFO   session     Hotbar scan done · hp_potion@box1/f5, talking_scroll@box1/f8
2026-09-24 18:05:20.467  INFO   session     Unmapped hotbar icons: box1/f6:+0 화살 (1,419), box1/f7:아데나 (691), box1/f9:初級治癒術, box1/f10:日光術, box1/f11:傳送術, box1/f12:光箭, box2/f5:保護罩, box2/f6:冰箭, box2/f7:風刃, box2/f8:神聖武器
2026-09-24 18:05:20.486  INFO   session     Loop ready · elf · ko · map=talking_island · loot=all_items · farms=['area_2', 'area_1', 'area_3']
2026-09-24 18:05:20.934  INFO   session     Entity shadow: vision=10 {'player': 8, 'npc': 2} memory=15 {'player': 9, 'npc': 5, 'monster': 1} paired=9 median=0.024
2026-09-24 18:05:20.950  INFO   session     Inventory listen ready (dll) · hp=0 arrows=1419 silver=5 depoison=0
2026-09-24 18:05:21.016  INFO   decision    mode=farming behavior=talking_scroll action=use_talking_scroll target=- reason='go to shop (buy_hp_potions_talking_ch)' status=success
2026-09-24 18:05:24.405  INFO   decision    mode=farming behavior=shop action=shop_stop target=- reason='stop at shop' status=success
2026-09-24 18:05:25.027  INFO   decision    mode=farming behavior=shop action=shop_buy_arrows target=- reason='shop:buy_hp_potions_talking_ch' status=success
2026-09-24 18:05:34.072  INFO   session     Entity shadow: vision=22 {'monster': 3, 'player': 15, 'npc': 4} memory=49 {'player': 47, 'npc': 2} paired=17 median=0.024
2026-09-24 18:05:34.116  INFO   decision    mode=farming behavior=talking_scroll action=use_talking_scroll target=- reason='return to farm map after shop' status=success
2026-09-24 18:05:37.582  INFO   decision    mode=traveling behavior=traveling action=traveling target=- reason='enter farm area' status=success
2026-09-24 18:05:39.217  INFO   session     Entity shadow: vision=38 {'player': 34, 'npc': 4} memory=52 {'player': 42, 'npc': 8, 'monster': 2} paired=37 median=0.057 unleveled=319:?,68:警衛
2026-09-24 18:05:44.360  INFO   session     Entity shadow: vision=27 {'player': 24, 'npc': 3} memory=49 {'player': 39, 'npc': 8, 'monster': 2} paired=26 median=0.058 unleveled=319:?,68:警衛
2026-09-24 18:05:49.086  INFO   decision    mode=traveling behavior=traveling action=traveling target=- reason='enter farm area' status=success (repeat)
2026-09-24 18:05:49.413  INFO   session     Entity shadow: vision=25 {'player': 23, 'npc': 2} memory=47 {'monster': 2, 'npc': 8, 'player': 37} paired=24 median=0.068 unleveled=14:青蛙,319:?
2026-09-24 18:05:54.598  INFO   session     Entity shadow: vision=20 {'player': 20} memory=48 {'monster': 2, 'npc': 8, 'player': 38} paired=18 median=0.083 unleveled=14:青蛙,319:?
2026-09-24 18:05:59.795  INFO   session     Entity shadow: vision=14 {'player': 14} memory=26 {'monster': 2, 'player': 16, 'npc': 8} paired=12 median=0.029 unleveled=189:鹿,14:青蛙
2026-09-24 18:06:01.802  INFO   decision    mode=traveling behavior=traveling action=traveling target=- reason='enter farm area' status=success (repeat)
2026-09-24 18:06:04.807  INFO   session     Entity shadow: vision=6 {'player': 4, 'npc': 2} memory=11 {'monster': 2, 'player': 3, 'npc': 6} paired=4 median=0.038 unleveled=68:警衛,14:青蛙
2026-09-24 18:06:09.968  INFO   session     Entity shadow: vision=6 {'player': 3, 'npc': 2, 'item': 1} memory=5 {'monster': 2, 'player': 3} paired=2 median=0.049 unleveled=68:警衛,10:警衛
2026-09-24 18:06:10.614  INFO   decision    mode=traveling behavior=loot action=searching target=137 reason='walk onto item' status=success
2026-09-24 18:06:10.881  INFO   decision    mode=traveling behavior=traveling action=traveling target=- reason='unstick' status=success
2026-09-24 18:06:12.862  INFO   decision    mode=traveling behavior=combat action=attack target=138 reason='engage target' status=success
2026-09-24 18:06:15.197  INFO   session     Entity shadow: vision=6 {'player': 2, 'item': 1, 'monster': 1, 'npc': 2} memory=6 {'monster': 3, 'item': 1, 'player': 2} paired=3 median=0.007 unleveled=68:警衛,10:警衛
2026-09-24 18:06:18.431  INFO   decision    mode=traveling behavior=loot action=searching target=141 reason='walk onto item' status=success
2026-09-24 18:06:20.512  INFO   session     Entity shadow: vision=9 {'player': 2, 'item': 3, 'npc': 2, 'monster': 2} memory=7 {'item': 2, 'monster': 3, 'player': 2} paired=4 median=0.030 unleveled=68:警衛,10:警衛
2026-09-24 18:06:25.008  INFO   decision    mode=traveling behavior=loot action=pickup target=141 reason='loot target' status=success
2026-09-24 18:06:25.448  INFO   decision    mode=traveling behavior=loot action=idle target=- reason='pickup settle' status=success
2026-09-24 18:06:25.625  INFO   session     Entity shadow: vision=9 {'player': 2, 'item': 3, 'npc': 2, 'monster': 2} memory=7 {'player': 1, 'item': 3, 'monster': 3} paired=5 median=0.015 unleveled=68:警衛,10:警衛
2026-09-24 18:06:25.816  INFO   decision    mode=traveling behavior=loot action=searching target=139 reason='walk onto item' status=success
2026-09-24 18:06:30.936  INFO   session     Entity shadow: vision=7 {'player': 2, 'monster': 1, 'item': 2, 'npc': 2} memory=5 {'monster': 3, 'item': 2} paired=3 median=0.023 unleveled=68:警衛,10:警衛
2026-09-24 18:06:35.273  INFO   decision    mode=traveling behavior=loot action=pickup target=139 reason='loot target' status=success
2026-09-24 18:06:35.660  INFO   decision    mode=traveling behavior=loot action=idle target=- reason='pickup settle' status=success
2026-09-24 18:06:35.987  INFO   session     Entity shadow: vision=5 {'npc': 1, 'item': 1, 'monster': 2, 'player': 1} memory=3 {'monster': 2, 'item': 1} paired=3 median=0.009
2026-09-24 18:06:36.032  INFO   decision    mode=traveling behavior=combat action=attack target=143 reason='engage target' status=success
2026-09-24 18:06:41.039  INFO   session     Entity shadow: vision=3 {'npc': 1, 'player': 1, 'monster': 1} memory=3 {'monster': 2, 'item': 1} paired=1 median=0.021
2026-09-24 18:06:45.980  INFO   decision    mode=traveling behavior=loot action=searching target=145 reason='walk onto item' status=success
2026-09-24 18:06:46.217  INFO   session     Entity shadow: vision=3 {'npc': 1, 'player': 1, 'monster': 1} memory=2 {'monster': 1, 'item': 1} paired=1 median=0.023
2026-09-24 18:06:51.241  INFO   session     Entity shadow: vision=3 {'monster': 2, 'item': 1} memory=3 {'monster': 2, 'item': 1} paired=3 median=0.006
2026-09-24 18:06:53.206  INFO   decision    mode=traveling behavior=loot action=pickup target=145 reason='loot target' status=success
2026-09-24 18:06:53.571  INFO   decision    mode=traveling behavior=loot action=idle target=- reason='pickup settle' status=success
2026-09-24 18:06:53.906  INFO   decision    mode=traveling behavior=combat action=attack target=147 reason='engage target' status=success
2026-09-24 18:06:56.446  INFO   session     Entity shadow: vision=4 {'monster': 3, 'player': 1} memory=3 {'monster': 3} paired=3 median=0.012
2026-09-24 18:06:56.833  INFO   decision    mode=traveling behavior=combat action=attack target=146 reason='engage target' status=success
2026-09-24 18:07:01.510  INFO   session     Entity shadow: vision=5 {'item': 1, 'player': 1, 'monster': 3} memory=3 {'monster': 2, 'item': 1} paired=3 median=0.014
2026-09-24 18:07:05.419  INFO   decision    mode=retreating behavior=talking_scroll action=use_talking_scroll target=- reason='retreat, 마법서 상인' status=success
2026-09-24 18:07:06.259  INFO   decision    mode=retreating behavior=retreating action=idle target=- reason='retreating, waiting for hp' status=success
2026-09-24 18:07:06.592  INFO   session     Entity shadow: vision=2 {'item': 1, 'monster': 1} memory=3 {'monster': 2, 'item': 1} paired=2 median=0.115
2026-09-24 18:07:11.745  INFO   session     Entity shadow: vision=4 {'npc': 2, 'monster': 1, 'player': 1} memory=6 {'monster': 3, 'npc': 3} paired=1 median=0.030 unleveled=68:警衛,10:警衛
2026-09-24 18:07:14.129  INFO   decision    mode=retreating behavior=retreating action=idle target=- reason='retreating, waiting for hp' status=success (repeat)
2026-09-24 18:07:16.824  INFO   session     Entity shadow: vision=4 {'npc': 2, 'player': 1, 'monster': 1} memory=6 {'monster': 3, 'npc': 3} paired=1 median=0.023 unleveled=68:警衛,10:警衛
2026-09-24 18:07:21.886  INFO   session     Entity shadow: vision=3 {'npc': 2, 'player': 1} memory=6 {'monster': 3, 'npc': 3} paired=0 median=0.000 unleveled=68:警衛,10:警衛
2026-09-24 18:07:21.908  INFO   decision    mode=retreating behavior=retreating action=idle target=- reason='retreating, waiting for hp' status=success (repeat)
2026-09-24 18:07:26.917  INFO   session     Entity shadow: vision=3 {'npc': 2, 'player': 1} memory=6 {'monster': 3, 'npc': 3} paired=0 median=0.000 unleveled=68:警衛,10:警衛
2026-09-24 18:07:29.606  INFO   decision    mode=retreating behavior=retreating action=idle target=- reason='retreating, waiting for hp' status=success (repeat)
2026-09-24 18:07:32.032  INFO   session     Entity shadow: vision=4 {'npc': 2, 'player': 2} memory=6 {'monster': 3, 'npc': 3} paired=0 median=0.000 unleveled=68:警衛,10:警衛
2026-09-24 18:07:37.098  INFO   session     Entity shadow: vision=4 {'npc': 2, 'player': 2} memory=6 {'player': 1, 'monster': 2, 'npc': 3} paired=1 median=0.020 unleveled=68:警衛,10:警衛
2026-09-24 18:07:37.565  INFO   decision    mode=retreating behavior=retreating action=idle target=- reason='retreating, waiting for hp' status=success (repeat)
2026-09-24 18:07:42.123  INFO   session     Entity shadow: vision=4 {'npc': 2, 'player': 2} memory=6 {'player': 1, 'monster': 2, 'npc': 3} paired=1 median=0.046 unleveled=68:警衛,10:警衛
2026-09-24 18:07:45.741  INFO   decision    mode=retreating behavior=retreating action=idle target=- reason='retreating, waiting for hp' status=success (repeat)
2026-09-24 18:07:47.220  INFO   session     Entity shadow: vision=3 {'npc': 2, 'player': 1} memory=5 {'monster': 2, 'npc': 3} paired=0 median=0.000 unleveled=68:警衛,10:警衛
2026-09-24 18:07:52.250  INFO   session     Entity shadow: vision=3 {'npc': 2, 'player': 1} memory=5 {'monster': 2, 'npc': 3} paired=0 median=0.000 unleveled=68:警衛,10:警衛
2026-09-24 18:07:53.369  INFO   decision    mode=retreating behavior=retreating action=idle target=- reason='retreating, waiting for hp' status=success (repeat)
2026-09-24 18:07:57.321  INFO   session     Entity shadow: vision=3 {'player': 1, 'npc': 2} memory=5 {'monster': 2, 'npc': 3} paired=0 median=0.000 unleveled=68:警衛,10:警衛
2026-09-24 18:08:00.998  INFO   decision    mode=retreating behavior=retreating action=idle target=- reason='retreating, waiting for hp' status=success (repeat)
2026-09-24 18:08:02.472  INFO   session     Entity shadow: vision=3 {'npc': 2, 'player': 1} memory=5 {'monster': 2, 'npc': 3} paired=0 median=0.000 unleveled=68:警衛,10:警衛
2026-09-24 18:08:07.562  INFO   session     Entity shadow: vision=3 {'npc': 2, 'player': 1} memory=5 {'monster': 2, 'npc': 3} paired=0 median=0.000 unleveled=68:警衛,10:警衛
2026-09-24 18:08:08.653  INFO   decision    mode=retreating behavior=retreating action=idle target=- reason='retreating, waiting for hp' status=success (repeat)
2026-09-24 18:08:12.650  INFO   session     Entity shadow: vision=6 {'npc': 2, 'player': 2, 'monster': 2} memory=9 {'item': 1, 'monster': 4, 'player': 1, 'npc': 3} paired=2 median=0.031 unleveled=68:警衛,10:警衛
2026-09-24 18:08:16.097  INFO   decision    mode=retreating behavior=loot action=searching target=164 reason='walk onto item' status=success
2026-09-24 18:08:17.773  INFO   session     Entity shadow: vision=5 {'player': 2, 'npc': 2, 'item': 1} memory=8 {'player': 2, 'item': 1, 'monster': 2, 'npc': 3} paired=2 median=0.029 unleveled=68:警衛,10:警衛
2026-09-24 18:08:20.581  INFO   decision    mode=retreating behavior=retreating action=idle target=- reason='retreating, waiting for hp' status=success
2026-09-24 18:08:21.596  INFO   decision    mode=retreating behavior=loot action=searching target=167 reason='walk onto item' status=success
2026-09-24 18:08:22.892  INFO   session     Entity shadow: vision=3 {'player': 2, 'item': 1} memory=4 {'player': 3, 'item': 1} paired=2 median=0.028
2026-09-24 18:08:23.727  INFO   decision    mode=retreating behavior=retreating action=idle target=- reason='retreating, waiting for hp' status=success
2026-09-24 18:08:27.910  INFO   session     Entity shadow: vision=2 {'player': 2} memory=3 {'monster': 1, 'player': 2} paired=1 median=0.005
2026-09-24 18:08:31.347  INFO   decision    mode=retreating behavior=loot action=searching target=172 reason='walk onto item' status=success
2026-09-24 18:08:33.155  INFO   session     Entity shadow: vision=1 {'player': 1} memory=2 {'player': 1, 'item': 1} paired=0 median=0.000
2026-09-24 18:08:33.468  INFO   decision    mode=retreating behavior=retreating action=idle target=- reason='retreating, waiting for hp' status=success
2026-09-24 18:08:38.156  INFO   session     Entity shadow: vision=2 {'player': 1, 'item': 1} memory=2 {'monster': 1, 'player': 1} paired=1 median=0.021
2026-09-24 18:08:38.787  INFO   decision    mode=retreating behavior=loot action=searching target=175 reason='walk onto item' status=success
2026-09-24 18:08:40.849  INFO   decision    mode=retreating behavior=retreating action=idle target=- reason='retreating, waiting for hp' status=success
2026-09-24 18:08:43.220  INFO   session     Entity shadow: vision=1 {'player': 1} memory=1 {'player': 1} paired=0 median=0.000
2026-09-24 18:08:48.338  INFO   session     Entity shadow: vision=3 {'player': 2, 'monster': 1} memory=2 {'monster': 1, 'player': 1} paired=2 median=0.034
2026-09-24 18:08:48.875  INFO   decision    mode=retreating behavior=retreating action=idle target=- reason='retreating, waiting for hp' status=success (repeat)
2026-09-24 18:08:53.435  INFO   session     Entity shadow: vision=1 {'player': 1} memory=0 {} paired=0 median=0.000
2026-09-24 18:08:56.467  INFO   decision    mode=retreating behavior=retreating action=idle target=- reason='retreating, waiting for hp' status=success (repeat)
2026-09-24 18:08:58.543  INFO   session     Entity shadow: vision=1 {'player': 1} memory=0 {} paired=0 median=0.000
2026-09-24 18:09:03.597  INFO   session     Entity shadow: vision=1 {'player': 1} memory=0 {} paired=0 median=0.000
2026-09-24 18:09:03.892  INFO   decision    mode=retreating behavior=retreating action=idle target=- reason='retreating, waiting for hp' status=success (repeat)
2026-09-24 18:09:08.697  INFO   session     Entity shadow: vision=1 {'player': 1} memory=0 {} paired=0 median=0.000
2026-09-24 18:09:11.269  INFO   decision    mode=retreating behavior=retreating action=idle target=- reason='retreating, waiting for hp' status=success (repeat)
2026-09-24 18:09:13.748  INFO   session     Entity shadow: vision=1 {'player': 1} memory=0 {} paired=0 median=0.000
2026-09-24 18:09:18.555  INFO   decision    mode=retreating behavior=retreating action=idle target=- reason='retreating, waiting for hp' status=success (repeat)
2026-09-24 18:09:18.817  INFO   session     Entity shadow: vision=1 {'player': 1} memory=0 {} paired=0 median=0.000
2026-09-24 18:09:18.839  INFO   decision    mode=traveling behavior=traveling action=traveling target=- reason='return to farm after retreat' status=success
2026-09-24 18:09:23.870  INFO   session     Entity shadow: vision=2 {'player': 2} memory=2 {'monster': 2} paired=0 median=0.000 unleveled=14:青蛙
2026-09-24 18:09:26.682  INFO   decision    mode=traveling behavior=traveling action=traveling target=- reason='return to farm after retreat' status=success (repeat)
2026-09-24 18:09:28.898  INFO   session     Entity shadow: vision=2 {'npc': 1, 'monster': 1} memory=3 {'monster': 2, 'npc': 1} paired=1 median=0.053 unleveled=10:警衛
2026-09-24 18:09:34.015  INFO   session     Entity shadow: vision=4 {'player': 1, 'npc': 2, 'monster': 1} memory=7 {'monster': 4, 'npc': 3} paired=1 median=0.053 unleveled=68:警衛,10:警衛
2026-09-24 18:09:35.197  INFO   decision    mode=traveling behavior=traveling action=traveling target=- reason='return to farm after retreat' status=success (repeat)
2026-09-24 18:09:36.972  INFO   decision    mode=traveling behavior=combat action=attack target=185 reason='engage target' status=success
2026-09-24 18:09:39.020  INFO   session     Entity shadow: vision=3 {'npc': 2, 'player': 1} memory=6 {'monster': 3, 'npc': 3} paired=0 median=0.000 unleveled=68:警衛,10:警衛
2026-09-24 18:09:44.039  INFO   session     Entity shadow: vision=3 {'npc': 2, 'player': 1} memory=6 {'monster': 3, 'npc': 3} paired=0 median=0.000 unleveled=68:警衛,10:警衛
2026-09-24 18:09:48.049  INFO   decision    mode=traveling behavior=combat action=attack target=185 reason='attack target' status=success (repeat)
2026-09-24 18:09:49.132  INFO   session     Entity shadow: vision=3 {'player': 1, 'npc': 2} memory=6 {'monster': 3, 'npc': 3} paired=0 median=0.000 unleveled=68:警衛,10:警衛
2026-09-24 18:09:53.844  INFO   decision    mode=traveling behavior=loot action=searching target=188 reason='walk onto item' status=success
2026-09-24 18:09:54.310  INFO   session     Entity shadow: vision=4 {'npc': 2, 'monster': 1, 'item': 1} memory=7 {'item': 1, 'monster': 3, 'npc': 3} paired=1 median=0.023 unleveled=68:警衛,10:警衛
2026-09-24 18:09:59.310  INFO   decision    mode=traveling behavior=combat action=attack target=186 reason='engage target' status=success
2026-09-24 18:09:59.823  INFO   session     Entity shadow: vision=4 {'player': 2, 'npc': 2} memory=8 {'player': 1, 'monster': 4, 'npc': 3} paired=1 median=0.020 unleveled=68:警衛,10:警衛
2026-09-24 18:10:02.572  INFO   decision    mode=traveling behavior=loot action=searching target=192 reason='walk onto item' status=success
2026-09-24 18:10:03.588  INFO   decision    mode=traveling behavior=combat action=attack target=191 reason='engage target' status=success
2026-09-24 18:10:04.847  INFO   session     Entity shadow: vision=5 {'npc': 2, 'monster': 2, 'player': 1} memory=7 {'player': 1, 'monster': 3, 'npc': 3} paired=2 median=0.109 unleveled=10:警衛,68:警衛
2026-09-24 18:10:07.858  INFO   decision    mode=traveling behavior=loot action=searching target=195 reason='walk onto item' status=success
2026-09-24 18:10:09.975  INFO   session     Entity shadow: vision=4 {'player': 2, 'item': 1, 'npc': 1} memory=5 {'player': 1, 'item': 1, 'npc': 2, 'monster': 1} paired=2 median=0.051 unleveled=68:警衛
2026-09-24 18:10:10.304  INFO   decision    mode=traveling behavior=loot action=pickup target=195 reason='loot target' status=success
2026-09-24 18:10:10.677  INFO   decision    mode=traveling behavior=loot action=idle target=- reason='pickup settle' status=success
2026-09-24 18:10:11.187  INFO   decision    mode=traveling behavior=traveling action=traveling target=- reason='return to farm after retreat' status=success
2026-09-24 18:10:11.953  INFO   decision    mode=traveling behavior=loot action=pickup target=195 reason='engage item' status=success
2026-09-24 18:10:12.340  INFO   decision    mode=traveling behavior=loot action=idle target=- reason='pickup settle' status=success
2026-09-24 18:10:12.793  INFO   decision    mode=traveling behavior=traveling action=traveling target=- reason='return to farm after retreat' status=success
2026-09-24 18:10:15.114  INFO   session     Entity shadow: vision=2 {'player': 2} memory=1 {'npc': 1} paired=0 median=0.000
2026-09-24 18:10:19.754  INFO   decision    mode=traveling behavior=combat action=attack target=196 reason='engage target' status=success
2026-09-24 18:10:20.189  INFO   session     Entity shadow: vision=1 {'player': 1} memory=1 {'monster': 1} paired=0 median=0.000
2026-09-24 18:10:20.218  INFO   decision    mode=traveling behavior=combat action=attack target=197 reason='engage target' status=success
2026-09-24 18:10:25.256  INFO   session     Entity shadow: vision=3 {'monster': 2, 'player': 1} memory=1 {'monster': 1} paired=1 median=0.012
2026-09-24 18:10:30.410  INFO   session     Entity shadow: vision=3 {'monster': 2, 'player': 1} memory=2 {'item': 2} paired=0 median=0.000
2026-09-24 18:10:30.447  INFO   decision    mode=traveling behavior=loot action=pickup target=198 reason='engage item' status=success
2026-09-24 18:10:30.774  INFO   decision    mode=traveling behavior=loot action=idle target=- reason='pickup settle' status=success
2026-09-24 18:10:31.189  INFO   decision    mode=traveling behavior=loot action=pickup target=199 reason='engage item' status=success
2026-09-24 18:10:31.541  INFO   decision    mode=traveling behavior=loot action=idle target=- reason='pickup settle' status=success
2026-09-24 18:10:31.876  INFO   decision    mode=traveling behavior=combat action=attack target=200 reason='engage target' status=success
2026-09-24 18:10:35.473  INFO   session     Entity shadow: vision=3 {'monster': 1, 'item': 1, 'player': 1} memory=2 {'item': 1, 'monster': 1} paired=2 median=0.015
2026-09-24 18:10:40.578  INFO   session     Entity shadow: vision=2 {'player': 1, 'monster': 1} memory=2 {'monster': 1, 'item': 1} paired=1 median=0.014
2026-09-24 18:10:43.083  INFO   decision    mode=traveling behavior=combat action=attack target=200 reason='attack target' status=success (repeat)
2026-09-24 18:10:44.724  INFO   decision    mode=traveling behavior=loot action=pickup target=201 reason='engage item' status=success
2026-09-24 18:10:45.065  INFO   decision    mode=traveling behavior=loot action=idle target=- reason='pickup settle' status=success
2026-09-24 18:10:45.470  INFO   decision    mode=traveling behavior=loot action=pickup target=199 reason='engage item' status=success
2026-09-24 18:10:45.776  INFO   session     Entity shadow: vision=2 {'item': 1, 'player': 1} memory=1 {'item': 1} paired=1 median=0.005
2026-09-24 18:10:45.813  INFO   decision    mode=traveling behavior=loot action=idle target=- reason='pickup settle' status=success
2026-09-24 18:10:46.268  INFO   decision    mode=traveling behavior=traveling action=traveling target=- reason='return to farm after retreat' status=success
2026-09-24 18:10:46.956  INFO   decision    mode=traveling behavior=loot action=pickup target=199 reason='engage item' status=success
2026-09-24 18:10:47.296  INFO   decision    mode=traveling behavior=loot action=idle target=- reason='pickup settle' status=success
2026-09-24 18:10:47.711  INFO   decision    mode=traveling behavior=traveling action=traveling target=- reason='return to farm after retreat' status=success
2026-09-24 18:10:48.411  INFO   decision    mode=traveling behavior=loot action=pickup target=199 reason='engage item' status=success
2026-09-24 18:10:48.745  INFO   decision    mode=traveling behavior=loot action=idle target=- reason='pickup settle' status=success
2026-09-24 18:10:49.112  INFO   decision    mode=traveling behavior=traveling action=traveling target=- reason='return to farm after retreat' status=success
2026-09-24 18:10:50.789  INFO   session     Entity shadow: vision=0 {} memory=1 {'monster': 1} paired=0 median=0.000 unleveled=206:兔子
2026-09-24 18:10:55.356  INFO   decision    mode=traveling behavior=combat action=attack target=203 reason='engage target' status=success
2026-09-24 18:10:55.804  INFO   session     Entity shadow: vision=2 {'player': 1, 'monster': 1} memory=2 {'monster': 2} paired=1 median=0.023 unleveled=206:兔子
2026-09-24 18:11:00.949  INFO   session     Entity shadow: vision=2 {'monster': 2} memory=2 {'monster': 2} paired=1 median=0.012 unleveled=206:兔子
2026-09-24 18:11:06.007  INFO   session     Entity shadow: vision=0 {} memory=2 {'monster': 2} paired=0 median=0.000 unleveled=206:兔子
2026-09-24 18:11:06.489  INFO   decision    mode=traveling behavior=combat action=attack target=203 reason='attack target' status=success (repeat)
2026-09-24 18:11:10.950  INFO   decision    mode=traveling behavior=traveling action=traveling target=- reason='return to farm after retreat' status=success
2026-09-24 18:11:11.134  INFO   session     Entity shadow: vision=1 {'monster': 1} memory=1 {'monster': 1} paired=0 median=0.000 unleveled=206:兔子
2026-09-24 18:11:16.257  INFO   session     Entity shadow: vision=1 {'player': 1} memory=1 {'monster': 1} paired=0 median=0.000 unleveled=206:兔子
2026-09-24 18:11:18.762  INFO   decision    mode=traveling behavior=traveling action=traveling target=- reason='return to farm after retreat' status=success (repeat)
2026-09-24 18:11:21.379  INFO   session     Entity shadow: vision=1 {'player': 1} memory=1 {'monster': 1} paired=0 median=0.000 unleveled=206:兔子
2026-09-24 18:11:26.478  INFO   session     Entity shadow: vision=1 {'player': 1} memory=0 {} paired=0 median=0.000
2026-09-24 18:11:26.810  INFO   decision    mode=traveling behavior=traveling action=traveling target=- reason='return to farm after retreat' status=success (repeat)
2026-09-24 18:11:31.510  INFO   session     Entity shadow: vision=1 {'player': 1} memory=0 {} paired=0 median=0.000
2026-09-24 18:11:31.743  INFO   decision    mode=traveling behavior=combat action=attack target=204 reason='engage target' status=success
2026-09-24 18:11:35.161  INFO   decision    mode=traveling behavior=loot action=searching target=207 reason='walk onto item' status=success
2026-09-24 18:11:36.571  INFO   session     Entity shadow: vision=5 {'player': 1, 'item': 1, 'monster': 3} memory=2 {'monster': 1, 'item': 1} paired=2 median=0.016
2026-09-24 18:11:38.340  INFO   decision    mode=traveling behavior=combat action=attack target=205 reason='engage target' status=success
2026-09-24 18:11:41.677  INFO   session     Entity shadow: vision=4 {'item': 1, 'player': 1, 'monster': 2} memory=5 {'monster': 3, 'npc': 1, 'item': 1} paired=3 median=0.014 unleveled=189:鹿
2026-09-24 18:11:43.346  INFO   decision    mode=traveling behavior=combat action=attack target=208 reason='engage target' status=success
2026-09-24 18:11:46.835  INFO   session     Entity shadow: vision=5 {'npc': 1, 'monster': 2, 'item': 1, 'player': 1} memory=3 {'monster': 1, 'npc': 1, 'item': 1} paired=3 median=0.011
2026-09-24 18:11:47.742  INFO   decision    mode=traveling behavior=loot action=pickup target=207 reason='engage item' status=success
2026-09-24 18:11:48.080  INFO   decision    mode=traveling behavior=loot action=idle target=- reason='pickup settle' status=success
2026-09-24 18:11:48.427  INFO   decision    mode=traveling behavior=combat action=attack target=211 reason='engage target' status=success
2026-09-24 18:11:51.141  INFO   decision    mode=traveling behavior=loot action=pickup target=207 reason='engage item' status=success
2026-09-24 18:11:51.529  INFO   decision    mode=traveling behavior=loot action=idle target=- reason='pickup settle' status=success
2026-09-24 18:11:51.841  INFO   session     Entity shadow: vision=6 {'npc': 1, 'item': 1, 'monster': 3, 'player': 1} memory=5 {'monster': 3, 'npc': 1, 'item': 1} paired=4 median=0.023 unleveled=189:鹿,208:兔子
2026-09-24 18:11:51.869  INFO   decision    mode=traveling behavior=combat action=attack target=214 reason='engage target' status=success
2026-09-24 18:11:56.952  INFO   session     Entity shadow: vision=4 {'monster': 2, 'item': 1, 'npc': 1} memory=5 {'monster': 4, 'item': 1} paired=2 median=0.016 unleveled=10:警衛,189:鹿,208:兔子
2026-09-24 18:11:59.329  INFO   decision    mode=traveling behavior=loot action=searching target=207 reason='walk onto item' status=success
2026-09-24 18:12:02.091  INFO   session     Entity shadow: vision=4 {'player': 1, 'item': 1, 'npc': 2} memory=6 {'monster': 4, 'npc': 1, 'item': 1} paired=2 median=0.017 unleveled=208:兔子,10:警衛,14:青蛙,189:鹿
2026-09-24 18:12:03.562  INFO   decision    mode=traveling behavior=loot action=pickup target=207 reason='loot target' status=success
2026-09-24 18:12:03.939  INFO   decision    mode=traveling behavior=loot action=idle target=- reason='pickup settle' status=success
2026-09-24 18:12:04.273  INFO   decision    mode=traveling behavior=combat action=attack target=219 reason='engage target' status=success
2026-09-24 18:12:06.110  INFO   decision    mode=traveling behavior=loot action=searching target=220 reason='walk onto item' status=success
2026-09-24 18:12:07.095  INFO   session     Entity shadow: vision=3 {'player': 1, 'npc': 1, 'item': 1} memory=5 {'monster': 3, 'item': 1, 'npc': 1} paired=1 median=0.005 unleveled=14:青蛙,189:鹿,10:警衛
2026-09-24 18:12:11.660  INFO   decision    mode=traveling behavior=loot action=pickup target=220 reason='loot target' status=success
2026-09-24 18:12:11.991  INFO   decision    mode=traveling behavior=loot action=idle target=- reason='pickup settle' status=success
2026-09-24 18:12:12.107  INFO   session     Entity shadow: vision=3 {'player': 1, 'item': 1, 'npc': 1} memory=2 {'item': 1, 'monster': 1} paired=1 median=0.011 unleveled=10:警衛
2026-09-24 18:12:12.439  INFO   decision    mode=traveling behavior=traveling action=traveling target=- reason='return to farm after retreat' status=success
2026-09-24 18:12:13.180  INFO   decision    mode=traveling behavior=loot action=pickup target=220 reason='engage item' status=success
2026-09-24 18:12:13.500  INFO   decision    mode=traveling behavior=loot action=idle target=- reason='pickup settle' status=success
2026-09-24 18:12:13.969  INFO   decision    mode=traveling behavior=traveling action=traveling target=- reason='return to farm after retreat' status=success
2026-09-24 18:12:17.248  INFO   session     Entity shadow: vision=3 {'player': 1, 'monster': 1, 'npc': 1} memory=3 {'monster': 3} paired=0 median=0.000 unleveled=10:警衛,14:青蛙,189:鹿
2026-09-24 18:12:17.907  INFO   decision    mode=traveling behavior=combat action=attack target=224 reason='engage target' status=success
2026-09-24 18:12:22.316  INFO   session     Entity shadow: vision=2 {'npc': 1, 'player': 1} memory=4 {'monster': 3, 'npc': 1} paired=1 median=0.013 unleveled=14:青蛙,189:鹿
2026-09-24 18:12:27.403  INFO   session     Entity shadow: vision=3 {'player': 1, 'npc': 1, 'monster': 1} memory=4 {'monster': 3, 'npc': 1} paired=2 median=0.030 unleveled=189:鹿,14:青蛙
2026-09-24 18:12:28.734  INFO   decision    mode=traveling behavior=combat action=attack target=224 reason='attack target' status=success (repeat)
2026-09-24 18:12:32.611  INFO   session     Entity shadow: vision=4 {'monster': 2, 'npc': 1, 'player': 1} memory=4 {'monster': 3, 'npc': 1} paired=2 median=0.016 unleveled=189:鹿,14:青蛙
2026-09-24 18:12:37.640  INFO   session     Entity shadow: vision=3 {'npc': 1, 'monster': 1, 'player': 1} memory=3 {'monster': 2, 'npc': 1} paired=2 median=0.016 unleveled=14:青蛙
2026-09-24 18:12:39.420  INFO   decision    mode=traveling behavior=combat action=attack target=224 reason='attack target' status=success (repeat)
2026-09-24 18:12:42.646  INFO   session     Entity shadow: vision=4 {'player': 1, 'monster': 2, 'npc': 1} memory=4 {'monster': 3, 'npc': 1} paired=2 median=0.027 unleveled=189:鹿,14:青蛙
2026-09-24 18:12:42.669  INFO   decision    mode=traveling behavior=combat action=attack target=227 reason='engage target' status=success
2026-09-24 18:12:47.201  INFO   decision    mode=traveling behavior=traveling action=traveling target=- reason='return to farm after retreat' status=success
2026-09-24 18:12:47.780  INFO   session     Entity shadow: vision=2 {'npc': 1, 'player': 1} memory=3 {'monster': 2, 'npc': 1} paired=1 median=0.019 unleveled=14:青蛙,189:鹿
2026-09-24 18:12:52.806  INFO   session     Entity shadow: vision=2 {'player': 1, 'npc': 1} memory=2 {'monster': 1, 'npc': 1} paired=1 median=0.025 unleveled=189:鹿
2026-09-24 18:12:55.812  INFO   decision    mode=traveling behavior=traveling action=traveling target=- reason='return to farm after retreat' status=success (repeat)
2026-09-24 18:12:57.836  INFO   session     Entity shadow: vision=2 {'npc': 1, 'player': 1} memory=4 {'monster': 3, 'npc': 1} paired=1 median=0.039 unleveled=189:鹿,207:兔子,14:青蛙
2026-09-24 18:13:02.876  INFO   session     Entity shadow: vision=2 {'player': 1, 'npc': 1} memory=4 {'monster': 3, 'npc': 1} paired=1 median=0.043 unleveled=207:兔子,14:青蛙
2026-09-24 18:13:04.103  INFO   decision    mode=traveling behavior=traveling action=traveling target=- reason='return to farm after retreat' status=success (repeat)
2026-09-24 18:13:07.955  INFO   session     Entity shadow: vision=1 {'player': 1} memory=2 {'monster': 2} paired=0 median=0.000 unleveled=207:兔子,14:青蛙
2026-09-24 18:13:12.411  INFO   decision    mode=traveling behavior=traveling action=traveling target=- reason='return to farm after retreat' status=success (repeat)
2026-09-24 18:13:12.994  INFO   session     Entity shadow: vision=2 {'player': 1, 'monster': 1} memory=0 {} paired=0 median=0.000
2026-09-24 18:13:17.274  INFO   decision    mode=traveling behavior=combat action=attack target=234 reason='engage target' status=success
2026-09-24 18:13:18.206  INFO   session     Entity shadow: vision=2 {'player': 1, 'monster': 1} memory=1 {'monster': 1} paired=1 median=0.043
2026-09-24 18:13:20.579  INFO   decision    mode=traveling behavior=traveling action=traveling target=- reason='return to farm after retreat' status=success
2026-09-24 18:13:23.264  INFO   session     Entity shadow: vision=2 {'player': 2} memory=0 {} paired=0 median=0.000
2026-09-24 18:13:28.372  INFO   session     Entity shadow: vision=2 {'monster': 1, 'player': 1} memory=1 {'monster': 1} paired=0 median=0.000 unleveled=68:警衛
2026-09-24 18:13:28.566  INFO   decision    mode=traveling behavior=traveling action=traveling target=- reason='return to farm after retreat' status=success (repeat)
2026-09-24 18:13:33.415  INFO   session     Entity shadow: vision=5 {'player': 1, 'npc': 3, 'monster': 1} memory=5 {'monster': 4, 'npc': 1} paired=0 median=0.000 unleveled=10:警衛,68:警衛
2026-09-24 18:13:37.084  INFO   decision    mode=traveling behavior=traveling action=traveling target=- reason='return to farm after retreat' status=success (repeat)
2026-09-24 18:13:38.426  INFO   session     Entity shadow: vision=4 {'player': 1, 'npc': 3} memory=2 {'monster': 2} paired=0 median=0.000 unleveled=10:警衛,68:警衛
2026-09-24 18:13:43.476  INFO   session     Entity shadow: vision=4 {'player': 3, 'npc': 1} memory=4 {'monster': 3, 'player': 1} paired=1 median=0.029 unleveled=189:鹿,10:警衛,68:警衛
2026-09-24 18:13:45.397  INFO   decision    mode=traveling behavior=traveling action=traveling target=- reason='return to farm after retreat' status=success (repeat)
2026-09-24 18:13:48.502  INFO   session     Entity shadow: vision=5 {'player': 3, 'npc': 2} memory=26 {'monster': 3, 'npc': 2, 'player': 21} paired=1 median=0.034 unleveled=189:鹿,10:警衛,68:警衛
2026-09-24 18:13:53.574  INFO   session     Entity shadow: vision=2 {'monster': 1, 'npc': 1} memory=21 {'player': 18, 'monster': 1, 'npc': 2} paired=1 median=0.051 unleveled=207:兔子
2026-09-24 18:13:54.422  INFO   decision    mode=traveling behavior=traveling action=traveling target=- reason='return to farm after retreat' status=success (repeat)
2026-09-24 18:13:58.595  INFO   session     Entity shadow: vision=3 {'player': 2, 'npc': 1} memory=4 {'monster': 1, 'player': 3} paired=1 median=0.033 unleveled=207:兔子
2026-09-24 18:14:02.829  INFO   decision    mode=traveling behavior=traveling action=traveling target=- reason='return to farm after retreat' status=success (repeat)
2026-09-24 18:14:03.642  INFO   session     Entity shadow: vision=4 {'player': 3, 'npc': 1} memory=5 {'monster': 2, 'player': 3} paired=2 median=0.038 unleveled=207:兔子,68:警衛
2026-09-24 18:14:08.965  INFO   session     Entity shadow: vision=5 {'player': 3, 'npc': 2} memory=5 {'monster': 3, 'player': 2} paired=1 median=0.052 unleveled=207:兔子,10:警衛,68:警衛
2026-09-24 18:14:11.491  INFO   decision    mode=traveling behavior=traveling action=traveling target=- reason='return to farm after retreat' status=success (repeat)
2026-09-24 18:14:14.014  INFO   session     Entity shadow: vision=2 {'player': 1, 'npc': 1} memory=2 {'monster': 2} paired=0 median=0.000 unleveled=207:兔子,68:警衛
2026-09-24 18:14:19.188  INFO   session     Entity shadow: vision=1 {'player': 1} memory=0 {} paired=0 median=0.000
2026-09-24 18:14:19.497  INFO   decision    mode=traveling behavior=traveling action=traveling target=- reason='return to farm after retreat' status=success (repeat)
2026-09-24 18:14:24.330  INFO   session     Entity shadow: vision=2 {'player': 1, 'monster': 1} memory=0 {} paired=0 median=0.000
2026-09-24 18:14:27.391  INFO   decision    mode=traveling behavior=traveling action=traveling target=- reason='return to farm after retreat' status=success (repeat)
2026-09-24 18:14:29.341  INFO   session     Entity shadow: vision=2 {'player': 2} memory=1 {'player': 1} paired=1 median=0.034
2026-09-24 18:14:34.469  INFO   session     Entity shadow: vision=2 {'player': 2} memory=2 {'monster': 1, 'player': 1} paired=1 median=0.021 unleveled=12:史萊姆
2026-09-24 18:14:35.435  INFO   decision    mode=traveling behavior=traveling action=traveling target=- reason='return to farm after retreat' status=success (repeat)
2026-09-24 18:14:39.551  INFO   session     Entity shadow: vision=2 {'player': 2} memory=3 {'player': 2, 'monster': 1} paired=2 median=0.025 unleveled=12:史萊姆
2026-09-24 18:14:43.780  INFO   decision    mode=traveling behavior=traveling action=traveling target=- reason='return to farm after retreat' status=success (repeat)
2026-09-24 18:14:44.715  INFO   session     Entity shadow: vision=3 {'player': 3} memory=4 {'player': 2, 'monster': 2} paired=2 median=0.023 unleveled=12:史萊姆
2026-09-24 18:14:49.831  INFO   session     Entity shadow: vision=5 {'player': 2, 'monster': 3} memory=2 {'player': 1, 'monster': 1} paired=2 median=0.067
2026-09-24 18:14:52.117  INFO   decision    mode=traveling behavior=traveling action=traveling target=- reason='return to farm after retreat' status=success (repeat)
2026-09-24 18:14:54.941  INFO   session     Entity shadow: vision=1 {'player': 1} memory=0 {} paired=0 median=0.000
2026-09-24 18:14:59.972  INFO   session     Entity shadow: vision=1 {'player': 1} memory=0 {} paired=0 median=0.000
2026-09-24 18:15:00.141  INFO   decision    mode=traveling behavior=traveling action=traveling target=- reason='return to farm after retreat' status=success (repeat)
2026-09-24 18:15:05.039  INFO   session     Entity shadow: vision=1 {'player': 1} memory=0 {} paired=0 median=0.000
2026-09-24 18:15:08.011  INFO   decision    mode=traveling behavior=traveling action=traveling target=- reason='return to farm after retreat' status=success (repeat)
2026-09-24 18:15:10.189  INFO   session     Entity shadow: vision=4 {'player': 3, 'monster': 1} memory=1 {'monster': 1} paired=1 median=0.066
2026-09-24 18:15:15.236  INFO   session     Entity shadow: vision=1 {'player': 1} memory=1 {'player': 1} paired=1 median=0.035
2026-09-24 18:15:16.198  INFO   decision    mode=traveling behavior=traveling action=traveling target=- reason='return to farm after retreat' status=success (repeat)
2026-09-24 18:15:20.318  INFO   session     Entity shadow: vision=2 {'player': 2} memory=1 {'player': 1} paired=1 median=0.020
2026-09-24 18:15:24.624  INFO   decision    mode=traveling behavior=traveling action=traveling target=- reason='return to farm after retreat' status=success (repeat)
2026-09-24 18:15:25.391  INFO   session     Entity shadow: vision=2 {'player': 2} memory=1 {'player': 1} paired=1 median=0.031
2026-09-24 18:15:30.536  INFO   session     Entity shadow: vision=2 {'player': 2} memory=1 {'player': 1} paired=1 median=0.020
2026-09-24 18:15:32.691  INFO   decision    mode=traveling behavior=traveling action=traveling target=- reason='return to farm after retreat' status=success (repeat)
2026-09-24 18:15:34.533  INFO   decision    mode=traveling behavior=loot action=searching target=311 reason='walk onto item' status=success
2026-09-24 18:15:34.921  INFO   decision    mode=traveling behavior=traveling action=traveling target=- reason='return to farm after retreat' status=success
2026-09-24 18:15:35.544  INFO   session     Entity shadow: vision=6 {'player': 4, 'monster': 2} memory=5 {'player': 3, 'monster': 2} paired=4 median=0.034 unleveled=12:史萊姆
2026-09-24 18:15:38.620  INFO   decision    mode=traveling behavior=combat action=attack target=316 reason='engage target' status=success
2026-09-24 18:15:39.359  INFO   decision    mode=traveling behavior=traveling action=traveling target=- reason='return to farm after retreat' status=success
2026-09-24 18:15:40.586  INFO   session     Entity shadow: vision=5 {'player': 3, 'monster': 2} memory=5 {'monster': 3, 'player': 2} paired=4 median=0.051 unleveled=12:史萊姆
2026-09-24 18:15:45.605  INFO   session     Entity shadow: vision=3 {'player': 2, 'monster': 1} memory=4 {'player': 2, 'monster': 2} paired=2 median=0.030 unleveled=12:史萊姆
2026-09-24 18:15:47.990  INFO   decision    mode=farming behavior=search action=searching target=- reason='search area fallback' status=success
2026-09-24 18:15:50.030  INFO   decision    mode=farming behavior=combat action=attack target=319 reason='engage target' status=success
2026-09-24 18:15:50.768  INFO   session     Entity shadow: vision=3 {'player': 1, 'monster': 2} memory=6 {'player': 2, 'monster': 4} paired=2 median=0.027 unleveled=12:史萊姆
2026-09-24 18:15:55.926  INFO   session     Entity shadow: vision=6 {'player': 4, 'monster': 2} memory=7 {'monster': 4, 'player': 3} paired=4 median=0.022 unleveled=12:史萊姆
2026-09-24 18:15:58.104  INFO   decision    mode=farming behavior=loot action=searching target=326 reason='walk onto item' status=success
2026-09-24 18:15:59.213  INFO   decision    mode=farming behavior=search action=searching target=- reason='search area' status=success
2026-09-24 18:16:00.378  INFO   decision    mode=farming behavior=loot action=searching target=327 reason='walk onto item' status=success
2026-09-24 18:16:00.954  INFO   session     Entity shadow: vision=6 {'player': 2, 'monster': 3, 'item': 1} memory=7 {'monster': 4, 'item': 1, 'player': 2} paired=5 median=0.051 unleveled=12:史萊姆
2026-09-24 18:16:05.221  INFO   decision    mode=farming behavior=combat action=attack target=329 reason='engage target' status=success
2026-09-24 18:16:06.121  INFO   session     Entity shadow: vision=3 {'player': 1, 'monster': 2} memory=5 {'monster': 3, 'player': 2} paired=2 median=0.027 unleveled=12:史萊姆
2026-09-24 18:16:07.578  INFO   decision    mode=farming behavior=loot action=searching target=332 reason='walk onto item' status=success
2026-09-24 18:16:08.748  INFO   decision    mode=farming behavior=search action=searching target=- reason='search area' status=success
2026-09-24 18:16:11.180  INFO   session     Entity shadow: vision=3 {'player': 2, 'monster': 1} memory=5 {'monster': 3, 'player': 2} paired=3 median=0.031 unleveled=12:史萊姆
2026-09-24 18:16:16.216  INFO   session     Entity shadow: vision=6 {'player': 4, 'monster': 2} memory=5 {'monster': 3, 'player': 2} paired=3 median=0.054 unleveled=12:史萊姆
2026-09-24 18:16:17.244  INFO   decision    mode=farming behavior=search action=searching target=- reason='search area' status=success (repeat)
2026-09-24 18:16:21.429  INFO   session     Entity shadow: vision=3 {'player': 2, 'monster': 1} memory=3 {'player': 1, 'monster': 2} paired=2 median=0.044 unleveled=12:史萊姆
2026-09-24 18:16:24.007  INFO   decision    mode=farming behavior=combat action=attack target=338 reason='engage target' status=success
2026-09-24 18:16:26.440  INFO   session     Entity shadow: vision=2 {'player': 1, 'monster': 1} memory=4 {'monster': 4} paired=1 median=0.006 unleveled=12:史萊姆
2026-09-24 18:16:27.303  INFO   decision    mode=farming behavior=search action=searching target=- reason='search area' status=success
2026-09-24 18:16:27.585  INFO   decision    mode=farming behavior=combat action=attack target=339 reason='engage target' status=success
2026-09-24 18:16:28.111  INFO   decision    mode=farming behavior=combat action=attack target=342 reason='engage target' status=success
2026-09-24 18:16:31.446  INFO   session     Entity shadow: vision=6 {'player': 2, 'monster': 4} memory=7 {'monster': 6, 'player': 1} paired=5 median=0.041 unleveled=12:史萊姆
2026-09-24 18:16:32.851  INFO   decision    mode=farming behavior=combat action=attack target=343 reason='engage target' status=success
2026-09-24 18:16:36.329  INFO   decision    mode=retreating behavior=talking_scroll action=use_talking_scroll target=- reason='retreat, 허수아비 수련장' status=success
2026-09-24 18:16:37.214  INFO   session     Entity shadow: vision=5 {'player': 4, 'monster': 1} memory=7 {'player': 3, 'monster': 4} paired=4 median=0.028 unleveled=12:史萊姆
2026-09-24 18:16:37.258  INFO   decision    mode=retreating behavior=retreating action=idle target=- reason='retreating, waiting for hp' status=success
2026-09-24 18:16:42.275  INFO   session     Entity shadow: vision=6 {'monster': 1, 'player': 4, 'npc': 1} memory=10 {'monster': 5, 'player': 5} paired=5 median=0.020 unleveled=10:警衛,20:?
2026-09-24 18:16:45.552  INFO   decision    mode=retreating behavior=retreating action=idle target=- reason='retreating, waiting for hp' status=success (repeat)
2026-09-24 18:16:47.292  INFO   session     Entity shadow: vision=6 {'monster': 1, 'player': 4, 'npc': 1} memory=10 {'monster': 5, 'player': 5} paired=5 median=0.020 unleveled=10:警衛,20:?
2026-09-24 18:16:52.353  INFO   session     Entity shadow: vision=6 {'monster': 1, 'player': 4, 'npc': 1} memory=10 {'monster': 5, 'player': 5} paired=5 median=0.020 unleveled=10:警衛,20:?
2026-09-24 18:16:53.608  INFO   decision    mode=retreating behavior=retreating action=idle target=- reason='retreating, waiting for hp' status=success (repeat)
2026-09-24 18:16:57.471  INFO   session     Entity shadow: vision=6 {'npc': 1, 'player': 4, 'monster': 1} memory=10 {'monster': 5, 'player': 5} paired=5 median=0.020 unleveled=10:警衛,20:?
2026-09-24 18:17:01.412  INFO   decision    mode=retreating behavior=retreating action=idle target=- reason='retreating, waiting for hp' status=success (repeat)
2026-09-24 18:17:02.506  INFO   session     Entity shadow: vision=6 {'player': 4, 'monster': 1, 'npc': 1} memory=10 {'monster': 5, 'player': 5} paired=5 median=0.020 unleveled=10:警衛,20:?
2026-09-24 18:17:07.543  INFO   session     Entity shadow: vision=7 {'monster': 1, 'player': 4, 'npc': 2} memory=10 {'monster': 5, 'player': 5} paired=5 median=0.020 unleveled=10:警衛,20:?
2026-09-24 18:17:09.285  INFO   decision    mode=retreating behavior=retreating action=idle target=- reason='retreating, waiting for hp' status=success (repeat)
2026-09-24 18:17:12.639  INFO   session     Entity shadow: vision=6 {'monster': 1, 'player': 4, 'npc': 1} memory=11 {'monster': 5, 'player': 6} paired=5 median=0.022 unleveled=10:警衛,20:?
2026-09-24 18:17:17.278  INFO   decision    mode=retreating behavior=retreating action=idle target=- reason='retreating, waiting for hp' status=success (repeat)
2026-09-24 18:17:17.778  INFO   session     Entity shadow: vision=7 {'npc': 1, 'monster': 1, 'player': 5} memory=11 {'monster': 5, 'player': 6} paired=6 median=0.022 unleveled=10:警衛,20:?
2026-09-24 18:17:22.986  INFO   session     Entity shadow: vision=8 {'player': 3, 'npc': 3, 'monster': 2} memory=10 {'monster': 5, 'player': 5} paired=4 median=0.020 unleveled=10:警衛,20:?
2026-09-24 18:17:25.390  INFO   decision    mode=retreating behavior=retreating action=idle target=- reason='retreating, waiting for hp' status=success (repeat)
2026-09-24 18:17:28.047  INFO   session     Entity shadow: vision=6 {'player': 4, 'npc': 1, 'monster': 1} memory=10 {'monster': 5, 'player': 5} paired=5 median=0.020 unleveled=10:警衛,20:?
2026-09-24 18:17:33.149  INFO   session     Entity shadow: vision=7 {'monster': 1, 'player': 4, 'npc': 2} memory=10 {'monster': 5, 'player': 5} paired=5 median=0.020 unleveled=10:警衛,20:?
2026-09-24 18:17:33.319  INFO   decision    mode=retreating behavior=retreating action=idle target=- reason='retreating, waiting for hp' status=success (repeat)
2026-09-24 18:17:38.223  INFO   session     Entity shadow: vision=6 {'player': 4, 'monster': 1, 'npc': 1} memory=10 {'monster': 5, 'player': 5} paired=5 median=0.020 unleveled=10:警衛,20:?
2026-09-24 18:17:41.326  INFO   decision    mode=retreating behavior=retreating action=idle target=- reason='retreating, waiting for hp' status=success (repeat)
2026-09-24 18:17:43.373  INFO   session     Entity shadow: vision=7 {'player': 4, 'monster': 1, 'npc': 2} memory=10 {'monster': 5, 'player': 5} paired=5 median=0.020 unleveled=10:警衛,20:?
2026-09-24 18:17:48.410  INFO   session     Entity shadow: vision=6 {'npc': 1, 'player': 4, 'monster': 1} memory=10 {'monster': 5, 'player': 5} paired=5 median=0.020 unleveled=10:警衛,20:?
2026-09-24 18:17:49.260  INFO   decision    mode=retreating behavior=retreating action=idle target=- reason='retreating, waiting for hp' status=success (repeat)
2026-09-24 18:17:53.552  INFO   session     Entity shadow: vision=6 {'npc': 1, 'player': 4, 'monster': 1} memory=10 {'monster': 5, 'player': 5} paired=5 median=0.020 unleveled=10:警衛,20:?
2026-09-24 18:17:57.338  INFO   decision    mode=retreating behavior=retreating action=idle target=- reason='retreating, waiting for hp' status=success (repeat)
2026-09-24 18:17:58.543  INFO   session     Entity shadow: vision=6 {'npc': 1, 'monster': 1, 'player': 4} memory=10 {'monster': 5, 'player': 5} paired=5 median=0.020 unleveled=10:警衛,20:?
2026-09-24 18:18:03.645  INFO   session     Entity shadow: vision=6 {'player': 4, 'npc': 1, 'monster': 1} memory=10 {'monster': 5, 'player': 5} paired=5 median=0.020 unleveled=10:警衛,20:?
2026-09-24 18:18:05.144  INFO   decision    mode=retreating behavior=retreating action=idle target=- reason='retreating, waiting for hp' status=success (repeat)
2026-09-24 18:18:08.844  INFO   session     Entity shadow: vision=5 {'player': 3, 'npc': 1, 'monster': 1} memory=10 {'monster': 5, 'player': 5} paired=4 median=0.025 unleveled=10:警衛,20:?,19:?
2026-09-24 18:18:13.342  INFO   decision    mode=retreating behavior=retreating action=idle target=- reason='retreating, waiting for hp' status=success (repeat)
2026-09-24 18:18:13.934  INFO   session     Entity shadow: vision=7 {'monster': 1, 'npc': 2, 'player': 4} memory=17 {'monster': 12, 'player': 5} paired=4 median=0.027 unleveled=20:?,19:?,10:警衛
2026-09-24 18:18:19.095  INFO   session     Entity shadow: vision=9 {'monster': 1, 'player': 6, 'npc': 2} memory=17 {'monster': 12, 'player': 5} paired=5 median=0.025 unleveled=20:?,19:?,10:警衛
2026-09-24 18:18:21.538  INFO   decision    mode=retreating behavior=retreating action=idle target=- reason='retreating, waiting for hp' status=success (repeat)
2026-09-24 18:18:24.175  INFO   session     Entity shadow: vision=7 {'monster': 1, 'player': 4, 'npc': 2} memory=17 {'monster': 12, 'player': 5} paired=4 median=0.027 unleveled=20:?,19:?,10:警衛
2026-09-24 18:18:29.296  INFO   session     Entity shadow: vision=9 {'player': 6, 'monster': 1, 'npc': 2} memory=17 {'monster': 12, 'player': 5} paired=5 median=0.025 unleveled=20:?,19:?,10:警衛
2026-09-24 18:18:29.791  INFO   decision    mode=retreating behavior=retreating action=idle target=- reason='retreating, waiting for hp' status=success (repeat)
2026-09-24 18:18:34.301  INFO   session     Entity shadow: vision=8 {'monster': 1, 'player': 5, 'npc': 2} memory=18 {'monster': 12, 'player': 6} paired=4 median=0.026 unleveled=20:?,19:?,10:警衛
2026-09-24 18:18:38.164  INFO   decision    mode=retreating behavior=retreating action=idle target=- reason='retreating, waiting for hp' status=success (repeat)
2026-09-24 18:18:39.360  INFO   session     Entity shadow: vision=8 {'monster': 1, 'player': 5, 'npc': 2} memory=18 {'monster': 12, 'player': 6} paired=5 median=0.026 unleveled=20:?,19:?,10:警衛
2026-09-24 18:18:44.479  INFO   session     Entity shadow: vision=7 {'player': 4, 'monster': 1, 'npc': 2} memory=18 {'monster': 12, 'player': 6} paired=4 median=0.026 unleveled=20:?,19:?,10:警衛
2026-09-24 18:18:45.695  INFO   decision    mode=traveling behavior=traveling action=traveling target=- reason='return to farm after retreat' status=success
2026-09-24 18:18:49.549  INFO   session     Entity shadow: vision=7 {'player': 5, 'monster': 1, 'npc': 1} memory=10 {'monster': 5, 'player': 5} paired=6 median=0.019 unleveled=10:警衛,20:?
2026-09-24 18:18:54.188  INFO   decision    mode=traveling behavior=traveling action=traveling target=- reason='return to farm after retreat' status=success (repeat)
2026-09-24 18:18:54.633  INFO   session     Entity shadow: vision=7 {'player': 5, 'monster': 1, 'npc': 1} memory=10 {'monster': 5, 'player': 5} paired=6 median=0.019 unleveled=10:警衛,20:?
2026-09-24 18:18:59.660  INFO   session     Entity shadow: vision=7 {'player': 4, 'npc': 2, 'monster': 1} memory=8 {'monster': 3, 'player': 5} paired=5 median=0.018 unleveled=10:警衛,19:?
2026-09-24 18:19:03.819  INFO   decision    mode=traveling behavior=traveling action=traveling target=- reason='return to farm after retreat' status=success (repeat)
2026-09-24 18:19:04.674  INFO   session     Entity shadow: vision=6 {'player': 5, 'npc': 1} memory=6 {'monster': 1, 'player': 5} paired=4 median=0.021 unleveled=10:警衛
2026-09-24 18:19:09.820  INFO   session     Entity shadow: vision=1 {'player': 1} memory=0 {} paired=0 median=0.000
2026-09-24 18:19:11.976  INFO   decision    mode=traveling behavior=traveling action=traveling target=- reason='return to farm after retreat' status=success (repeat)
2026-09-24 18:19:15.047  INFO   session     Entity shadow: vision=0 {} memory=0 {} paired=0 median=0.000
2026-09-24 18:19:19.954  INFO   decision    mode=traveling behavior=traveling action=traveling target=- reason='return to farm after retreat' status=success (repeat)
2026-09-24 18:19:20.080  INFO   session     Entity shadow: vision=3 {'player': 1, 'npc': 2} memory=2 {'monster': 2} paired=0 median=0.000 unleveled=10:警衛,68:警衛
2026-09-24 18:19:22.058  INFO   decision    mode=traveling behavior=loot action=searching target=372 reason='walk onto item' status=success
2026-09-24 18:19:25.151  INFO   session     Entity shadow: vision=4 {'player': 1, 'npc': 2, 'item': 1} memory=3 {'item': 1, 'monster': 2} paired=1 median=0.011 unleveled=10:警衛,68:警衛
2026-09-24 18:19:30.080  INFO   decision    mode=traveling behavior=loot action=pickup target=372 reason='loot target' status=success
2026-09-24 18:19:30.380  INFO   session     Entity shadow: vision=4 {'player': 1, 'npc': 2, 'item': 1} memory=4 {'monster': 3, 'item': 1} paired=1 median=0.005 unleveled=14:青蛙,10:警衛,68:警衛
2026-09-24 18:19:30.418  INFO   decision    mode=traveling behavior=loot action=idle target=- reason='pickup settle' status=success
2026-09-24 18:19:30.830  INFO   decision    mode=traveling behavior=traveling action=traveling target=- reason='return to farm after retreat' status=success
2026-09-24 18:19:31.543  INFO   decision    mode=traveling behavior=loot action=pickup target=372 reason='engage item' status=success
2026-09-24 18:19:31.864  INFO   decision    mode=traveling behavior=loot action=idle target=- reason='pickup settle' status=success
2026-09-24 18:19:32.289  INFO   decision    mode=traveling behavior=traveling action=traveling target=- reason='return to farm after retreat' status=success
2026-09-24 18:19:35.501  INFO   session     Entity shadow: vision=4 {'npc': 3, 'player': 1} memory=3 {'monster': 3} paired=0 median=0.000 unleveled=10:警衛,68:警衛
2026-09-24 18:19:37.464  INFO   decision    mode=traveling behavior=combat action=attack target=376 reason='engage target' status=success
2026-09-24 18:19:40.565  INFO   session     Entity shadow: vision=6 {'npc': 3, 'monster': 2, 'player': 1} memory=7 {'monster': 7} paired=2 median=0.041 unleveled=14:青蛙,189:鹿,68:警衛,10:警衛
2026-09-24 18:19:41.686  INFO   decision    mode=traveling behavior=combat action=attack target=379 reason='engage target' status=success
2026-09-24 18:19:45.714  INFO   session     Entity shadow: vision=4 {'npc': 2, 'player': 1, 'monster': 1} memory=4 {'monster': 4} paired=1 median=0.022 unleveled=14:青蛙,10:警衛,68:警衛
2026-09-24 18:19:46.189  INFO   decision    mode=traveling behavior=traveling action=traveling target=- reason='return to farm after retreat' status=success
2026-09-24 18:19:47.228  INFO   decision    mode=traveling behavior=loot action=searching target=381 reason='walk onto item' status=success
2026-09-24 18:19:50.918  INFO   session     Entity shadow: vision=3 {'npc': 1, 'player': 1, 'item': 1} memory=5 {'monster': 2, 'item': 3} paired=1 median=0.074 unleveled=14:青蛙,68:警衛
2026-09-24 18:19:55.640  INFO   decision    mode=traveling behavior=loot action=pickup target=381 reason='loot target' status=success
2026-09-24 18:19:55.991  INFO   session     Entity shadow: vision=5 {'player': 1, 'item': 4} memory=5 {'item': 5} paired=4 median=0.004
2026-09-24 18:19:56.015  INFO   decision    mode=traveling behavior=loot action=idle target=- reason='pickup settle' status=success
2026-09-24 18:19:56.438  INFO   decision    mode=traveling behavior=loot action=pickup target=383 reason='engage item' status=success
2026-09-24 18:19:56.825  INFO   decision    mode=traveling behavior=loot action=idle target=- reason='pickup settle' status=success
2026-09-24 18:19:57.187  INFO   decision    mode=traveling behavior=loot action=searching target=382 reason='walk onto item' status=success
2026-09-24 18:19:58.631  INFO   decision    mode=traveling behavior=loot action=pickup target=382 reason='loot target' status=success
2026-09-24 18:19:58.973  INFO   decision    mode=traveling behavior=loot action=idle target=- reason='pickup settle' status=success
2026-09-24 18:19:59.432  INFO   decision    mode=traveling behavior=loot action=pickup target=383 reason='engage item' status=success
2026-09-24 18:19:59.790  INFO   decision    mode=traveling behavior=loot action=idle target=- reason='pickup settle' status=success
2026-09-24 18:20:00.244  INFO   decision    mode=traveling behavior=loot action=pickup target=381 reason='engage item' status=success
2026-09-24 18:20:00.556  INFO   decision    mode=traveling behavior=loot action=idle target=- reason='pickup settle' status=success
2026-09-24 18:20:00.969  INFO   decision    mode=traveling behavior=loot action=pickup target=383 reason='engage item' status=success
2026-09-24 18:20:01.286  INFO   session     Entity shadow: vision=1 {'item': 1} memory=3 {'item': 3} paired=1 median=0.004
2026-09-24 18:20:01.328  INFO   decision    mode=traveling behavior=loot action=idle target=- reason='pickup settle' status=success
2026-09-24 18:20:01.749  INFO   decision    mode=traveling behavior=loot action=pickup target=381 reason='engage item' status=success
2026-09-24 18:20:02.086  INFO   decision    mode=traveling behavior=loot action=idle target=- reason='pickup settle' status=success
2026-09-24 18:20:02.550  INFO   decision    mode=traveling behavior=loot action=searching target=385 reason='walk onto item' status=success
2026-09-24 18:20:06.482  INFO   session     Entity shadow: vision=2 {'player': 1, 'item': 1} memory=3 {'monster': 1, 'item': 2} paired=1 median=0.010
2026-09-24 18:20:06.503  INFO   decision    mode=traveling behavior=combat action=attack target=387 reason='engage target' status=success
2026-09-24 18:20:10.700  INFO   decision    mode=retreating behavior=talking_scroll action=use_talking_scroll target=- reason='retreat, 펫 관리인' status=success
2026-09-24 18:20:11.509  INFO   session     Entity shadow: vision=3 {'monster': 2, 'player': 1} memory=1 {'monster': 1} paired=1 median=0.031
2026-09-24 18:20:11.546  INFO   decision    mode=retreating behavior=retreating action=idle target=- reason='retreating, waiting for hp' status=success
2026-09-24 18:20:16.577  INFO   session     Entity shadow: vision=10 {'monster': 9, 'player': 1} memory=7 {'monster': 6, 'npc': 1} paired=5 median=0.016 unleveled=189:鹿
2026-09-24 18:20:19.801  INFO   decision    mode=retreating behavior=retreating action=idle target=- reason='retreating, waiting for hp' status=success (repeat)
2026-09-24 18:20:21.712  INFO   session     Entity shadow: vision=9 {'monster': 6, 'npc': 1, 'player': 2} memory=9 {'monster': 7, 'player': 1, 'npc': 1} paired=7 median=0.017 unleveled=189:鹿
2026-09-24 18:20:26.805  INFO   session     Entity shadow: vision=11 {'monster': 8, 'player': 2, 'npc': 1} memory=9 {'monster': 7, 'player': 1, 'npc': 1} paired=7 median=0.015 unleveled=189:鹿
2026-09-24 18:20:28.336  INFO   decision    mode=retreating behavior=retreating action=idle target=- reason='retreating, waiting for hp' status=success (repeat)
2026-09-24 18:20:28.858  INFO   decision    mode=retreating behavior=loot action=searching target=398 reason='walk onto item' status=success
2026-09-24 18:20:31.011  INFO   decision    mode=retreating behavior=loot action=pickup target=398 reason='loot target' status=success
2026-09-24 18:20:31.428  INFO   decision    mode=retreating behavior=loot action=idle target=- reason='pickup settle' status=success
2026-09-24 18:20:31.780  INFO   decision    mode=retreating behavior=retreating action=idle target=- reason='retreating, waiting for hp' status=success
2026-09-24 18:20:31.905  INFO   session     Entity shadow: vision=7 {'player': 2, 'npc': 1, 'monster': 4} memory=7 {'player': 1, 'monster': 5, 'npc': 1} paired=6 median=0.019 unleveled=189:鹿
2026-09-24 18:20:36.951  INFO   session     Entity shadow: vision=9 {'monster': 6, 'npc': 1, 'player': 2} memory=6 {'monster': 5, 'npc': 1} paired=5 median=0.019 unleveled=189:鹿
2026-09-24 18:20:40.429  INFO   decision    mode=retreating behavior=retreating action=idle target=- reason='retreating, waiting for hp' status=success (repeat)
2026-09-24 18:20:41.997  INFO   session     Entity shadow: vision=8 {'monster': 6, 'player': 1, 'npc': 1} memory=6 {'monster': 5, 'npc': 1} paired=5 median=0.019 unleveled=189:鹿
2026-09-24 18:20:47.004  INFO   session     Entity shadow: vision=9 {'monster': 6, 'player': 2, 'npc': 1} memory=7 {'monster': 5, 'player': 1, 'npc': 1} paired=6 median=0.018 unleveled=189:鹿
2026-09-24 18:20:48.778  INFO   decision    mode=retreating behavior=retreating action=idle target=- reason='retreating, waiting for hp' status=success (repeat)
2026-09-24 18:20:51.161  INFO   decision    mode=traveling behavior=traveling action=traveling target=- reason='return to farm after retreat' status=success
2026-09-24 18:20:52.146  INFO   session     Entity shadow: vision=7 {'player': 1, 'npc': 1, 'monster': 5} memory=8 {'monster': 6, 'player': 1, 'npc': 1} paired=7 median=0.014 unleveled=189:鹿
2026-09-24 18:20:57.259  INFO   session     Entity shadow: vision=8 {'player': 2, 'monster': 5, 'npc': 1} memory=8 {'player': 1, 'monster': 6, 'npc': 1} paired=7 median=0.022 unleveled=189:鹿
2026-09-24 18:20:58.867  INFO   decision    mode=traveling behavior=loot action=searching target=402 reason='walk onto item' status=success
2026-09-24 18:21:02.332  INFO   session     Entity shadow: vision=2 {'player': 2} memory=2 {'player': 1, 'item': 1} paired=1 median=0.021
2026-09-24 18:21:02.859  INFO   decision    mode=traveling behavior=traveling action=traveling target=- reason='return to farm after retreat' status=success
2026-09-24 18:21:07.348  INFO   session     Entity shadow: vision=1 {'player': 1} memory=0 {} paired=0 median=0.000
2026-09-24 18:21:10.715  INFO   decision    mode=traveling behavior=traveling action=traveling target=- reason='return to farm after retreat' status=success (repeat)
2026-09-24 18:21:12.459  INFO   session     Entity shadow: vision=1 {'player': 1} memory=1 {'monster': 1} paired=0 median=0.000 unleveled=208:兔子
2026-09-24 18:21:17.559  INFO   session     Entity shadow: vision=1 {'player': 1} memory=0 {} paired=0 median=0.000
2026-09-24 18:21:18.455  INFO   decision    mode=traveling behavior=traveling action=traveling target=- reason='return to farm after retreat' status=success (repeat)
2026-09-24 18:21:22.576  INFO   session     Entity shadow: vision=1 {'player': 1} memory=0 {} paired=0 median=0.000
2026-09-24 18:21:23.351  INFO   decision    mode=traveling behavior=combat action=attack target=404 reason='engage target' status=success
2026-09-24 18:21:24.375  INFO   decision    mode=traveling behavior=traveling action=traveling target=- reason='return to farm after retreat' status=success
2026-09-24 18:21:27.595  INFO   session     Entity shadow: vision=1 {'player': 1} memory=0 {} paired=0 median=0.000
2026-09-24 18:21:27.784  INFO   decision    mode=traveling behavior=combat action=attack target=405 reason='engage target' status=success
2026-09-24 18:21:32.614  INFO   session     Entity shadow: vision=3 {'player': 1, 'monster': 1, 'item': 1} memory=1 {'monster': 1} paired=1 median=0.013
2026-09-24 18:21:34.204  INFO   decision    mode=traveling behavior=loot action=searching target=406 reason='walk onto item' status=success
2026-09-24 18:21:37.856  INFO   session     Entity shadow: vision=3 {'player': 1, 'item': 1, 'monster': 1} memory=2 {'monster': 1, 'item': 1} paired=2 median=0.022
2026-09-24 18:21:39.797  INFO   decision    mode=traveling behavior=loot action=pickup target=406 reason='loot target' status=success
2026-09-24 18:21:40.127  INFO   decision    mode=traveling behavior=loot action=idle target=- reason='pickup settle' status=success
2026-09-24 18:21:40.628  INFO   decision    mode=traveling behavior=combat action=attack target=407 reason='engage target' status=success
2026-09-24 18:21:42.857  INFO   session     Entity shadow: vision=2 {'monster': 1, 'player': 1} memory=0 {} paired=0 median=0.000
2026-09-24 18:21:42.880  INFO   decision    mode=traveling behavior=traveling action=traveling target=- reason='return to farm after retreat' status=success
2026-09-24 18:21:47.962  INFO   session     Entity shadow: vision=1 {'player': 1} memory=0 {} paired=0 median=0.000
2026-09-24 18:21:50.985  INFO   decision    mode=traveling behavior=traveling action=traveling target=- reason='return to farm after retreat' status=success (repeat)
2026-09-24 18:21:53.029  INFO   session     Entity shadow: vision=2 {'player': 1, 'monster': 1} memory=2 {'player': 1, 'monster': 1} paired=0 median=0.000 unleveled=189:鹿
2026-09-24 18:21:58.050  INFO   session     Entity shadow: vision=2 {'player': 2} memory=2 {'player': 1, 'monster': 1} paired=1 median=0.047 unleveled=189:鹿
2026-09-24 18:21:59.332  INFO   decision    mode=traveling behavior=traveling action=traveling target=- reason='return to farm after retreat' status=success (repeat)
2026-09-24 18:22:03.129  INFO   session     Entity shadow: vision=1 {'player': 1} memory=1 {'monster': 1} paired=0 median=0.000 unleveled=208:兔子
2026-09-24 18:22:03.929  INFO   decision    mode=traveling behavior=combat action=attack target=415 reason='engage target' status=success
2026-09-24 18:22:08.299  INFO   session     Entity shadow: vision=3 {'monster': 2, 'player': 1} memory=4 {'monster': 4} paired=2 median=0.048 unleveled=208:兔子
2026-09-24 18:22:13.321  INFO   session     Entity shadow: vision=3 {'monster': 2, 'player': 1} memory=5 {'player': 1, 'monster': 4} paired=2 median=0.079 unleveled=208:兔子
2026-09-24 18:22:13.763  INFO   decision    mode=traveling behavior=combat action=attack target=416 reason='engage target' status=success
2026-09-24 18:22:18.329  INFO   session     Entity shadow: vision=2 {'player': 1, 'monster': 1} memory=3 {'monster': 3} paired=1 median=0.021 unleveled=208:兔子
2026-09-24 18:22:23.382  INFO   session     Entity shadow: vision=3 {'item': 1, 'player': 1, 'monster': 1} memory=4 {'monster': 2, 'item': 1, 'player': 1} paired=1 median=0.004 unleveled=208:兔子
2026-09-24 18:22:23.432  INFO   decision    mode=traveling behavior=loot action=pickup target=421 reason='engage item' status=success
2026-09-24 18:22:23.778  INFO   decision    mode=traveling behavior=loot action=idle target=- reason='pickup settle' status=success
2026-09-24 18:22:24.249  INFO   decision    mode=traveling behavior=combat action=attack target=418 reason='engage target' status=success
2026-09-24 18:22:28.497  INFO   session     Entity shadow: vision=3 {'player': 1, 'item': 1, 'monster': 1} memory=3 {'monster': 2, 'item': 1} paired=2 median=0.037 unleveled=10:警衛
2026-09-24 18:22:29.190  INFO   decision    mode=traveling behavior=loot action=searching target=423 reason='walk onto item' status=success
2026-09-24 18:22:33.670  INFO   session     Entity shadow: vision=5 {'player': 2, 'item': 2, 'monster': 1} memory=4 {'monster': 1, 'npc': 1, 'item': 2} paired=3 median=0.021
2026-09-24 18:22:36.328  INFO   decision    mode=traveling behavior=loot action=pickup target=423 reason='loot target' status=success
2026-09-24 18:22:36.701  INFO   decision    mode=traveling behavior=loot action=idle target=- reason='pickup settle' status=success
2026-09-24 18:22:37.071  INFO   decision    mode=traveling behavior=combat action=attack target=426 reason='engage target' status=success
2026-09-24 18:22:38.728  INFO   session     Entity shadow: vision=4 {'item': 1, 'monster': 2, 'npc': 1} memory=6 {'item': 1, 'monster': 4, 'npc': 1} paired=3 median=0.017 unleveled=14:青蛙
2026-09-24 18:22:39.385  INFO   decision    mode=traveling behavior=loot action=searching target=432 reason='walk onto item' status=success
2026-09-24 18:22:43.986  INFO   session     Entity shadow: vision=4 {'player': 2, 'monster': 1, 'npc': 1} memory=6 {'npc': 1, 'player': 1, 'monster': 3, 'item': 1} paired=2 median=0.027 unleveled=10:警衛,14:青蛙
2026-09-24 18:22:44.318  INFO   decision    mode=traveling behavior=loot action=pickup target=432 reason='loot target' status=success
2026-09-24 18:22:44.699  INFO   decision    mode=traveling behavior=loot action=idle target=- reason='pickup settle' status=success
2026-09-24 18:22:45.030  INFO   decision    mode=traveling behavior=traveling action=traveling target=- reason='unstick' status=success
2026-09-24 18:22:45.358  INFO   decision    mode=traveling behavior=combat action=attack target=434 reason='engage target' status=success
2026-09-24 18:22:46.925  INFO   decision    mode=traveling behavior=traveling action=traveling target=- reason='return to farm after retreat' status=success
2026-09-24 18:22:48.988  INFO   session     Entity shadow: vision=4 {'npc': 2, 'player': 2} memory=5 {'player': 1, 'monster': 3, 'npc': 1} paired=1 median=0.035 unleveled=14:青蛙,10:警衛
2026-09-24 18:22:54.010  INFO   session     Entity shadow: vision=4 {'player': 1, 'npc': 3} memory=5 {'monster': 4, 'npc': 1} paired=1 median=0.117 unleveled=10:警衛,208:兔子,68:警衛
2026-09-24 18:22:56.216  INFO   decision    mode=traveling behavior=traveling action=traveling target=- reason='return to farm after retreat' status=success (repeat)
2026-09-24 18:22:59.047  INFO   session     Entity shadow: vision=3 {'npc': 2, 'player': 1} memory=4 {'npc': 1, 'monster': 3} paired=0 median=0.000 unleveled=208:兔子,68:警衛,10:警衛
2026-09-24 18:23:04.311  INFO   session     Entity shadow: vision=3 {'player': 1, 'npc': 2} memory=4 {'monster': 4} paired=0 median=0.000 unleveled=14:青蛙,208:兔子,68:警衛,10:警衛
2026-09-24 18:23:05.362  INFO   decision    mode=traveling behavior=traveling action=traveling target=- reason='return to farm after retreat' status=success (repeat)
2026-09-24 18:23:09.454  INFO   session     Entity shadow: vision=2 {'player': 1, 'npc': 1} memory=5 {'monster': 3, 'npc': 1, 'player': 1} paired=0 median=0.000 unleveled=14:青蛙,208:兔子,68:警衛
2026-09-24 18:23:14.517  INFO   session     Entity shadow: vision=13 {'player': 8, 'monster': 2, 'npc': 3} memory=38 {'player': 33, 'npc': 4, 'monster': 1} paired=10 median=0.094 unleveled=14:青蛙
2026-09-24 18:23:14.547  INFO   decision    mode=traveling behavior=traveling action=traveling target=- reason='return to farm after retreat' status=success (repeat)
2026-09-24 18:23:19.576  INFO   session     Entity shadow: vision=19 {'npc': 4, 'player': 14, 'monster': 1} memory=43 {'player': 36, 'npc': 7} paired=18 median=0.024
2026-09-24 18:23:24.581  INFO   session     Entity shadow: vision=27 {'player': 19, 'monster': 1, 'npc': 7} memory=54 {'player': 47, 'npc': 7} paired=22 median=0.029
2026-09-24 18:23:26.121  INFO   decision    mode=traveling behavior=traveling action=traveling target=- reason='return to farm after retreat' status=success (repeat)
2026-09-24 18:23:29.851  INFO   session     Entity shadow: vision=18 {'player': 14, 'npc': 3, 'monster': 1} memory=53 {'player': 47, 'npc': 6} paired=16 median=0.048
2026-09-24 18:23:34.981  INFO   session     Entity shadow: vision=39 {'player': 36, 'npc': 2, 'monster': 1} memory=79 {'npc': 6, 'player': 72, 'monster': 1} paired=38 median=0.057 unleveled=319:?
2026-09-24 18:23:40.279  INFO   session     Entity shadow: vision=29 {'player': 26, 'npc': 3} memory=70 {'player': 59, 'npc': 10, 'monster': 1} paired=26 median=0.050 unleveled=319:?
2026-09-24 18:23:42.287  INFO   decision    mode=traveling behavior=traveling action=traveling target=- reason='return to farm after retreat' status=success (repeat)
2026-09-24 18:23:45.464  INFO   session     Entity shadow: vision=12 {'player': 11, 'npc': 1} memory=32 {'player': 24, 'npc': 8} paired=9 median=0.045
2026-09-24 18:23:50.562  INFO   session     Entity shadow: vision=5 {'player': 3, 'npc': 2} memory=9 {'monster': 2, 'player': 4, 'npc': 3} paired=3 median=0.023 unleveled=10:警衛,68:警衛
2026-09-24 18:23:51.919  INFO   decision    mode=traveling behavior=traveling action=traveling target=- reason='return to farm after retreat' status=success (repeat)
2026-09-24 18:23:55.632  INFO   session     Entity shadow: vision=6 {'player': 3, 'monster': 1, 'npc': 2} memory=6 {'monster': 3, 'player': 3} paired=3 median=0.020 unleveled=10:警衛,68:警衛
2026-09-24 18:23:56.013  INFO   decision    mode=traveling behavior=combat action=attack target=614 reason='engage target' status=success
2026-09-24 18:24:00.653  INFO   session     Entity shadow: vision=6 {'player': 3, 'npc': 2, 'monster': 1} memory=6 {'monster': 3, 'player': 3} paired=3 median=0.023 unleveled=10:警衛,68:警衛
2026-09-24 18:24:05.766  INFO   session     Entity shadow: vision=6 {'player': 3, 'npc': 2, 'monster': 1} memory=6 {'monster': 3, 'player': 3} paired=3 median=0.023 unleveled=10:警衛,68:警衛
2026-09-24 18:24:06.953  INFO   decision    mode=traveling behavior=traveling action=traveling target=- reason='return to farm after retreat' status=success
2026-09-24 18:24:10.834  INFO   session     Entity shadow: vision=4 {'npc': 1, 'player': 3} memory=5 {'monster': 2, 'player': 3} paired=2 median=0.028 unleveled=10:警衛,68:警衛
2026-09-24 18:24:15.715  INFO   decision    mode=traveling behavior=traveling action=traveling target=- reason='return to farm after retreat' status=success (repeat)
2026-09-24 18:24:15.838  INFO   session     Entity shadow: vision=5 {'player': 3, 'npc': 2} memory=5 {'monster': 2, 'player': 3} paired=2 median=0.043 unleveled=10:警衛,68:警衛
2026-09-24 18:24:20.933  INFO   session     Entity shadow: vision=2 {'player': 1, 'npc': 1} memory=2 {'monster': 2} paired=0 median=0.000 unleveled=10:警衛,68:警衛
2026-09-24 18:24:24.080  INFO   decision    mode=traveling behavior=traveling action=traveling target=- reason='return to farm after retreat' status=success (repeat)
2026-09-24 18:24:25.948  INFO   session     Entity shadow: vision=3 {'player': 1, 'npc': 2} memory=2 {'monster': 2} paired=0 median=0.000 unleveled=10:警衛,68:警衛
2026-09-24 18:24:31.032  INFO   session     Entity shadow: vision=1 {'player': 1} memory=1 {'monster': 1} paired=0 median=0.000 unleveled=68:警衛
2026-09-24 18:24:32.264  INFO   decision    mode=traveling behavior=traveling action=traveling target=- reason='return to farm after retreat' status=success (repeat)
2026-09-24 18:24:36.056  INFO   session     Entity shadow: vision=1 {'player': 1} memory=0 {} paired=0 median=0.000
2026-09-24 18:24:40.345  INFO   decision    mode=traveling behavior=traveling action=traveling target=- reason='return to farm after retreat' status=success (repeat)
2026-09-24 18:24:41.158  INFO   session     Entity shadow: vision=1 {'player': 1} memory=0 {} paired=0 median=0.000
2026-09-24 18:24:46.257  INFO   session     Entity shadow: vision=1 {'player': 1} memory=0 {} paired=0 median=0.000
2026-09-24 18:24:48.726  INFO   decision    mode=traveling behavior=traveling action=traveling target=- reason='return to farm after retreat' status=success (repeat)
2026-09-24 18:24:51.395  INFO   session     Entity shadow: vision=2 {'player': 2} memory=1 {'player': 1} paired=1 median=0.019
2026-09-24 18:24:54.705  INFO   decision    mode=traveling behavior=combat action=attack target=617 reason='engage target' status=success
2026-09-24 18:24:56.494  INFO   session     Entity shadow: vision=4 {'item': 1, 'player': 2, 'monster': 1} memory=3 {'monster': 1, 'player': 1, 'item': 1} paired=3 median=0.013
2026-09-24 18:24:58.607  INFO   decision    mode=traveling behavior=loot action=searching target=619 reason='walk onto item' status=success
2026-09-24 18:25:01.747  INFO   session     Entity shadow: vision=9 {'player': 2, 'monster': 4, 'item': 3} memory=7 {'monster': 3, 'player': 1, 'item': 3} paired=7 median=0.017
2026-09-24 18:25:03.720  INFO   decision    mode=traveling behavior=combat action=attack target=621 reason='engage target' status=success
2026-09-24 18:25:05.438  INFO   decision    mode=traveling behavior=loot action=pickup target=619 reason='engage item' status=success
2026-09-24 18:25:05.782  INFO   decision    mode=traveling behavior=loot action=idle target=- reason='pickup settle' status=success
2026-09-24 18:25:06.137  INFO   decision    mode=traveling behavior=loot action=searching target=622 reason='walk onto item' status=success
2026-09-24 18:25:06.767  INFO   session     Entity shadow: vision=7 {'player': 2, 'monster': 4, 'item': 1} memory=7 {'player': 1, 'monster': 4, 'item': 2} paired=5 median=0.026
2026-09-24 18:25:11.474  INFO   decision    mode=traveling behavior=combat action=attack target=628 reason='engage target' status=success
2026-09-24 18:25:12.100  INFO   session     Entity shadow: vision=10 {'player': 2, 'item': 2, 'monster': 6} memory=10 {'monster': 6, 'item': 3, 'player': 1} paired=7 median=0.033 unleveled=12:史萊姆
2026-09-24 18:25:12.720  INFO   decision    mode=traveling behavior=loot action=searching target=631 reason='walk onto item' status=success
2026-09-24 18:25:13.786  INFO   decision    mode=traveling behavior=loot action=pickup target=631 reason='loot target' status=success
2026-09-24 18:25:14.266  INFO   decision    mode=traveling behavior=loot action=idle target=- reason='pickup settle' status=success
2026-09-24 18:25:14.502  INFO   decision    mode=traveling behavior=loot action=searching target=629 reason='walk onto item' status=success
2026-09-24 18:25:17.344  INFO   session     Entity shadow: vision=6 {'player': 2, 'monster': 2, 'item': 2} memory=4 {'monster': 1, 'item': 2, 'player': 1} paired=4 median=0.021
2026-09-24 18:25:18.841  INFO   decision    mode=traveling behavior=loot action=pickup target=629 reason='loot target' status=success
2026-09-24 18:25:19.286  INFO   decision    mode=traveling behavior=loot action=idle target=- reason='pickup settle' status=success
2026-09-24 18:25:19.620  INFO   decision    mode=traveling behavior=loot action=searching target=622 reason='walk onto item' status=success
2026-09-24 18:25:22.504  INFO   session     Entity shadow: vision=7 {'player': 2, 'monster': 4, 'item': 1} memory=5 {'player': 1, 'monster': 3, 'item': 1} paired=4 median=0.043 unleveled=12:史萊姆
2026-09-24 18:25:23.901  INFO   decision    mode=traveling behavior=traveling action=traveling target=- reason='unstick' status=success
2026-09-24 18:25:25.818  INFO   decision    mode=traveling behavior=combat action=attack target=635 reason='engage target' status=success
2026-09-24 18:25:27.665  INFO   session     Entity shadow: vision=8 {'item': 1, 'monster': 5, 'player': 2} memory=6 {'player': 1, 'monster': 4, 'item': 1} paired=6 median=0.032
2026-09-24 18:25:31.776  INFO   decision    mode=retreating behavior=talking_scroll action=use_talking_scroll target=- reason='retreat, 마법서 상인' status=success
2026-09-24 18:25:32.731  INFO   session     Entity shadow: vision=5 {'item': 1, 'monster': 3, 'player': 1} memory=5 {'monster': 4, 'item': 1} paired=4 median=0.022 unleveled=12:史萊姆
2026-09-24 18:25:32.774  INFO   decision    mode=retreating behavior=retreating action=idle target=- reason='retreating, waiting for hp' status=success
2026-09-24 18:25:37.822  INFO   session     Entity shadow: vision=6 {'npc': 2, 'player': 3, 'monster': 1} memory=8 {'monster': 3, 'player': 2, 'npc': 3} paired=3 median=0.029 unleveled=68:警衛,10:警衛
2026-09-24 18:25:41.489  INFO   decision    mode=retreating behavior=retreating action=idle target=- reason='retreating, waiting for hp' status=success (repeat)
2026-09-24 18:25:42.967  INFO   session     Entity shadow: vision=4 {'npc': 2, 'player': 2} memory=7 {'player': 1, 'monster': 3, 'npc': 3} paired=1 median=0.019 unleveled=68:警衛,10:警衛
2026-09-24 18:25:48.105  INFO   session     Entity shadow: vision=4 {'npc': 2, 'player': 2} memory=7 {'player': 1, 'monster': 3, 'npc': 3} paired=1 median=0.014 unleveled=68:警衛,10:警衛
2026-09-24 18:25:50.268  INFO   decision    mode=retreating behavior=retreating action=idle target=- reason='retreating, waiting for hp' status=success (repeat)
2026-09-24 18:25:53.206  INFO   session     Entity shadow: vision=4 {'npc': 2, 'player': 2} memory=7 {'player': 1, 'monster': 3, 'npc': 3} paired=1 median=0.014 unleveled=68:警衛,10:警衛
2026-09-24 18:25:58.387  INFO   session     Entity shadow: vision=4 {'player': 1, 'npc': 2, 'monster': 1} memory=6 {'monster': 3, 'npc': 3} paired=1 median=0.013 unleveled=68:警衛,10:警衛
2026-09-24 18:25:58.727  INFO   decision    mode=retreating behavior=retreating action=idle target=- reason='retreating, waiting for hp' status=success (repeat)
2026-09-24 18:26:03.473  INFO   session     Entity shadow: vision=4 {'player': 1, 'npc': 2, 'monster': 1} memory=6 {'monster': 3, 'npc': 3} paired=1 median=0.014 unleveled=68:警衛,10:警衛
2026-09-24 18:26:06.921  INFO   decision    mode=retreating behavior=retreating action=idle target=- reason='retreating, waiting for hp' status=success (repeat)
2026-09-24 18:26:08.590  INFO   session     Entity shadow: vision=4 {'npc': 2, 'player': 1, 'monster': 1} memory=6 {'monster': 3, 'npc': 3} paired=1 median=0.014 unleveled=68:警衛,10:警衛
2026-09-24 18:26:13.711  INFO   session     Entity shadow: vision=4 {'npc': 2, 'player': 1, 'monster': 1} memory=6 {'monster': 3, 'npc': 3} paired=1 median=0.018 unleveled=68:警衛,10:警衛
2026-09-24 18:26:15.271  INFO   decision    mode=retreating behavior=retreating action=idle target=- reason='retreating, waiting for hp' status=success (repeat)
2026-09-24 18:26:18.316  INFO   decision    mode=traveling behavior=combat action=attack target=648 reason='engage target' status=success
2026-09-24 18:26:18.817  INFO   session     Entity shadow: vision=3 {'npc': 2, 'player': 1} memory=6 {'monster': 3, 'npc': 3} paired=0 median=0.000 unleveled=68:警衛,10:警衛
2026-09-24 18:26:23.853  INFO   session     Entity shadow: vision=4 {'player': 1, 'npc': 1, 'monster': 2} memory=6 {'monster': 4, 'npc': 2} paired=3 median=0.030 unleveled=10:警衛
2026-09-24 18:26:26.645  INFO   decision    mode=traveling behavior=loot action=pickup target=653 reason='engage item' status=success
2026-09-24 18:26:27.002  INFO   decision    mode=traveling behavior=loot action=idle target=- reason='pickup settle' status=success
2026-09-24 18:26:27.483  INFO   decision    mode=traveling behavior=combat action=attack target=651 reason='engage target' status=success
2026-09-24 18:26:28.840  INFO   session     Entity shadow: vision=4 {'player': 1, 'item': 1, 'monster': 2} memory=5 {'item': 1, 'monster': 2, 'npc': 2} paired=3 median=0.034
2026-09-24 18:26:31.405  INFO   decision    mode=traveling behavior=loot action=searching target=653 reason='walk onto item' status=success
2026-09-24 18:26:33.970  INFO   session     Entity shadow: vision=6 {'player': 1, 'item': 3, 'npc': 1, 'monster': 1} memory=6 {'item': 2, 'monster': 2, 'npc': 2} paired=4 median=0.024 unleveled=10:警衛
2026-09-24 18:26:34.590  INFO   decision    mode=traveling behavior=loot action=pickup target=653 reason='loot target' status=success
2026-09-24 18:26:34.942  INFO   decision    mode=traveling behavior=loot action=idle target=- reason='pickup settle' status=success
2026-09-24 18:26:35.317  INFO   decision    mode=traveling behavior=loot action=searching target=655 reason='walk onto item' status=success
2026-09-24 18:26:39.256  INFO   session     Entity shadow: vision=3 {'player': 1, 'item': 1, 'monster': 1} memory=4 {'player': 1, 'monster': 2, 'item': 1} paired=2 median=0.025 unleveled=206:兔子
2026-09-24 18:26:40.420  INFO   decision    mode=traveling behavior=loot action=pickup target=655 reason='loot target' status=success
2026-09-24 18:26:40.797  INFO   decision    mode=traveling behavior=loot action=idle target=- reason='pickup settle' status=success
2026-09-24 18:26:41.146  INFO   decision    mode=traveling behavior=combat action=attack target=652 reason='engage target' status=success
2026-09-24 18:26:44.392  INFO   session     Entity shadow: vision=1 {'player': 1} memory=3 {'monster': 2, 'player': 1} paired=0 median=0.000 unleveled=206:兔子
2026-09-24 18:26:49.459  INFO   session     Entity shadow: vision=4 {'item': 1, 'monster': 1, 'player': 2} memory=3 {'player': 1, 'monster': 1, 'item': 1} paired=3 median=0.013
2026-09-24 18:26:52.483  INFO   decision    mode=traveling behavior=combat action=attack target=660 reason='engage target' status=success
2026-09-24 18:26:54.475  INFO   session     Entity shadow: vision=3 {'monster': 2, 'player': 1} memory=1 {'monster': 1} paired=1 median=0.007
2026-09-24 18:26:54.651  INFO   decision    mode=traveling behavior=traveling action=traveling target=- reason='return to farm after retreat' status=success
2026-09-24 18:26:59.172  INFO   decision    mode=traveling behavior=combat action=attack target=661 reason='engage target' status=success
2026-09-24 18:26:59.641  INFO   session     Entity shadow: vision=2 {'player': 1, 'monster': 1} memory=1 {'monster': 1} paired=1 median=0.013
2026-09-24 18:27:02.043  INFO   decision    mode=traveling behavior=loot action=searching target=664 reason='walk onto item' status=success
2026-09-24 18:27:04.741  INFO   session     Entity shadow: vision=5 {'player': 2, 'item': 1, 'npc': 1, 'monster': 1} memory=6 {'player': 1, 'monster': 1, 'item': 1, 'npc': 3} paired=3 median=0.013 unleveled=10:警衛
2026-09-24 18:27:07.912  INFO   decision    mode=traveling behavior=loot action=pickup target=664 reason='loot target' status=success
2026-09-24 18:27:08.254  INFO   decision    mode=traveling behavior=loot action=idle target=- reason='pickup settle' status=success
2026-09-24 18:27:08.635  INFO   decision    mode=traveling behavior=traveling action=traveling target=- reason='return to farm after retreat' status=success
2026-09-24 18:27:09.523  INFO   decision    mode=traveling behavior=loot action=pickup target=664 reason='engage item' status=success
2026-09-24 18:27:09.849  INFO   session     Entity shadow: vision=4 {'npc': 2, 'monster': 1, 'player': 1} memory=6 {'player': 1, 'monster': 2, 'npc': 3} paired=1 median=0.026 unleveled=68:警衛,10:警衛
2026-09-24 18:27:09.869  INFO   decision    mode=traveling behavior=loot action=idle target=- reason='pickup settle' status=success
2026-09-24 18:27:10.212  INFO   decision    mode=traveling behavior=traveling action=traveling target=- reason='return to farm after retreat' status=success
2026-09-24 18:27:14.950  INFO   session     Entity shadow: vision=1 {'player': 1} memory=2 {'npc': 2} paired=0 median=0.000
2026-09-24 18:27:16.713  INFO   decision    mode=traveling behavior=combat action=attack target=669 reason='engage target' status=success
2026-09-24 18:27:17.439  INFO   decision    mode=traveling behavior=traveling action=traveling target=- reason='return to farm after retreat' status=success
2026-09-24 18:27:17.707  INFO   decision    mode=traveling behavior=combat action=attack target=670 reason='engage target' status=success
2026-09-24 18:27:20.049  INFO   session     Entity shadow: vision=2 {'player': 1, 'monster': 1} memory=1 {'monster': 1} paired=1 median=0.022
2026-09-24 18:27:25.280  INFO   session     Entity shadow: vision=2 {'player': 1, 'monster': 1} memory=1 {'monster': 1} paired=1 median=0.021
2026-09-24 18:27:29.933  INFO   decision    mode=traveling behavior=combat action=attack target=670 reason='attack target' status=success (repeat)
2026-09-24 18:27:30.192  INFO   decision    mode=traveling behavior=traveling action=traveling target=- reason='return to farm after retreat' status=success
2026-09-24 18:27:30.361  INFO   session     Entity shadow: vision=1 {'player': 1} memory=0 {} paired=0 median=0.000
2026-09-24 18:27:35.516  INFO   session     Entity shadow: vision=1 {'player': 1} memory=0 {} paired=0 median=0.000
2026-09-24 18:27:38.500  INFO   decision    mode=traveling behavior=traveling action=traveling target=- reason='return to farm after retreat' status=success (repeat)
2026-09-24 18:27:40.637  INFO   session     Entity shadow: vision=1 {'player': 1} memory=0 {} paired=0 median=0.000
2026-09-24 18:27:45.691  INFO   session     Entity shadow: vision=1 {'player': 1} memory=0 {} paired=0 median=0.000
2026-09-24 18:27:46.793  INFO   decision    mode=traveling behavior=traveling action=traveling target=- reason='return to farm after retreat' status=success (repeat)
2026-09-24 18:27:50.691  INFO   session     Entity shadow: vision=1 {'monster': 1} memory=1 {'monster': 1} paired=0 median=0.000 unleveled=189:鹿
2026-09-24 18:27:55.254  INFO   decision    mode=traveling behavior=traveling action=traveling target=- reason='return to farm after retreat' status=success (repeat)
2026-09-24 18:27:55.763  INFO   session     Entity shadow: vision=1 {'player': 1} memory=3 {'monster': 3} paired=0 median=0.000 unleveled=208:兔子,207:兔子,189:鹿
2026-09-24 18:28:00.831  INFO   session     Entity shadow: vision=1 {'player': 1} memory=1 {'monster': 1} paired=0 median=0.000 unleveled=189:鹿
2026-09-24 18:28:04.745  INFO   decision    mode=traveling behavior=traveling action=traveling target=- reason='return to farm after retreat' status=success (repeat)
2026-09-24 18:28:05.838  INFO   session     Entity shadow: vision=1 {'player': 1} memory=3 {'monster': 3} paired=0 median=0.000 unleveled=14:青蛙,189:鹿,208:兔子
2026-09-24 18:28:11.014  INFO   session     Entity shadow: vision=2 {'player': 1, 'npc': 1} memory=2 {'monster': 1, 'npc': 1} paired=1 median=0.025 unleveled=14:青蛙
2026-09-24 18:28:13.845  INFO   decision    mode=traveling behavior=traveling action=traveling target=- reason='return to farm after retreat' status=success (repeat)
2026-09-24 18:28:16.021  INFO   session     Entity shadow: vision=3 {'npc': 2, 'player': 1} memory=3 {'monster': 2, 'npc': 1} paired=1 median=0.032 unleveled=10:警衛,189:鹿
2026-09-24 18:28:21.073  INFO   session     Entity shadow: vision=6 {'player': 1, 'npc': 4, 'monster': 1} memory=4 {'monster': 3, 'npc': 1} paired=1 median=0.037 unleveled=68:警衛,189:鹿,10:警衛
2026-09-24 18:28:23.332  INFO   decision    mode=traveling behavior=traveling action=traveling target=- reason='return to farm after retreat' status=success (repeat)
2026-09-24 18:28:24.656  INFO   decision    mode=traveling behavior=combat action=attack target=682 reason='engage target' status=success
2026-09-24 18:28:25.558  INFO   decision    mode=traveling behavior=traveling action=traveling target=- reason='return to farm after retreat' status=success
2026-09-24 18:28:26.130  INFO   session     Entity shadow: vision=4 {'player': 1, 'npc': 3} memory=4 {'monster': 3, 'npc': 1} paired=1 median=0.065 unleveled=189:鹿,10:警衛
2026-09-24 18:28:31.150  INFO   session     Entity shadow: vision=2 {'player': 1, 'npc': 1} memory=1 {'monster': 1} paired=0 median=0.000 unleveled=189:鹿
2026-09-24 18:28:34.946  INFO   decision    mode=traveling behavior=traveling action=traveling target=- reason='return to farm after retreat' status=success (repeat)
2026-09-24 18:28:36.340  INFO   session     Entity shadow: vision=1 {'player': 1} memory=0 {} paired=0 median=0.000
2026-09-24 18:28:41.371  INFO   session     Entity shadow: vision=2 {'player': 1, 'monster': 1} memory=1 {'monster': 1} paired=0 median=0.000 unleveled=10:警衛
2026-09-24 18:28:42.031  INFO   decision    mode=traveling behavior=combat action=attack target=684 reason='engage target' status=success
2026-09-24 18:28:44.204  INFO   decision    mode=traveling behavior=loot action=searching target=685 reason='walk onto item' status=success
2026-09-24 18:28:46.527  INFO   session     Entity shadow: vision=6 {'player': 1, 'npc': 4, 'item': 1} memory=5 {'monster': 4, 'item': 1} paired=1 median=0.008 unleveled=10:警衛,68:警衛
2026-09-24 18:28:48.971  INFO   decision    mode=traveling behavior=loot action=pickup target=685 reason='loot target' status=success
2026-09-24 18:28:49.392  INFO   decision    mode=traveling behavior=loot action=idle target=- reason='pickup settle' status=success
2026-09-24 18:28:49.800  INFO   decision    mode=traveling behavior=traveling action=traveling target=- reason='return to farm after retreat' status=success
2026-09-24 18:28:51.565  INFO   session     Entity shadow: vision=4 {'npc': 3, 'player': 1} memory=4 {'monster': 4} paired=0 median=0.000 unleveled=10:警衛,68:警衛
2026-09-24 18:28:56.604  INFO   session     Entity shadow: vision=3 {'player': 1, 'npc': 2} memory=3 {'monster': 3} paired=0 median=0.000 unleveled=10:警衛,68:警衛
2026-09-24 18:28:58.690  INFO   decision    mode=traveling behavior=traveling action=traveling target=- reason='return to farm after retreat' status=success (repeat)
2026-09-24 18:29:01.639  INFO   session     Entity shadow: vision=3 {'player': 2, 'npc': 1} memory=4 {'monster': 3, 'player': 1} paired=1 median=0.033 unleveled=208:兔子,10:警衛,68:警衛
2026-09-24 18:29:06.716  INFO   session     Entity shadow: vision=3 {'player': 2, 'npc': 1} memory=29 {'monster': 3, 'player': 24, 'npc': 2} paired=1 median=0.039 unleveled=208:兔子,10:警衛,68:警衛
2026-09-24 18:29:07.982  INFO   decision    mode=traveling behavior=traveling action=traveling target=- reason='return to farm after retreat' status=success (repeat)
2026-09-24 18:29:11.868  INFO   session     Entity shadow: vision=2 {'monster': 1, 'npc': 1} memory=25 {'monster': 1, 'npc': 3, 'player': 21} paired=0 median=0.000 unleveled=208:兔子
2026-09-24 18:29:16.939  INFO   session     Entity shadow: vision=2 {'monster': 1, 'player': 1} memory=1 {'player': 1} paired=1 median=0.029
2026-09-24 18:29:16.960  INFO   decision    mode=traveling behavior=traveling action=traveling target=- reason='return to farm after retreat' status=success (repeat)
2026-09-24 18:29:21.992  INFO   session     Entity shadow: vision=3 {'player': 3} memory=4 {'monster': 1, 'player': 3} paired=2 median=0.035 unleveled=68:警衛
2026-09-24 18:29:25.717  INFO   decision    mode=traveling behavior=traveling action=traveling target=- reason='return to farm after retreat' status=success (repeat)
2026-09-24 18:29:27.169  INFO   session     Entity shadow: vision=5 {'player': 4, 'npc': 1} memory=5 {'monster': 2, 'player': 3} paired=3 median=0.039 unleveled=10:警衛,68:警衛
2026-09-24 18:29:31.178  INFO   decision    mode=traveling behavior=combat action=attack target=727 reason='engage target' status=success
2026-09-24 18:29:32.288  INFO   session     Entity shadow: vision=3 {'player': 1, 'npc': 1, 'monster': 1} memory=2 {'monster': 2} paired=1 median=0.004 unleveled=68:警衛
2026-09-24 18:29:37.322  INFO   session     Entity shadow: vision=3 {'player': 1, 'npc': 1, 'monster': 1} memory=2 {'monster': 2} paired=1 median=0.015 unleveled=68:警衛
2026-09-24 18:29:42.378  INFO   session     Entity shadow: vision=3 {'npc': 1, 'monster': 1, 'player': 1} memory=2 {'monster': 2} paired=1 median=0.030 unleveled=68:警衛
2026-09-24 18:29:42.615  INFO   decision    mode=traveling behavior=combat action=attack target=727 reason='attack target' status=success (repeat)
2026-09-24 18:29:47.434  INFO   session     Entity shadow: vision=3 {'player': 1, 'npc': 1, 'monster': 1} memory=2 {'monster': 2} paired=1 median=0.013 unleveled=68:警衛
2026-09-24 18:29:52.456  INFO   session     Entity shadow: vision=3 {'player': 1, 'npc': 1, 'monster': 1} memory=2 {'monster': 2} paired=1 median=0.011 unleveled=68:警衛
2026-09-24 18:29:54.181  INFO   decision    mode=traveling behavior=combat action=attack target=727 reason='attack target' status=success (repeat)
2026-09-24 18:29:57.620  INFO   session     Entity shadow: vision=3 {'player': 1, 'npc': 1, 'monster': 1} memory=2 {'monster': 2} paired=1 median=0.016 unleveled=68:警衛
2026-09-24 18:30:02.790  INFO   session     Entity shadow: vision=3 {'player': 1, 'monster': 1, 'npc': 1} memory=2 {'monster': 2} paired=1 median=0.031 unleveled=68:警衛
2026-09-24 18:30:06.503  INFO   decision    mode=traveling behavior=combat action=attack target=727 reason='attack target' status=success (repeat)
2026-09-24 18:30:07.834  INFO   session     Entity shadow: vision=4 {'player': 1, 'npc': 2, 'monster': 1} memory=2 {'monster': 2} paired=1 median=0.011 unleveled=68:警衛
2026-09-24 18:30:10.245  INFO   decision    mode=traveling behavior=loot action=searching target=728 reason='walk onto item' status=success
2026-09-24 18:30:13.037  INFO   session     Entity shadow: vision=3 {'player': 2, 'item': 1} memory=2 {'player': 1, 'item': 1} paired=2 median=0.027
2026-09-24 18:30:15.661  INFO   decision    mode=traveling behavior=loot action=pickup target=728 reason='loot target' status=success
2026-09-24 18:30:16.059  INFO   decision    mode=traveling behavior=loot action=idle target=- reason='pickup settle' status=success
2026-09-24 18:30:16.367  INFO   decision    mode=traveling behavior=combat action=attack target=730 reason='engage target' status=success
2026-09-24 18:30:18.094  INFO   session     Entity shadow: vision=3 {'monster': 1, 'item': 1, 'player': 1} memory=2 {'monster': 1, 'player': 1} paired=2 median=0.043
2026-09-24 18:30:23.334  INFO   session     Entity shadow: vision=3 {'monster': 1, 'player': 2} memory=2 {'monster': 1, 'player': 1} paired=2 median=0.028
2026-09-24 18:30:24.538  INFO   decision    mode=traveling behavior=traveling action=traveling target=- reason='return to farm after retreat' status=success
2026-09-24 18:30:28.346  INFO   session     Entity shadow: vision=2 {'player': 2} memory=1 {'player': 1} paired=1 median=0.060
2026-09-24 18:30:32.318  INFO   decision    mode=traveling behavior=combat action=attack target=731 reason='engage target' status=success
2026-09-24 18:30:33.492  INFO   session     Entity shadow: vision=1 {'player': 1} memory=1 {'item': 1} paired=0 median=0.000
2026-09-24 18:30:33.511  INFO   decision    mode=traveling behavior=loot action=searching target=732 reason='walk onto item' status=success
2026-09-24 18:30:38.650  INFO   session     Entity shadow: vision=3 {'player': 2, 'monster': 1} memory=4 {'monster': 2, 'player': 1, 'item': 1} paired=2 median=0.059
2026-09-24 18:30:39.317  INFO   decision    mode=traveling behavior=combat action=attack target=733 reason='engage target' status=success
2026-09-24 18:30:41.501  INFO   decision    mode=traveling behavior=traveling action=traveling target=- reason='return to farm after retreat' status=success
2026-09-24 18:30:41.950  INFO   decision    mode=traveling behavior=combat action=attack target=736 reason='engage target' status=success
2026-09-24 18:30:43.798  INFO   session     Entity shadow: vision=4 {'player': 2, 'monster': 1, 'item': 1} memory=4 {'monster': 2, 'item': 1, 'player': 1} paired=3 median=0.039
2026-09-24 18:30:48.822  INFO   session     Entity shadow: vision=4 {'monster': 2, 'player': 2} memory=4 {'player': 1, 'monster': 2, 'item': 1} paired=3 median=0.022
2026-09-24 18:30:50.368  INFO   decision    mode=traveling behavior=loot action=pickup target=738 reason='engage item' status=success
2026-09-24 18:30:50.702  INFO   decision    mode=traveling behavior=loot action=idle target=- reason='pickup settle' status=success
2026-09-24 18:30:51.126  INFO   decision    mode=traveling behavior=traveling action=traveling target=- reason='return to farm after retreat' status=success
2026-09-24 18:30:53.950  INFO   session     Entity shadow: vision=3 {'player': 2, 'monster': 1} memory=2 {'player': 1, 'monster': 1} paired=2 median=0.014
2026-09-24 18:30:58.957  INFO   session     Entity shadow: vision=3 {'player': 2, 'monster': 1} memory=2 {'player': 1, 'monster': 1} paired=2 median=0.023
2026-09-24 18:30:59.876  INFO   decision    mode=traveling behavior=loot action=searching target=739 reason='walk onto item' status=success
2026-09-24 18:31:04.245  INFO   session     Entity shadow: vision=5 {'player': 5} memory=3 {'player': 2, 'item': 1} paired=2 median=0.032
2026-09-24 18:31:05.481  INFO   decision    mode=traveling behavior=loot action=pickup target=739 reason='loot target' status=success
2026-09-24 18:31:05.871  INFO   decision    mode=traveling behavior=loot action=idle target=- reason='pickup settle' status=success
2026-09-24 18:31:06.246  INFO   decision    mode=traveling behavior=traveling action=traveling target=- reason='return to farm after retreat' status=success
2026-09-24 18:31:09.321  INFO   session     Entity shadow: vision=3 {'player': 3} memory=2 {'player': 2} paired=2 median=0.050
2026-09-24 18:31:14.387  INFO   session     Entity shadow: vision=1 {'player': 1} memory=2 {'player': 1, 'monster': 1} paired=0 median=0.000 unleveled=12:史萊姆
2026-09-24 18:31:15.190  INFO   decision    mode=traveling behavior=traveling action=traveling target=- reason='return to farm after retreat' status=success (repeat)
2026-09-24 18:31:19.503  INFO   session     Entity shadow: vision=2 {'player': 2} memory=2 {'player': 1, 'monster': 1} paired=1 median=0.035 unleveled=12:史萊姆
2026-09-24 18:31:23.749  INFO   decision    mode=traveling behavior=traveling action=traveling target=- reason='return to farm after retreat' status=success (repeat)
2026-09-24 18:31:24.541  INFO   session     Entity shadow: vision=2 {'player': 2} memory=0 {} paired=0 median=0.000
2026-09-24 18:31:29.663  INFO   session     Entity shadow: vision=2 {'player': 2} memory=2 {'monster': 1, 'player': 1} paired=1 median=0.013 unleveled=12:史萊姆
2026-09-24 18:31:32.515  INFO   decision    mode=traveling behavior=traveling action=traveling target=- reason='return to farm after retreat' status=success (repeat)
2026-09-24 18:31:32.675  INFO   decision    mode=traveling behavior=combat action=attack target=747 reason='engage target' status=success
2026-09-24 18:31:34.767  INFO   session     Entity shadow: vision=2 {'player': 2} memory=2 {'monster': 1, 'player': 1} paired=1 median=0.034
2026-09-24 18:31:36.405  INFO   decision    mode=traveling behavior=traveling action=traveling target=- reason='unstick' status=success
2026-09-24 18:31:39.939  INFO   session     Entity shadow: vision=2 {'player': 2} memory=2 {'player': 1, 'monster': 1} paired=1 median=0.001
2026-09-24 18:31:40.780  INFO   decision    mode=farming behavior=search action=searching target=- reason='search area' status=success
2026-09-24 18:31:44.990  INFO   session     Entity shadow: vision=2 {'player': 1, 'monster': 1} memory=2 {'monster': 2} paired=1 median=0.025 unleveled=12:史萊姆
2026-09-24 18:31:46.042  INFO   decision    mode=farming behavior=combat action=attack target=750 reason='engage target' status=success
2026-09-24 18:31:50.229  INFO   session     Entity shadow: vision=3 {'monster': 2, 'player': 1} memory=3 {'monster': 3} paired=2 median=0.052 unleveled=12:史萊姆
2026-09-24 18:31:54.671  INFO   decision    mode=farming behavior=loot action=pickup target=752 reason='engage item' status=success
2026-09-24 18:31:55.025  INFO   decision    mode=farming behavior=loot action=idle target=- reason='pickup settle' status=success
2026-09-24 18:31:55.338  INFO   session     Entity shadow: vision=6 {'monster': 4, 'player': 1, 'item': 1} memory=5 {'monster': 3, 'item': 1, 'player': 1} paired=4 median=0.009
2026-09-24 18:31:55.389  INFO   decision    mode=farming behavior=search action=searching target=- reason='search area' status=success
2026-09-24 18:31:56.561  INFO   decision    mode=farming behavior=loot action=pickup target=752 reason='engage item' status=success
2026-09-24 18:31:56.889  INFO   decision    mode=farming behavior=loot action=idle target=- reason='pickup settle' status=success
2026-09-24 18:31:57.362  INFO   decision    mode=farming behavior=search action=searching target=- reason='search area' status=success
2026-09-24 18:31:57.964  INFO   decision    mode=farming behavior=combat action=attack target=755 reason='engage target' status=success
2026-09-24 18:32:00.434  INFO   session     Entity shadow: vision=4 {'monster': 3, 'player': 1} memory=8 {'monster': 7, 'player': 1} paired=2 median=0.018 unleveled=12:史萊姆
2026-09-24 18:32:01.485  INFO   decision    mode=farming behavior=loot action=searching target=760 reason='walk onto item' status=success
2026-09-24 18:32:05.581  INFO   session     Entity shadow: vision=5 {'player': 2, 'monster': 3} memory=7 {'monster': 4, 'player': 1, 'item': 2} paired=3 median=0.013 unleveled=12:史萊姆
2026-09-24 18:32:09.240  INFO   decision    mode=farming behavior=combat action=attack target=756 reason='engage target' status=success
2026-09-24 18:32:10.597  INFO   session     Entity shadow: vision=6 {'monster': 4, 'player': 2} memory=8 {'monster': 5, 'item': 2, 'player': 1} paired=5 median=0.016 unleveled=12:史萊姆
2026-09-24 18:32:15.623  INFO   decision    mode=farming behavior=loot action=pickup target=763 reason='engage item' status=success
2026-09-24 18:32:15.958  INFO   session     Entity shadow: vision=3 {'monster': 1, 'player': 2} memory=5 {'monster': 3, 'item': 1, 'player': 1} paired=2 median=0.024 unleveled=12:史萊姆
2026-09-24 18:32:15.980  INFO   decision    mode=farming behavior=loot action=idle target=- reason='pickup settle' status=success
2026-09-24 18:32:16.326  INFO   decision    mode=farming behavior=combat action=attack target=762 reason='engage target' status=success
2026-09-24 18:32:20.213  INFO   decision    mode=farming behavior=loot action=searching target=764 reason='walk onto item' status=success
2026-09-24 18:32:21.030  INFO   session     Entity shadow: vision=3 {'item': 1, 'player': 2} memory=4 {'monster': 2, 'item': 1, 'player': 1} paired=2 median=0.018 unleveled=12:史萊姆
2026-09-24 18:32:24.390  INFO   decision    mode=farming behavior=loot action=pickup target=764 reason='loot target' status=success
2026-09-24 18:32:24.801  INFO   decision    mode=farming behavior=loot action=idle target=- reason='pickup settle' status=success
2026-09-24 18:32:25.124  INFO   decision    mode=farming behavior=search action=searching target=- reason='search area' status=success
2026-09-24 18:32:26.123  INFO   session     Entity shadow: vision=3 {'player': 1, 'monster': 2} memory=4 {'player': 1, 'monster': 3} paired=1 median=0.046 unleveled=12:史萊姆
2026-09-24 18:32:26.947  INFO   decision    mode=farming behavior=combat action=attack target=766 reason='engage target' status=success
2026-09-24 18:32:31.308  INFO   session     Entity shadow: vision=6 {'item': 1, 'monster': 4, 'player': 1} memory=9 {'monster': 8, 'item': 1} paired=4 median=0.040 unleveled=12:史萊姆
2026-09-24 18:32:32.496  INFO   decision    mode=farming behavior=combat action=attack target=767 reason='attack target' status=success
2026-09-24 18:32:33.376  INFO   decision    mode=retreating behavior=talking_scroll action=use_talking_scroll target=- reason='retreat, 허수아비 수련장' status=success
2026-09-24 18:32:34.338  INFO   decision    mode=retreating behavior=retreating action=idle target=- reason='retreating, waiting for hp' status=success
2026-09-24 18:32:36.515  INFO   session     Entity shadow: vision=10 {'monster': 7, 'player': 3} memory=9 {'monster': 8, 'player': 1} paired=7 median=0.019 unleveled=12:史萊姆
2026-09-24 18:32:38.475  INFO   decision    mode=retreating behavior=survival_potion action=use_hp_potion target=- reason='critical hp, cannot heal' status=success
2026-09-24 18:32:41.437  INFO   decision    mode=retreating behavior=? action=idle target=- reason='waiting for respawn' status=success
2026-09-24 18:32:41.675  INFO   session     Entity shadow: vision=8 {'monster': 5, 'player': 2, 'item': 1} memory=9 {'monster': 8, 'player': 1} paired=5 median=0.043 unleveled=12:史萊姆
2026-09-24 18:32:43.625  INFO   decision    mode=retreating behavior=respawn action=respawn target=- reason='death confirmed, restart' status=success
2026-09-24 18:32:43.921  INFO   decision    mode=retreating behavior=? action=idle target=- reason='waiting for respawn' status=success
2026-09-24 18:32:45.093  INFO   decision    mode=retreating behavior=survival_potion action=use_hp_potion target=- reason='critical hp, cannot heal' status=success
2026-09-24 18:32:46.584  INFO   decision    mode=retreating behavior=retreating action=idle target=- reason='retreating, waiting for hp' status=success
2026-09-24 18:32:46.759  INFO   session     Entity shadow: vision=23 {'monster': 1, 'npc': 1, 'player': 21} memory=51 {'player': 46, 'npc': 5} paired=21 median=0.027
2026-09-24 18:32:51.798  INFO   session     Entity shadow: vision=19 {'player': 19} memory=48 {'npc': 5, 'player': 43} paired=17 median=0.046
2026-09-24 18:32:56.898  INFO   session     Entity shadow: vision=16 {'player': 14, 'monster': 1, 'npc': 1} memory=48 {'player': 42, 'npc': 6} paired=14 median=0.026
2026-09-24 18:32:57.597  INFO   decision    mode=retreating behavior=retreating action=idle target=- reason='retreating, waiting for hp' status=success (repeat)
2026-09-24 18:33:02.041  INFO   session     Entity shadow: vision=14 {'monster': 1, 'player': 13} memory=49 {'monster': 1, 'player': 42, 'npc': 6} paired=12 median=0.027 unleveled=14:青蛙
2026-09-24 18:33:07.055  INFO   session     Entity shadow: vision=19 {'player': 16, 'monster': 3} memory=50 {'player': 43, 'monster': 1, 'npc': 6} paired=15 median=0.026 unleveled=14:青蛙
2026-09-24 18:33:08.436  INFO   decision    mode=retreating behavior=retreating action=idle target=- reason='retreating, waiting for hp' status=success (repeat)
2026-09-24 18:33:12.088  INFO   session     Entity shadow: vision=20 {'player': 15, 'npc': 2, 'monster': 3} memory=52 {'npc': 6, 'player': 46} paired=15 median=0.028
2026-09-24 18:33:17.179  INFO   session     Entity shadow: vision=19 {'player': 15, 'npc': 2, 'monster': 2} memory=56 {'npc': 6, 'player': 50} paired=15 median=0.028
2026-09-24 18:33:19.307  INFO   decision    mode=retreating behavior=retreating action=idle target=- reason='retreating, waiting for hp' status=success (repeat)
2026-09-24 18:33:21.717  INFO   decision    mode=farming behavior=talking_scroll action=use_talking_scroll target=- reason='respawn, 마법서 상인' status=success
2026-09-24 18:33:22.662  INFO   session     Entity shadow: vision=19 {'player': 16, 'monster': 2, 'npc': 1} memory=54 {'player': 48, 'npc': 6} paired=15 median=0.027
2026-09-24 18:33:22.735  INFO   decision    mode=traveling behavior=traveling action=traveling target=- reason='enter farm area' status=success
2026-09-24 18:33:23.815  INFO   decision    mode=traveling behavior=combat action=attack target=848 reason='engage target' status=success
2026-09-24 18:33:27.765  INFO   session     Entity shadow: vision=4 {'npc': 2, 'player': 1, 'monster': 1} memory=7 {'monster': 4, 'npc': 3} paired=1 median=0.019 unleveled=68:警衛,10:警衛
2026-09-24 18:33:29.991  INFO   decision    mode=retreating behavior=talking_scroll action=use_talking_scroll target=- reason='retreat, 펫 관리인' status=success
2026-09-24 18:33:30.869  INFO   decision    mode=retreating behavior=retreating action=idle target=- reason='retreating, waiting for hp' status=success
2026-09-24 18:33:31.914  INFO   decision    mode=retreating behavior=loot action=pickup target=856 reason='engage item' status=success
2026-09-24 18:33:32.263  INFO   decision    mode=retreating behavior=loot action=idle target=- reason='pickup settle' status=success
2026-09-24 18:33:32.683  INFO   decision    mode=retreating behavior=retreating action=idle target=- reason='retreating, waiting for hp' status=success
2026-09-24 18:33:32.877  INFO   session     Entity shadow: vision=4 {'player': 1, 'item': 1, 'npc': 1, 'monster': 1} memory=4 {'player': 1, 'item': 1, 'npc': 1, 'monster': 1} paired=3 median=0.007
2026-09-24 18:33:33.605  INFO   decision    mode=retreating behavior=loot action=pickup target=856 reason='engage item' status=success
2026-09-24 18:33:33.976  INFO   decision    mode=retreating behavior=loot action=idle target=- reason='pickup settle' status=success
2026-09-24 18:33:34.424  INFO   decision    mode=retreating behavior=retreating action=idle target=- reason='retreating, waiting for hp' status=success
2026-09-24 18:33:35.062  INFO   decision    mode=retreating behavior=loot action=pickup target=856 reason='engage item' status=success
2026-09-24 18:33:35.431  INFO   decision    mode=retreating behavior=loot action=idle target=- reason='pickup settle' status=success
2026-09-24 18:33:35.795  INFO   decision    mode=retreating behavior=retreating action=idle target=- reason='retreating, waiting for hp' status=success
2026-09-24 18:33:37.962  INFO   session     Entity shadow: vision=4 {'monster': 1, 'npc': 1, 'player': 2} memory=3 {'player': 1, 'npc': 1, 'monster': 1} paired=3 median=0.015
2026-09-24 18:33:43.138  INFO   session     Entity shadow: vision=3 {'monster': 1, 'player': 1, 'npc': 1} memory=2 {'npc': 1, 'monster': 1} paired=2 median=0.014
2026-09-24 18:33:43.591  INFO   decision    mode=retreating behavior=retreating action=idle target=- reason='retreating, waiting for hp' status=success (repeat)
2026-09-24 18:33:48.295  INFO   session     Entity shadow: vision=2 {'player': 1, 'npc': 1} memory=2 {'npc': 1, 'monster': 1} paired=1 median=0.007
2026-09-24 18:33:51.315  INFO   decision    mode=retreating behavior=retreating action=idle target=- reason='retreating, waiting for hp' status=success (repeat)
2026-09-24 18:33:53.336  INFO   session     Entity shadow: vision=2 {'player': 1, 'npc': 1} memory=2 {'npc': 1, 'monster': 1} paired=1 median=0.005
2026-09-24 18:33:58.383  INFO   session     Entity shadow: vision=3 {'npc': 1, 'player': 2} memory=3 {'player': 1, 'npc': 1, 'monster': 1} paired=2 median=0.008
2026-09-24 18:33:59.194  INFO   decision    mode=retreating behavior=retreating action=idle target=- reason='retreating, waiting for hp' status=success (repeat)
2026-09-24 18:34:03.509  INFO   session     Entity shadow: vision=4 {'npc': 1, 'player': 3} memory=3 {'player': 1, 'npc': 1, 'monster': 1} paired=2 median=0.038
2026-09-24 18:34:07.038  INFO   decision    mode=retreating behavior=retreating action=idle target=- reason='retreating, waiting for hp' status=success (repeat)
2026-09-24 18:34:08.565  INFO   session     Entity shadow: vision=3 {'npc': 1, 'player': 1, 'monster': 1} memory=2 {'npc': 1, 'monster': 1} paired=2 median=0.015
2026-09-24 18:34:13.661  INFO   session     Entity shadow: vision=3 {'npc': 1, 'player': 1, 'monster': 1} memory=2 {'npc': 1, 'monster': 1} paired=2 median=0.014
2026-09-24 18:34:14.686  INFO   decision    mode=retreating behavior=retreating action=idle target=- reason='retreating, waiting for hp' status=success (repeat)
2026-09-24 18:34:18.766  INFO   session     Entity shadow: vision=3 {'monster': 1, 'player': 1, 'npc': 1} memory=2 {'npc': 1, 'monster': 1} paired=2 median=0.014
2026-09-24 18:34:22.308  INFO   decision    mode=retreating behavior=retreating action=idle target=- reason='retreating, waiting for hp' status=success (repeat)
2026-09-24 18:34:23.850  INFO   session     Entity shadow: vision=3 {'player': 1, 'npc': 1, 'monster': 1} memory=2 {'npc': 1, 'monster': 1} paired=2 median=0.015
2026-09-24 18:34:29.006  INFO   session     Entity shadow: vision=3 {'monster': 1, 'player': 1, 'npc': 1} memory=3 {'monster': 2, 'npc': 1} paired=2 median=0.015 unleveled=206:兔子
2026-09-24 18:34:30.188  INFO   decision    mode=retreating behavior=retreating action=idle target=- reason='retreating, waiting for hp' status=success (repeat)
2026-09-24 18:34:34.124  INFO   session     Entity shadow: vision=3 {'monster': 1, 'npc': 1, 'player': 1} memory=3 {'monster': 2, 'npc': 1} paired=2 median=0.015 unleveled=206:兔子
2026-09-24 18:34:38.054  INFO   decision    mode=retreating behavior=retreating action=idle target=- reason='retreating, waiting for hp' status=success (repeat)
2026-09-24 18:34:39.165  INFO   session     Entity shadow: vision=3 {'player': 1, 'npc': 1, 'monster': 1} memory=4 {'monster': 3, 'npc': 1} paired=2 median=0.014 unleveled=206:兔子
2026-09-24 18:34:44.246  INFO   session     Entity shadow: vision=2 {'player': 1, 'npc': 1} memory=4 {'monster': 3, 'npc': 1} paired=1 median=0.005 unleveled=206:兔子
2026-09-24 18:34:46.041  INFO   decision    mode=retreating behavior=retreating action=idle target=- reason='retreating, waiting for hp' status=success (repeat)
2026-09-24 18:34:49.382  INFO   session     Entity shadow: vision=2 {'player': 1, 'npc': 1} memory=3 {'monster': 2, 'npc': 1} paired=1 median=0.006
2026-09-24 18:34:51.821  INFO   decision    mode=traveling behavior=combat action=attack target=862 reason='engage target' status=success
2026-09-24 18:34:54.590  INFO   session     Entity shadow: vision=3 {'monster': 1, 'npc': 1, 'player': 1} memory=4 {'monster': 3, 'npc': 1} paired=2 median=0.018 unleveled=206:兔子
2026-09-24 18:34:56.851  INFO   decision    mode=traveling behavior=loot action=searching target=864 reason='walk onto item' status=success
2026-09-24 18:34:59.013  INFO   decision    mode=traveling behavior=loot action=pickup target=864 reason='loot target' status=success
2026-09-24 18:34:59.434  INFO   decision    mode=traveling behavior=loot action=idle target=- reason='pickup settle' status=success
2026-09-24 18:34:59.737  INFO   session     Entity shadow: vision=4 {'monster': 1, 'item': 1, 'player': 1, 'npc': 1} memory=5 {'monster': 3, 'item': 1, 'npc': 1} paired=3 median=0.021 unleveled=14:青蛙,206:兔子
2026-09-24 18:34:59.771  INFO   decision    mode=traveling behavior=traveling action=traveling target=- reason='return to farm after retreat' status=success
2026-09-24 18:35:04.876  INFO   session     Entity shadow: vision=4 {'monster': 2, 'player': 1, 'npc': 1} memory=4 {'monster': 3, 'npc': 1} paired=3 median=0.018 unleveled=206:兔子
2026-09-24 18:35:07.546  INFO   decision    mode=traveling behavior=combat action=attack target=868 reason='engage target' status=success
2026-09-24 18:35:08.571  INFO   decision    mode=traveling behavior=loot action=searching target=869 reason='walk onto item' status=success
2026-09-24 18:35:09.912  INFO   session     Entity shadow: vision=5 {'player': 1, 'npc': 1, 'monster': 2, 'item': 1} memory=5 {'item': 1, 'monster': 3, 'npc': 1} paired=4 median=0.086
2026-09-24 18:35:13.249  INFO   decision    mode=traveling behavior=loot action=pickup target=869 reason='loot target' status=success
2026-09-24 18:35:13.605  INFO   decision    mode=traveling behavior=loot action=idle target=- reason='pickup settle' status=success
2026-09-24 18:35:13.949  INFO   decision    mode=traveling behavior=traveling action=traveling target=- reason='return to farm after retreat' status=success
2026-09-24 18:35:15.008  INFO   session     Entity shadow: vision=4 {'monster': 2, 'player': 1, 'npc': 1} memory=4 {'monster': 3, 'npc': 1} paired=3 median=0.101
2026-09-24 18:35:20.159  INFO   session     Entity shadow: vision=2 {'player': 2} memory=0 {} paired=0 median=0.000
2026-09-24 18:35:22.492  INFO   decision    mode=traveling behavior=traveling action=traveling target=- reason='return to farm after retreat' status=success (repeat)
2026-09-24 18:35:25.057  INFO   decision    mode=traveling behavior=combat action=attack target=871 reason='engage target' status=success
2026-09-24 18:35:25.514  INFO   session     Entity shadow: vision=2 {'player': 1, 'monster': 1} memory=2 {'monster': 2} paired=1 median=0.005 unleveled=14:青蛙
2026-09-24 18:35:27.095  INFO   decision    mode=traveling behavior=loot action=searching target=872 reason='walk onto item' status=success
2026-09-24 18:35:30.580  INFO   session     Entity shadow: vision=4 {'player': 1, 'item': 1, 'monster': 2} memory=4 {'monster': 3, 'item': 1} paired=3 median=0.014 unleveled=14:青蛙
2026-09-24 18:35:31.459  INFO   decision    mode=traveling behavior=combat action=attack target=874 reason='engage target' status=success
2026-09-24 18:35:35.775  INFO   session     Entity shadow: vision=5 {'player': 1, 'item': 2, 'monster': 2} memory=3 {'monster': 1, 'item': 2} paired=3 median=0.030
2026-09-24 18:35:35.800  INFO   decision    mode=traveling behavior=combat action=attack target=873 reason='engage target' status=success
2026-09-24 18:35:36.917  INFO   decision    mode=traveling behavior=loot action=pickup target=875 reason='engage item' status=success
2026-09-24 18:35:37.234  INFO   decision    mode=traveling behavior=loot action=idle target=- reason='pickup settle' status=success
2026-09-24 18:35:37.685  INFO   decision    mode=traveling behavior=loot action=searching target=872 reason='walk onto item' status=success
2026-09-24 18:35:39.473  INFO   decision    mode=traveling behavior=loot action=pickup target=872 reason='loot target' status=success
2026-09-24 18:35:39.829  INFO   decision    mode=traveling behavior=loot action=idle target=- reason='pickup settle' status=success
2026-09-24 18:35:40.309  INFO   decision    mode=traveling behavior=traveling action=traveling target=- reason='return to farm after retreat' status=success
2026-09-24 18:35:40.877  INFO   session     Entity shadow: vision=1 {'player': 1} memory=0 {} paired=0 median=0.000
2026-09-24 18:35:46.022  INFO   session     Entity shadow: vision=1 {'player': 1} memory=0 {} paired=0 median=0.000
2026-09-24 18:35:48.039  INFO   decision    mode=traveling behavior=traveling action=traveling target=- reason='return to farm after retreat' status=success (repeat)
2026-09-24 18:35:51.094  INFO   session     Entity shadow: vision=1 {'player': 1} memory=0 {} paired=0 median=0.000
2026-09-24 18:35:55.843  INFO   decision    mode=traveling behavior=combat action=attack target=876 reason='engage target' status=success
2026-09-24 18:35:56.302  INFO   session     Entity shadow: vision=2 {'player': 1, 'monster': 1} memory=1 {'monster': 1} paired=1 median=0.028
2026-09-24 18:36:01.087  INFO   decision    mode=traveling behavior=loot action=searching target=877 reason='walk onto item' status=success
2026-09-24 18:36:01.339  INFO   session     Entity shadow: vision=3 {'item': 1, 'monster': 2} memory=1 {'item': 1} paired=1 median=0.005
2026-09-24 18:36:03.716  INFO   decision    mode=traveling behavior=loot action=pickup target=877 reason='loot target' status=success
2026-09-24 18:36:04.037  INFO   decision    mode=traveling behavior=loot action=idle target=- reason='pickup settle' status=success
2026-09-24 18:36:04.526  INFO   decision    mode=traveling behavior=combat action=attack target=878 reason='engage target' status=success
2026-09-24 18:36:06.480  INFO   session     Entity shadow: vision=2 {'player': 1, 'monster': 1} memory=1 {'monster': 1} paired=1 median=0.013
2026-09-24 18:36:09.696  INFO   decision    mode=traveling behavior=loot action=searching target=879 reason='walk onto item' status=success
2026-09-24 18:36:11.563  INFO   session     Entity shadow: vision=2 {'player': 1, 'monster': 1} memory=1 {'item': 1} paired=0 median=0.000
2026-09-24 18:36:16.589  INFO   session     Entity shadow: vision=2 {'player': 1, 'item': 1} memory=2 {'monster': 1, 'item': 1} paired=1 median=0.002 unleveled=206:兔子
2026-09-24 18:36:16.894  INFO   decision    mode=traveling behavior=loot action=pickup target=879 reason='loot target' status=success
2026-09-24 18:36:17.227  INFO   decision    mode=traveling behavior=loot action=idle target=- reason='pickup settle' status=success
2026-09-24 18:36:17.694  INFO   decision    mode=traveling behavior=traveling action=traveling target=- reason='return to farm after retreat' status=success
2026-09-24 18:36:18.396  INFO   decision    mode=traveling behavior=loot action=pickup target=879 reason='engage item' status=success
2026-09-24 18:36:18.754  INFO   decision    mode=traveling behavior=loot action=idle target=- reason='pickup settle' status=success
2026-09-24 18:36:19.197  INFO   decision    mode=traveling behavior=traveling action=traveling target=- reason='return to farm after retreat' status=success
2026-09-24 18:36:19.925  INFO   decision    mode=traveling behavior=loot action=pickup target=879 reason='engage item' status=success
2026-09-24 18:36:20.253  INFO   decision    mode=traveling behavior=loot action=idle target=- reason='pickup settle' status=success
2026-09-24 18:36:20.718  INFO   decision    mode=traveling behavior=traveling action=traveling target=- reason='return to farm after retreat' status=success
2026-09-24 18:36:21.574  INFO   decision    mode=traveling behavior=combat action=attack target=881 reason='engage target' status=success
2026-09-24 18:36:22.008  INFO   session     Entity shadow: vision=1 {'player': 1} memory=2 {'monster': 2} paired=0 median=0.000 unleveled=206:兔子
2026-09-24 18:36:27.154  INFO   session     Entity shadow: vision=2 {'monster': 1, 'player': 1} memory=2 {'monster': 2} paired=0 median=0.000 unleveled=189:鹿,206:兔子
2026-09-24 18:36:27.235  INFO   decision    mode=traveling behavior=traveling action=traveling target=- reason='return to farm after retreat' status=success
2026-09-24 18:36:32.280  INFO   session     Entity shadow: vision=1 {'player': 1} memory=2 {'monster': 2} paired=0 median=0.000 unleveled=189:鹿,206:兔子
2026-09-24 18:36:34.793  INFO   decision    mode=traveling behavior=combat action=attack target=883 reason='engage target' status=success
2026-09-24 18:36:37.443  INFO   session     Entity shadow: vision=2 {'monster': 1, 'player': 1} memory=5 {'monster': 4, 'item': 1} paired=1 median=0.030 unleveled=189:鹿,14:青蛙
2026-09-24 18:36:38.242  INFO   decision    mode=traveling behavior=loot action=searching target=886 reason='walk onto item' status=success
2026-09-24 18:36:42.443  INFO   session     Entity shadow: vision=2 {'player': 1, 'monster': 1} memory=3 {'monster': 2, 'item': 1} paired=0 median=0.000 unleveled=189:鹿,14:青蛙
2026-09-24 18:36:44.043  INFO   decision    mode=traveling behavior=loot action=pickup target=886 reason='loot target' status=success
2026-09-24 18:36:44.369  INFO   decision    mode=traveling behavior=loot action=idle target=- reason='pickup settle' status=success
2026-09-24 18:36:44.870  INFO   decision    mode=traveling behavior=traveling action=traveling target=- reason='return to farm after retreat' status=success
2026-09-24 18:36:47.542  INFO   session     Entity shadow: vision=1 {'player': 1} memory=3 {'monster': 3} paired=0 median=0.000 unleveled=207:兔子,14:青蛙,189:鹿
2026-09-24 18:36:52.578  INFO   session     Entity shadow: vision=3 {'player': 2, 'npc': 1} memory=3 {'monster': 3} paired=0 median=0.000 unleveled=14:青蛙,10:警衛,207:兔子
2026-09-24 18:36:53.282  INFO   decision    mode=traveling behavior=traveling action=traveling target=- reason='return to farm after retreat' status=success (repeat)
2026-09-24 18:36:57.716  INFO   session     Entity shadow: vision=3 {'player': 1, 'npc': 2} memory=3 {'monster': 3} paired=0 median=0.000 unleveled=207:兔子,10:警衛,68:警衛
2026-09-24 18:37:02.494  INFO   decision    mode=traveling behavior=traveling action=traveling target=- reason='return to farm after retreat' status=success (repeat)
2026-09-24 18:37:02.815  INFO   session     Entity shadow: vision=4 {'player': 1, 'npc': 2, 'monster': 1} memory=4 {'player': 1, 'npc': 1, 'monster': 2} paired=0 median=0.000 unleveled=10:警衛,68:警衛
2026-09-24 18:37:07.870  INFO   session     Entity shadow: vision=5 {'npc': 3, 'player': 2} memory=6 {'npc': 2, 'player': 2, 'monster': 2} paired=2 median=0.046 unleveled=10:警衛,68:警衛
2026-09-24 18:37:11.779  INFO   decision    mode=traveling behavior=traveling action=traveling target=- reason='return to farm after retreat' status=success (repeat)
2026-09-24 18:37:12.982  INFO   session     Entity shadow: vision=5 {'npc': 2, 'player': 3} memory=6 {'monster': 2, 'player': 2, 'npc': 2} paired=1 median=0.020 unleveled=68:警衛,10:警衛
2026-09-24 18:37:18.032  INFO   session     Entity shadow: vision=2 {'player': 1, 'npc': 1} memory=5 {'player': 2, 'monster': 2, 'npc': 1} paired=1 median=0.069 unleveled=68:警衛
2026-09-24 18:37:21.426  INFO   decision    mode=traveling behavior=traveling action=traveling target=- reason='return to farm after retreat' status=success (repeat)
2026-09-24 18:37:23.083  INFO   session     Entity shadow: vision=15 {'player': 10, 'monster': 2, 'npc': 3} memory=33 {'player': 30, 'npc': 3} paired=10 median=0.033
2026-09-24 18:37:28.135  INFO   session     Entity shadow: vision=31 {'player': 26, 'npc': 5} memory=52 {'player': 44, 'npc': 7, 'monster': 1} paired=26 median=0.045 unleveled=14:青蛙
2026-09-24 18:37:33.610  INFO   session     Entity shadow: vision=44 {'player': 41, 'npc': 2, 'monster': 1} memory=75 {'monster': 2, 'player': 67, 'npc': 6} paired=40 median=0.047 unleveled=14:青蛙,319:?
2026-09-24 18:37:36.258  INFO   decision    mode=traveling behavior=traveling action=traveling target=- reason='return to farm after retreat' status=success (repeat)
2026-09-24 18:37:38.733  INFO   session     Entity shadow: vision=24 {'player': 21, 'npc': 2, 'monster': 1} memory=68 {'monster': 3, 'player': 55, 'npc': 10} paired=21 median=0.052 unleveled=14:青蛙,10:警衛,319:?
2026-09-24 18:37:43.880  INFO   session     Entity shadow: vision=15 {'player': 13, 'npc': 2} memory=55 {'player': 45, 'npc': 9, 'monster': 1} paired=15 median=0.043 unleveled=319:?
2026-09-24 18:37:49.010  INFO   session     Entity shadow: vision=10 {'player': 8, 'npc': 1, 'monster': 1} memory=49 {'player': 41, 'npc': 8} paired=9 median=0.040
2026-09-24 18:37:49.382  INFO   decision    mode=traveling behavior=traveling action=traveling target=- reason='return to farm after retreat' status=success (repeat)
2026-09-24 18:37:54.049  INFO   session     Entity shadow: vision=12 {'npc': 1, 'player': 11} memory=55 {'player': 46, 'npc': 9} paired=12 median=0.041
2026-09-24 18:37:59.068  INFO   session     Entity shadow: vision=8 {'player': 7, 'npc': 1} memory=20 {'npc': 9, 'player': 11} paired=7 median=0.042
2026-09-24 18:38:01.264  INFO   decision    mode=traveling behavior=traveling action=traveling target=- reason='return to farm after retreat' status=success (repeat)
2026-09-24 18:38:04.186  INFO   session     Entity shadow: vision=6 {'player': 3, 'npc': 2, 'monster': 1} memory=12 {'npc': 5, 'monster': 3, 'player': 4} paired=3 median=0.069 unleveled=208:兔子,68:警衛,10:警衛
2026-09-24 18:38:09.253  INFO   session     Entity shadow: vision=6 {'npc': 2, 'player': 4} memory=7 {'npc': 1, 'monster': 3, 'player': 3} paired=2 median=0.034 unleveled=208:兔子,68:警衛,10:警衛
2026-09-24 18:38:10.325  INFO   decision    mode=traveling behavior=traveling action=traveling target=- reason='return to farm after retreat' status=success (repeat)
2026-09-24 18:38:14.484  INFO   session     Entity shadow: vision=6 {'player': 4, 'npc': 2} memory=8 {'monster': 3, 'npc': 1, 'player': 4} paired=3 median=0.032 unleveled=208:兔子,68:警衛,10:警衛
2026-09-24 18:38:19.490  INFO   session     Entity shadow: vision=4 {'player': 3, 'npc': 1} memory=7 {'npc': 1, 'player': 4, 'monster': 2} paired=2 median=0.028 unleveled=68:警衛,10:警衛
2026-09-24 18:38:19.655  INFO   decision    mode=traveling behavior=traveling action=traveling target=- reason='return to farm after retreat' status=success (repeat)
2026-09-24 18:38:24.588  INFO   session     Entity shadow: vision=5 {'npc': 1, 'player': 3, 'monster': 1} memory=6 {'npc': 1, 'monster': 2, 'player': 3} paired=3 median=0.027 unleveled=10:警衛
2026-09-24 18:38:28.125  INFO   decision    mode=traveling behavior=traveling action=traveling target=- reason='return to farm after retreat' status=success (repeat)
2026-09-24 18:38:29.678  INFO   session     Entity shadow: vision=5 {'player': 3, 'npc': 2} memory=5 {'monster': 2, 'player': 3} paired=2 median=0.045 unleveled=68:警衛,10:警衛
2026-09-24 18:38:34.791  INFO   session     Entity shadow: vision=2 {'player': 1, 'npc': 1} memory=1 {'monster': 1} paired=0 median=0.000 unleveled=68:警衛
2026-09-24 18:38:36.407  INFO   decision    mode=traveling behavior=traveling action=traveling target=- reason='return to farm after retreat' status=success (repeat)
2026-09-24 18:38:39.887  INFO   session     Entity shadow: vision=2 {'player': 1, 'npc': 1} memory=1 {'monster': 1} paired=0 median=0.000 unleveled=68:警衛
2026-09-24 18:38:44.500  INFO   decision    mode=traveling behavior=traveling action=traveling target=- reason='return to farm after retreat' status=success (repeat)
2026-09-24 18:38:44.947  INFO   session     Entity shadow: vision=1 {'player': 1} memory=0 {} paired=0 median=0.000
2026-09-24 18:38:50.039  INFO   session     Entity shadow: vision=1 {'player': 1} memory=0 {} paired=0 median=0.000
2026-09-24 18:38:52.356  INFO   decision    mode=traveling behavior=traveling action=traveling target=- reason='return to farm after retreat' status=success (repeat)
2026-09-24 18:38:55.096  INFO   session     Entity shadow: vision=3 {'player': 1, 'monster': 2} memory=2 {'monster': 2} paired=2 median=0.025
2026-09-24 18:38:55.119  INFO   decision    mode=traveling behavior=combat action=attack target=1053 reason='engage target' status=success
2026-09-24 18:39:00.332  INFO   session     Entity shadow: vision=3 {'player': 1, 'monster': 2} memory=2 {'monster': 2} paired=1 median=0.029 unleveled=12:史萊姆
2026-09-24 18:39:05.465  INFO   session     Entity shadow: vision=3 {'monster': 2, 'player': 1} memory=2 {'monster': 2} paired=2 median=0.023
2026-09-24 18:39:06.419  INFO   decision    mode=retreating behavior=talking_scroll action=use_talking_scroll target=- reason='retreat, 마법서 상인' status=success
2026-09-24 18:39:07.286  INFO   decision    mode=retreating behavior=loot action=pickup target=1054 reason='engage item' status=success
2026-09-24 18:39:07.609  INFO   decision    mode=retreating behavior=loot action=idle target=- reason='pickup settle' status=success
2026-09-24 18:39:08.134  INFO   decision    mode=retreating behavior=retreating action=idle target=- reason='retreating, waiting for hp' status=success
2026-09-24 18:39:10.516  INFO   session     Entity shadow: vision=4 {'player': 2, 'npc': 2} memory=6 {'player': 1, 'monster': 2, 'npc': 3} paired=1 median=0.034 unleveled=68:警衛,10:警衛
2026-09-24 18:39:15.628  INFO   session     Entity shadow: vision=3 {'npc': 2, 'player': 1} memory=5 {'monster': 2, 'npc': 3} paired=0 median=0.000 unleveled=68:警衛,10:警衛
2026-09-24 18:39:15.987  INFO   decision    mode=retreating behavior=retreating action=idle target=- reason='retreating, waiting for hp' status=success (repeat)
2026-09-24 18:39:20.698  INFO   session     Entity shadow: vision=3 {'npc': 2, 'player': 1} memory=5 {'monster': 2, 'npc': 3} paired=0 median=0.000 unleveled=68:警衛,10:警衛
2026-09-24 18:39:23.738  INFO   decision    mode=retreating behavior=retreating action=idle target=- reason='retreating, waiting for hp' status=success (repeat)
2026-09-24 18:39:25.707  INFO   session     Entity shadow: vision=4 {'player': 2, 'npc': 2} memory=6 {'monster': 2, 'npc': 3, 'player': 1} paired=1 median=0.007 unleveled=68:警衛,10:警衛
2026-09-24 18:39:27.595  INFO   decision    mode=traveling behavior=traveling action=traveling target=- reason='return to farm after retreat' status=success
2026-09-24 18:39:29.068  INFO   decision    mode=traveling behavior=loot action=searching target=1069 reason='walk onto item' status=success
2026-09-24 18:39:30.972  INFO   session     Entity shadow: vision=6 {'player': 4, 'item': 1, 'npc': 1} memory=8 {'player': 2, 'item': 1, 'monster': 2, 'npc': 3} paired=3 median=0.026 unleveled=68:警衛,10:警衛
2026-09-24 18:39:34.585  INFO   decision    mode=traveling behavior=loot action=pickup target=1069 reason='loot target' status=success
2026-09-24 18:39:34.942  INFO   decision    mode=traveling behavior=loot action=idle target=- reason='pickup settle' status=success
2026-09-24 18:39:35.285  INFO   decision    mode=traveling behavior=traveling action=traveling target=- reason='return to farm after retreat' status=success
2026-09-24 18:39:36.119  INFO   session     Entity shadow: vision=3 {'monster': 1, 'item': 1, 'player': 1} memory=1 {'item': 1} paired=1 median=0.015
2026-09-24 18:39:36.141  INFO   decision    mode=traveling behavior=loot action=pickup target=1069 reason='engage item' status=success
2026-09-24 18:39:36.460  INFO   decision    mode=traveling behavior=loot action=idle target=- reason='pickup settle' status=success
2026-09-24 18:39:36.878  INFO   decision    mode=traveling behavior=traveling action=traveling target=- reason='return to farm after retreat' status=success
2026-09-24 18:39:39.938  INFO   decision    mode=traveling behavior=combat action=attack target=1071 reason='engage target' status=success
2026-09-24 18:39:41.366  INFO   session     Entity shadow: vision=5 {'player': 2, 'monster': 2, 'item': 1} memory=2 {'monster': 1, 'player': 1} paired=2 median=0.014
2026-09-24 18:39:46.104  INFO   decision    mode=traveling behavior=loot action=searching target=1072 reason='walk onto item' status=success
2026-09-24 18:39:46.625  INFO   session     Entity shadow: vision=5 {'player': 2, 'item': 1, 'monster': 2} memory=2 {'player': 1, 'item': 1} paired=2 median=0.021
2026-09-24 18:39:50.904  INFO   decision    mode=traveling behavior=loot action=pickup target=1072 reason='loot target' status=success
2026-09-24 18:39:51.250  INFO   decision    mode=traveling behavior=loot action=idle target=- reason='pickup settle' status=success
2026-09-24 18:39:51.713  INFO   session     Entity shadow: vision=3 {'player': 3} memory=2 {'monster': 1, 'player': 1} paired=1 median=0.008
2026-09-24 18:39:51.739  INFO   decision    mode=traveling behavior=combat action=attack target=1075 reason='engage target' status=success
2026-09-24 18:39:54.637  INFO   decision    mode=traveling behavior=loot action=searching target=1077 reason='walk onto item' status=success
2026-09-24 18:39:55.656  INFO   decision    mode=traveling behavior=traveling action=traveling target=- reason='return to farm after retreat' status=success
2026-09-24 18:39:56.773  INFO   session     Entity shadow: vision=2 {'player': 2} memory=1 {'player': 1} paired=0 median=0.000
2026-09-24 18:40:01.781  INFO   session     Entity shadow: vision=1 {'monster': 1} memory=0 {} paired=0 median=0.000
2026-09-24 18:40:03.300  INFO   decision    mode=traveling behavior=combat action=attack target=1078 reason='engage target' status=success
2026-09-24 18:40:06.916  INFO   session     Entity shadow: vision=3 {'player': 1, 'monster': 2} memory=2 {'monster': 2} paired=2 median=0.023
2026-09-24 18:40:11.993  INFO   session     Entity shadow: vision=5 {'item': 1, 'player': 2, 'monster': 2} memory=4 {'monster': 2, 'item': 1, 'player': 1} paired=3 median=0.008
2026-09-24 18:40:12.035  INFO   decision    mode=traveling behavior=loot action=searching target=1085 reason='walk onto item' status=success
2026-09-24 18:40:13.117  INFO   decision    mode=traveling behavior=loot action=pickup target=1085 reason='loot target' status=success
2026-09-24 18:40:13.463  INFO   decision    mode=traveling behavior=loot action=idle target=- reason='pickup settle' status=success
2026-09-24 18:40:13.901  INFO   decision    mode=traveling behavior=combat action=attack target=1082 reason='engage target' status=success
2026-09-24 18:40:14.402  INFO   decision    mode=traveling behavior=traveling action=traveling target=- reason='return to farm after retreat' status=success
2026-09-24 18:40:17.017  INFO   session     Entity shadow: vision=3 {'monster': 2, 'npc': 1} memory=2 {'monster': 2} paired=1 median=0.018 unleveled=10:警衛
2026-09-24 18:40:22.089  INFO   session     Entity shadow: vision=3 {'player': 1, 'monster': 1, 'npc': 1} memory=2 {'monster': 2} paired=1 median=0.017 unleveled=10:警衛
2026-09-24 18:40:22.532  INFO   decision    mode=traveling behavior=traveling action=traveling target=- reason='return to farm after retreat' status=success (repeat)
2026-09-24 18:40:27.290  INFO   session     Entity shadow: vision=2 {'monster': 1, 'npc': 1} memory=2 {'monster': 2} paired=1 median=0.038
2026-09-24 18:40:31.133  INFO   decision    mode=traveling behavior=traveling action=traveling target=- reason='return to farm after retreat' status=success (repeat)
2026-09-24 18:40:32.320  INFO   session     Entity shadow: vision=2 {'player': 1, 'npc': 1} memory=2 {'monster': 2} paired=0 median=0.000 unleveled=10:警衛,189:鹿
2026-09-24 18:40:35.792  INFO   decision    mode=traveling behavior=combat action=attack target=1089 reason='engage target' status=success
2026-09-24 18:40:37.354  INFO   session     Entity shadow: vision=3 {'player': 1, 'monster': 2} memory=2 {'monster': 2} paired=2 median=0.031
2026-09-24 18:40:42.582  INFO   session     Entity shadow: vision=2 {'player': 1, 'monster': 1} memory=2 {'monster': 2} paired=1 median=0.018 unleveled=189:鹿
2026-09-24 18:40:46.656  INFO   decision    mode=traveling behavior=combat action=attack target=1089 reason='attack target' status=success (repeat)
2026-09-24 18:40:47.696  INFO   session     Entity shadow: vision=3 {'item': 1, 'player': 1, 'monster': 1} memory=3 {'monster': 3} paired=1 median=0.028 unleveled=189:鹿
2026-09-24 18:40:47.977  INFO   decision    mode=traveling behavior=loot action=pickup target=1091 reason='engage item' status=success
2026-09-24 18:40:48.318  INFO   decision    mode=traveling behavior=loot action=idle target=- reason='pickup settle' status=success
2026-09-24 18:40:48.714  INFO   decision    mode=traveling behavior=traveling action=traveling target=- reason='return to farm after retreat' status=success
2026-09-24 18:40:52.710  INFO   session     Entity shadow: vision=1 {'player': 1} memory=2 {'monster': 2} paired=0 median=0.000 unleveled=189:鹿
2026-09-24 18:40:57.040  INFO   decision    mode=traveling behavior=traveling action=traveling target=- reason='return to farm after retreat' status=success (repeat)
2026-09-24 18:40:57.717  INFO   decision    mode=traveling behavior=combat action=attack target=1093 reason='engage target' status=success
2026-09-24 18:40:58.201  INFO   session     Entity shadow: vision=5 {'player': 1, 'monster': 3, 'npc': 1} memory=2 {'monster': 2} paired=1 median=0.015 unleveled=68:警衛
2026-09-24 18:41:01.799  INFO   decision    mode=traveling behavior=combat action=attack target=1094 reason='engage target' status=success
2026-09-24 18:41:03.221  INFO   session     Entity shadow: vision=4 {'npc': 1, 'monster': 2, 'player': 1} memory=2 {'monster': 2} paired=2 median=0.117 unleveled=68:警衛
2026-09-24 18:41:04.904  INFO   decision    mode=traveling behavior=loot action=searching target=1095 reason='walk onto item' status=success
2026-09-24 18:41:06.806  INFO   decision    mode=traveling behavior=loot action=pickup target=1095 reason='loot target' status=success
2026-09-24 18:41:07.173  INFO   decision    mode=traveling behavior=loot action=idle target=- reason='pickup settle' status=success
2026-09-24 18:41:07.552  INFO   decision    mode=traveling behavior=traveling action=traveling target=- reason='return to farm after retreat' status=success
2026-09-24 18:41:08.247  INFO   session     Entity shadow: vision=3 {'npc': 2, 'item': 1} memory=2 {'monster': 1, 'npc': 1} paired=1 median=0.013 unleveled=68:警衛
2026-09-24 18:41:13.314  INFO   session     Entity shadow: vision=3 {'player': 1, 'npc': 2} memory=3 {'monster': 2, 'npc': 1} paired=1 median=0.039 unleveled=68:警衛
2026-09-24 18:41:14.802  INFO   decision    mode=traveling behavior=combat action=attack target=1099 reason='engage target' status=success
2026-09-24 18:41:17.586  INFO   decision    mode=traveling behavior=traveling action=traveling target=- reason='return to farm after retreat' status=success
2026-09-24 18:41:18.441  INFO   session     Entity shadow: vision=5 {'npc': 2, 'monster': 1, 'player': 2} memory=0 {} paired=0 median=0.000
2026-09-24 18:41:20.673  INFO   decision    mode=traveling behavior=combat action=attack target=1100 reason='engage target' status=success
2026-09-24 18:41:23.565  INFO   session     Entity shadow: vision=5 {'player': 1, 'npc': 2, 'monster': 2} memory=4 {'monster': 3, 'npc': 1} paired=3 median=0.015 unleveled=189:鹿
2026-09-24 18:41:25.085  INFO   decision    mode=traveling behavior=combat action=attack target=1102 reason='engage target' status=success
2026-09-24 18:41:27.272  INFO   decision    mode=traveling behavior=traveling action=traveling target=- reason='return to farm after retreat' status=success
2026-09-24 18:41:28.332  INFO   decision    mode=traveling behavior=combat action=attack target=1105 reason='engage target' status=success
2026-09-24 18:41:28.805  INFO   session     Entity shadow: vision=3 {'player': 1, 'npc': 1, 'monster': 1} memory=3 {'monster': 2, 'npc': 1} paired=2 median=0.029 unleveled=189:鹿
2026-09-24 18:41:31.546  INFO   decision    mode=traveling behavior=combat action=attack target=1106 reason='engage target' status=success
2026-09-24 18:41:34.009  INFO   session     Entity shadow: vision=3 {'player': 1, 'npc': 1, 'monster': 1} memory=2 {'monster': 1, 'npc': 1} paired=2 median=0.035
2026-09-24 18:41:35.007  INFO   decision    mode=traveling behavior=loot action=searching target=1107 reason='walk onto item' status=success
2026-09-24 18:41:39.272  INFO   session     Entity shadow: vision=2 {'player': 1, 'monster': 1} memory=2 {'monster': 1, 'item': 1} paired=1 median=0.006
2026-09-24 18:41:42.002  INFO   decision    mode=traveling behavior=loot action=pickup target=1107 reason='loot target' status=success
2026-09-24 18:41:42.388  INFO   decision    mode=traveling behavior=loot action=idle target=- reason='pickup settle' status=success
2026-09-24 18:41:42.723  INFO   decision    mode=traveling behavior=combat action=attack target=1108 reason='engage target' status=success
2026-09-24 18:41:44.328  INFO   session     Entity shadow: vision=3 {'item': 1, 'monster': 1, 'player': 1} memory=2 {'monster': 1, 'item': 1} paired=2 median=0.006
2026-09-24 18:41:45.866  INFO   decision    mode=traveling behavior=loot action=pickup target=1107 reason='engage item' status=success
2026-09-24 18:41:46.226  INFO   decision    mode=traveling behavior=loot action=idle target=- reason='pickup settle' status=success
2026-09-24 18:41:46.661  INFO   decision    mode=traveling behavior=loot action=searching target=1109 reason='walk onto item' status=success
2026-09-24 18:41:49.280  INFO   decision    mode=traveling behavior=loot action=pickup target=1109 reason='loot target' status=success
2026-09-24 18:41:49.592  INFO   session     Entity shadow: vision=2 {'player': 1, 'item': 1} memory=1 {'item': 1} paired=1 median=0.022
2026-09-24 18:41:49.612  INFO   decision    mode=traveling behavior=loot action=idle target=- reason='pickup settle' status=success
2026-09-24 18:41:50.080  INFO   decision    mode=traveling behavior=combat action=attack target=1110 reason='engage target' status=success
2026-09-24 18:41:53.358  INFO   decision    mode=traveling behavior=traveling action=traveling target=- reason='return to farm after retreat' status=success
2026-09-24 18:41:54.641  INFO   session     Entity shadow: vision=1 {'player': 1} memory=0 {} paired=0 median=0.000
2026-09-24 18:41:59.641  INFO   session     Entity shadow: vision=0 {} memory=0 {} paired=0 median=0.000
2026-09-24 18:42:01.545  INFO   decision    mode=traveling behavior=traveling action=traveling target=- reason='return to farm after retreat' status=success (repeat)
2026-09-24 18:42:04.707  INFO   session     Entity shadow: vision=0 {} memory=0 {} paired=0 median=0.000
2026-09-24 18:42:05.049  INFO   decision    mode=traveling behavior=combat action=attack target=1111 reason='engage target' status=success
2026-09-24 18:42:08.350  INFO   decision    mode=traveling behavior=loot action=searching target=1112 reason='walk onto item' status=success
2026-09-24 18:42:09.865  INFO   session     Entity shadow: vision=2 {'player': 1, 'monster': 1} memory=1 {'item': 1} paired=0 median=0.000
2026-09-24 18:42:12.564  INFO   decision    mode=traveling behavior=loot action=pickup target=1112 reason='loot target' status=success
2026-09-24 18:42:12.893  INFO   decision    mode=traveling behavior=loot action=idle target=- reason='pickup settle' status=success
2026-09-24 18:42:13.393  INFO   decision    mode=traveling behavior=traveling action=traveling target=- reason='return to farm after retreat' status=success
2026-09-24 18:42:14.914  INFO   session     Entity shadow: vision=1 {'player': 1} memory=0 {} paired=0 median=0.000
2026-09-24 18:42:16.893  INFO   decision    mode=traveling behavior=combat action=attack target=1113 reason='engage target' status=success
2026-09-24 18:42:19.971  INFO   session     Entity shadow: vision=4 {'player': 1, 'npc': 2, 'monster': 1} memory=2 {'monster': 2} paired=1 median=0.021 unleveled=10:警衛
2026-09-24 18:42:21.458  INFO   decision    mode=traveling behavior=traveling action=traveling target=- reason='return to farm after retreat' status=success
2026-09-24 18:42:25.132  INFO   session     Entity shadow: vision=3 {'player': 1, 'npc': 2} memory=2 {'monster': 2} paired=0 median=0.000 unleveled=68:警衛
2026-09-24 18:42:29.774  INFO   decision    mode=traveling behavior=traveling action=traveling target=- reason='return to farm after retreat' status=success (repeat)
2026-09-24 18:42:30.094  INFO   decision    mode=traveling behavior=combat action=attack target=1120 reason='engage target' status=success
2026-09-24 18:42:30.508  INFO   session     Entity shadow: vision=4 {'player': 1, 'npc': 3} memory=4 {'monster': 4} paired=0 median=0.000 unleveled=10:警衛,68:警衛
2026-09-24 18:42:31.182  INFO   decision    mode=traveling behavior=traveling action=traveling target=- reason='return to farm after retreat' status=success
2026-09-24 18:42:32.246  INFO   decision    mode=traveling behavior=combat action=attack target=1123 reason='engage target' status=success
2026-09-24 18:42:35.654  INFO   session     Entity shadow: vision=3 {'player': 1, 'npc': 1, 'monster': 1} memory=3 {'monster': 3} paired=1 median=0.006 unleveled=68:警衛
2026-09-24 18:42:37.828  INFO   decision    mode=traveling behavior=loot action=searching target=1126 reason='walk onto item' status=success
2026-09-24 18:42:40.701  INFO   session     Entity shadow: vision=2 {'player': 1, 'item': 1} memory=2 {'item': 1, 'monster': 1} paired=1 median=0.009 unleveled=68:警衛
2026-09-24 18:42:45.749  INFO   session     Entity shadow: vision=3 {'player': 1, 'item': 1, 'npc': 1} memory=2 {'monster': 1, 'item': 1} paired=1 median=0.001 unleveled=68:警衛
2026-09-24 18:42:46.021  INFO   decision    mode=traveling behavior=loot action=pickup target=1126 reason='loot target' status=success
2026-09-24 18:42:46.371  INFO   decision    mode=traveling behavior=loot action=idle target=- reason='pickup settle' status=success
2026-09-24 18:42:46.853  INFO   decision    mode=traveling behavior=traveling action=traveling target=- reason='return to farm after retreat' status=success
2026-09-24 18:42:50.767  INFO   session     Entity shadow: vision=2 {'player': 1, 'npc': 1} memory=2 {'monster': 2} paired=0 median=0.000 unleveled=10:警衛
2026-09-24 18:42:55.480  INFO   decision    mode=traveling behavior=traveling action=traveling target=- reason='return to farm after retreat' status=success (repeat)
2026-09-24 18:42:55.788  INFO   session     Entity shadow: vision=3 {'player': 1, 'npc': 2} memory=2 {'monster': 2} paired=0 median=0.000 unleveled=207:兔子,68:警衛
2026-09-24 18:43:00.879  INFO   session     Entity shadow: vision=4 {'player': 1, 'npc': 3} memory=5 {'monster': 4, 'npc': 1} paired=0 median=0.000 unleveled=207:兔子,10:警衛,68:警衛
2026-09-24 18:43:03.919  INFO   decision    mode=traveling behavior=traveling action=traveling target=- reason='return to farm after retreat' status=success (repeat)
2026-09-24 18:43:05.895  INFO   session     Entity shadow: vision=3 {'player': 1, 'npc': 2} memory=3 {'monster': 3} paired=0 median=0.000 unleveled=10:警衛,68:警衛
2026-09-24 18:43:11.005  INFO   session     Entity shadow: vision=3 {'player': 2, 'npc': 1} memory=3 {'player': 1, 'monster': 2} paired=1 median=0.034 unleveled=10:警衛,68:警衛
2026-09-24 18:43:12.639  INFO   decision    mode=traveling behavior=traveling action=traveling target=- reason='return to farm after retreat' status=success (repeat)
2026-09-24 18:43:16.020  INFO   session     Entity shadow: vision=3 {'player': 2, 'npc': 1} memory=22 {'monster': 3, 'npc': 2, 'player': 17} paired=1 median=0.035 unleveled=208:兔子,10:警衛,68:警衛
2026-09-24 18:43:19.140  INFO   decision    mode=traveling behavior=combat action=attack target=1141 reason='engage target' status=success
2026-09-24 18:43:19.614  INFO   decision    mode=traveling behavior=traveling action=traveling target=- reason='return to farm after retreat' status=success
2026-09-24 18:43:21.053  INFO   session     Entity shadow: vision=2 {'monster': 1, 'npc': 1} memory=25 {'monster': 2, 'player': 19, 'npc': 4} paired=0 median=0.000 unleveled=208:兔子,10:警衛
2026-09-24 18:43:26.258  INFO   session     Entity shadow: vision=2 {'monster': 1, 'player': 1} memory=19 {'player': 18, 'monster': 1} paired=1 median=0.028 unleveled=208:兔子
2026-09-24 18:43:28.507  INFO   decision    mode=traveling behavior=traveling action=traveling target=- reason='return to farm after retreat' status=success (repeat)
2026-09-24 18:43:31.344  INFO   session     Entity shadow: vision=3 {'player': 3} memory=4 {'npc': 1, 'player': 3} paired=2 median=0.033
2026-09-24 18:43:36.423  INFO   session     Entity shadow: vision=4 {'npc': 2, 'player': 2} memory=6 {'npc': 1, 'monster': 2, 'player': 3} paired=2 median=0.037 unleveled=10:警衛,68:警衛
2026-09-24 18:43:37.027  INFO   decision    mode=traveling behavior=traveling action=traveling target=- reason='return to farm after retreat' status=success (repeat)
2026-09-24 18:43:41.298  INFO   decision    mode=traveling behavior=combat action=attack target=1175 reason='engage target' status=success
2026-09-24 18:43:41.741  INFO   session     Entity shadow: vision=4 {'player': 1, 'npc': 2, 'monster': 1} memory=3 {'monster': 3} paired=1 median=0.048 unleveled=10:警衛,68:警衛
2026-09-24 18:43:46.903  INFO   session     Entity shadow: vision=3 {'npc': 1, 'player': 1, 'monster': 1} memory=2 {'monster': 2} paired=1 median=0.048 unleveled=68:警衛
2026-09-24 18:43:51.972  INFO   session     Entity shadow: vision=3 {'player': 1, 'monster': 2} memory=2 {'monster': 2} paired=2 median=0.034
2026-09-24 18:43:52.465  INFO   decision    mode=traveling behavior=combat action=attack target=1175 reason='attack target' status=success (repeat)
2026-09-24 18:43:52.695  INFO   decision    mode=traveling behavior=traveling action=traveling target=- reason='return to farm after retreat' status=success
2026-09-24 18:43:57.109  INFO   session     Entity shadow: vision=2 {'player': 1, 'monster': 1} memory=1 {'monster': 1} paired=1 median=0.025
2026-09-24 18:43:59.882  INFO   decision    mode=traveling behavior=combat action=attack target=1177 reason='engage target' status=success
2026-09-24 18:44:00.939  INFO   decision    mode=traveling behavior=loot action=searching target=1178 reason='walk onto item' status=success
2026-09-24 18:44:02.193  INFO   session     Entity shadow: vision=2 {'player': 1, 'monster': 1} memory=1 {'item': 1} paired=0 median=0.000
2026-09-24 18:44:07.359  INFO   session     Entity shadow: vision=5 {'player': 2, 'item': 2, 'monster': 1} memory=5 {'player': 1, 'monster': 2, 'item': 2} paired=4 median=0.022 unleveled=12:史萊姆
2026-09-24 18:44:07.677  INFO   decision    mode=traveling behavior=loot action=pickup target=1178 reason='loot target' status=success
2026-09-24 18:44:08.025  INFO   decision    mode=traveling behavior=loot action=idle target=- reason='pickup settle' status=success
2026-09-24 18:44:08.502  INFO   decision    mode=traveling behavior=loot action=searching target=1182 reason='walk onto item' status=success
2026-09-24 18:44:12.488  INFO   session     Entity shadow: vision=4 {'player': 2, 'item': 1, 'monster': 1} memory=4 {'player': 1, 'monster': 2, 'item': 1} paired=3 median=0.043 unleveled=12:史萊姆
2026-09-24 18:44:12.808  INFO   decision    mode=traveling behavior=loot action=pickup target=1182 reason='loot target' status=success
2026-09-24 18:44:13.154  INFO   decision    mode=traveling behavior=loot action=idle target=- reason='pickup settle' status=success
2026-09-24 18:44:13.602  INFO   decision    mode=traveling behavior=combat action=attack target=1183 reason='engage target' status=success
2026-09-24 18:44:14.102  INFO   decision    mode=traveling behavior=traveling action=traveling target=- reason='return to farm after retreat' status=success
2026-09-24 18:44:15.103  INFO   decision    mode=traveling behavior=combat action=attack target=1185 reason='engage target' status=success
2026-09-24 18:44:17.405  INFO   decision    mode=traveling behavior=loot action=searching target=1186 reason='walk onto item' status=success
2026-09-24 18:44:17.577  INFO   session     Entity shadow: vision=2 {'player': 2} memory=3 {'player': 1, 'item': 1, 'monster': 1} paired=1 median=0.019 unleveled=12:史萊姆
2026-09-24 18:44:21.759  INFO   decision    mode=traveling behavior=loot action=pickup target=1186 reason='loot target' status=success
2026-09-24 18:44:22.164  INFO   decision    mode=traveling behavior=loot action=idle target=- reason='pickup settle' status=success
2026-09-24 18:44:22.564  INFO   decision    mode=traveling behavior=combat action=attack target=1187 reason='engage target' status=success
2026-09-24 18:44:23.013  INFO   session     Entity shadow: vision=5 {'monster': 3, 'player': 2} memory=3 {'monster': 3} paired=1 median=0.053 unleveled=12:史萊姆
2026-09-24 18:44:24.277  INFO   decision    mode=traveling behavior=loot action=searching target=1190 reason='walk onto item' status=success
2026-09-24 18:44:27.737  INFO   decision    mode=traveling behavior=traveling action=traveling target=- reason='return to farm after retreat' status=success
2026-09-24 18:44:28.174  INFO   session     Entity shadow: vision=4 {'player': 3, 'monster': 1} memory=3 {'monster': 2, 'player': 1} paired=1 median=0.030 unleveled=12:史萊姆
2026-09-24 18:44:30.573  INFO   decision    mode=traveling behavior=combat action=attack target=1191 reason='engage target' status=success
2026-09-24 18:44:32.487  INFO   decision    mode=traveling behavior=traveling action=traveling target=- reason='return to farm after retreat' status=success
2026-09-24 18:44:33.209  INFO   session     Entity shadow: vision=3 {'player': 2, 'monster': 1} memory=3 {'monster': 2, 'player': 1} paired=1 median=0.021 unleveled=12:史萊姆
2026-09-24 18:44:38.351  INFO   session     Entity shadow: vision=2 {'player': 1, 'monster': 1} memory=2 {'monster': 2} paired=0 median=0.000 unleveled=12:史萊姆
2026-09-24 18:44:40.536  INFO   decision    mode=traveling behavior=traveling action=traveling target=- reason='return to farm after retreat' status=success (repeat)
2026-09-24 18:44:43.410  INFO   session     Entity shadow: vision=1 {'player': 1} memory=0 {} paired=0 median=0.000
2026-09-24 18:44:46.581  INFO   decision    mode=traveling behavior=combat action=attack target=1192 reason='engage target' status=success
2026-09-24 18:44:48.464  INFO   session     Entity shadow: vision=3 {'monster': 2, 'player': 1} memory=1 {'monster': 1} paired=1 median=0.030
2026-09-24 18:44:49.912  INFO   decision    mode=traveling behavior=traveling action=traveling target=- reason='return to farm after retreat' status=success
2026-09-24 18:44:53.541  INFO   session     Entity shadow: vision=1 {'player': 1} memory=0 {} paired=0 median=0.000
2026-09-24 18:44:57.959  INFO   decision    mode=traveling behavior=traveling action=traveling target=- reason='return to farm after retreat' status=success (repeat)
2026-09-24 18:44:58.688  INFO   session     Entity shadow: vision=1 {'player': 1} memory=0 {} paired=0 median=0.000
2026-09-24 18:45:03.826  INFO   session     Entity shadow: vision=4 {'monster': 2, 'player': 2} memory=2 {'monster': 2} paired=2 median=0.059
2026-09-24 18:45:06.277  INFO   decision    mode=traveling behavior=traveling action=traveling target=- reason='return to farm after retreat' status=success (repeat)
2026-09-24 18:45:08.942  INFO   session     Entity shadow: vision=4 {'player': 1, 'monster': 3} memory=3 {'monster': 3} paired=2 median=0.022
2026-09-24 18:45:09.812  INFO   decision    mode=traveling behavior=combat action=attack target=1200 reason='engage target' status=success
2026-09-24 18:45:14.118  INFO   session     Entity shadow: vision=2 {'monster': 1, 'player': 1} memory=3 {'monster': 3} paired=1 median=0.025 unleveled=12:史萊姆
2026-09-24 18:45:14.791  INFO   decision    mode=traveling behavior=loot action=searching target=1203 reason='walk onto item' status=success
2026-09-24 18:45:19.271  INFO   session     Entity shadow: vision=4 {'player': 2, 'item': 1, 'monster': 1} memory=7 {'player': 2, 'monster': 5} paired=3 median=0.035 unleveled=12:史萊姆
2026-09-24 18:45:19.367  INFO   decision    mode=traveling behavior=traveling action=traveling target=- reason='return to farm after retreat' status=success
2026-09-24 18:45:24.074  INFO   decision    mode=traveling behavior=combat action=attack target=1199 reason='engage target' status=success
2026-09-24 18:45:24.556  INFO   session     Entity shadow: vision=5 {'player': 3, 'monster': 1, 'item': 1} memory=8 {'player': 2, 'monster': 5, 'item': 1} paired=4 median=0.038 unleveled=12:史萊姆
2026-09-24 18:45:24.603  INFO   decision    mode=traveling behavior=loot action=searching target=1211 reason='walk onto item' status=success
2026-09-24 18:45:25.597  INFO   decision    mode=traveling behavior=traveling action=traveling target=- reason='unstick' status=success
2026-09-24 18:45:27.686  INFO   decision    mode=traveling behavior=combat action=attack target=1210 reason='engage target' status=success
2026-09-24 18:45:29.718  INFO   session     Entity shadow: vision=5 {'player': 2, 'monster': 3} memory=6 {'monster': 5, 'player': 1} paired=2 median=0.042 unleveled=12:史萊姆
2026-09-24 18:45:34.836  INFO   session     Entity shadow: vision=4 {'player': 2, 'item': 1, 'monster': 1} memory=8 {'monster': 6, 'item': 1, 'player': 1} paired=3 median=0.034 unleveled=12:史萊姆
2026-09-24 18:45:39.576  INFO   decision    mode=traveling behavior=combat action=attack target=1210 reason='attack target' status=success (repeat)
2026-09-24 18:45:40.086  INFO   session     Entity shadow: vision=6 {'item': 1, 'player': 2, 'monster': 3} memory=8 {'monster': 6, 'player': 1, 'item': 1} paired=5 median=0.065 unleveled=12:史萊姆
2026-09-24 18:45:44.967  INFO   decision    mode=traveling behavior=loot action=searching target=1216 reason='walk onto item' status=success
2026-09-24 18:45:45.267  INFO   session     Entity shadow: vision=4 {'item': 1, 'monster': 2, 'player': 1} memory=6 {'monster': 4, 'player': 1, 'item': 1} paired=3 median=0.053 unleveled=12:史萊姆
2026-09-24 18:45:47.065  INFO   decision    mode=traveling behavior=traveling action=traveling target=- reason='return to farm after retreat' status=success
2026-09-24 18:45:50.127  INFO   decision    mode=traveling behavior=combat action=attack target=1219 reason='engage target' status=success
2026-09-24 18:45:50.623  INFO   session     Entity shadow: vision=3 {'player': 2, 'monster': 1} memory=5 {'monster': 4, 'player': 1} paired=2 median=0.023 unleveled=12:史萊姆
2026-09-24 18:45:50.649  INFO   decision    mode=traveling behavior=combat action=attack target=1217 reason='attack target' status=success
2026-09-24 18:45:50.906  INFO   decision    mode=traveling behavior=traveling action=traveling target=- reason='return to farm after retreat' status=success
2026-09-24 18:45:52.876  INFO   decision    mode=farming behavior=search action=searching target=- reason='search area' status=success
2026-09-24 18:45:55.739  INFO   session     Entity shadow: vision=3 {'player': 3} memory=3 {'monster': 3} paired=0 median=0.000 unleveled=12:史萊姆
2026-09-24 18:45:59.230  INFO   decision    mode=farming behavior=combat action=attack target=1220 reason='engage target' status=success
2026-09-24 18:46:00.815  INFO   session     Entity shadow: vision=2 {'player': 1, 'monster': 1} memory=3 {'monster': 3} paired=1 median=0.016 unleveled=12:史萊姆
2026-09-24 18:46:06.041  INFO   session     Entity shadow: vision=4 {'monster': 4} memory=3 {'monster': 3} paired=3 median=0.046
2026-09-24 18:46:08.012  INFO   decision    mode=retreating behavior=talking_scroll action=use_talking_scroll target=- reason='retreat, 허수아비 수련장' status=success
2026-09-24 18:46:08.939  INFO   decision    mode=retreating behavior=retreating action=idle target=- reason='retreating, waiting for hp' status=success
2026-09-24 18:46:11.047  INFO   session     Entity shadow: vision=7 {'monster': 1, 'player': 5, 'npc': 1} memory=11 {'monster': 5, 'player': 6} paired=6 median=0.021 unleveled=10:警衛,20:?
2026-09-24 18:46:16.139  INFO   session     Entity shadow: vision=7 {'monster': 1, 'npc': 1, 'player': 5} memory=11 {'monster': 5, 'player': 6} paired=6 median=0.021 unleveled=10:警衛,20:?
2026-09-24 18:46:16.930  INFO   decision    mode=retreating behavior=retreating action=idle target=- reason='retreating, waiting for hp' status=success (repeat)
2026-09-24 18:46:21.289  INFO   session     Entity shadow: vision=6 {'monster': 1, 'player': 4, 'npc': 1} memory=10 {'monster': 5, 'player': 5} paired=5 median=0.020 unleveled=10:警衛,20:?
2026-09-24 18:46:24.970  INFO   decision    mode=retreating behavior=retreating action=idle target=- reason='retreating, waiting for hp' status=success (repeat)
2026-09-24 18:46:26.419  INFO   session     Entity shadow: vision=6 {'monster': 1, 'npc': 1, 'player': 4} memory=10 {'monster': 5, 'player': 5} paired=5 median=0.019 unleveled=10:警衛,20:?
2026-09-24 18:46:31.224  INFO   decision    mode=traveling behavior=traveling action=traveling target=- reason='return to farm after retreat' status=success
2026-09-24 18:46:31.491  INFO   session     Entity shadow: vision=7 {'npc': 1, 'player': 4, 'monster': 2} memory=11 {'monster': 5, 'player': 6} paired=5 median=0.013 unleveled=10:警衛,20:?,19:?
2026-09-24 18:46:36.625  INFO   session     Entity shadow: vision=6 {'player': 5, 'npc': 1} memory=8 {'monster': 2, 'player': 6} paired=4 median=0.005 unleveled=10:警衛,20:?
2026-09-24 18:46:40.108  INFO   decision    mode=traveling behavior=traveling action=traveling target=- reason='return to farm after retreat' status=success (repeat)
2026-09-24 18:46:41.758  INFO   session     Entity shadow: vision=2 {'player': 1, 'npc': 1} memory=1 {'monster': 1} paired=0 median=0.000 unleveled=10:警衛
2026-09-24 18:46:46.777  INFO   session     Entity shadow: vision=1 {'player': 1} memory=0 {} paired=0 median=0.000
2026-09-24 18:46:48.609  INFO   decision    mode=traveling behavior=traveling action=traveling target=- reason='return to farm after retreat' status=success (repeat)
2026-09-24 18:46:51.913  INFO   session     Entity shadow: vision=1 {'player': 1} memory=0 {} paired=0 median=0.000
2026-09-24 18:46:54.375  INFO   decision    mode=traveling behavior=combat action=attack target=1237 reason='engage target' status=success
2026-09-24 18:46:54.879  INFO   decision    mode=traveling behavior=traveling action=traveling target=- reason='return to farm after retreat' status=success
2026-09-24 18:46:55.157  INFO   decision    mode=traveling behavior=combat action=attack target=1238 reason='engage target' status=success
2026-09-24 18:46:55.999  INFO   decision    mode=traveling behavior=combat action=attack target=1239 reason='attack target' status=success
2026-09-24 18:46:57.064  INFO   session     Entity shadow: vision=4 {'player': 1, 'npc': 2, 'monster': 1} memory=3 {'monster': 3} paired=1 median=0.012 unleveled=10:警衛,68:警衛
2026-09-24 18:46:59.761  INFO   decision    mode=traveling behavior=traveling action=traveling target=- reason='return to farm after retreat' status=success
2026-09-24 18:47:01.799  INFO   decision    mode=traveling behavior=combat action=attack target=1241 reason='engage target' status=success
2026-09-24 18:47:02.334  INFO   session     Entity shadow: vision=6 {'player': 2, 'npc': 3, 'monster': 1} memory=4 {'monster': 3, 'player': 1} paired=2 median=0.050 unleveled=10:警衛,68:警衛
2026-09-24 18:47:07.544  INFO   session     Entity shadow: vision=5 {'npc': 2, 'player': 2, 'monster': 1} memory=4 {'monster': 3, 'player': 1} paired=2 median=0.024 unleveled=10:警衛,68:警衛
2026-09-24 18:47:08.346  INFO   decision    mode=traveling behavior=loot action=searching target=1242 reason='walk onto item' status=success
2026-09-24 18:47:11.730  INFO   decision    mode=traveling behavior=traveling action=traveling target=- reason='return to farm after retreat' status=success
2026-09-24 18:47:12.663  INFO   session     Entity shadow: vision=4 {'player': 2, 'npc': 2} memory=3 {'player': 1, 'monster': 2} paired=1 median=0.067 unleveled=10:警衛,68:警衛
2026-09-24 18:47:17.746  INFO   session     Entity shadow: vision=5 {'player': 1, 'npc': 4} memory=4 {'monster': 4} paired=0 median=0.000 unleveled=68:警衛,10:警衛
2026-09-24 18:47:20.680  INFO   decision    mode=traveling behavior=traveling action=traveling target=- reason='return to farm after retreat' status=success (repeat)
2026-09-24 18:47:22.830  INFO   session     Entity shadow: vision=4 {'player': 1, 'npc': 3} memory=3 {'monster': 3} paired=0 median=0.000 unleveled=68:警衛,10:警衛
2026-09-24 18:47:27.909  INFO   session     Entity shadow: vision=3 {'player': 1, 'npc': 2} memory=2 {'monster': 2} paired=0 median=0.000 unleveled=68:警衛,10:警衛
2026-09-24 18:47:28.971  INFO   decision    mode=traveling behavior=traveling action=traveling target=- reason='return to farm after retreat' status=success (repeat)
2026-09-24 18:47:32.991  INFO   session     Entity shadow: vision=3 {'player': 1, 'npc': 2} memory=2 {'monster': 2} paired=0 median=0.000 unleveled=68:警衛,10:警衛
2026-09-24 18:47:37.109  INFO   decision    mode=traveling behavior=traveling action=traveling target=- reason='return to farm after retreat' status=success (repeat)
2026-09-24 18:47:37.992  INFO   session     Entity shadow: vision=3 {'player': 1, 'npc': 2} memory=2 {'monster': 2} paired=0 median=0.000 unleveled=68:警衛,10:警衛
2026-09-24 18:47:43.124  INFO   session     Entity shadow: vision=2 {'player': 1, 'npc': 1} memory=0 {} paired=0 median=0.000
2026-09-24 18:47:45.107  INFO   decision    mode=traveling behavior=traveling action=traveling target=- reason='return to farm after retreat' status=success (repeat)
2026-09-24 18:47:48.274  INFO   session     Entity shadow: vision=1 {'player': 1} memory=0 {} paired=0 median=0.000
2026-09-24 18:47:52.772  INFO   decision    mode=traveling behavior=combat action=attack target=1247 reason='engage target' status=success
2026-09-24 18:47:53.483  INFO   session     Entity shadow: vision=3 {'player': 1, 'monster': 2} memory=2 {'monster': 2} paired=2 median=0.030
2026-09-24 18:47:54.912  INFO   decision    mode=traveling behavior=combat action=attack target=1246 reason='attack target' status=success
2026-09-24 18:47:58.575  INFO   session     Entity shadow: vision=1 {'player': 1} memory=2 {'monster': 2} paired=0 median=0.000
2026-09-24 18:48:00.591  INFO   decision    mode=traveling behavior=combat action=attack target=1248 reason='engage target' status=success
2026-09-24 18:48:03.835  INFO   session     Entity shadow: vision=1 {'player': 1} memory=2 {'monster': 2} paired=0 median=0.000
2026-09-24 18:48:09.036  INFO   session     Entity shadow: vision=3 {'player': 1, 'monster': 2} memory=3 {'monster': 3} paired=2 median=0.033
2026-09-24 18:48:11.304  INFO   decision    mode=traveling behavior=combat action=attack target=1248 reason='attack target' status=success (repeat)
2026-09-24 18:48:13.520  INFO   decision    mode=retreating behavior=talking_scroll action=use_talking_scroll target=- reason='retreat, 펫 관리인' status=success
2026-09-24 18:48:14.360  INFO   session     Entity shadow: vision=3 {'item': 1, 'player': 1, 'monster': 1} memory=4 {'monster': 3, 'item': 1} paired=2 median=0.073
2026-09-24 18:48:14.406  INFO   decision    mode=retreating behavior=retreating action=idle target=- reason='retreating, waiting for hp' status=success
2026-09-24 18:48:18.811  INFO   decision    mode=retreating behavior=loot action=searching target=1259 reason='walk onto item' status=success
2026-09-24 18:48:19.602  INFO   session     Entity shadow: vision=7 {'player': 1, 'monster': 5, 'item': 1} memory=8 {'item': 1, 'monster': 6, 'npc': 1} paired=6 median=0.016
2026-09-24 18:48:23.393  INFO   decision    mode=retreating behavior=retreating action=idle target=- reason='retreating, waiting for hp' status=success
2026-09-24 18:48:24.702  INFO   session     Entity shadow: vision=5 {'player': 1, 'monster': 3, 'npc': 1} memory=5 {'monster': 4, 'npc': 1} paired=3 median=0.032 unleveled=14:青蛙
2026-09-24 18:48:26.563  INFO   decision    mode=retreating behavior=loot action=searching target=1261 reason='walk onto item' status=success
2026-09-24 18:48:29.968  INFO   session     Entity shadow: vision=1 {'player': 1} memory=2 {'monster': 1, 'item': 1} paired=0 median=0.000 unleveled=14:青蛙
2026-09-24 18:48:34.057  INFO   decision    mode=retreating behavior=retreating action=idle target=- reason='retreating, waiting for hp' status=success
2026-09-24 18:48:35.060  INFO   session     Entity shadow: vision=1 {'player': 1} memory=3 {'monster': 2, 'item': 1} paired=0 median=0.000 unleveled=14:青蛙
2026-09-24 18:48:40.207  INFO   session     Entity shadow: vision=2 {'item': 1, 'player': 1} memory=3 {'monster': 2, 'item': 1} paired=1 median=0.004 unleveled=14:青蛙
2026-09-24 18:48:41.419  INFO   decision    mode=retreating behavior=retreating action=idle target=- reason='retreating, waiting for hp' status=success (repeat)
2026-09-24 18:48:45.319  INFO   session     Entity shadow: vision=3 {'monster': 1, 'item': 1, 'player': 1} memory=2 {'monster': 1, 'item': 1} paired=2 median=0.007
2026-09-24 18:48:48.718  INFO   decision    mode=retreating behavior=retreating action=idle target=- reason='retreating, waiting for hp' status=success (repeat)
2026-09-24 18:48:50.451  INFO   session     Entity shadow: vision=3 {'monster': 1, 'item': 1, 'player': 1} memory=2 {'monster': 1, 'item': 1} paired=2 median=0.009
2026-09-24 18:48:52.905  INFO   decision    mode=retreating behavior=loot action=pickup target=1261 reason='engage item' status=success
2026-09-24 18:48:53.221  INFO   decision    mode=retreating behavior=loot action=idle target=- reason='pickup settle' status=success
2026-09-24 18:48:53.651  INFO   decision    mode=retreating behavior=retreating action=idle target=- reason='retreating, waiting for hp' status=success
2026-09-24 18:48:55.566  INFO   session     Entity shadow: vision=1 {'player': 1} memory=0 {} paired=0 median=0.000
2026-09-24 18:49:00.685  INFO   session     Entity shadow: vision=2 {'player': 2} memory=1 {'player': 1} paired=1 median=0.013
2026-09-24 18:49:00.982  INFO   decision    mode=retreating behavior=retreating action=idle target=- reason='retreating, waiting for hp' status=success (repeat)
2026-09-24 18:49:05.856  INFO   session     Entity shadow: vision=2 {'player': 2} memory=1 {'player': 1} paired=1 median=0.017
2026-09-24 18:49:08.284  INFO   decision    mode=retreating behavior=retreating action=idle target=- reason='retreating, waiting for hp' status=success (repeat)
2026-09-24 18:49:10.870  INFO   session     Entity shadow: vision=2 {'player': 2} memory=1 {'player': 1} paired=1 median=0.020
2026-09-24 18:49:15.589  INFO   decision    mode=retreating behavior=retreating action=idle target=- reason='retreating, waiting for hp' status=success (repeat)
2026-09-24 18:49:16.011  INFO   session     Entity shadow: vision=1 {'player': 1} memory=0 {} paired=0 median=0.000
2026-09-24 18:49:21.080  INFO   session     Entity shadow: vision=1 {'player': 1} memory=0 {} paired=0 median=0.000
2026-09-24 18:49:22.748  INFO   decision    mode=retreating behavior=retreating action=idle target=- reason='retreating, waiting for hp' status=success (repeat)
2026-09-24 18:49:26.107  INFO   session     Entity shadow: vision=1 {'player': 1} memory=0 {} paired=0 median=0.000
2026-09-24 18:49:29.834  INFO   decision    mode=retreating behavior=retreating action=idle target=- reason='retreating, waiting for hp' status=success (repeat)
2026-09-24 18:49:31.241  INFO   session     Entity shadow: vision=1 {'player': 1} memory=0 {} paired=0 median=0.000
2026-09-24 18:49:36.311  INFO   session     Entity shadow: vision=1 {'player': 1} memory=0 {} paired=0 median=0.000
2026-09-24 18:49:36.914  INFO   decision    mode=retreating behavior=retreating action=idle target=- reason='retreating, waiting for hp' status=success (repeat)
2026-09-24 18:49:41.398  INFO   session     Entity shadow: vision=1 {'player': 1} memory=0 {} paired=0 median=0.000
2026-09-24 18:49:43.438  INFO   decision    mode=traveling behavior=traveling action=traveling target=- reason='return to farm after retreat' status=success
2026-09-24 18:49:46.531  INFO   session     Entity shadow: vision=1 {'player': 1} memory=1 {'monster': 1} paired=0 median=0.000 unleveled=206:兔子
2026-09-24 18:49:47.718  INFO   decision    mode=traveling behavior=combat action=attack target=1267 reason='engage target' status=success
2026-09-24 18:49:51.625  INFO   session     Entity shadow: vision=2 {'player': 1, 'monster': 1} memory=2 {'monster': 2} paired=1 median=0.011 unleveled=14:青蛙
2026-09-24 18:49:52.125  INFO   decision    mode=traveling behavior=traveling action=traveling target=- reason='return to farm after retreat' status=success
2026-09-24 18:49:56.765  INFO   session     Entity shadow: vision=1 {'player': 1} memory=1 {'monster': 1} paired=0 median=0.000 unleveled=14:青蛙
2026-09-24 18:49:59.863  INFO   decision    mode=traveling behavior=traveling action=traveling target=- reason='return to farm after retreat' status=success (repeat)
2026-09-24 18:50:01.726  INFO   decision    mode=traveling behavior=combat action=attack target=1270 reason='engage target' status=success
2026-09-24 18:50:02.219  INFO   session     Entity shadow: vision=2 {'player': 1, 'monster': 1} memory=2 {'monster': 2} paired=1 median=0.015 unleveled=14:青蛙
2026-09-24 18:50:05.031  INFO   decision    mode=traveling behavior=traveling action=traveling target=- reason='return to farm after retreat' status=success
2026-09-24 18:50:07.315  INFO   session     Entity shadow: vision=1 {'player': 1} memory=0 {} paired=0 median=0.000
2026-09-24 18:50:12.368  INFO   session     Entity shadow: vision=1 {'player': 1} memory=0 {} paired=0 median=0.000
2026-09-24 18:50:12.841  INFO   decision    mode=traveling behavior=traveling action=traveling target=- reason='return to farm after retreat' status=success (repeat)
2026-09-24 18:50:17.686  INFO   session     Entity shadow: vision=1 {'player': 1} memory=0 {} paired=0 median=0.000
2026-09-24 18:50:20.838  INFO   decision    mode=traveling behavior=traveling action=traveling target=- reason='return to farm after retreat' status=success (repeat)
2026-09-24 18:50:22.827  INFO   session     Entity shadow: vision=1 {'player': 1} memory=1 {'monster': 1} paired=0 median=0.000 unleveled=189:鹿
2026-09-24 18:50:27.881  INFO   session     Entity shadow: vision=1 {'monster': 1} memory=2 {'monster': 2} paired=1 median=0.086 unleveled=189:鹿
2026-09-24 18:50:28.972  INFO   decision    mode=traveling behavior=traveling action=traveling target=- reason='return to farm after retreat' status=success (repeat)
2026-09-24 18:50:31.924  INFO   decision    mode=traveling behavior=combat action=attack target=1279 reason='engage target' status=success
2026-09-24 18:50:33.030  INFO   session     Entity shadow: vision=3 {'monster': 2, 'player': 1} memory=4 {'monster': 4} paired=2 median=0.030 unleveled=189:鹿
2026-09-24 18:50:38.141  INFO   session     Entity shadow: vision=3 {'monster': 2, 'player': 1} memory=3 {'monster': 3} paired=2 median=0.028 unleveled=189:鹿
2026-09-24 18:50:38.158  INFO   decision    mode=retreating behavior=talking_scroll action=use_talking_scroll target=- reason='retreat, 마법서 상인' status=success
2026-09-24 18:50:39.031  INFO   decision    mode=retreating behavior=retreating action=idle target=- reason='retreating, waiting for hp' status=success
2026-09-24 18:50:43.216  INFO   session     Entity shadow: vision=4 {'npc': 2, 'player': 1, 'monster': 1} memory=6 {'monster': 3, 'npc': 3} paired=1 median=0.009 unleveled=68:警衛,10:警衛
2026-09-24 18:50:46.998  INFO   decision    mode=retreating behavior=retreating action=idle target=- reason='retreating, waiting for hp' status=success (repeat)
2026-09-24 18:50:48.332  INFO   session     Entity shadow: vision=3 {'npc': 2, 'player': 1} memory=5 {'monster': 2, 'npc': 3} paired=0 median=0.000 unleveled=68:警衛,10:警衛
2026-09-24 18:50:53.442  INFO   session     Entity shadow: vision=3 {'npc': 2, 'player': 1} memory=5 {'monster': 2, 'npc': 3} paired=0 median=0.000 unleveled=68:警衛,10:警衛
2026-09-24 18:50:54.665  INFO   decision    mode=retreating behavior=retreating action=idle target=- reason='retreating, waiting for hp' status=success (repeat)
2026-09-24 18:50:58.514  INFO   session     Entity shadow: vision=3 {'npc': 2, 'player': 1} memory=5 {'monster': 2, 'npc': 3} paired=0 median=0.000 unleveled=68:警衛,10:警衛
2026-09-24 18:51:02.435  INFO   decision    mode=retreating behavior=retreating action=idle target=- reason='retreating, waiting for hp' status=success (repeat)
2026-09-24 18:51:03.555  INFO   session     Entity shadow: vision=3 {'npc': 2, 'player': 1} memory=6 {'monster': 3, 'npc': 3} paired=0 median=0.000 unleveled=68:警衛,10:警衛
2026-09-24 18:51:06.362  INFO   decision    mode=traveling behavior=combat action=attack target=1287 reason='engage target' status=success
2026-09-24 18:51:08.754  INFO   session     Entity shadow: vision=3 {'player': 1, 'npc': 2} memory=6 {'monster': 3, 'npc': 3} paired=0 median=0.000 unleveled=68:警衛,10:警衛
2026-09-24 18:51:13.922  INFO   session     Entity shadow: vision=3 {'npc': 2, 'player': 1} memory=5 {'monster': 3, 'npc': 2} paired=0 median=0.000 unleveled=68:警衛,10:警衛
2026-09-24 18:51:17.779  INFO   decision    mode=traveling behavior=combat action=attack target=1287 reason='attack target' status=success (repeat)
2026-09-24 18:51:18.933  INFO   session     Entity shadow: vision=4 {'npc': 2, 'player': 1, 'item': 1} memory=5 {'monster': 3, 'npc': 2} paired=0 median=0.000 unleveled=68:警衛,10:警衛
2026-09-24 18:51:20.280  INFO   decision    mode=traveling behavior=loot action=pickup target=1288 reason='engage item' status=success
2026-09-24 18:51:20.601  INFO   decision    mode=traveling behavior=loot action=idle target=- reason='pickup settle' status=success
2026-09-24 18:51:21.098  INFO   decision    mode=traveling behavior=traveling action=traveling target=- reason='return to farm after retreat' status=success
2026-09-24 18:51:21.915  INFO   decision    mode=traveling behavior=loot action=pickup target=1288 reason='engage item' status=success
2026-09-24 18:51:22.233  INFO   decision    mode=traveling behavior=loot action=idle target=- reason='pickup settle' status=success
2026-09-24 18:51:22.699  INFO   decision    mode=traveling behavior=traveling action=traveling target=- reason='return to farm after retreat' status=success
2026-09-24 18:51:23.971  INFO   session     Entity shadow: vision=3 {'player': 1, 'npc': 2} memory=4 {'monster': 2, 'npc': 2} paired=1 median=0.116 unleveled=68:警衛,10:警衛
2026-09-24 18:51:27.779  INFO   decision    mode=traveling behavior=combat action=attack target=1291 reason='engage target' status=success
2026-09-24 18:51:29.043  INFO   session     Entity shadow: vision=6 {'player': 1, 'npc': 2, 'monster': 3} memory=7 {'monster': 4, 'npc': 3} paired=2 median=0.013 unleveled=68:警衛,10:警衛
2026-09-24 18:51:34.195  INFO   session     Entity shadow: vision=6 {'npc': 3, 'monster': 2, 'player': 1} memory=7 {'monster': 4, 'npc': 3} paired=3 median=0.016 unleveled=68:警衛,10:警衛
2026-09-24 18:51:39.252  INFO   session     Entity shadow: vision=8 {'player': 2, 'npc': 3, 'monster': 3} memory=7 {'monster': 4, 'npc': 3} paired=3 median=0.016 unleveled=68:警衛,10:警衛
2026-09-24 18:51:39.542  INFO   decision    mode=traveling behavior=combat action=attack target=1291 reason='attack target' status=success (repeat)
2026-09-24 18:51:44.445  INFO   session     Entity shadow: vision=7 {'npc': 3, 'monster': 3, 'player': 1} memory=7 {'monster': 4, 'npc': 3} paired=3 median=0.028 unleveled=68:警衛,10:警衛
2026-09-24 18:51:49.666  INFO   session     Entity shadow: vision=6 {'npc': 3, 'monster': 2, 'player': 1} memory=6 {'monster': 3, 'npc': 3} paired=2 median=0.108 unleveled=68:警衛,10:警衛
2026-09-24 18:51:50.958  INFO   decision    mode=traveling behavior=combat action=attack target=1291 reason='attack target' status=success (repeat)
2026-09-24 18:51:54.729  INFO   session     Entity shadow: vision=5 {'npc': 3, 'monster': 1, 'player': 1} memory=6 {'monster': 3, 'npc': 3} paired=2 median=0.106 unleveled=68:警衛,10:警衛
2026-09-24 18:51:59.800  INFO   session     Entity shadow: vision=6 {'npc': 3, 'player': 1, 'monster': 2} memory=6 {'monster': 3, 'npc': 3} paired=2 median=0.105 unleveled=68:警衛,10:警衛
2026-09-24 18:52:01.965  INFO   decision    mode=traveling behavior=combat action=attack target=1291 reason='attack target' status=success (repeat)
2026-09-24 18:52:04.924  INFO   session     Entity shadow: vision=6 {'monster': 2, 'npc': 3, 'player': 1} memory=6 {'monster': 3, 'npc': 3} paired=2 median=0.105 unleveled=68:警衛,10:警衛
2026-09-24 18:52:10.111  INFO   session     Entity shadow: vision=6 {'npc': 3, 'monster': 2, 'player': 1} memory=6 {'monster': 3, 'npc': 3} paired=2 median=0.106 unleveled=68:警衛,10:警衛
2026-09-24 18:52:13.336  INFO   decision    mode=traveling behavior=combat action=attack target=1291 reason='attack target' status=success (repeat)
2026-09-24 18:52:15.160  INFO   session     Entity shadow: vision=5 {'npc': 3, 'monster': 1, 'player': 1} memory=6 {'monster': 3, 'npc': 3} paired=2 median=0.105 unleveled=68:警衛,10:警衛
2026-09-24 18:52:20.363  INFO   session     Entity shadow: vision=6 {'player': 2, 'npc': 3, 'monster': 1} memory=7 {'monster': 4, 'npc': 3} paired=2 median=0.106 unleveled=68:警衛,10:警衛
2026-09-24 18:52:24.370  INFO   decision    mode=traveling behavior=combat action=attack target=1291 reason='attack target' status=success (repeat)
2026-09-24 18:52:25.390  INFO   session     Entity shadow: vision=6 {'npc': 3, 'monster': 2, 'player': 1} memory=7 {'monster': 4, 'npc': 3} paired=2 median=0.106 unleveled=68:警衛,10:警衛
2026-09-24 18:52:30.444  INFO   session     Entity shadow: vision=7 {'npc': 3, 'monster': 2, 'player': 2} memory=8 {'monster': 5, 'npc': 3} paired=2 median=0.105 unleveled=68:警衛,10:警衛
2026-09-24 18:52:35.550  INFO   session     Entity shadow: vision=4 {'npc': 2, 'monster': 1, 'player': 1} memory=8 {'monster': 5, 'npc': 3} paired=1 median=0.014 unleveled=68:警衛,10:警衛
2026-09-24 18:52:35.573  INFO   decision    mode=traveling behavior=combat action=attack target=1291 reason='attack target' status=success (repeat)
2026-09-24 18:52:40.748  INFO   session     Entity shadow: vision=6 {'npc': 3, 'monster': 2, 'player': 1} memory=8 {'monster': 5, 'npc': 3} paired=3 median=0.075 unleveled=68:警衛,10:警衛
2026-09-24 18:52:45.954  INFO   session     Entity shadow: vision=6 {'monster': 2, 'npc': 3, 'player': 1} memory=8 {'monster': 5, 'npc': 3} paired=3 median=0.106 unleveled=68:警衛,10:警衛
2026-09-24 18:52:47.069  INFO   decision    mode=traveling behavior=combat action=attack target=1291 reason='attack target' status=success (repeat)
2026-09-24 18:52:50.964  INFO   session     Entity shadow: vision=6 {'npc': 2, 'monster': 2, 'player': 2} memory=8 {'monster': 5, 'npc': 3} paired=2 median=0.044 unleveled=68:警衛,10:警衛
2026-09-24 18:52:56.030  INFO   session     Entity shadow: vision=7 {'npc': 3, 'monster': 2, 'player': 2} memory=8 {'monster': 5, 'npc': 3} paired=3 median=0.013 unleveled=68:警衛,10:警衛
2026-09-24 18:52:59.008  INFO   decision    mode=traveling behavior=combat action=attack target=1291 reason='attack target' status=success (repeat)
2026-09-24 18:53:01.150  INFO   session     Entity shadow: vision=6 {'npc': 3, 'monster': 2, 'player': 1} memory=6 {'monster': 3, 'npc': 3} paired=2 median=0.105 unleveled=68:警衛,10:警衛
2026-09-24 18:53:06.197  INFO   session     Entity shadow: vision=8 {'player': 2, 'npc': 3, 'monster': 3} memory=7 {'player': 1, 'monster': 3, 'npc': 3} paired=3 median=0.019 unleveled=68:警衛,10:警衛
2026-09-24 18:53:10.681  INFO   decision    mode=traveling behavior=combat action=attack target=1296 reason='engage target' status=success
2026-09-24 18:53:11.210  INFO   session     Entity shadow: vision=1 {'player': 1} memory=2 {'monster': 2} paired=0 median=0.000
2026-09-24 18:53:11.718  INFO   decision    mode=traveling behavior=traveling action=traveling target=- reason='return to farm after retreat' status=success
2026-09-24 18:53:16.417  INFO   session     Entity shadow: vision=1 {'player': 1} memory=0 {} paired=0 median=0.000
2026-09-24 18:53:21.371  INFO   decision    mode=traveling behavior=traveling action=traveling target=- reason='return to farm after retreat' status=success (repeat)
2026-09-24 18:53:21.510  INFO   session     Entity shadow: vision=1 {'player': 1} memory=0 {} paired=0 median=0.000
2026-09-24 18:53:25.800  INFO   decision    mode=traveling behavior=combat action=attack target=1299 reason='engage target' status=success
2026-09-24 18:53:26.511  INFO   session     Entity shadow: vision=1 {'monster': 1} memory=1 {'monster': 1} paired=0 median=0.000
2026-09-24 18:53:29.683  INFO   decision    mode=traveling behavior=traveling action=traveling target=- reason='return to farm after retreat' status=success
2026-09-24 18:53:29.951  INFO   decision    mode=traveling behavior=combat action=attack target=1300 reason='engage target' status=success
2026-09-24 18:53:31.551  INFO   session     Entity shadow: vision=1 {'monster': 1} memory=2 {'monster': 2} paired=0 median=0.000
2026-09-24 18:53:33.169  INFO   decision    mode=traveling behavior=loot action=searching target=1302 reason='walk onto item' status=success
2026-09-24 18:53:36.730  INFO   session     Entity shadow: vision=2 {'player': 1, 'item': 1} memory=4 {'monster': 3, 'item': 1} paired=1 median=0.002
2026-09-24 18:53:37.041  INFO   decision    mode=traveling behavior=loot action=pickup target=1302 reason='loot target' status=success
2026-09-24 18:53:37.361  INFO   decision    mode=traveling behavior=loot action=idle target=- reason='pickup settle' status=success
2026-09-24 18:53:37.917  INFO   decision    mode=traveling behavior=combat action=attack target=1304 reason='engage target' status=success
2026-09-24 18:53:41.836  INFO   session     Entity shadow: vision=0 {} memory=4 {'monster': 4} paired=0 median=0.000
2026-09-24 18:53:46.843  INFO   session     Entity shadow: vision=2 {'monster': 2} memory=6 {'monster': 6} paired=2 median=0.105
2026-09-24 18:53:47.515  INFO   decision    mode=traveling behavior=loot action=pickup target=1308 reason='engage item' status=success
2026-09-24 18:53:47.894  INFO   decision    mode=traveling behavior=loot action=idle target=- reason='pickup settle' status=success
2026-09-24 18:53:48.444  INFO   decision    mode=traveling behavior=combat action=attack target=1301 reason='engage target' status=success
2026-09-24 18:53:49.970  INFO   decision    mode=traveling behavior=combat action=attack target=1303 reason='attack target' status=success
2026-09-24 18:53:51.925  INFO   session     Entity shadow: vision=2 {'item': 1, 'monster': 1} memory=6 {'monster': 4, 'item': 2} paired=2 median=0.064
2026-09-24 18:53:54.332  INFO   decision    mode=traveling behavior=combat action=attack target=1307 reason='engage target' status=success
2026-09-24 18:53:56.936  INFO   session     Entity shadow: vision=3 {'item': 3} memory=6 {'monster': 3, 'item': 3} paired=3 median=0.006
2026-09-24 18:54:01.973  INFO   session     Entity shadow: vision=6 {'item': 5, 'monster': 1} memory=6 {'item': 4, 'monster': 2} paired=5 median=0.020
2026-09-24 18:54:02.030  INFO   decision    mode=traveling behavior=loot action=pickup target=1308 reason='engage item' status=success
2026-09-24 18:54:02.398  INFO   decision    mode=traveling behavior=loot action=idle target=- reason='pickup settle' status=success
2026-09-24 18:54:02.847  INFO   decision    mode=traveling behavior=loot action=pickup target=1312 reason='engage item' status=success
2026-09-24 18:54:03.213  INFO   decision    mode=traveling behavior=loot action=idle target=- reason='pickup settle' status=success
2026-09-24 18:54:03.551  INFO   decision    mode=traveling behavior=loot action=searching target=1310 reason='walk onto item' status=success
2026-09-24 18:54:06.262  INFO   decision    mode=traveling behavior=loot action=pickup target=1310 reason='loot target' status=success
2026-09-24 18:54:06.634  INFO   decision    mode=traveling behavior=loot action=idle target=- reason='pickup settle' status=success
2026-09-24 18:54:06.975  INFO   decision    mode=traveling behavior=loot action=searching target=1309 reason='walk onto item' status=success
2026-09-24 18:54:07.207  INFO   session     Entity shadow: vision=3 {'monster': 1, 'item': 2} memory=3 {'item': 2, 'monster': 1} paired=3 median=0.006
2026-09-24 18:54:09.353  INFO   decision    mode=traveling behavior=loot action=pickup target=1309 reason='loot target' status=success
2026-09-24 18:54:09.724  INFO   decision    mode=traveling behavior=loot action=idle target=- reason='pickup settle' status=success
2026-09-24 18:54:10.053  INFO   decision    mode=traveling behavior=loot action=searching target=1310 reason='walk onto item' status=success
2026-09-24 18:54:11.390  INFO   decision    mode=traveling behavior=loot action=pickup target=1310 reason='loot target' status=success
2026-09-24 18:54:11.710  INFO   decision    mode=traveling behavior=loot action=idle target=- reason='pickup settle' status=success
2026-09-24 18:54:12.217  INFO   decision    mode=traveling behavior=combat action=attack target=1305 reason='engage target' status=success
2026-09-24 18:54:12.651  INFO   session     Entity shadow: vision=2 {'monster': 1, 'item': 1} memory=2 {'item': 1, 'monster': 1} paired=2 median=0.011
2026-09-24 18:54:17.679  INFO   session     Entity shadow: vision=2 {'item': 1, 'monster': 1} memory=3 {'monster': 2, 'item': 1} paired=2 median=0.022
2026-09-24 18:54:21.439  INFO   decision    mode=retreating behavior=talking_scroll action=use_talking_scroll target=- reason='retreat, 허수아비 수련장' status=success
2026-09-24 18:54:22.310  INFO   decision    mode=retreating behavior=retreating action=idle target=- reason='retreating, waiting for hp' status=success
2026-09-24 18:54:22.776  INFO   session     Entity shadow: vision=1 {'item': 1} memory=2 {'monster': 1, 'item': 1} paired=1 median=0.002
2026-09-24 18:54:27.948  INFO   session     Entity shadow: vision=7 {'monster': 2, 'npc': 1, 'player': 4} memory=10 {'player': 5, 'monster': 5} paired=6 median=0.019 unleveled=10:警衛,20:?
2026-09-24 18:54:30.631  INFO   decision    mode=retreating behavior=retreating action=idle target=- reason='retreating, waiting for hp' status=success (repeat)
2026-09-24 18:54:33.051  INFO   session     Entity shadow: vision=7 {'monster': 2, 'npc': 1, 'player': 4} memory=12 {'player': 7, 'monster': 5} paired=6 median=0.020 unleveled=10:警衛,20:?
2026-09-24 18:54:38.193  INFO   session     Entity shadow: vision=8 {'monster': 2, 'player': 5, 'npc': 1} memory=11 {'player': 6, 'monster': 5} paired=7 median=0.023 unleveled=10:警衛,20:?
2026-09-24 18:54:38.981  INFO   decision    mode=retreating behavior=retreating action=idle target=- reason='retreating, waiting for hp' status=success (repeat)
2026-09-24 18:54:43.232  INFO   session     Entity shadow: vision=4 {'monster': 1, 'player': 2, 'npc': 1} memory=11 {'player': 6, 'monster': 5} paired=3 median=0.020 unleveled=10:警衛,20:?
2026-09-24 18:54:47.031  INFO   decision    mode=retreating behavior=retreating action=idle target=- reason='retreating, waiting for hp' status=success (repeat)
2026-09-24 18:54:48.310  INFO   session     Entity shadow: vision=7 {'monster': 1, 'player': 5, 'npc': 1} memory=11 {'player': 6, 'monster': 5} paired=6 median=0.021 unleveled=10:警衛,20:?
2026-09-24 18:54:53.335  INFO   session     Entity shadow: vision=6 {'monster': 1, 'npc': 1, 'player': 4} memory=10 {'player': 5, 'monster': 5} paired=5 median=0.019 unleveled=10:警衛,20:?
2026-09-24 18:54:55.370  INFO   decision    mode=retreating behavior=retreating action=idle target=- reason='retreating, waiting for hp' status=success (repeat)
2026-09-24 18:54:58.339  INFO   session     Entity shadow: vision=6 {'monster': 2, 'player': 3, 'npc': 1} memory=10 {'monster': 5, 'player': 5} paired=5 median=0.012 unleveled=10:警衛,20:?
2026-09-24 18:55:03.478  INFO   session     Entity shadow: vision=7 {'player': 4, 'monster': 2, 'npc': 1} memory=10 {'player': 5, 'monster': 5} paired=6 median=0.019 unleveled=10:警衛,20:?
2026-09-24 18:55:03.498  INFO   decision    mode=retreating behavior=retreating action=idle target=- reason='retreating, waiting for hp' status=success (repeat)
2026-09-24 18:55:08.614  INFO   session     Entity shadow: vision=6 {'monster': 2, 'npc': 1, 'player': 3} memory=10 {'monster': 5, 'player': 5} paired=5 median=0.015 unleveled=10:警衛,20:?
2026-09-24 18:55:11.776  INFO   decision    mode=retreating behavior=retreating action=idle target=- reason='retreating, waiting for hp' status=success (repeat)
2026-09-24 18:55:13.689  INFO   session     Entity shadow: vision=6 {'player': 3, 'monster': 2, 'npc': 1} memory=11 {'monster': 5, 'player': 6} paired=5 median=0.013 unleveled=10:警衛,20:?
2026-09-24 18:55:18.744  INFO   session     Entity shadow: vision=7 {'player': 4, 'monster': 2, 'npc': 1} memory=11 {'monster': 5, 'player': 6} paired=6 median=0.022 unleveled=10:警衛,20:?
2026-09-24 18:55:19.948  INFO   decision    mode=retreating behavior=retreating action=idle target=- reason='retreating, waiting for hp' status=success (repeat)
2026-09-24 18:55:23.856  INFO   session     Entity shadow: vision=8 {'monster': 2, 'player': 5, 'npc': 1} memory=11 {'player': 6, 'monster': 5} paired=7 median=0.015 unleveled=10:警衛,20:?
2026-09-24 18:55:28.033  INFO   decision    mode=retreating behavior=retreating action=idle target=- reason='retreating, waiting for hp' status=success (repeat)
2026-09-24 18:55:28.971  INFO   session     Entity shadow: vision=6 {'player': 3, 'monster': 2, 'npc': 1} memory=9 {'monster': 5, 'player': 4} paired=5 median=0.015 unleveled=10:警衛,20:?
2026-09-24 18:55:34.014  INFO   session     Entity shadow: vision=6 {'monster': 2, 'npc': 1, 'player': 3} memory=8 {'monster': 5, 'player': 3} paired=5 median=0.014 unleveled=10:警衛,20:?
2026-09-24 18:55:36.194  INFO   decision    mode=retreating behavior=retreating action=idle target=- reason='retreating, waiting for hp' status=success (repeat)
2026-09-24 18:55:39.156  INFO   session     Entity shadow: vision=6 {'monster': 2, 'npc': 1, 'player': 3} memory=8 {'monster': 5, 'player': 3} paired=5 median=0.014 unleveled=10:警衛,20:?
2026-09-24 18:55:44.050  INFO   decision    mode=retreating behavior=retreating action=idle target=- reason='retreating, waiting for hp' status=success (repeat)
2026-09-24 18:55:44.171  INFO   session     Entity shadow: vision=6 {'monster': 2, 'npc': 1, 'player': 3} memory=8 {'monster': 5, 'player': 3} paired=5 median=0.013 unleveled=10:警衛,20:?
2026-09-24 18:55:49.283  INFO   session     Entity shadow: vision=6 {'monster': 2, 'player': 3, 'npc': 1} memory=8 {'monster': 5, 'player': 3} paired=5 median=0.013 unleveled=10:警衛,20:?
2026-09-24 18:55:49.334  INFO   decision    mode=traveling behavior=traveling action=traveling target=- reason='return to farm after retreat' status=success
2026-09-24 18:55:54.447  INFO   session     Entity shadow: vision=5 {'player': 4, 'npc': 1} memory=5 {'monster': 2, 'player': 3} paired=3 median=0.038 unleveled=10:警衛,20:?
2026-09-24 18:55:58.470  INFO   decision    mode=traveling behavior=traveling action=traveling target=- reason='return to farm after retreat' status=success (repeat)
2026-09-24 18:55:59.536  INFO   session     Entity shadow: vision=2 {'player': 1, 'npc': 1} memory=1 {'monster': 1} paired=0 median=0.000 unleveled=10:警衛
2026-09-24 18:56:04.554  INFO   session     Entity shadow: vision=1 {'player': 1} memory=0 {} paired=0 median=0.000
2026-09-24 18:56:06.643  INFO   decision    mode=traveling behavior=traveling action=traveling target=- reason='return to farm after retreat' status=success (repeat)
2026-09-24 18:56:09.605  INFO   session     Entity shadow: vision=2 {'player': 1, 'npc': 1} memory=1 {'monster': 1} paired=0 median=0.000 unleveled=68:警衛
2026-09-24 18:56:14.767  INFO   session     Entity shadow: vision=3 {'player': 1, 'npc': 2} memory=2 {'monster': 2} paired=0 median=0.000 unleveled=10:警衛,68:警衛
2026-09-24 18:56:14.966  INFO   decision    mode=traveling behavior=traveling action=traveling target=- reason='return to farm after retreat' status=success (repeat)
2026-09-24 18:56:19.913  INFO   session     Entity shadow: vision=4 {'player': 1, 'npc': 3} memory=4 {'monster': 4} paired=0 median=0.000 unleveled=68:警衛,10:警衛
2026-09-24 18:56:23.656  INFO   decision    mode=traveling behavior=traveling action=traveling target=- reason='return to farm after retreat' status=success (repeat)
2026-09-24 18:56:24.940  INFO   session     Entity shadow: vision=4 {'player': 1, 'npc': 3} memory=3 {'monster': 3} paired=0 median=0.000 unleveled=68:警衛,10:警衛
2026-09-24 18:56:30.045  INFO   session     Entity shadow: vision=3 {'player': 1, 'npc': 2} memory=3 {'monster': 3} paired=0 median=0.000 unleveled=14:青蛙,68:警衛,10:警衛
2026-09-24 18:56:32.060  INFO   decision    mode=traveling behavior=traveling action=traveling target=- reason='return to farm after retreat' status=success (repeat)
2026-09-24 18:56:35.259  INFO   session     Entity shadow: vision=4 {'player': 1, 'npc': 2, 'monster': 1} memory=4 {'monster': 4} paired=1 median=0.003 unleveled=14:青蛙,68:警衛,10:警衛
2026-09-24 18:56:35.770  INFO   decision    mode=traveling behavior=combat action=attack target=1338 reason='engage target' status=success
2026-09-24 18:56:40.240  INFO   decision    mode=traveling behavior=traveling action=traveling target=- reason='return to farm after retreat' status=success
2026-09-24 18:56:40.469  INFO   session     Entity shadow: vision=4 {'npc': 2, 'player': 1, 'monster': 1} memory=3 {'monster': 3} paired=0 median=0.000 unleveled=14:青蛙,68:警衛,10:警衛
2026-09-24 18:56:45.603  INFO   session     Entity shadow: vision=3 {'player': 2, 'monster': 1} memory=3 {'monster': 2, 'player': 1} paired=2 median=0.035 unleveled=14:青蛙
2026-09-24 18:56:48.592  INFO   decision    mode=traveling behavior=traveling action=traveling target=- reason='unstick' status=success (repeat)
2026-09-24 18:56:50.703  INFO   session     Entity shadow: vision=4 {'player': 2, 'monster': 2} memory=3 {'monster': 2, 'player': 1} paired=3 median=0.032
2026-09-24 18:56:55.732  INFO   session     Entity shadow: vision=4 {'player': 2, 'monster': 2} memory=3 {'player': 1, 'monster': 2} paired=3 median=0.038
2026-09-24 18:56:56.727  INFO   decision    mode=traveling behavior=combat action=attack target=1344 reason='engage target' status=success
2026-09-24 18:57:00.262  INFO   decision    mode=traveling behavior=traveling action=traveling target=- reason='return to farm after retreat' status=success
2026-09-24 18:57:00.878  INFO   session     Entity shadow: vision=5 {'player': 3, 'monster': 2} memory=4 {'player': 2, 'monster': 2} paired=4 median=0.031
2026-09-24 18:57:05.922  INFO   session     Entity shadow: vision=4 {'player': 2, 'monster': 2} memory=3 {'player': 2, 'monster': 1} paired=2 median=0.054
2026-09-24 18:57:08.940  INFO   decision    mode=traveling behavior=traveling action=traveling target=- reason='return to farm after retreat' status=success (repeat)
2026-09-24 18:57:11.014  INFO   session     Entity shadow: vision=6 {'player': 5, 'monster': 1} memory=3 {'player': 2, 'monster': 1} paired=3 median=0.018
2026-09-24 18:57:16.106  INFO   session     Entity shadow: vision=3 {'player': 3} memory=3 {'player': 2, 'monster': 1} paired=2 median=0.041
2026-09-24 18:57:17.352  INFO   decision    mode=traveling behavior=traveling action=traveling target=- reason='return to farm after retreat' status=success (repeat)
2026-09-24 18:57:21.280  INFO   session     Entity shadow: vision=5 {'player': 3, 'monster': 2} memory=4 {'player': 2, 'monster': 2} paired=4 median=0.025
2026-09-24 18:57:25.629  INFO   decision    mode=traveling behavior=traveling action=traveling target=- reason='return to farm after retreat' status=success (repeat)
2026-09-24 18:57:26.355  INFO   session     Entity shadow: vision=4 {'player': 2, 'monster': 2} memory=3 {'player': 1, 'monster': 2} paired=3 median=0.033
2026-09-24 18:57:31.465  INFO   session     Entity shadow: vision=3 {'monster': 1, 'player': 2} memory=2 {'player': 1, 'monster': 1} paired=2 median=0.056
2026-09-24 18:57:34.110  INFO   decision    mode=traveling behavior=traveling action=traveling target=- reason='return to farm after retreat' status=success (repeat)
2026-09-24 18:57:36.526  INFO   session     Entity shadow: vision=3 {'player': 2, 'monster': 1} memory=2 {'monster': 1, 'player': 1} paired=2 median=0.037
2026-09-24 18:57:39.069  INFO   decision    mode=traveling behavior=loot action=searching target=1354 reason='walk onto item' status=success
2026-09-24 18:57:41.530  INFO   session     Entity shadow: vision=3 {'item': 1, 'monster': 1, 'player': 1} memory=4 {'monster': 2, 'player': 1, 'item': 1} paired=3 median=0.023
2026-09-24 18:57:46.795  INFO   session     Entity shadow: vision=5 {'player': 2, 'item': 2, 'monster': 1} memory=3 {'player': 1, 'monster': 1, 'item': 1} paired=2 median=0.024
2026-09-24 18:57:50.784  INFO   decision    mode=traveling behavior=loot action=pickup target=1354 reason='loot target' status=success
2026-09-24 18:57:51.215  INFO   decision    mode=traveling behavior=loot action=idle target=- reason='pickup settle' status=success
2026-09-24 18:57:51.597  INFO   decision    mode=traveling behavior=traveling action=traveling target=- reason='return to farm after retreat' status=success
2026-09-24 18:57:51.813  INFO   session     Entity shadow: vision=2 {'player': 1, 'monster': 1} memory=3 {'player': 1, 'item': 1, 'monster': 1} paired=1 median=0.063
2026-09-24 18:57:56.852  INFO   session     Entity shadow: vision=3 {'player': 2, 'monster': 1} memory=2 {'player': 1, 'monster': 1} paired=2 median=0.082
2026-09-24 18:57:59.712  INFO   decision    mode=traveling behavior=traveling action=traveling target=- reason='return to farm after retreat' status=success (repeat)
2026-09-24 18:58:01.916  INFO   session     Entity shadow: vision=2 {'player': 2} memory=3 {'player': 2, 'monster': 1} paired=1 median=0.022 unleveled=12:史萊姆
2026-09-24 18:58:07.077  INFO   session     Entity shadow: vision=3 {'player': 3} memory=3 {'player': 2, 'monster': 1} paired=2 median=0.042 unleveled=12:史萊姆
2026-09-24 18:58:07.979  INFO   decision    mode=traveling behavior=combat action=attack target=1363 reason='engage target' status=success
2026-09-24 18:58:08.501  INFO   decision    mode=traveling behavior=combat action=attack target=1364 reason='engage target' status=success
2026-09-24 18:58:12.151  INFO   session     Entity shadow: vision=3 {'monster': 2, 'player': 1} memory=1 {'monster': 1} paired=1 median=0.046
2026-09-24 18:58:17.353  INFO   session     Entity shadow: vision=2 {'player': 1, 'monster': 1} memory=1 {'monster': 1} paired=1 median=0.017
2026-09-24 18:58:19.807  INFO   decision    mode=traveling behavior=combat action=attack target=1364 reason='attack target' status=success (repeat)
2026-09-24 18:58:22.441  INFO   session     Entity shadow: vision=2 {'player': 1, 'monster': 1} memory=1 {'monster': 1} paired=1 median=0.018
2026-09-24 18:58:25.267  INFO   decision    mode=traveling behavior=loot action=pickup target=1369 reason='engage item' status=success
2026-09-24 18:58:25.606  INFO   decision    mode=traveling behavior=loot action=idle target=- reason='pickup settle' status=success
2026-09-24 18:58:26.089  INFO   decision    mode=traveling behavior=traveling action=traveling target=- reason='return to farm after retreat' status=success
2026-09-24 18:58:26.345  INFO   decision    mode=traveling behavior=combat action=attack target=1370 reason='engage target' status=success
2026-09-24 18:58:27.566  INFO   session     Entity shadow: vision=3 {'player': 1, 'monster': 2} memory=2 {'monster': 2} paired=2 median=0.027
2026-09-24 18:58:32.801  INFO   session     Entity shadow: vision=3 {'player': 1, 'monster': 2} memory=2 {'monster': 2} paired=2 median=0.022
2026-09-24 18:58:34.920  INFO   decision    mode=traveling behavior=traveling action=traveling target=- reason='unstick' status=success
2026-09-24 18:58:37.858  INFO   session     Entity shadow: vision=2 {'player': 1, 'monster': 1} memory=1 {'monster': 1} paired=1 median=0.048
2026-09-24 18:58:40.552  INFO   decision    mode=traveling behavior=combat action=attack target=1371 reason='engage target' status=success
2026-09-24 18:58:43.066  INFO   session     Entity shadow: vision=4 {'monster': 3, 'player': 1} memory=3 {'monster': 3} paired=2 median=0.019
2026-09-24 18:58:48.143  INFO   session     Entity shadow: vision=4 {'monster': 3, 'player': 1} memory=5 {'monster': 5} paired=2 median=0.022 unleveled=12:史萊姆
2026-09-24 18:58:51.705  INFO   decision    mode=traveling behavior=combat action=attack target=1371 reason='attack target' status=success (repeat)
2026-09-24 18:58:53.240  INFO   session     Entity shadow: vision=5 {'monster': 4, 'player': 1} memory=5 {'monster': 5} paired=3 median=0.027 unleveled=12:史萊姆
2026-09-24 18:58:54.627  INFO   decision    mode=traveling behavior=combat action=attack target=1372 reason='engage target' status=success
2026-09-24 18:58:58.341  INFO   session     Entity shadow: vision=6 {'item': 1, 'monster': 4, 'player': 1} memory=4 {'monster': 3, 'item': 1} paired=3 median=0.015
2026-09-24 18:59:01.290  INFO   decision    mode=traveling behavior=combat action=attack target=1374 reason='engage target' status=success
2026-09-24 18:59:03.568  INFO   session     Entity shadow: vision=7 {'monster': 2, 'player': 3, 'item': 2} memory=6 {'monster': 2, 'player': 2, 'item': 2} paired=6 median=0.033
2026-09-24 18:59:04.691  INFO   decision    mode=traveling behavior=loot action=pickup target=1375 reason='engage item' status=success
2026-09-24 18:59:05.075  INFO   decision    mode=traveling behavior=loot action=idle target=- reason='pickup settle' status=success
2026-09-24 18:59:05.478  INFO   decision    mode=traveling behavior=loot action=searching target=1378 reason='walk onto item' status=success
2026-09-24 18:59:07.420  INFO   decision    mode=traveling behavior=loot action=pickup target=1378 reason='loot target' status=success
2026-09-24 18:59:07.753  INFO   decision    mode=traveling behavior=loot action=idle target=- reason='pickup settle' status=success
2026-09-24 18:59:08.189  INFO   decision    mode=traveling behavior=loot action=pickup target=1375 reason='engage item' status=success
2026-09-24 18:59:08.560  INFO   decision    mode=traveling behavior=loot action=idle target=- reason='pickup settle' status=success
2026-09-24 18:59:08.695  INFO   session     Entity shadow: vision=4 {'item': 1, 'player': 2, 'monster': 1} memory=5 {'monster': 2, 'item': 2, 'player': 1} paired=3 median=0.004
2026-09-24 18:59:08.875  INFO   decision    mode=traveling behavior=loot action=searching target=1380 reason='walk onto item' status=success
2026-09-24 18:59:11.457  INFO   decision    mode=traveling behavior=traveling action=traveling target=- reason='return to farm after retreat' status=success
2026-09-24 18:59:13.809  INFO   session     Entity shadow: vision=6 {'player': 3, 'monster': 3} memory=5 {'monster': 3, 'player': 2} paired=4 median=0.051 unleveled=12:史萊姆
2026-09-24 18:59:18.823  INFO   session     Entity shadow: vision=6 {'player': 2, 'monster': 4} memory=4 {'player': 1, 'monster': 3} paired=3 median=0.053 unleveled=12:史萊姆
2026-09-24 18:59:19.203  INFO   decision    mode=traveling behavior=combat action=attack target=1388 reason='engage target' status=success
2026-09-24 18:59:21.352  INFO   decision    mode=traveling behavior=traveling action=traveling target=- reason='return to farm after retreat' status=success
2026-09-24 18:59:23.864  INFO   session     Entity shadow: vision=7 {'monster': 6, 'player': 1} memory=3 {'monster': 3} paired=3 median=0.024
2026-09-24 18:59:24.646  INFO   decision    mode=traveling behavior=combat action=attack target=1389 reason='engage target' status=success
2026-09-24 18:59:26.912  INFO   decision    mode=traveling behavior=combat action=attack target=1391 reason='engage target' status=success
2026-09-24 18:59:28.934  INFO   session     Entity shadow: vision=6 {'monster': 5, 'player': 1} memory=4 {'monster': 4} paired=3 median=0.017 unleveled=12:史萊姆
2026-09-24 18:59:33.987  INFO   session     Entity shadow: vision=5 {'monster': 4, 'player': 1} memory=3 {'monster': 3} paired=3 median=0.017
2026-09-24 18:59:36.763  INFO   decision    mode=retreating behavior=talking_scroll action=use_talking_scroll target=- reason='retreat, 펫 관리인' status=success
2026-09-24 18:59:37.653  INFO   decision    mode=retreating behavior=retreating action=idle target=- reason='retreating, waiting for hp' status=success
2026-09-24 18:59:39.096  INFO   session     Entity shadow: vision=5 {'monster': 4, 'player': 1} memory=8 {'monster': 7, 'npc': 1} paired=3 median=0.018 unleveled=206:兔子
2026-09-24 18:59:44.185  INFO   session     Entity shadow: vision=5 {'monster': 3, 'player': 1, 'npc': 1} memory=7 {'monster': 6, 'npc': 1} paired=4 median=0.018 unleveled=206:兔子
2026-09-24 18:59:45.761  INFO   decision    mode=retreating behavior=retreating action=idle target=- reason='retreating, waiting for hp' status=success (repeat)
2026-09-24 18:59:49.204  INFO   session     Entity shadow: vision=6 {'monster': 4, 'player': 1, 'npc': 1} memory=7 {'monster': 6, 'npc': 1} paired=5 median=0.017 unleveled=206:兔子
2026-09-24 18:59:54.012  INFO   decision    mode=retreating behavior=retreating action=idle target=- reason='retreating, waiting for hp' status=success (repeat)
2026-09-24 18:59:54.317  INFO   session     Entity shadow: vision=8 {'player': 2, 'monster': 5, 'npc': 1} memory=8 {'monster': 6, 'player': 1, 'npc': 1} paired=7 median=0.017 unleveled=206:兔子
2026-09-24 18:59:59.366  INFO   session     Entity shadow: vision=8 {'player': 3, 'monster': 4, 'npc': 1} memory=9 {'monster': 6, 'player': 2, 'npc': 1} paired=7 median=0.017 unleveled=206:兔子
2026-09-24 19:00:02.187  INFO   decision    mode=retreating behavior=retreating action=idle target=- reason='retreating, waiting for hp' status=success (repeat)
2026-09-24 19:00:04.513  INFO   session     Entity shadow: vision=9 {'monster': 5, 'npc': 1, 'player': 3} memory=8 {'player': 2, 'npc': 1, 'monster': 5} paired=8 median=0.017
2026-09-24 19:00:09.588  INFO   session     Entity shadow: vision=8 {'player': 3, 'npc': 1, 'monster': 4} memory=8 {'player': 2, 'npc': 1, 'monster': 5} paired=7 median=0.017
2026-09-24 19:00:10.407  INFO   decision    mode=retreating behavior=retreating action=idle target=- reason='retreating, waiting for hp' status=success (repeat)
2026-09-24 19:00:14.748  INFO   session     Entity shadow: vision=7 {'npc': 1, 'monster': 4, 'player': 2} memory=7 {'player': 1, 'npc': 1, 'monster': 5} paired=6 median=0.017
2026-09-24 19:00:18.283  INFO   decision    mode=retreating behavior=retreating action=idle target=- reason='retreating, waiting for hp' status=success (repeat)
2026-09-24 19:00:19.780  INFO   session     Entity shadow: vision=6 {'monster': 4, 'npc': 1, 'player': 1} memory=6 {'npc': 1, 'monster': 5} paired=5 median=0.015
2026-09-24 19:00:22.315  INFO   decision    mode=traveling behavior=traveling action=traveling target=- reason='return to farm after retreat' status=success
2026-09-24 19:00:24.849  INFO   session     Entity shadow: vision=6 {'player': 2, 'npc': 1, 'monster': 3} memory=7 {'player': 1, 'npc': 1, 'monster': 5} paired=5 median=0.014
2026-09-24 19:00:29.965  INFO   session     Entity shadow: vision=5 {'player': 2, 'npc': 1, 'monster': 2} memory=5 {'player': 1, 'npc': 1, 'monster': 3} paired=4 median=0.027
2026-09-24 19:00:31.420  INFO   decision    mode=traveling behavior=traveling action=traveling target=- reason='return to farm after retreat' status=success (repeat)
2026-09-24 19:00:33.562  INFO   decision    mode=traveling behavior=combat action=attack target=1406 reason='engage target' status=success
2026-09-24 19:00:35.181  INFO   session     Entity shadow: vision=3 {'player': 2, 'monster': 1} memory=1 {'monster': 1} paired=1 median=0.011
2026-09-24 19:00:35.353  INFO   decision    mode=traveling behavior=traveling action=traveling target=- reason='return to farm after retreat' status=success
2026-09-24 19:00:40.218  INFO   session     Entity shadow: vision=2 {'player': 2} memory=0 {} paired=0 median=0.000
2026-09-24 19:00:43.103  INFO   decision    mode=traveling behavior=traveling action=traveling target=- reason='return to farm after retreat' status=success (repeat)
2026-09-24 19:00:45.330  INFO   session     Entity shadow: vision=1 {'monster': 1} memory=0 {} paired=0 median=0.000
2026-09-24 19:00:50.463  INFO   session     Entity shadow: vision=2 {'player': 2} memory=0 {} paired=0 median=0.000
2026-09-24 19:00:50.797  INFO   decision    mode=traveling behavior=traveling action=traveling target=- reason='return to farm after retreat' status=success (repeat)
2026-09-24 19:00:55.136  INFO   decision    mode=traveling behavior=combat action=attack target=1408 reason='engage target' status=success
2026-09-24 19:00:55.561  INFO   session     Entity shadow: vision=1 {'player': 1} memory=1 {'monster': 1} paired=0 median=0.000
2026-09-24 19:00:58.007  INFO   decision    mode=traveling behavior=traveling action=traveling target=- reason='return to farm after retreat' status=success
2026-09-24 19:01:00.611  INFO   session     Entity shadow: vision=2 {'player': 2} memory=0 {} paired=0 median=0.000
2026-09-24 19:01:00.778  INFO   decision    mode=traveling behavior=combat action=attack target=1409 reason='engage target' status=success
2026-09-24 19:01:05.727  INFO   session     Entity shadow: vision=5 {'monster': 4, 'player': 1} memory=6 {'monster': 6} paired=4 median=0.018 unleveled=206:兔子
2026-09-24 19:01:07.882  INFO   decision    mode=traveling behavior=combat action=attack target=1410 reason='engage target' status=success
2026-09-24 19:01:10.854  INFO   session     Entity shadow: vision=4 {'monster': 4} memory=4 {'monster': 4} paired=4 median=0.021
2026-09-24 19:01:11.094  INFO   decision    mode=traveling behavior=combat action=attack target=1413 reason='engage target' status=success
2026-09-24 19:01:14.395  INFO   decision    mode=traveling behavior=combat action=attack target=1414 reason='attack target' status=success
2026-09-24 19:01:15.959  INFO   session     Entity shadow: vision=2 {'monster': 2} memory=3 {'monster': 3} paired=2 median=0.015 unleveled=206:兔子
2026-09-24 19:01:17.786  INFO   decision    mode=traveling behavior=loot action=pickup target=1416 reason='engage item' status=success
2026-09-24 19:01:18.120  INFO   decision    mode=traveling behavior=loot action=idle target=- reason='pickup settle' status=success
2026-09-24 19:01:18.597  INFO   decision    mode=traveling behavior=combat action=attack target=1411 reason='engage target' status=success
2026-09-24 19:01:21.084  INFO   session     Entity shadow: vision=4 {'monster': 4} memory=4 {'monster': 4} paired=2 median=0.003 unleveled=208:兔子,206:兔子
2026-09-24 19:01:21.271  INFO   decision    mode=traveling behavior=combat action=attack target=1418 reason='engage target' status=success
2026-09-24 19:01:22.461  INFO   decision    mode=traveling behavior=traveling action=traveling target=- reason='return to farm after retreat' status=success
2026-09-24 19:01:26.163  INFO   session     Entity shadow: vision=1 {'player': 1} memory=1 {'monster': 1} paired=0 median=0.000 unleveled=206:兔子
2026-09-24 19:01:27.749  INFO   decision    mode=traveling behavior=combat action=attack target=1419 reason='engage target' status=success
2026-09-24 19:01:31.252  INFO   session     Entity shadow: vision=3 {'item': 1, 'player': 1, 'monster': 1} memory=3 {'item': 1, 'monster': 2} paired=2 median=0.014 unleveled=206:兔子
2026-09-24 19:01:31.967  INFO   decision    mode=traveling behavior=loot action=searching target=1420 reason='walk onto item' status=success
2026-09-24 19:01:32.236  INFO   decision    mode=traveling behavior=loot action=pickup target=1420 reason='loot target' status=success
2026-09-24 19:01:32.615  INFO   decision    mode=traveling behavior=loot action=idle target=- reason='pickup settle' status=success
2026-09-24 19:01:33.087  INFO   decision    mode=traveling behavior=combat action=attack target=1422 reason='engage target' status=success
2026-09-24 19:01:36.352  INFO   session     Entity shadow: vision=2 {'monster': 1, 'player': 1} memory=5 {'monster': 5} paired=1 median=0.107 unleveled=206:兔子,189:鹿
2026-09-24 19:01:41.368  INFO   session     Entity shadow: vision=3 {'monster': 2, 'player': 1} memory=4 {'monster': 4} paired=2 median=0.025 unleveled=189:鹿
2026-09-24 19:01:44.399  INFO   decision    mode=traveling behavior=combat action=attack target=1422 reason='attack target' status=success (repeat)
2026-09-24 19:01:46.522  INFO   session     Entity shadow: vision=3 {'monster': 2, 'player': 1} memory=5 {'monster': 5} paired=2 median=0.052 unleveled=206:兔子,189:鹿
2026-09-24 19:01:48.659  INFO   decision    mode=traveling behavior=combat action=attack target=1424 reason='engage target' status=success
2026-09-24 19:01:50.847  INFO   decision    mode=traveling behavior=loot action=searching target=1427 reason='walk onto item' status=success
2026-09-24 19:01:51.571  INFO   session     Entity shadow: vision=3 {'item': 1, 'player': 1, 'monster': 1} memory=4 {'item': 1, 'monster': 3} paired=2 median=0.016 unleveled=206:兔子,189:鹿
2026-09-24 19:01:56.810  INFO   session     Entity shadow: vision=3 {'player': 1, 'item': 2} memory=3 {'monster': 1, 'item': 2} paired=2 median=0.005
2026-09-24 19:01:59.493  INFO   decision    mode=traveling behavior=loot action=pickup target=1427 reason='loot target' status=success
2026-09-24 19:01:59.815  INFO   decision    mode=traveling behavior=loot action=idle target=- reason='pickup settle' status=success
2026-09-24 19:02:00.310  INFO   decision    mode=traveling behavior=loot action=pickup target=1428 reason='engage item' status=success
2026-09-24 19:02:00.627  INFO   decision    mode=traveling behavior=loot action=idle target=- reason='pickup settle' status=success
2026-09-24 19:02:01.068  INFO   decision    mode=traveling behavior=combat action=attack target=1434 reason='engage target' status=success
2026-09-24 19:02:01.910  INFO   session     Entity shadow: vision=4 {'player': 1, 'item': 1, 'monster': 2} memory=6 {'monster': 5, 'item': 1} paired=3 median=0.037
2026-09-24 19:02:03.866  INFO   decision    mode=traveling behavior=combat action=attack target=1433 reason='attack target' status=success
2026-09-24 19:02:06.913  INFO   session     Entity shadow: vision=4 {'item': 1, 'player': 1, 'monster': 2} memory=7 {'monster': 6, 'item': 1} paired=3 median=0.035 unleveled=14:青蛙,189:鹿
2026-09-24 19:02:07.225  INFO   decision    mode=traveling behavior=loot action=searching target=1428 reason='walk onto item' status=success
2026-09-24 19:02:08.675  INFO   decision    mode=traveling behavior=loot action=pickup target=1428 reason='loot target' status=success
2026-09-24 19:02:09.061  INFO   decision    mode=traveling behavior=loot action=idle target=- reason='pickup settle' status=success
2026-09-24 19:02:09.401  INFO   decision    mode=traveling behavior=loot action=searching target=1439 reason='walk onto item' status=success
2026-09-24 19:02:12.087  INFO   session     Entity shadow: vision=4 {'player': 2, 'monster': 1, 'item': 1} memory=7 {'monster': 6, 'item': 1} paired=2 median=0.021 unleveled=189:鹿,14:青蛙
2026-09-24 19:02:14.724  INFO   decision    mode=traveling behavior=combat action=attack target=1430 reason='engage target' status=success
2026-09-24 19:02:17.147  INFO   session     Entity shadow: vision=7 {'item': 1, 'monster': 3, 'npc': 2, 'player': 1} memory=12 {'monster': 10, 'npc': 1, 'item': 1} paired=4 median=0.032 unleveled=14:青蛙,68:警衛,189:鹿
2026-09-24 19:02:22.314  INFO   session     Entity shadow: vision=8 {'item': 1, 'monster': 4, 'player': 1, 'npc': 2} memory=11 {'monster': 9, 'npc': 1, 'item': 1} paired=6 median=0.016 unleveled=68:警衛,14:青蛙,189:鹿
2026-09-24 19:02:25.341  INFO   decision    mode=traveling behavior=combat action=attack target=1442 reason='engage target' status=success
2026-09-24 19:02:26.605  INFO   decision    mode=retreating behavior=talking_scroll action=use_talking_scroll target=- reason='retreat, 마법서 상인' status=success
2026-09-24 19:02:27.427  INFO   session     Entity shadow: vision=7 {'item': 2, 'monster': 3, 'npc': 1, 'player': 1} memory=8 {'monster': 5, 'npc': 1, 'item': 2} paired=5 median=0.005 unleveled=14:青蛙,68:警衛
2026-09-24 19:02:27.470  INFO   decision    mode=retreating behavior=retreating action=idle target=- reason='retreating, waiting for hp' status=success
2026-09-24 19:02:32.455  INFO   session     Entity shadow: vision=3 {'npc': 2, 'player': 1} memory=5 {'monster': 2, 'npc': 3} paired=0 median=0.000 unleveled=68:警衛,10:警衛
2026-09-24 19:02:35.313  INFO   decision    mode=retreating behavior=retreating action=idle target=- reason='retreating, waiting for hp' status=success (repeat)
2026-09-24 19:02:37.564  INFO   session     Entity shadow: vision=3 {'npc': 2, 'player': 1} memory=5 {'monster': 2, 'npc': 3} paired=0 median=0.000 unleveled=68:警衛,10:警衛
2026-09-24 19:02:42.637  INFO   session     Entity shadow: vision=3 {'npc': 2, 'player': 1} memory=5 {'monster': 2, 'npc': 3} paired=0 median=0.000 unleveled=68:警衛,10:警衛
2026-09-24 19:02:42.971  INFO   decision    mode=retreating behavior=retreating action=idle target=- reason='retreating, waiting for hp' status=success (repeat)
2026-09-24 19:02:47.724  INFO   session     Entity shadow: vision=3 {'npc': 2, 'player': 1} memory=5 {'monster': 2, 'npc': 3} paired=0 median=0.000 unleveled=68:警衛,10:警衛
2026-09-24 19:02:50.587  INFO   decision    mode=retreating behavior=retreating action=idle target=- reason='retreating, waiting for hp' status=success (repeat)
2026-09-24 19:02:52.793  INFO   session     Entity shadow: vision=3 {'npc': 2, 'player': 1} memory=5 {'monster': 2, 'npc': 3} paired=0 median=0.000 unleveled=68:警衛,10:警衛
2026-09-24 19:02:57.885  INFO   session     Entity shadow: vision=3 {'npc': 2, 'player': 1} memory=6 {'monster': 3, 'npc': 3} paired=0 median=0.000 unleveled=68:警衛,10:警衛
2026-09-24 19:02:58.212  INFO   decision    mode=retreating behavior=retreating action=idle target=- reason='retreating, waiting for hp' status=success (repeat)
2026-09-24 19:03:02.900  INFO   session     Entity shadow: vision=3 {'player': 1, 'npc': 2} memory=6 {'monster': 3, 'npc': 3} paired=0 median=0.000 unleveled=68:警衛,10:警衛
2026-09-24 19:03:06.071  INFO   decision    mode=retreating behavior=retreating action=idle target=- reason='retreating, waiting for hp' status=success (repeat)
2026-09-24 19:03:07.965  INFO   session     Entity shadow: vision=3 {'npc': 2, 'player': 1} memory=5 {'monster': 2, 'npc': 3} paired=0 median=0.000 unleveled=68:警衛,10:警衛
2026-09-24 19:03:12.972  INFO   session     Entity shadow: vision=3 {'npc': 2, 'player': 1} memory=5 {'monster': 2, 'npc': 3} paired=0 median=0.000 unleveled=68:警衛,10:警衛
2026-09-24 19:03:13.908  INFO   decision    mode=retreating behavior=retreating action=idle target=- reason='retreating, waiting for hp' status=success (repeat)
2026-09-24 19:03:18.045  INFO   session     Entity shadow: vision=3 {'npc': 2, 'player': 1} memory=5 {'monster': 2, 'npc': 3} paired=0 median=0.000 unleveled=68:警衛,10:警衛
2026-09-24 19:03:21.691  INFO   decision    mode=retreating behavior=retreating action=idle target=- reason='retreating, waiting for hp' status=success (repeat)
2026-09-24 19:03:23.085  INFO   session     Entity shadow: vision=4 {'player': 2, 'npc': 2} memory=5 {'monster': 2, 'npc': 3} paired=0 median=0.000 unleveled=68:警衛,10:警衛
2026-09-24 19:03:28.239  INFO   session     Entity shadow: vision=4 {'npc': 2, 'player': 2} memory=8 {'player': 2, 'monster': 3, 'npc': 3} paired=1 median=0.027 unleveled=68:警衛,10:警衛
2026-09-24 19:03:29.850  INFO   decision    mode=retreating behavior=retreating action=idle target=- reason='retreating, waiting for hp' status=success (repeat)
2026-09-24 19:03:33.307  INFO   session     Entity shadow: vision=5 {'npc': 2, 'player': 3} memory=9 {'player': 3, 'monster': 3, 'npc': 3} paired=2 median=0.031 unleveled=68:警衛,10:警衛
2026-09-24 19:03:38.316  INFO   session     Entity shadow: vision=4 {'player': 2, 'npc': 2} memory=8 {'player': 2, 'monster': 3, 'npc': 3} paired=1 median=0.027 unleveled=68:警衛,10:警衛
2026-09-24 19:03:38.362  INFO   decision    mode=retreating behavior=retreating action=idle target=- reason='retreating, waiting for hp' status=success (repeat)
2026-09-24 19:03:43.435  INFO   session     Entity shadow: vision=5 {'npc': 2, 'player': 3} memory=8 {'monster': 3, 'player': 2, 'npc': 3} paired=2 median=0.027 unleveled=68:警衛,10:警衛
2026-09-24 19:03:47.079  INFO   decision    mode=retreating behavior=retreating action=idle target=- reason='retreating, waiting for hp' status=success (repeat)
2026-09-24 19:03:48.480  INFO   session     Entity shadow: vision=6 {'player': 3, 'npc': 2, 'monster': 1} memory=7 {'player': 2, 'monster': 2, 'npc': 3} paired=2 median=0.032 unleveled=68:警衛,10:警衛
2026-09-24 19:03:49.539  INFO   decision    mode=traveling behavior=traveling action=traveling target=- reason='return to farm after retreat' status=success
2026-09-24 19:03:50.705  INFO   decision    mode=traveling behavior=combat action=attack target=1461 reason='engage target' status=success
2026-09-24 19:03:52.198  INFO   decision    mode=traveling behavior=traveling action=traveling target=- reason='return to farm after retreat' status=success
2026-09-24 19:03:52.829  INFO   decision    mode=traveling behavior=combat action=attack target=1463 reason='engage target' status=success
2026-09-24 19:03:53.723  INFO   session     Entity shadow: vision=5 {'player': 2, 'monster': 1, 'npc': 2} memory=8 {'monster': 4, 'player': 1, 'npc': 3} paired=2 median=0.027 unleveled=68:警衛,10:警衛
2026-09-24 19:03:58.830  INFO   session     Entity shadow: vision=4 {'npc': 2, 'player': 1, 'monster': 1} memory=6 {'monster': 3, 'npc': 3} paired=1 median=0.014 unleveled=68:警衛,10:警衛
2026-09-24 19:04:03.871  INFO   session     Entity shadow: vision=4 {'npc': 2, 'player': 1, 'monster': 1} memory=6 {'monster': 3, 'npc': 3} paired=1 median=0.013 unleveled=68:警衛,10:警衛
2026-09-24 19:04:04.570  INFO   decision    mode=traveling behavior=combat action=attack target=1463 reason='attack target' status=success (repeat)
2026-09-24 19:04:06.323  INFO   decision    mode=traveling behavior=traveling action=traveling target=- reason='return to farm after retreat' status=success
2026-09-24 19:04:08.952  INFO   session     Entity shadow: vision=3 {'player': 1, 'npc': 2} memory=5 {'monster': 2, 'npc': 3} paired=0 median=0.000 unleveled=68:警衛,10:警衛
2026-09-24 19:04:11.011  INFO   decision    mode=traveling behavior=combat action=attack target=1466 reason='engage target' status=success
2026-09-24 19:04:14.055  INFO   session     Entity shadow: vision=3 {'npc': 1, 'monster': 1, 'player': 1} memory=5 {'monster': 2, 'npc': 3} paired=1 median=0.012 unleveled=10:警衛
2026-09-24 19:04:19.093  INFO   session     Entity shadow: vision=3 {'npc': 1, 'player': 1, 'monster': 1} memory=6 {'monster': 3, 'npc': 3} paired=1 median=0.008 unleveled=10:警衛
2026-09-24 19:04:19.566  INFO   decision    mode=traveling behavior=loot action=searching target=1468 reason='walk onto item' status=success
2026-09-24 19:04:21.716  INFO   decision    mode=traveling behavior=combat action=attack target=1467 reason='engage target' status=success
2026-09-24 19:04:24.112  INFO   session     Entity shadow: vision=3 {'item': 1, 'monster': 1, 'player': 1} memory=4 {'monster': 1, 'item': 1, 'npc': 2} paired=2 median=0.008
2026-09-24 19:04:26.170  INFO   decision    mode=traveling behavior=loot action=pickup target=1468 reason='engage item' status=success
2026-09-24 19:04:26.527  INFO   decision    mode=traveling behavior=loot action=idle target=- reason='pickup settle' status=success
2026-09-24 19:04:26.973  INFO   decision    mode=traveling behavior=traveling action=traveling target=- reason='return to farm after retreat' status=success
2026-09-24 19:04:27.764  INFO   decision    mode=traveling behavior=loot action=pickup target=1468 reason='engage item' status=success
2026-09-24 19:04:28.110  INFO   decision    mode=traveling behavior=loot action=idle target=- reason='pickup settle' status=success
2026-09-24 19:04:28.575  INFO   decision    mode=traveling behavior=traveling action=traveling target=- reason='return to farm after retreat' status=success
2026-09-24 19:04:29.282  INFO   session     Entity shadow: vision=1 {'player': 1} memory=0 {} paired=0 median=0.000
2026-09-24 19:04:34.322  INFO   session     Entity shadow: vision=1 {'player': 1} memory=0 {} paired=0 median=0.000
2026-09-24 19:04:36.602  INFO   decision    mode=traveling behavior=traveling action=traveling target=- reason='return to farm after retreat' status=success (repeat)
2026-09-24 19:04:37.662  INFO   decision    mode=traveling behavior=combat action=attack target=1469 reason='engage target' status=success
2026-09-24 19:04:38.140  INFO   decision    mode=traveling behavior=traveling action=traveling target=- reason='return to farm after retreat' status=success
2026-09-24 19:04:38.413  INFO   decision    mode=traveling behavior=combat action=attack target=1470 reason='engage target' status=success
2026-09-24 19:04:39.385  INFO   session     Entity shadow: vision=3 {'player': 1, 'monster': 1, 'npc': 1} memory=2 {'monster': 2} paired=1 median=0.020 unleveled=68:警衛
2026-09-24 19:04:44.389  INFO   session     Entity shadow: vision=2 {'monster': 1, 'player': 1} memory=1 {'monster': 1} paired=1 median=0.015
2026-09-24 19:04:49.544  INFO   session     Entity shadow: vision=2 {'monster': 1, 'player': 1} memory=2 {'monster': 2} paired=1 median=0.015
2026-09-24 19:04:49.781  INFO   decision    mode=traveling behavior=combat action=attack target=1470 reason='attack target' status=success (repeat)
2026-09-24 19:04:54.592  INFO   session     Entity shadow: vision=2 {'player': 1, 'monster': 1} memory=2 {'monster': 2} paired=1 median=0.015
2026-09-24 19:04:59.723  INFO   session     Entity shadow: vision=2 {'player': 1, 'monster': 1} memory=3 {'monster': 3} paired=1 median=0.015
2026-09-24 19:05:00.836  INFO   decision    mode=traveling behavior=combat action=attack target=1470 reason='attack target' status=success (repeat)
2026-09-24 19:05:04.789  INFO   session     Entity shadow: vision=3 {'player': 1, 'monster': 2} memory=5 {'monster': 3, 'item': 1, 'player': 1} paired=2 median=0.057
2026-09-24 19:05:04.848  INFO   decision    mode=traveling behavior=loot action=searching target=1476 reason='walk onto item' status=success
2026-09-24 19:05:09.383  INFO   decision    mode=traveling behavior=combat action=attack target=1477 reason='engage target' status=success
2026-09-24 19:05:09.878  INFO   session     Entity shadow: vision=4 {'monster': 2, 'player': 1, 'npc': 1} memory=3 {'player': 1, 'monster': 2} paired=2 median=0.024
2026-09-24 19:05:12.805  INFO   decision    mode=traveling behavior=traveling action=traveling target=- reason='return to farm after retreat' status=success
2026-09-24 19:05:15.050  INFO   session     Entity shadow: vision=3 {'monster': 1, 'player': 2} memory=2 {'player': 1, 'monster': 1} paired=2 median=0.033
2026-09-24 19:05:17.939  INFO   decision    mode=traveling behavior=combat action=attack target=1479 reason='engage target' status=success
2026-09-24 19:05:19.460  INFO   decision    mode=traveling behavior=traveling action=traveling target=- reason='return to farm after retreat' status=success
2026-09-24 19:05:20.095  INFO   session     Entity shadow: vision=3 {'player': 2, 'monster': 1} memory=2 {'monster': 1, 'player': 1} paired=2 median=0.054
2026-09-24 19:05:21.570  INFO   decision    mode=traveling behavior=combat action=attack target=1480 reason='engage target' status=success
2026-09-24 19:05:25.222  INFO   session     Entity shadow: vision=2 {'player': 1, 'monster': 1} memory=2 {'monster': 2} paired=1 median=0.031
2026-09-24 19:05:28.288  INFO   decision    mode=traveling behavior=loot action=pickup target=1482 reason='engage item' status=success
2026-09-24 19:05:28.639  INFO   decision    mode=traveling behavior=loot action=idle target=- reason='pickup settle' status=success
2026-09-24 19:05:29.111  INFO   decision    mode=traveling behavior=traveling action=traveling target=- reason='return to farm after retreat' status=success
2026-09-24 19:05:29.864  INFO   decision    mode=traveling behavior=loot action=pickup target=1482 reason='engage item' status=success
2026-09-24 19:05:30.225  INFO   decision    mode=traveling behavior=loot action=idle target=- reason='pickup settle' status=success
2026-09-24 19:05:30.372  INFO   session     Entity shadow: vision=3 {'player': 1, 'item': 1, 'monster': 1} memory=2 {'monster': 1, 'item': 1} paired=2 median=0.028
2026-09-24 19:05:30.581  INFO   decision    mode=traveling behavior=traveling action=traveling target=- reason='return to farm after retreat' status=success
2026-09-24 19:05:31.471  INFO   decision    mode=traveling behavior=loot action=pickup target=1482 reason='engage item' status=success
2026-09-24 19:05:31.789  INFO   decision    mode=traveling behavior=loot action=idle target=- reason='pickup settle' status=success
2026-09-24 19:05:32.314  INFO   decision    mode=traveling behavior=traveling action=traveling target=- reason='return to farm after retreat' status=success
2026-09-24 19:05:33.113  INFO   decision    mode=traveling behavior=loot action=pickup target=1482 reason='engage item' status=success
2026-09-24 19:05:33.444  INFO   decision    mode=traveling behavior=loot action=idle target=- reason='pickup settle' status=success
2026-09-24 19:05:33.930  INFO   decision    mode=traveling behavior=traveling action=traveling target=- reason='return to farm after retreat' status=success
2026-09-24 19:05:34.715  INFO   decision    mode=traveling behavior=loot action=pickup target=1482 reason='engage item' status=success
2026-09-24 19:05:35.113  INFO   decision    mode=traveling behavior=loot action=idle target=- reason='pickup settle' status=success
2026-09-24 19:05:35.437  INFO   session     Entity shadow: vision=4 {'item': 1, 'player': 1, 'npc': 1, 'monster': 1} memory=3 {'monster': 2, 'item': 1} paired=2 median=0.035 unleveled=68:警衛
2026-09-24 19:05:35.467  INFO   decision    mode=traveling behavior=traveling action=traveling target=- reason='return to farm after retreat' status=success
2026-09-24 19:05:36.422  INFO   decision    mode=traveling behavior=loot action=pickup target=1482 reason='engage item' status=success
2026-09-24 19:05:36.745  INFO   decision    mode=traveling behavior=loot action=idle target=- reason='pickup settle' status=success
2026-09-24 19:05:37.112  INFO   decision    mode=traveling behavior=traveling action=traveling target=- reason='return to farm after retreat' status=success
2026-09-24 19:05:38.038  INFO   decision    mode=traveling behavior=loot action=searching target=1482 reason='walk onto item' status=success
2026-09-24 19:05:38.590  INFO   decision    mode=traveling behavior=loot action=pickup target=1482 reason='loot target' status=success
2026-09-24 19:05:38.922  INFO   decision    mode=traveling behavior=loot action=idle target=- reason='pickup settle' status=success
2026-09-24 19:05:39.426  INFO   decision    mode=traveling behavior=traveling action=traveling target=- reason='return to farm after retreat' status=success
2026-09-24 19:05:40.305  INFO   decision    mode=traveling behavior=loot action=pickup target=1482 reason='engage item' status=success
2026-09-24 19:05:40.651  INFO   session     Entity shadow: vision=4 {'player': 1, 'npc': 1, 'item': 1, 'monster': 1} memory=4 {'monster': 3, 'item': 1} paired=2 median=0.040 unleveled=68:警衛
2026-09-24 19:05:40.682  INFO   decision    mode=traveling behavior=loot action=idle target=- reason='pickup settle' status=success
2026-09-24 19:05:41.076  INFO   decision    mode=traveling behavior=combat action=attack target=1485 reason='engage target' status=success
2026-09-24 19:05:45.725  INFO   session     Entity shadow: vision=4 {'npc': 1, 'monster': 1, 'item': 1, 'player': 1} memory=4 {'monster': 3, 'item': 1} paired=2 median=0.030 unleveled=68:警衛
2026-09-24 19:05:50.534  INFO   decision    mode=traveling behavior=loot action=pickup target=1487 reason='engage item' status=success
2026-09-24 19:05:50.890  INFO   session     Entity shadow: vision=6 {'monster': 2, 'item': 2, 'player': 1, 'npc': 1} memory=6 {'monster': 4, 'item': 2} paired=4 median=0.011 unleveled=68:警衛,208:兔子
2026-09-24 19:05:50.933  INFO   decision    mode=traveling behavior=loot action=idle target=- reason='pickup settle' status=success
2026-09-24 19:05:51.244  INFO   decision    mode=traveling behavior=loot action=pickup target=1482 reason='engage item' status=success
2026-09-24 19:05:51.608  INFO   decision    mode=traveling behavior=loot action=idle target=- reason='pickup settle' status=success
2026-09-24 19:05:52.095  INFO   decision    mode=traveling behavior=combat action=attack target=1488 reason='engage target' status=success
2026-09-24 19:05:55.852  INFO   decision    mode=traveling behavior=loot action=pickup target=1487 reason='engage item' status=success
2026-09-24 19:05:56.185  INFO   session     Entity shadow: vision=4 {'item': 1, 'monster': 1, 'npc': 1, 'player': 1} memory=5 {'monster': 3, 'item': 2} paired=2 median=0.068 unleveled=68:警衛,208:兔子
2026-09-24 19:05:56.204  INFO   decision    mode=traveling behavior=loot action=idle target=- reason='pickup settle' status=success
2026-09-24 19:05:56.540  INFO   decision    mode=traveling behavior=loot action=pickup target=1482 reason='engage item' status=success
2026-09-24 19:05:56.890  INFO   decision    mode=traveling behavior=loot action=idle target=- reason='pickup settle' status=success
2026-09-24 19:06:03.023  INFO   decision    mode=traveling behavior=traveling action=traveling target=- reason='return to farm after retreat' status=success
2026-09-24 19:06:03.416  INFO   session     Entity shadow: vision=2 {'player': 1, 'npc': 1} memory=2 {'monster': 2} paired=0 median=0.000 unleveled=208:兔子,68:警衛
2026-09-24 19:06:08.413  INFO   session     Entity shadow: vision=2 {'player': 1, 'npc': 1} memory=3 {'monster': 3} paired=0 median=0.000 unleveled=189:鹿,208:兔子,68:警衛
2026-09-24 19:06:11.883  INFO   decision    mode=traveling behavior=combat action=attack target=1490 reason='engage target' status=success
2026-09-24 19:06:13.594  INFO   session     Entity shadow: vision=3 {'player': 2, 'npc': 1} memory=5 {'monster': 5} paired=0 median=0.000 unleveled=68:警衛,206:兔子,208:兔子,189:鹿
2026-09-24 19:06:15.144  INFO   decision    mode=traveling behavior=traveling action=traveling target=- reason='return to farm after retreat' status=success
2026-09-24 19:06:18.681  INFO   session     Entity shadow: vision=1 {'player': 1} memory=3 {'monster': 3} paired=0 median=0.000 unleveled=208:兔子,189:鹿,206:兔子
2026-09-24 19:06:23.952  INFO   session     Entity shadow: vision=1 {'player': 1} memory=2 {'monster': 2} paired=0 median=0.000 unleveled=206:兔子,189:鹿
2026-09-24 19:06:24.155  INFO   decision    mode=traveling behavior=traveling action=traveling target=- reason='return to farm after retreat' status=success (repeat)
2026-09-24 19:06:28.211  INFO   decision    mode=traveling behavior=combat action=attack target=1493 reason='engage target' status=success
2026-09-24 19:06:29.071  INFO   session     Entity shadow: vision=3 {'player': 1, 'npc': 1, 'monster': 1} memory=3 {'monster': 2, 'npc': 1} paired=2 median=0.014 unleveled=189:鹿
2026-09-24 19:06:31.630  INFO   decision    mode=traveling behavior=traveling action=traveling target=- reason='return to farm after retreat' status=success
2026-09-24 19:06:34.256  INFO   session     Entity shadow: vision=2 {'npc': 1, 'player': 1} memory=2 {'monster': 1, 'npc': 1} paired=1 median=0.045 unleveled=189:鹿
2026-09-24 19:06:34.858  INFO   decision    mode=traveling behavior=combat action=attack target=1494 reason='engage target' status=success
2026-09-24 19:06:38.072  INFO   decision    mode=traveling behavior=loot action=searching target=1497 reason='walk onto item' status=success
2026-09-24 19:06:39.269  INFO   session     Entity shadow: vision=3 {'player': 1, 'npc': 1, 'item': 1} memory=3 {'monster': 1, 'item': 1, 'npc': 1} paired=2 median=0.027 unleveled=189:鹿
2026-09-24 19:06:43.257  INFO   decision    mode=traveling behavior=loot action=pickup target=1497 reason='loot target' status=success
2026-09-24 19:06:43.627  INFO   decision    mode=traveling behavior=loot action=idle target=- reason='pickup settle' status=success
2026-09-24 19:06:44.034  INFO   decision    mode=traveling behavior=traveling action=traveling target=- reason='return to farm after retreat' status=success
2026-09-24 19:06:44.274  INFO   session     Entity shadow: vision=2 {'monster': 1, 'player': 1} memory=3 {'monster': 1, 'item': 1, 'npc': 1} paired=0 median=0.000 unleveled=189:鹿
2026-09-24 19:06:49.300  INFO   session     Entity shadow: vision=2 {'player': 1, 'npc': 1} memory=3 {'monster': 2, 'npc': 1} paired=1 median=0.038 unleveled=189:鹿
2026-09-24 19:06:50.674  INFO   decision    mode=traveling behavior=combat action=attack target=1499 reason='engage target' status=success
2026-09-24 19:06:54.422  INFO   session     Entity shadow: vision=3 {'npc': 1, 'player': 1, 'monster': 1} memory=4 {'monster': 3, 'npc': 1} paired=2 median=0.033 unleveled=189:鹿
2026-09-24 19:06:59.561  INFO   session     Entity shadow: vision=3 {'player': 1, 'npc': 1, 'monster': 1} memory=4 {'monster': 3, 'npc': 1} paired=2 median=0.027 unleveled=207:兔子,189:鹿
2026-09-24 19:07:02.064  INFO   decision    mode=traveling behavior=combat action=attack target=1499 reason='attack target' status=success (repeat)
2026-09-24 19:07:04.593  INFO   session     Entity shadow: vision=3 {'npc': 1, 'monster': 1, 'player': 1} memory=4 {'monster': 3, 'npc': 1} paired=2 median=0.026 unleveled=207:兔子,189:鹿
2026-09-24 19:07:08.096  INFO   decision    mode=traveling behavior=loot action=pickup target=1502 reason='engage item' status=success
2026-09-24 19:07:08.489  INFO   decision    mode=traveling behavior=loot action=idle target=- reason='pickup settle' status=success
2026-09-24 19:07:08.843  INFO   decision    mode=traveling behavior=loot action=pickup target=1501 reason='engage item' status=success
2026-09-24 19:07:09.238  INFO   decision    mode=traveling behavior=loot action=idle target=- reason='pickup settle' status=success
2026-09-24 19:07:09.636  INFO   decision    mode=traveling behavior=traveling action=traveling target=- reason='return to farm after retreat' status=success
2026-09-24 19:07:09.854  INFO   session     Entity shadow: vision=3 {'monster': 1, 'npc': 1, 'player': 1} memory=4 {'monster': 2, 'item': 1, 'npc': 1} paired=2 median=0.114 unleveled=189:鹿,207:兔子
2026-09-24 19:07:10.476  INFO   decision    mode=traveling behavior=talking_scroll action=use_talking_scroll target=- reason='go to shop (sell_garbage_ch)' status=success
2026-09-24 19:07:13.855  INFO   decision    mode=farming behavior=shop action=shop_stop target=- reason='stop at shop' status=success
2026-09-24 19:07:14.582  INFO   decision    mode=farming behavior=shop action=shop_buy_arrows target=- reason='shop:sell_garbage_ch' status=success
2026-09-24 19:07:25.519  INFO   session     Entity shadow: vision=21 {'npc': 2, 'player': 18, 'item': 1} memory=57 {'player': 55, 'npc': 2} paired=20 median=0.026
2026-09-24 19:07:25.630  INFO   decision    mode=farming behavior=talking_scroll action=use_talking_scroll target=- reason='go to shop (sell_garbage_weapon_ch)' status=success
2026-09-24 19:07:28.270  INFO   nav         async nav configure start map=mainland
2026-09-24 19:07:29.016  INFO   decision    mode=farming behavior=shop action=shop_stop target=- reason='stop at shop' status=success
2026-09-24 19:07:29.165  INFO   nav         building portal graph (cluster=32, 1755x1414)
2026-09-24 19:07:33.802  INFO   nav         portal graph: 2586 components, 4637 ms
2026-09-24 19:07:33.805  INFO   nav         farms=6 safe=0 home=None (files farm=D:\Work\Lineage\ManmabotV1_final\engine\maps\mainland\farms.yaml safe=D:\Work\Lineage\ManmabotV1_final\engine\maps\mainland\safe.yaml home=D:\Work\Lineage\ManmabotV1_final\engine\maps\mainland\home.yaml)
2026-09-24 19:07:33.806  INFO   nav         async nav configure done map=mainland (5535 ms)
2026-09-24 19:07:33.966  INFO   session     Entity shadow: vision=21 {'player': 20, 'npc': 1} memory=36 {'player': 31, 'npc': 5} paired=19 median=0.029
2026-09-24 19:07:34.088  INFO   decision    mode=farming behavior=shop action=shop_buy_arrows target=- reason='shop:sell_garbage_weapon_ch' status=success
2026-09-24 19:07:57.626  INFO   session     Entity shadow: vision=22 {'player': 21, 'monster': 1} memory=39 {'player': 35, 'npc': 4} paired=20 median=0.030
2026-09-24 19:07:57.721  INFO   decision    mode=farming behavior=talking_scroll action=use_talking_scroll target=- reason='go to shop (sell_garbage_mainland_ch)' status=success
2026-09-24 19:08:01.048  INFO   decision    mode=farming behavior=shop action=shop_stop target=- reason='stop at shop' status=success
2026-09-24 19:08:01.736  INFO   decision    mode=farming behavior=shop action=shop_buy_arrows target=- reason='shop:sell_garbage_mainland_ch' status=success
2026-09-24 19:08:06.144  INFO   session     Entity shadow: vision=27 {'player': 24, 'npc': 2, 'monster': 1} memory=56 {'player': 49, 'npc': 6, 'monster': 1} paired=26 median=0.038 unleveled=319:?
2026-09-24 19:08:06.243  INFO   decision    mode=farming behavior=talking_scroll action=use_talking_scroll target=- reason='go to shop (sell_garbage_armor_mainland_ch)' status=success
2026-09-24 19:08:09.535  INFO   decision    mode=farming behavior=shop action=shop_stop target=- reason='stop at shop' status=success
2026-09-24 19:08:10.223  INFO   decision    mode=farming behavior=shop action=shop_buy_arrows target=- reason='shop:sell_garbage_armor_mainland_ch' status=success
2026-09-24 19:08:22.909  INFO   session     Entity shadow: vision=14 {'player': 14} memory=36 {'npc': 6, 'player': 30} paired=14 median=0.031
2026-09-24 19:08:23.005  INFO   decision    mode=farming behavior=talking_scroll action=use_talking_scroll target=- reason='go to shop (sell_garbage_ch)' status=success
2026-09-24 19:08:25.655  INFO   nav         async nav configure start map=talking_island
2026-09-24 19:08:25.725  INFO   nav         building portal graph (cluster=32, 479x511)
2026-09-24 19:08:25.990  INFO   nav         portal graph: 188 components, 264 ms
2026-09-24 19:08:25.996  INFO   nav         farms=4 safe=11 home=(354, 203) (files farm=D:\Work\Lineage\ManmabotV1_final\engine\maps\talking_island\farms.yaml safe=D:\Work\Lineage\ManmabotV1_final\engine\maps\talking_island\safe.yaml home=D:\Work\Lineage\ManmabotV1_final\engine\maps\talking_island\home.yaml)
2026-09-24 19:08:25.996  INFO   nav         async nav configure done map=talking_island (342 ms)
2026-09-24 19:08:26.456  INFO   decision    mode=farming behavior=shop action=shop_stop target=- reason='stop at shop' status=success
2026-09-24 19:08:27.157  INFO   decision    mode=farming behavior=shop action=shop_buy_arrows target=- reason='shop:sell_garbage_ch' status=success
2026-09-24 19:08:31.503  INFO   session     Entity shadow: vision=22 {'npc': 4, 'player': 18} memory=50 {'player': 48, 'npc': 2} paired=20 median=0.024
2026-09-24 19:08:31.591  INFO   decision    mode=farming behavior=talking_scroll action=use_talking_scroll target=- reason='go to shop (sell_garbage_weapon_ch)' status=success
2026-09-24 19:08:34.271  INFO   nav         async nav configure start map=mainland
2026-09-24 19:08:35.010  INFO   decision    mode=farming behavior=shop action=shop_stop target=- reason='stop at shop' status=success
2026-09-24 19:08:35.155  INFO   nav         building portal graph (cluster=32, 1755x1414)
2026-09-24 19:08:39.656  INFO   nav         portal graph: 2586 components, 4501 ms
2026-09-24 19:08:39.663  INFO   nav         farms=6 safe=0 home=None (files farm=D:\Work\Lineage\ManmabotV1_final\engine\maps\mainland\farms.yaml safe=D:\Work\Lineage\ManmabotV1_final\engine\maps\mainland\safe.yaml home=D:\Work\Lineage\ManmabotV1_final\engine\maps\mainland\home.yaml)
2026-09-24 19:08:39.663  INFO   nav         async nav configure done map=mainland (5392 ms)
2026-09-24 19:08:39.832  INFO   session     Entity shadow: vision=19 {'player': 18, 'npc': 1} memory=40 {'player': 35, 'npc': 5} paired=18 median=0.030
2026-09-24 19:08:39.937  INFO   decision    mode=farming behavior=shop action=shop_buy_arrows target=- reason='shop:sell_garbage_weapon_ch' status=success
2026-09-24 19:08:44.466  INFO   decision    mode=farming behavior=talking_scroll action=use_talking_scroll target=- reason='go to shop (sell_garbage_mainland_ch)' status=success
2026-09-24 19:08:47.783  INFO   session     Entity shadow: vision=34 {'player': 29, 'npc': 3, 'monster': 2} memory=65 {'player': 58, 'npc': 6, 'monster': 1} paired=30 median=0.037 unleveled=319:?
2026-09-24 19:08:48.064  INFO   decision    mode=farming behavior=shop action=shop_stop target=- reason='stop at shop' status=success
2026-09-24 19:08:48.987  INFO   decision    mode=farming behavior=shop action=shop_buy_arrows target=- reason='shop:sell_garbage_mainland_ch' status=success
2026-09-24 19:08:53.439  INFO   session     Entity shadow: vision=33 {'player': 29, 'monster': 2, 'npc': 2} memory=64 {'player': 57, 'npc': 6, 'monster': 1} paired=30 median=0.034 unleveled=319:?
2026-09-24 19:08:53.547  INFO   decision    mode=farming behavior=talking_scroll action=use_talking_scroll target=- reason='go to shop (sell_garbage_armor_mainland_ch)' status=success
2026-09-24 19:08:56.704  INFO   decision    mode=farming behavior=shop action=shop_stop target=- reason='stop at shop' status=success
2026-09-24 19:08:57.344  INFO   decision    mode=farming behavior=shop action=shop_buy_arrows target=- reason='shop:sell_garbage_armor_mainland_ch' status=success
2026-09-24 19:09:01.723  INFO   session     Entity shadow: vision=21 {'player': 21} memory=34 {'player': 29, 'npc': 5} paired=21 median=0.028
2026-09-24 19:09:01.818  INFO   decision    mode=farming behavior=talking_scroll action=use_talking_scroll target=- reason='go to shop (sell_garbage_ch)' status=success
2026-09-24 19:09:04.471  INFO   nav         async nav configure start map=talking_island
2026-09-24 19:09:04.558  INFO   nav         building portal graph (cluster=32, 479x511)
2026-09-24 19:09:04.879  INFO   nav         portal graph: 188 components, 321 ms
2026-09-24 19:09:04.886  INFO   nav         farms=4 safe=11 home=(354, 203) (files farm=D:\Work\Lineage\ManmabotV1_final\engine\maps\talking_island\farms.yaml safe=D:\Work\Lineage\ManmabotV1_final\engine\maps\talking_island\safe.yaml home=D:\Work\Lineage\ManmabotV1_final\engine\maps\talking_island\home.yaml)
2026-09-24 19:09:04.886  INFO   nav         async nav configure done map=talking_island (415 ms)
2026-09-24 19:09:05.374  INFO   decision    mode=farming behavior=shop action=shop_stop target=- reason='stop at shop' status=success
2026-09-24 19:09:06.056  INFO   decision    mode=farming behavior=shop action=shop_buy_arrows target=- reason='shop:sell_garbage_ch' status=success
2026-09-24 19:09:10.454  INFO   session     Entity shadow: vision=21 {'player': 18, 'npc': 2, 'item': 1} memory=51 {'player': 49, 'npc': 2} paired=18 median=0.026
2026-09-24 19:09:10.550  INFO   decision    mode=farming behavior=talking_scroll action=use_talking_scroll target=- reason='go to shop (sell_garbage_weapon_ch)' status=success
2026-09-24 19:09:13.199  INFO   nav         async nav configure start map=mainland
2026-09-24 19:09:13.942  INFO   decision    mode=farming behavior=shop action=shop_stop target=- reason='stop at shop' status=success
2026-09-24 19:09:14.102  INFO   nav         building portal graph (cluster=32, 1755x1414)
2026-09-24 19:09:18.281  INFO   nav         portal graph: 2586 components, 4178 ms
2026-09-24 19:09:18.285  INFO   nav         farms=6 safe=0 home=None (files farm=D:\Work\Lineage\ManmabotV1_final\engine\maps\mainland\farms.yaml safe=D:\Work\Lineage\ManmabotV1_final\engine\maps\mainland\safe.yaml home=D:\Work\Lineage\ManmabotV1_final\engine\maps\mainland\home.yaml)
2026-09-24 19:09:18.285  INFO   nav         async nav configure done map=mainland (5086 ms)
2026-09-24 19:09:18.490  INFO   session     Entity shadow: vision=24 {'player': 24} memory=44 {'player': 40, 'npc': 4} paired=23 median=0.029
2026-09-24 19:09:18.587  INFO   decision    mode=farming behavior=shop action=shop_buy_arrows target=- reason='shop:sell_garbage_weapon_ch' status=success
2026-09-24 19:09:23.087  INFO   decision    mode=farming behavior=talking_scroll action=use_talking_scroll target=- reason='go to shop (sell_garbage_mainland_ch)' status=success
2026-09-24 19:09:26.403  INFO   session     Entity shadow: vision=35 {'player': 31, 'monster': 2, 'npc': 2} memory=59 {'player': 52, 'npc': 6, 'monster': 1} paired=32 median=0.033 unleveled=319:?
2026-09-24 19:09:26.507  INFO   decision    mode=farming behavior=shop action=shop_stop target=- reason='stop at shop' status=success
2026-09-24 19:09:27.206  INFO   decision    mode=farming behavior=shop action=shop_buy_arrows target=- reason='shop:sell_garbage_mainland_ch' status=success
2026-09-24 19:09:31.617  INFO   session     Entity shadow: vision=37 {'player': 32, 'monster': 2, 'npc': 3} memory=59 {'player': 52, 'npc': 6, 'monster': 1} paired=33 median=0.034 unleveled=319:?
2026-09-24 19:09:31.714  INFO   decision    mode=farming behavior=talking_scroll action=use_talking_scroll target=- reason='go to shop (sell_garbage_armor_mainland_ch)' status=success
2026-09-24 19:09:34.957  INFO   decision    mode=farming behavior=shop action=shop_stop target=- reason='stop at shop' status=success
2026-09-24 19:09:35.629  INFO   decision    mode=farming behavior=shop action=shop_buy_arrows target=- reason='shop:sell_garbage_armor_mainland_ch' status=success
2026-09-24 19:09:39.992  INFO   session     Entity shadow: vision=17 {'player': 16, 'npc': 1} memory=30 {'npc': 6, 'player': 24} paired=16 median=0.030
2026-09-24 19:09:40.088  INFO   decision    mode=farming behavior=talking_scroll action=use_talking_scroll target=- reason='go to shop (sell_garbage_ch)' status=success
2026-09-24 19:09:42.779  INFO   nav         async nav configure start map=talking_island
2026-09-24 19:09:42.864  INFO   nav         building portal graph (cluster=32, 479x511)
2026-09-24 19:09:43.231  INFO   nav         portal graph: 188 components, 367 ms
2026-09-24 19:09:43.242  INFO   nav         farms=4 safe=11 home=(354, 203) (files farm=D:\Work\Lineage\ManmabotV1_final\engine\maps\talking_island\farms.yaml safe=D:\Work\Lineage\ManmabotV1_final\engine\maps\talking_island\safe.yaml home=D:\Work\Lineage\ManmabotV1_final\engine\maps\talking_island\home.yaml)
2026-09-24 19:09:43.242  INFO   nav         async nav configure done map=talking_island (463 ms)
2026-09-24 19:09:43.704  INFO   decision    mode=farming behavior=shop action=shop_stop target=- reason='stop at shop' status=success
2026-09-24 19:09:44.343  INFO   decision    mode=farming behavior=shop action=shop_buy_arrows target=- reason='shop:sell_garbage_ch' status=success
2026-09-24 19:09:48.745  INFO   session     Entity shadow: vision=21 {'npc': 2, 'player': 18, 'item': 1} memory=45 {'player': 43, 'npc': 2} paired=19 median=0.023
2026-09-24 19:09:48.839  INFO   decision    mode=farming behavior=talking_scroll action=use_talking_scroll target=- reason='go to shop (sell_garbage_weapon_ch)' status=success
2026-09-24 19:09:51.474  INFO   nav         async nav configure start map=mainland
2026-09-24 19:09:52.210  INFO   decision    mode=farming behavior=shop action=shop_stop target=- reason='stop at shop' status=success
2026-09-24 19:09:52.323  INFO   nav         building portal graph (cluster=32, 1755x1414)
2026-09-24 19:09:56.416  INFO   nav         portal graph: 2586 components, 4093 ms
2026-09-24 19:09:56.422  INFO   nav         farms=6 safe=0 home=None (files farm=D:\Work\Lineage\ManmabotV1_final\engine\maps\mainland\farms.yaml safe=D:\Work\Lineage\ManmabotV1_final\engine\maps\mainland\safe.yaml home=D:\Work\Lineage\ManmabotV1_final\engine\maps\mainland\home.yaml)
2026-09-24 19:09:56.422  INFO   nav         async nav configure done map=mainland (4948 ms)
2026-09-24 19:09:56.620  INFO   session     Entity shadow: vision=24 {'player': 24} memory=41 {'npc': 5, 'player': 36} paired=23 median=0.030
2026-09-24 19:09:56.716  INFO   decision    mode=farming behavior=shop action=shop_buy_arrows target=- reason='shop:sell_garbage_weapon_ch' status=success
2026-09-24 19:10:01.212  INFO   decision    mode=farming behavior=talking_scroll action=use_talking_scroll target=- reason='go to shop (sell_garbage_mainland_ch)' status=success
2026-09-24 19:10:04.524  INFO   session     Entity shadow: vision=37 {'player': 32, 'npc': 3, 'monster': 2} memory=61 {'player': 54, 'npc': 6, 'monster': 1} paired=33 median=0.033 unleveled=319:?
2026-09-24 19:10:04.629  INFO   decision    mode=farming behavior=shop action=shop_stop target=- reason='stop at shop' status=success
2026-09-24 19:10:05.312  INFO   decision    mode=farming behavior=shop action=shop_buy_arrows target=- reason='shop:sell_garbage_mainland_ch' status=success
2026-09-24 19:10:09.795  INFO   session     Entity shadow: vision=37 {'player': 32, 'npc': 3, 'monster': 2} memory=63 {'player': 56, 'npc': 6, 'monster': 1} paired=33 median=0.034 unleveled=319:?
2026-09-24 19:10:09.880  INFO   decision    mode=farming behavior=talking_scroll action=use_talking_scroll target=- reason='go to shop (sell_garbage_armor_mainland_ch)' status=success
2026-09-24 19:10:13.041  INFO   decision    mode=farming behavior=shop action=shop_stop target=- reason='stop at shop' status=success
2026-09-24 19:10:13.673  INFO   decision    mode=farming behavior=shop action=shop_buy_arrows target=- reason='shop:sell_garbage_armor_mainland_ch' status=success
2026-09-24 19:10:18.046  INFO   session     Entity shadow: vision=20 {'player': 20} memory=32 {'npc': 5, 'player': 27} paired=20 median=0.032
2026-09-24 19:10:18.130  INFO   decision    mode=farming behavior=talking_scroll action=use_talking_scroll target=- reason='go to shop (sell_garbage_ch)' status=success
2026-09-24 19:10:20.805  INFO   nav         async nav configure start map=talking_island
2026-09-24 19:10:20.882  INFO   nav         building portal graph (cluster=32, 479x511)
2026-09-24 19:10:21.163  INFO   nav         portal graph: 188 components, 281 ms
2026-09-24 19:10:21.172  INFO   nav         farms=4 safe=11 home=(354, 203) (files farm=D:\Work\Lineage\ManmabotV1_final\engine\maps\talking_island\farms.yaml safe=D:\Work\Lineage\ManmabotV1_final\engine\maps\talking_island\safe.yaml home=D:\Work\Lineage\ManmabotV1_final\engine\maps\talking_island\home.yaml)
2026-09-24 19:10:21.172  INFO   nav         async nav configure done map=talking_island (367 ms)
2026-09-24 19:10:21.658  INFO   decision    mode=farming behavior=shop action=shop_stop target=- reason='stop at shop' status=success
2026-09-24 19:10:22.349  INFO   decision    mode=farming behavior=shop action=shop_buy_arrows target=- reason='shop:sell_garbage_ch' status=success
2026-09-24 19:10:26.736  INFO   session     Entity shadow: vision=20 {'npc': 2, 'player': 17, 'item': 1} memory=45 {'player': 43, 'npc': 2} paired=18 median=0.024
2026-09-24 19:10:26.823  INFO   decision    mode=farming behavior=talking_scroll action=use_talking_scroll target=- reason='go to shop (sell_garbage_weapon_ch)' status=success
2026-09-24 19:10:29.502  INFO   nav         async nav configure start map=mainland
2026-09-24 19:10:30.208  INFO   decision    mode=farming behavior=shop action=shop_stop target=- reason='stop at shop' status=success
2026-09-24 19:10:30.327  INFO   nav         building portal graph (cluster=32, 1755x1414)
2026-09-24 19:10:34.525  INFO   nav         portal graph: 2586 components, 4197 ms
2026-09-24 19:10:34.529  INFO   nav         farms=6 safe=0 home=None (files farm=D:\Work\Lineage\ManmabotV1_final\engine\maps\mainland\farms.yaml safe=D:\Work\Lineage\ManmabotV1_final\engine\maps\mainland\safe.yaml home=D:\Work\Lineage\ManmabotV1_final\engine\maps\mainland\home.yaml)
2026-09-24 19:10:34.530  INFO   nav         async nav configure done map=mainland (5028 ms)
2026-09-24 19:10:34.702  INFO   session     Entity shadow: vision=21 {'player': 20, 'monster': 1} memory=39 {'npc': 5, 'player': 34} paired=19 median=0.029
2026-09-24 19:10:34.801  INFO   decision    mode=farming behavior=shop action=shop_buy_arrows target=- reason='shop:sell_garbage_weapon_ch' status=success
2026-09-24 19:10:39.287  INFO   decision    mode=farming behavior=talking_scroll action=use_talking_scroll target=- reason='go to shop (sell_garbage_mainland_ch)' status=success
2026-09-24 19:10:42.559  INFO   session     Entity shadow: vision=33 {'player': 29, 'monster': 2, 'npc': 2} memory=56 {'player': 50, 'npc': 6} paired=30 median=0.036
2026-09-24 19:10:42.665  INFO   decision    mode=farming behavior=shop action=shop_stop target=- reason='stop at shop' status=success
2026-09-24 19:10:43.363  INFO   decision    mode=farming behavior=shop action=shop_buy_arrows target=- reason='shop:sell_garbage_mainland_ch' status=success
2026-09-24 19:10:47.815  INFO   session     Entity shadow: vision=33 {'player': 32, 'npc': 1} memory=57 {'player': 50, 'monster': 1, 'npc': 6} paired=33 median=0.033 unleveled=319:?
2026-09-24 19:10:47.924  INFO   decision    mode=farming behavior=talking_scroll action=use_talking_scroll target=- reason='go to shop (sell_garbage_armor_mainland_ch)' status=success
2026-09-24 19:10:51.088  INFO   decision    mode=farming behavior=shop action=shop_stop target=- reason='stop at shop' status=success
2026-09-24 19:10:51.727  INFO   decision    mode=farming behavior=shop action=shop_buy_arrows target=- reason='shop:sell_garbage_armor_mainland_ch' status=success
2026-09-24 19:10:56.107  INFO   session     Entity shadow: vision=17 {'player': 17} memory=31 {'player': 26, 'npc': 5} paired=17 median=0.028
2026-09-24 19:10:56.187  INFO   decision    mode=farming behavior=talking_scroll action=use_talking_scroll target=- reason='go to shop (sell_garbage_ch)' status=success
2026-09-24 19:10:58.813  INFO   nav         async nav configure start map=talking_island
2026-09-24 19:10:58.885  INFO   nav         building portal graph (cluster=32, 479x511)
2026-09-24 19:10:59.157  INFO   nav         portal graph: 188 components, 272 ms
2026-09-24 19:10:59.167  INFO   nav         farms=4 safe=11 home=(354, 203) (files farm=D:\Work\Lineage\ManmabotV1_final\engine\maps\talking_island\farms.yaml safe=D:\Work\Lineage\ManmabotV1_final\engine\maps\talking_island\safe.yaml home=D:\Work\Lineage\ManmabotV1_final\engine\maps\talking_island\home.yaml)
2026-09-24 19:10:59.167  INFO   nav         async nav configure done map=talking_island (353 ms)
2026-09-24 19:10:59.659  INFO   decision    mode=farming behavior=shop action=shop_stop target=- reason='stop at shop' status=success
2026-09-24 19:11:00.281  INFO   decision    mode=farming behavior=shop action=shop_buy_arrows target=- reason='shop:sell_garbage_ch' status=success
2026-09-24 19:11:04.649  INFO   session     Entity shadow: vision=22 {'player': 20, 'npc': 2} memory=47 {'player': 45, 'npc': 2} paired=19 median=0.025
2026-09-24 19:11:04.740  INFO   decision    mode=farming behavior=talking_scroll action=use_talking_scroll target=- reason='go to shop (sell_garbage_weapon_ch)' status=success
2026-09-24 19:11:07.438  INFO   nav         async nav configure start map=mainland
2026-09-24 19:11:08.139  INFO   decision    mode=farming behavior=shop action=shop_stop target=- reason='stop at shop' status=success
2026-09-24 19:11:08.281  INFO   nav         building portal graph (cluster=32, 1755x1414)
2026-09-24 19:11:12.470  INFO   nav         portal graph: 2586 components, 4189 ms
2026-09-24 19:11:12.476  INFO   nav         farms=6 safe=0 home=None (files farm=D:\Work\Lineage\ManmabotV1_final\engine\maps\mainland\farms.yaml safe=D:\Work\Lineage\ManmabotV1_final\engine\maps\mainland\safe.yaml home=D:\Work\Lineage\ManmabotV1_final\engine\maps\mainland\home.yaml)
2026-09-24 19:11:12.476  INFO   nav         async nav configure done map=mainland (5038 ms)
2026-09-24 19:11:12.643  INFO   session     Entity shadow: vision=22 {'item': 1, 'player': 21} memory=34 {'player': 30, 'npc': 4} paired=19 median=0.030
2026-09-24 19:11:12.750  INFO   decision    mode=farming behavior=shop action=shop_buy_arrows target=- reason='shop:sell_garbage_weapon_ch' status=success
2026-09-24 19:11:17.215  INFO   decision    mode=farming behavior=talking_scroll action=use_talking_scroll target=- reason='go to shop (sell_garbage_mainland_ch)' status=success
2026-09-24 19:11:20.617  INFO   session     Entity shadow: vision=37 {'player': 33, 'monster': 2, 'npc': 2} memory=63 {'player': 56, 'npc': 6, 'monster': 1} paired=33 median=0.035 unleveled=319:?
2026-09-24 19:11:20.727  INFO   decision    mode=farming behavior=shop action=shop_stop target=- reason='stop at shop' status=success
2026-09-24 19:11:21.432  INFO   decision    mode=farming behavior=shop action=shop_buy_arrows target=- reason='shop:sell_garbage_mainland_ch' status=success
2026-09-24 19:11:25.904  INFO   session     Entity shadow: vision=38 {'player': 33, 'npc': 1, 'monster': 4} memory=62 {'player': 56, 'npc': 6} paired=34 median=0.034
2026-09-24 19:11:25.989  INFO   decision    mode=farming behavior=talking_scroll action=use_talking_scroll target=- reason='go to shop (sell_garbage_armor_mainland_ch)' status=success
2026-09-24 19:11:29.243  INFO   decision    mode=farming behavior=shop action=shop_stop target=- reason='stop at shop' status=success
2026-09-24 19:11:29.875  INFO   decision    mode=farming behavior=shop action=shop_buy_arrows target=- reason='shop:sell_garbage_armor_mainland_ch' status=success
2026-09-24 19:11:34.221  INFO   session     Entity shadow: vision=23 {'player': 22, 'npc': 1} memory=31 {'player': 26, 'npc': 5} paired=22 median=0.027
2026-09-24 19:11:34.307  INFO   decision    mode=farming behavior=talking_scroll action=use_talking_scroll target=- reason='go to shop (sell_garbage_ch)' status=success
2026-09-24 19:11:36.999  INFO   nav         async nav configure start map=talking_island
2026-09-24 19:11:37.070  INFO   nav         building portal graph (cluster=32, 479x511)
2026-09-24 19:11:37.376  INFO   nav         portal graph: 188 components, 306 ms
2026-09-24 19:11:37.383  INFO   nav         farms=4 safe=11 home=(354, 203) (files farm=D:\Work\Lineage\ManmabotV1_final\engine\maps\talking_island\farms.yaml safe=D:\Work\Lineage\ManmabotV1_final\engine\maps\talking_island\safe.yaml home=D:\Work\Lineage\ManmabotV1_final\engine\maps\talking_island\home.yaml)
2026-09-24 19:11:37.383  INFO   nav         async nav configure done map=talking_island (384 ms)
2026-09-24 19:11:37.891  INFO   decision    mode=farming behavior=shop action=shop_stop target=- reason='stop at shop' status=success
2026-09-24 19:11:38.561  INFO   decision    mode=farming behavior=shop action=shop_buy_arrows target=- reason='shop:sell_garbage_ch' status=success
2026-09-24 19:11:42.918  INFO   session     Entity shadow: vision=21 {'player': 17, 'npc': 3, 'monster': 1} memory=44 {'player': 42, 'npc': 2} paired=18 median=0.026
2026-09-24 19:11:43.008  INFO   decision    mode=farming behavior=talking_scroll action=use_talking_scroll target=- reason='go to shop (sell_garbage_weapon_ch)' status=success
2026-09-24 19:11:45.692  INFO   nav         async nav configure start map=mainland
2026-09-24 19:11:46.300  INFO   decision    mode=farming behavior=shop action=shop_stop target=- reason='stop at shop' status=success
2026-09-24 19:11:46.442  INFO   nav         building portal graph (cluster=32, 1755x1414)
2026-09-24 19:11:50.778  INFO   nav         portal graph: 2586 components, 4335 ms
2026-09-24 19:11:50.783  INFO   nav         farms=6 safe=0 home=None (files farm=D:\Work\Lineage\ManmabotV1_final\engine\maps\mainland\farms.yaml safe=D:\Work\Lineage\ManmabotV1_final\engine\maps\mainland\safe.yaml home=D:\Work\Lineage\ManmabotV1_final\engine\maps\mainland\home.yaml)
2026-09-24 19:11:50.783  INFO   nav         async nav configure done map=mainland (5090 ms)
2026-09-24 19:11:50.944  INFO   session     Entity shadow: vision=21 {'player': 20, 'npc': 1} memory=34 {'player': 30, 'npc': 4} paired=20 median=0.027
2026-09-24 19:11:51.051  INFO   decision    mode=farming behavior=shop action=shop_buy_arrows target=- reason='shop:sell_garbage_weapon_ch' status=success
2026-09-24 19:11:55.511  INFO   decision    mode=farming behavior=talking_scroll action=use_talking_scroll target=- reason='go to shop (sell_garbage_mainland_ch)' status=success
2026-09-24 19:11:58.886  INFO   session     Entity shadow: vision=39 {'player': 34, 'monster': 3, 'npc': 2} memory=62 {'player': 55, 'npc': 6, 'monster': 1} paired=35 median=0.037 unleveled=319:?
2026-09-24 19:11:58.983  INFO   decision    mode=farming behavior=shop action=shop_stop target=- reason='stop at shop' status=success
2026-09-24 19:11:59.696  INFO   decision    mode=farming behavior=shop action=shop_buy_arrows target=- reason='shop:sell_garbage_mainland_ch' status=success
2026-09-24 19:12:04.108  INFO   session     Entity shadow: vision=39 {'npc': 1, 'monster': 2, 'player': 36} memory=60 {'player': 53, 'npc': 6, 'monster': 1} paired=36 median=0.034 unleveled=319:?
2026-09-24 19:12:04.202  INFO   decision    mode=farming behavior=talking_scroll action=use_talking_scroll target=- reason='go to shop (sell_garbage_armor_mainland_ch)' status=success
2026-09-24 19:12:07.374  INFO   decision    mode=farming behavior=shop action=shop_stop target=- reason='stop at shop' status=success
2026-09-24 19:12:08.045  INFO   decision    mode=farming behavior=shop action=shop_buy_arrows target=- reason='shop:sell_garbage_armor_mainland_ch' status=success
2026-09-24 19:12:12.412  INFO   session     Entity shadow: vision=17 {'player': 16, 'npc': 1} memory=33 {'npc': 7, 'player': 26} paired=17 median=0.032
2026-09-24 19:12:12.490  INFO   decision    mode=farming behavior=talking_scroll action=use_talking_scroll target=- reason='go to shop (sell_garbage_ch)' status=success
2026-09-24 19:12:15.168  INFO   nav         async nav configure start map=talking_island
2026-09-24 19:12:15.252  INFO   nav         building portal graph (cluster=32, 479x511)
2026-09-24 19:12:15.580  INFO   nav         portal graph: 188 components, 328 ms
2026-09-24 19:12:15.588  INFO   nav         farms=4 safe=11 home=(354, 203) (files farm=D:\Work\Lineage\ManmabotV1_final\engine\maps\talking_island\farms.yaml safe=D:\Work\Lineage\ManmabotV1_final\engine\maps\talking_island\safe.yaml home=D:\Work\Lineage\ManmabotV1_final\engine\maps\talking_island\home.yaml)
2026-09-24 19:12:15.588  INFO   nav         async nav configure done map=talking_island (420 ms)
2026-09-24 19:12:16.098  INFO   decision    mode=farming behavior=shop action=shop_stop target=- reason='stop at shop' status=success
2026-09-24 19:12:16.779  INFO   decision    mode=farming behavior=shop action=shop_buy_arrows target=- reason='shop:sell_garbage_ch' status=success
2026-09-24 19:12:21.197  INFO   session     Entity shadow: vision=22 {'player': 19, 'npc': 3} memory=53 {'player': 51, 'npc': 2} paired=19 median=0.024
2026-09-24 19:12:21.285  INFO   decision    mode=farming behavior=talking_scroll action=use_talking_scroll target=- reason='go to shop (sell_garbage_weapon_ch)' status=success
2026-09-24 19:12:23.985  INFO   nav         async nav configure start map=mainland
2026-09-24 19:12:24.734  INFO   decision    mode=farming behavior=shop action=shop_stop target=- reason='stop at shop' status=success
2026-09-24 19:12:24.846  INFO   nav         building portal graph (cluster=32, 1755x1414)
2026-09-24 19:12:29.123  INFO   nav         portal graph: 2586 components, 4277 ms
2026-09-24 19:12:29.128  INFO   nav         farms=6 safe=0 home=None (files farm=D:\Work\Lineage\ManmabotV1_final\engine\maps\mainland\farms.yaml safe=D:\Work\Lineage\ManmabotV1_final\engine\maps\mainland\safe.yaml home=D:\Work\Lineage\ManmabotV1_final\engine\maps\mainland\home.yaml)
2026-09-24 19:12:29.128  INFO   nav         async nav configure done map=mainland (5143 ms)
2026-09-24 19:12:29.308  INFO   session     Entity shadow: vision=23 {'player': 23} memory=39 {'player': 34, 'npc': 5} paired=20 median=0.030
2026-09-24 19:12:29.404  INFO   decision    mode=farming behavior=shop action=shop_buy_arrows target=- reason='shop:sell_garbage_weapon_ch' status=success
2026-09-24 19:12:33.888  INFO   decision    mode=farming behavior=talking_scroll action=use_talking_scroll target=- reason='go to shop (sell_garbage_mainland_ch)' status=success
2026-09-24 19:12:37.237  INFO   session     Entity shadow: vision=35 {'player': 31, 'monster': 4} memory=58 {'player': 51, 'npc': 6, 'monster': 1} paired=31 median=0.035 unleveled=319:?
2026-09-24 19:12:37.337  INFO   decision    mode=farming behavior=shop action=shop_stop target=- reason='stop at shop' status=success
2026-09-24 19:12:37.966  INFO   decision    mode=farming behavior=shop action=shop_buy_arrows target=- reason='shop:sell_garbage_mainland_ch' status=success
2026-09-24 19:12:42.376  INFO   session     Entity shadow: vision=32 {'player': 28, 'monster': 4} memory=58 {'player': 51, 'npc': 6, 'monster': 1} paired=28 median=0.034 unleveled=319:?
2026-09-24 19:12:42.480  INFO   decision    mode=farming behavior=talking_scroll action=use_talking_scroll target=- reason='go to shop (sell_garbage_armor_mainland_ch)' status=success
2026-09-24 19:12:45.599  INFO   decision    mode=farming behavior=shop action=shop_stop target=- reason='stop at shop' status=success
2026-09-24 19:12:46.266  INFO   decision    mode=farming behavior=shop action=shop_buy_arrows target=- reason='shop:sell_garbage_armor_mainland_ch' status=success
2026-09-24 19:12:50.663  INFO   session     Entity shadow: vision=18 {'player': 17, 'monster': 1} memory=30 {'npc': 5, 'player': 25} paired=16 median=0.027
2026-09-24 19:12:50.755  INFO   decision    mode=farming behavior=talking_scroll action=use_talking_scroll target=- reason='go to shop (sell_garbage_ch)' status=success
2026-09-24 19:12:53.390  INFO   nav         async nav configure start map=talking_island
2026-09-24 19:12:53.480  INFO   nav         building portal graph (cluster=32, 479x511)
2026-09-24 19:12:53.811  INFO   nav         portal graph: 188 components, 331 ms
2026-09-24 19:12:53.820  INFO   nav         farms=4 safe=11 home=(354, 203) (files farm=D:\Work\Lineage\ManmabotV1_final\engine\maps\talking_island\farms.yaml safe=D:\Work\Lineage\ManmabotV1_final\engine\maps\talking_island\safe.yaml home=D:\Work\Lineage\ManmabotV1_final\engine\maps\talking_island\home.yaml)
2026-09-24 19:12:53.820  INFO   nav         async nav configure done map=talking_island (430 ms)
2026-09-24 19:12:54.332  INFO   decision    mode=farming behavior=shop action=shop_stop target=- reason='stop at shop' status=success
2026-09-24 19:12:55.005  INFO   decision    mode=farming behavior=shop action=shop_buy_arrows target=- reason='shop:sell_garbage_ch' status=success
2026-09-24 19:12:59.412  INFO   session     Entity shadow: vision=21 {'player': 19, 'npc': 2} memory=51 {'player': 49, 'npc': 2} paired=19 median=0.025
2026-09-24 19:12:59.513  INFO   decision    mode=farming behavior=talking_scroll action=use_talking_scroll target=- reason='go to shop (sell_garbage_weapon_ch)' status=success
2026-09-24 19:13:02.198  INFO   nav         async nav configure start map=mainland
2026-09-24 19:13:02.820  INFO   decision    mode=farming behavior=shop action=shop_stop target=- reason='stop at shop' status=success
2026-09-24 19:13:02.942  INFO   nav         building portal graph (cluster=32, 1755x1414)
2026-09-24 19:13:07.104  INFO   nav         portal graph: 2586 components, 4161 ms
2026-09-24 19:13:07.109  INFO   nav         farms=6 safe=0 home=None (files farm=D:\Work\Lineage\ManmabotV1_final\engine\maps\mainland\farms.yaml safe=D:\Work\Lineage\ManmabotV1_final\engine\maps\mainland\safe.yaml home=D:\Work\Lineage\ManmabotV1_final\engine\maps\mainland\home.yaml)
2026-09-24 19:13:07.109  INFO   nav         async nav configure done map=mainland (4911 ms)
2026-09-24 19:13:07.273  INFO   session     Entity shadow: vision=21 {'player': 21} memory=33 {'player': 29, 'npc': 4} paired=21 median=0.030
2026-09-24 19:13:07.369  INFO   decision    mode=farming behavior=shop action=shop_buy_arrows target=- reason='shop:sell_garbage_weapon_ch' status=success
2026-09-24 19:13:11.811  INFO   decision    mode=farming behavior=talking_scroll action=use_talking_scroll target=- reason='go to shop (sell_garbage_mainland_ch)' status=success
2026-09-24 19:13:15.109  INFO   session     Entity shadow: vision=35 {'player': 31, 'monster': 2, 'npc': 2} memory=52 {'player': 45, 'npc': 6, 'monster': 1} paired=32 median=0.033 unleveled=319:?
2026-09-24 19:13:15.211  INFO   decision    mode=farming behavior=shop action=shop_stop target=- reason='stop at shop' status=success
2026-09-24 19:13:15.854  INFO   decision    mode=farming behavior=shop action=shop_buy_arrows target=- reason='shop:sell_garbage_mainland_ch' status=success
2026-09-24 19:13:20.302  INFO   session     Entity shadow: vision=34 {'npc': 3, 'player': 29, 'monster': 2} memory=51 {'player': 44, 'npc': 6, 'monster': 1} paired=31 median=0.034 unleveled=319:?
2026-09-24 19:13:20.404  INFO   decision    mode=farming behavior=talking_scroll action=use_talking_scroll target=- reason='go to shop (sell_garbage_armor_mainland_ch)' status=success
2026-09-24 19:13:23.592  INFO   decision    mode=farming behavior=shop action=shop_stop target=- reason='stop at shop' status=success
2026-09-24 19:13:24.214  INFO   decision    mode=farming behavior=shop action=shop_buy_arrows target=- reason='shop:sell_garbage_armor_mainland_ch' status=success
2026-09-24 19:13:28.594  INFO   session     Entity shadow: vision=18 {'player': 18} memory=30 {'npc': 5, 'player': 25} paired=18 median=0.028
2026-09-24 19:13:28.675  INFO   decision    mode=farming behavior=talking_scroll action=use_talking_scroll target=- reason='go to shop (sell_garbage_ch)' status=success
2026-09-24 19:13:31.346  INFO   nav         async nav configure start map=talking_island
2026-09-24 19:13:31.422  INFO   nav         building portal graph (cluster=32, 479x511)
2026-09-24 19:13:31.725  INFO   nav         portal graph: 188 components, 303 ms
2026-09-24 19:13:31.733  INFO   nav         farms=4 safe=11 home=(354, 203) (files farm=D:\Work\Lineage\ManmabotV1_final\engine\maps\talking_island\farms.yaml safe=D:\Work\Lineage\ManmabotV1_final\engine\maps\talking_island\safe.yaml home=D:\Work\Lineage\ManmabotV1_final\engine\maps\talking_island\home.yaml)
2026-09-24 19:13:31.733  INFO   nav         async nav configure done map=talking_island (387 ms)
2026-09-24 19:13:31.995  INFO   decision    mode=traveling behavior=traveling action=idle target=- reason='no behavior produced an intent' status=failure
2026-09-24 19:13:32.304  INFO   decision    mode=traveling behavior=traveling action=traveling target=- reason='walk to shop (sell_garbage_ch)' status=success
2026-09-24 19:13:33.616  INFO   session     Entity shadow: vision=6 {'monster': 6} memory=8 {'monster': 7, 'npc': 1} paired=5 median=0.011
2026-09-24 19:13:38.764  INFO   session     Entity shadow: vision=7 {'player': 2, 'npc': 1, 'monster': 4} memory=9 {'player': 1, 'monster': 7, 'npc': 1} paired=6 median=0.019
2026-09-24 19:13:43.833  INFO   session     Entity shadow: vision=2 {'player': 1, 'monster': 1} memory=2 {'monster': 2} paired=0 median=0.000
2026-09-24 19:13:45.159  INFO   decision    mode=traveling behavior=traveling action=traveling target=- reason='walk to shop (sell_garbage_ch)' status=success (repeat)
2026-09-24 19:13:48.844  INFO   session     Entity shadow: vision=2 {'item': 1, 'player': 1} memory=1 {'monster': 1} paired=0 median=0.000 unleveled=189:鹿
2026-09-24 19:13:53.904  INFO   session     Entity shadow: vision=1 {'player': 1} memory=3 {'monster': 1, 'item': 2} paired=0 median=0.000 unleveled=189:鹿
2026-09-24 19:13:56.289  INFO   decision    mode=traveling behavior=traveling action=traveling target=- reason='walk to shop (sell_garbage_ch)' status=success (repeat)
2026-09-24 19:13:59.075  INFO   session     Entity shadow: vision=3 {'item': 1, 'player': 2} memory=3 {'monster': 1, 'item': 2} paired=1 median=0.039 unleveled=189:鹿
2026-09-24 19:14:04.274  INFO   session     Entity shadow: vision=2 {'player': 1, 'item': 1} memory=5 {'monster': 3, 'item': 2} paired=1 median=0.010 unleveled=207:兔子,189:鹿
2026-09-24 19:14:07.703  INFO   decision    mode=traveling behavior=traveling action=traveling target=- reason='walk to shop (sell_garbage_ch)' status=success (repeat)
2026-09-24 19:14:09.427  INFO   session     Entity shadow: vision=4 {'player': 1, 'item': 2, 'monster': 1} memory=4 {'monster': 2, 'item': 2} paired=3 median=0.023 unleveled=189:鹿
2026-09-24 19:14:14.462  INFO   session     Entity shadow: vision=2 {'player': 1, 'monster': 1} memory=2 {'monster': 2} paired=1 median=0.021 unleveled=189:鹿
2026-09-24 19:14:19.497  INFO   session     Entity shadow: vision=2 {'player': 1, 'monster': 1} memory=2 {'monster': 2} paired=1 median=0.064 unleveled=189:鹿
2026-09-24 19:14:19.765  INFO   decision    mode=traveling behavior=traveling action=traveling target=- reason='walk to shop (sell_garbage_ch)' status=success (repeat)
2026-09-24 19:14:24.585  INFO   session     Entity shadow: vision=2 {'player': 2} memory=2 {'monster': 2} paired=0 median=0.000 unleveled=206:兔子,189:鹿
2026-09-24 19:14:29.674  INFO   session     Entity shadow: vision=1 {'player': 1} memory=2 {'monster': 2} paired=0 median=0.000 unleveled=189:鹿,207:兔子
2026-09-24 19:14:31.169  INFO   decision    mode=traveling behavior=traveling action=traveling target=- reason='walk to shop (sell_garbage_ch)' status=success (repeat)
2026-09-24 19:14:34.809  INFO   session     Entity shadow: vision=1 {'player': 1} memory=0 {} paired=0 median=0.000
2026-09-24 19:14:40.016  INFO   session     Entity shadow: vision=1 {'player': 1} memory=1 {'monster': 1} paired=0 median=0.000 unleveled=189:鹿
2026-09-24 19:14:43.469  INFO   decision    mode=traveling behavior=traveling action=traveling target=- reason='walk to shop (sell_garbage_ch)' status=success (repeat)
2026-09-24 19:14:45.161  INFO   session     Entity shadow: vision=1 {'player': 1} memory=1 {'monster': 1} paired=0 median=0.000 unleveled=189:鹿
2026-09-24 19:14:50.249  INFO   session     Entity shadow: vision=2 {'item': 1, 'player': 1} memory=2 {'monster': 1, 'item': 1} paired=1 median=0.007 unleveled=189:鹿
2026-09-24 19:14:54.839  INFO   decision    mode=traveling behavior=traveling action=traveling target=- reason='walk to shop (sell_garbage_ch)' status=success (repeat)
2026-09-24 19:14:55.253  INFO   session     Entity shadow: vision=2 {'item': 1, 'player': 1} memory=3 {'monster': 1, 'item': 2} paired=1 median=0.097 unleveled=189:鹿
2026-09-24 19:15:00.396  INFO   session     Entity shadow: vision=5 {'player': 2, 'item': 3} memory=3 {'monster': 1, 'item': 2} paired=2 median=0.011 unleveled=189:鹿
2026-09-24 19:15:04.254  INFO   session     Stop → Stopped
2026-09-24 19:15:04.597  INFO   session     Bot worker exited
