2026-09-30 00:54:13.391  INFO   session     Loading Manmabot from D:\KRR\1.LCBot\ManmabotV1_final\engine
2026-09-30 00:54:13.424  INFO   session     Session log D:\KRR\1.LCBot\ManmabotV1_final\engine\logs\bot-20260930-005413.log
2026-09-30 00:54:13.438  INFO   session     character=elf loot=adena_only game_lang=ko map=talking_island farms=['area_1', 'area_3'] file=D:\KRR\1.LCBot\ManmabotV1_final\engine\logs\bot-20260930-005413.log
2026-09-30 00:54:16.413  INFO   nav         building portal graph (cluster=32, 512x576)
2026-09-30 00:54:17.159  INFO   nav         portal graph: 189 components, 715 ms
2026-09-30 00:54:17.321  INFO   nav         farms=2 safe=11 home=(385, 246) (files farm=D:\KRR\1.LCBot\ManmabotV1_final\engine\maps\talking_island\farms.yaml safe=D:\KRR\1.LCBot\ManmabotV1_final\engine\maps\talking_island\safe.yaml home=D:\KRR\1.LCBot\ManmabotV1_final\engine\maps\talking_island\home.yaml)
2026-09-30 00:54:18.192  INFO   capture     mss window capture process='LC.exe' title=None content_aspect=4:3
2026-09-30 00:54:18.998  INFO   session     Entity clicks use memory names, species, and world cells. Image recognition still runs. Set memory.entity_source to vision to restore image-only clicks.
2026-09-30 00:54:19.060  INFO   session     Player memory is read in this process (realtime_monitor.dll, offsets.json). No separate console.
2026-09-30 00:54:19.094  INFO   session     인벤토리 수신 시작 · inv.json 시드 · hp=42 화살=9151 은화살=0 해독=0 (백그라운드 실시간 스캔)
2026-09-30 00:54:19.372  INFO   session     메모리에서 핫바 24칸을 읽는 중…
2026-09-30 00:54:19.952  INFO   session     핫바 스캔 완료 · 파워 업@box1/f5, 아머 업@box1/f6, 라이트@box1/f7, 힐@box1/f8, HP 물약@box2/f9, 텔레포트@box1/f10, 마법 공격@box1/f12, 말하는 두루마리@box2/f5, 마더 트리@box2/f6, HP를 MP로@box2/f7
2026-09-30 00:54:20.119  INFO   session     매핑되지 않은 핫바 아이콘: box1/f8:SPELL, box1/f11:아데나, box1/f12:화살, box2/f10:상쾌한 빨간 물약, box2/f12:속도향상 물약, box3/f10:SPELL
2026-09-30 00:54:20.395  INFO   session     루프 준비 · 요정 · 한국어 · 맵=말하는 섬 · 룻=아데나만 · 구역=구역 1, 구역 3
2026-09-30 00:54:20.987  INFO   session     Entity shadow: vision=3 {'npc': 2, 'player': 1} memory=5 {'npc': 3, 'monster': 2} paired=0 median=0.000 unleveled=10:警衛,68:警衛
2026-09-30 00:54:21.250  INFO   session     인벤토리 수신 준비 (dll) · hp=31 화살=8776 은화살=0 해독=0
2026-09-30 00:54:21.324  INFO   search      farm branch=none (wander/search next)
2026-09-30 00:54:21.324  INFO   travel      return/enter farm needed at (299,385)
2026-09-30 00:54:21.350  INFO   search      farm branch=none (wander/search next)
2026-09-30 00:54:21.472  INFO   travel      hop begin wp=(305, 393) purpose=enter_farm reason=enter farm area
2026-09-30 00:54:21.475  INFO   decision    mode=traveling goal=traveling action=traveling target=- sticky=- origin=(299,385) shop=0 scrolled=0 reason='enter farm area' status=success
2026-09-30 00:54:22.166  INFO   combat      farm branch=screen_combat id=7 dist=16
2026-09-30 00:54:22.172  INFO   combat      engage id=7 species=monster_그렘린_4 rel=(16,0)
2026-09-30 00:54:22.183  INFO   decision    mode=traveling goal=combat action=attack target=7 sticky=7 origin=(299,385) shop=0 scrolled=0 reason='screen engage' status=success
2026-09-30 00:54:22.625  INFO   combat      farm branch=sticky id=7 dist=15
2026-09-30 00:54:22.905  INFO   combat      farm branch=sticky id=7 dist=15
2026-09-30 00:54:23.297  INFO   combat      farm branch=sticky id=7 dist=13
2026-09-30 00:54:23.684  INFO   combat      farm branch=sticky id=7 dist=13
2026-09-30 00:54:24.118  INFO   combat      farm branch=sticky id=7 dist=13
2026-09-30 00:54:24.583  INFO   combat      farm branch=sticky id=7 dist=11
2026-09-30 00:54:25.041  INFO   combat      farm branch=sticky id=7 dist=11
2026-09-30 00:54:25.476  INFO   combat      farm branch=sticky id=7 dist=9
2026-09-30 00:54:25.867  INFO   combat      farm branch=sticky id=7 dist=9
2026-09-30 00:54:26.339  INFO   session     Entity shadow: vision=5 {'player': 1, 'npc': 2, 'monster': 2} memory=8 {'monster': 5, 'npc': 3} paired=2 median=0.020 unleveled=10:警衛,68:警衛
2026-09-30 00:54:26.499  INFO   combat      farm branch=sticky id=7 dist=9
2026-09-30 00:54:27.317  INFO   combat      farm branch=sticky id=7 dist=6
2026-09-30 00:54:27.736  INFO   combat      farm branch=sticky id=7 dist=4
2026-09-30 00:54:27.792  INFO   decision    mode=traveling goal=combat action=searching target=7 sticky=7 origin=(311,384) shop=0 scrolled=0 reason='sidestep combat block' status=success
2026-09-30 00:54:28.169  INFO   combat      farm branch=sticky id=7 dist=4
2026-09-30 00:54:28.206  INFO   decision    mode=traveling goal=combat action=attack target=7 sticky=7 origin=(311,384) shop=0 scrolled=0 reason='attack target' status=success
2026-09-30 00:54:28.736  INFO   combat      farm branch=sticky id=7 dist=2
2026-09-30 00:54:29.008  INFO   combat      farm branch=sticky id=7 dist=2
2026-09-30 00:54:29.335  INFO   combat      farm branch=sticky id=7 dist=2
2026-09-30 00:54:29.832  INFO   combat      farm branch=screen_combat id=9 dist=7
2026-09-30 00:54:29.935  INFO   combat      engage id=9 species=monster_오크_2 rel=(1,-7)
2026-09-30 00:54:29.948  INFO   decision    mode=traveling goal=combat action=attack target=9 sticky=9 origin=(312,385) shop=0 scrolled=0 reason='screen engage' status=success
2026-09-30 00:54:30.461  INFO   combat      farm branch=sticky id=9 dist=6
2026-09-30 00:54:30.753  INFO   combat      farm branch=sticky id=9 dist=6
2026-09-30 00:54:31.072  INFO   combat      farm branch=sticky id=9 dist=6
2026-09-30 00:54:31.607  INFO   session     Entity shadow: vision=6 {'npc': 2, 'monster': 2, 'player': 2} memory=6 {'player': 1, 'monster': 4, 'npc': 1} paired=3 median=0.021 unleveled=10:警衛,68:警衛
2026-09-30 00:54:31.674  INFO   combat      farm branch=sticky id=9 dist=5
2026-09-30 00:54:32.019  INFO   combat      farm branch=sticky id=9 dist=5
2026-09-30 00:54:32.380  INFO   search      farm branch=none (wander/search next)
2026-09-30 00:54:32.568  INFO   travel      hop begin wp=(318, 394) purpose=enter_farm reason=enter farm area
2026-09-30 00:54:32.571  INFO   decision    mode=traveling goal=traveling action=traveling target=- sticky=- origin=(314,385) shop=0 scrolled=0 reason='enter farm area' status=success
2026-09-30 00:54:32.977  INFO   search      farm branch=none (wander/search next)
2026-09-30 00:54:33.386  INFO   search      farm branch=none (wander/search next)
2026-09-30 00:54:34.118  INFO   loot        begin_loot_item id=13
2026-09-30 00:54:34.213  INFO   loot        approach hop item=13 wp=(319, 396) reason=walk onto item
2026-09-30 00:54:34.221  INFO   loot        farm branch=loot item_id=13
2026-09-30 00:54:34.233  INFO   decision    mode=traveling goal=loot action=searching target=13 sticky=- origin=(315,386) shop=0 scrolled=0 reason='walk onto item' status=success
2026-09-30 00:54:34.580  INFO   loot        farm branch=loot item_id=13
2026-09-30 00:54:34.807  INFO   loot        farm branch=loot item_id=13
2026-09-30 00:54:34.994  INFO   loot        farm branch=loot item_id=13
2026-09-30 00:54:35.271  INFO   search      farm branch=none (wander/search next)
2026-09-30 00:54:35.365  INFO   travel      hop begin wp=(322, 398) purpose=enter_farm reason=enter farm area
2026-09-30 00:54:35.536  INFO   decision    mode=traveling goal=traveling action=traveling target=- sticky=- origin=(318,389) shop=0 scrolled=0 reason='enter farm area' status=success
2026-09-30 00:54:35.864  INFO   search      farm branch=none (wander/search next)
2026-09-30 00:54:36.186  INFO   search      farm branch=none (wander/search next)
2026-09-30 00:54:36.400  INFO   loot        begin_loot_item id=14
2026-09-30 00:54:36.401  INFO   loot        loot A* blocked id=14 — ring click (318, 390) (r=2)
2026-09-30 00:54:36.409  INFO   loot        approach hop item=14 wp=(318, 390) reason=loot wall ring
2026-09-30 00:54:36.425  INFO   loot        farm branch=loot item_id=14
2026-09-30 00:54:36.436  INFO   decision    mode=traveling goal=loot action=searching target=14 sticky=- origin=(320,391) shop=0 scrolled=0 reason='loot wall ring' status=success
2026-09-30 00:54:36.793  INFO   session     Entity shadow: vision=3 {'player': 2, 'item': 1} memory=4 {'player': 1, 'item': 1, 'monster': 2} paired=2 median=0.027
2026-09-30 00:54:36.842  INFO   loot        farm branch=loot item_id=14
2026-09-30 00:54:37.026  INFO   loot        farm branch=loot item_id=14
2026-09-30 00:54:37.217  INFO   loot        farm branch=loot item_id=14
2026-09-30 00:54:37.451  INFO   loot        farm branch=loot item_id=14
2026-09-30 00:54:37.635  INFO   loot        farm branch=loot item_id=14
2026-09-30 00:54:37.839  INFO   loot        farm branch=loot item_id=14
2026-09-30 00:54:38.032  INFO   loot        farm branch=loot item_id=14
2026-09-30 00:54:38.229  INFO   loot        farm branch=loot item_id=14
2026-09-30 00:54:38.438  INFO   search      farm branch=none (wander/search next)
2026-09-30 00:54:38.544  INFO   travel      hop begin wp=(325, 404) purpose=enter_farm reason=enter farm area
2026-09-30 00:54:38.548  INFO   decision    mode=traveling goal=traveling action=traveling target=- sticky=- origin=(322,393) shop=0 scrolled=0 reason='enter farm area' status=success
2026-09-30 00:54:39.030  INFO   search      farm branch=none (wander/search next)
2026-09-30 00:54:39.626  INFO   combat      farm branch=screen_combat id=17 dist=9
2026-09-30 00:54:39.647  INFO   combat      engage id=17 species=monster_그렘린_4 rel=(9,6)
2026-09-30 00:54:39.658  INFO   decision    mode=traveling goal=combat action=attack target=17 sticky=17 origin=(322,394) shop=0 scrolled=0 reason='screen engage' status=success
2026-09-30 00:54:40.135  INFO   combat      farm branch=sticky id=17 dist=9
2026-09-30 00:54:40.526  INFO   combat      farm branch=sticky id=17 dist=7
2026-09-30 00:54:41.001  INFO   combat      farm branch=sticky id=17 dist=7
2026-09-30 00:54:41.385  INFO   combat      farm branch=sticky id=17 dist=6
2026-09-30 00:54:41.790  INFO   combat      farm branch=sticky id=17 dist=4
2026-09-30 00:54:42.369  INFO   session     Entity shadow: vision=3 {'player': 2, 'monster': 1} memory=8 {'item': 1, 'monster': 6, 'player': 1} paired=2 median=0.113
2026-09-30 00:54:42.438  INFO   combat      farm branch=sticky id=17 dist=4
2026-09-30 00:54:42.832  INFO   combat      farm branch=sticky id=17 dist=2
2026-09-30 00:54:43.229  INFO   combat      farm branch=sticky id=17 dist=2
2026-09-30 00:54:43.594  INFO   combat      farm branch=sticky id=17 dist=1
2026-09-30 00:54:43.938  INFO   combat      farm branch=sticky id=17 dist=2
2026-09-30 00:54:44.332  INFO   combat      farm branch=sticky id=17 dist=2
2026-09-30 00:54:44.667  INFO   combat      farm branch=sticky id=17 dist=2
2026-09-30 00:54:44.917  INFO   combat      farm branch=sticky id=17 dist=2
2026-09-30 00:54:45.193  INFO   combat      farm branch=sticky id=17 dist=3
2026-09-30 00:54:45.473  INFO   combat      farm branch=sticky id=17 dist=3
2026-09-30 00:54:45.885  INFO   combat      farm branch=sticky id=17 dist=3
2026-09-30 00:54:46.602  INFO   combat      farm branch=sticky id=17 dist=3
2026-09-30 00:54:46.722  INFO   combat      wall/fence LOS blocked id=17 — A* detour hop to (326, 403)
2026-09-30 00:54:46.723  INFO   decision    mode=traveling goal=combat action=searching target=17 sticky=17 origin=(330,402) shop=0 scrolled=0 reason='wall detour A*' status=success
2026-09-30 00:54:47.104  INFO   combat      farm branch=sticky id=17 dist=3
2026-09-30 00:54:47.176  INFO   combat      wall/fence LOS blocked id=17 — A* detour hop to (326, 403)
2026-09-30 00:54:47.589  INFO   session     Entity shadow: vision=2 {'player': 1, 'item': 1} memory=9 {'monster': 8, 'player': 1} paired=0 median=0.000
2026-09-30 00:54:47.636  INFO   combat      farm branch=sticky id=17 dist=3
2026-09-30 00:54:47.655  INFO   combat      wall/fence LOS blocked id=17 — A* detour hop to (326, 403)
2026-09-30 00:54:47.965  INFO   combat      farm branch=sticky id=17 dist=4
2026-09-30 00:54:48.030  INFO   combat      wall/fence LOS blocked id=17 — A* detour hop to (326, 404)
2026-09-30 00:54:48.430  INFO   combat      farm branch=sticky id=31 dist=10
2026-09-30 00:54:48.482  INFO   decision    mode=traveling goal=combat action=attack target=31 sticky=31 origin=(329,402) shop=0 scrolled=0 reason='attack target' status=success
2026-09-30 00:54:48.952  INFO   combat      farm branch=sticky id=31 dist=11
2026-09-30 00:54:48.971  INFO   combat      wall/fence LOS blocked id=31 — A* detour hop to (330, 400)
2026-09-30 00:54:48.980  INFO   decision    mode=traveling goal=combat action=searching target=31 sticky=31 origin=(328,403) shop=0 scrolled=0 reason='wall detour A*' status=success
2026-09-30 00:54:49.336  INFO   combat      farm branch=sticky id=31 dist=10
2026-09-30 00:54:49.373  INFO   combat      wall/fence LOS blocked id=31 — A* detour hop to (330, 400)
2026-09-30 00:54:49.723  INFO   combat      farm branch=sticky id=31 dist=10
2026-09-30 00:54:49.788  INFO   decision    mode=traveling goal=combat action=attack target=31 sticky=31 origin=(328,405) shop=0 scrolled=0 reason='attack target' status=success
2026-09-30 00:54:50.255  INFO   combat      farm branch=sticky id=31 dist=10
2026-09-30 00:54:50.536  INFO   combat      farm branch=sticky id=31 dist=9
2026-09-30 00:54:50.640  INFO   combat      wall/fence LOS blocked id=31 — A* detour hop to (330, 400)
2026-09-30 00:54:50.648  INFO   decision    mode=traveling goal=combat action=searching target=31 sticky=31 origin=(328,405) shop=0 scrolled=0 reason='wall detour A*' status=success
2026-09-30 00:54:51.039  INFO   combat      farm branch=sticky id=31 dist=8
2026-09-30 00:54:51.081  INFO   combat      wall/fence LOS blocked id=31 — A* detour hop to (326, 403)
2026-09-30 00:54:51.448  INFO   combat      farm branch=sticky id=31 dist=8
2026-09-30 00:54:51.506  INFO   combat      wall/fence LOS blocked id=31 — A* detour hop to (326, 403)
2026-09-30 00:54:51.842  INFO   combat      farm branch=sticky id=31 dist=5
2026-09-30 00:54:51.900  INFO   decision    mode=traveling goal=combat action=attack target=31 sticky=31 origin=(331,405) shop=0 scrolled=0 reason='attack target' status=success
2026-09-30 00:54:52.378  INFO   combat      farm branch=sticky id=31 dist=5
2026-09-30 00:54:52.762  INFO   session     Entity shadow: vision=2 {'player': 2} memory=8 {'item': 1, 'monster': 6, 'player': 1} paired=1 median=0.037
2026-09-30 00:54:52.902  INFO   combat      farm branch=sticky id=31 dist=5
2026-09-30 00:54:53.703  INFO   combat      farm branch=sticky id=31 dist=6
2026-09-30 00:54:53.773  INFO   combat      wall/fence LOS blocked id=31 — ring click (327, 403) (r=2)
2026-09-30 00:54:53.785  INFO   decision    mode=traveling goal=combat action=searching target=31 sticky=31 origin=(329,404) shop=0 scrolled=0 reason='wall detour ring' status=success
2026-09-30 00:54:54.118  INFO   combat      farm branch=sticky id=31 dist=6
2026-09-30 00:54:54.200  INFO   combat      wall/fence LOS blocked id=31 — ring click (328, 403) (r=2)
2026-09-30 00:54:54.531  INFO   combat      farm branch=sticky id=31 dist=5
2026-09-30 00:54:54.626  INFO   decision    mode=traveling goal=combat action=attack target=31 sticky=31 origin=(329,404) shop=0 scrolled=0 reason='attack target' status=success
2026-09-30 00:54:55.109  INFO   combat      farm branch=sticky id=31 dist=4
2026-09-30 00:54:55.337  INFO   combat      farm branch=sticky id=31 dist=4
2026-09-30 00:54:55.760  INFO   combat      farm branch=sticky id=31 dist=2
2026-09-30 00:54:56.260  INFO   combat      farm branch=sticky id=31 dist=1
2026-09-30 00:54:56.675  INFO   combat      farm branch=sticky id=31 dist=1
2026-09-30 00:54:57.016  INFO   combat      farm branch=sticky id=31 dist=1
2026-09-30 00:54:57.308  INFO   combat      farm branch=sticky id=31 dist=1
2026-09-30 00:54:57.564  INFO   combat      farm branch=sticky id=31 dist=1
2026-09-30 00:54:58.195  INFO   session     Entity shadow: vision=2 {'item': 1, 'player': 1} memory=3 {'monster': 2, 'player': 1} paired=1 median=0.032
2026-09-30 00:54:58.259  INFO   combat      farm branch=sticky id=31 dist=1
2026-09-30 00:54:58.769  INFO   combat      farm branch=screen_combat id=27 dist=5
2026-09-30 00:54:59.250  INFO   combat      engage id=27 species=monster_늑대인간_9 rel=(-2,5)
2026-09-30 00:54:59.266  INFO   decision    mode=traveling goal=combat action=attack target=27 sticky=27 origin=(332,401) shop=0 scrolled=0 reason='screen engage' status=success
2026-09-30 00:54:59.819  INFO   search      farm branch=none (wander/search next)
2026-09-30 00:54:59.894  INFO   travel      hop begin wp=(325, 404) purpose=enter_farm reason=enter farm area
2026-09-30 00:55:00.037  INFO   decision    mode=traveling goal=traveling action=traveling target=- sticky=- origin=(332,402) shop=0 scrolled=0 reason='enter farm area' status=success
2026-09-30 00:55:00.423  INFO   search      farm branch=none (wander/search next)
2026-09-30 00:55:00.736  INFO   search      farm branch=none (wander/search next)
2026-09-30 00:55:00.985  INFO   combat      farm branch=screen_combat id=35 dist=16
2026-09-30 00:55:01.032  INFO   combat      engage id=35 species=monster_그렘린_4 rel=(-16,1)
2026-09-30 00:55:01.045  INFO   decision    mode=traveling goal=combat action=attack target=35 sticky=35 origin=(329,405) shop=0 scrolled=0 reason='screen engage' status=success
2026-09-30 00:55:01.461  INFO   combat      farm branch=sticky id=35 dist=16
2026-09-30 00:55:01.760  INFO   combat      farm branch=sticky id=35 dist=16
2026-09-30 00:55:02.206  INFO   combat      farm branch=sticky id=35 dist=14
2026-09-30 00:55:02.564  INFO   combat      farm branch=sticky id=35 dist=14
2026-09-30 00:55:03.116  INFO   session     Entity shadow: vision=1 {'item': 1} memory=3 {'player': 1, 'monster': 1, 'item': 1} paired=1 median=0.031
2026-09-30 00:55:03.185  INFO   combat      farm branch=sticky id=35 dist=12
2026-09-30 00:55:03.581  INFO   search      farm branch=none (wander/search next)
2026-09-30 00:55:03.664  INFO   travel      hop begin wp=(329, 414) purpose=enter_farm reason=enter farm area
2026-09-30 00:55:03.668  INFO   decision    mode=traveling goal=traveling action=traveling target=- sticky=- origin=(325,405) shop=0 scrolled=0 reason='enter farm area' status=success
2026-09-30 00:55:04.138  INFO   combat      farm branch=screen_combat id=37 dist=14
2026-09-30 00:55:04.583  INFO   combat      engage id=37 species=monster_오크_2 rel=(0,-14)
2026-09-30 00:55:04.596  INFO   decision    mode=traveling goal=combat action=attack target=37 sticky=37 origin=(323,405) shop=0 scrolled=0 reason='screen engage' status=success
2026-09-30 00:55:05.102  INFO   combat      farm branch=sticky id=37 dist=13
2026-09-30 00:55:05.385  INFO   combat      farm branch=sticky id=37 dist=13
2026-09-30 00:55:05.654  INFO   combat      farm branch=sticky id=37 dist=13
2026-09-30 00:55:06.139  INFO   combat      farm branch=sticky id=37 dist=10
2026-09-30 00:55:06.567  INFO   combat      farm branch=sticky id=37 dist=9
2026-09-30 00:55:06.967  INFO   combat      farm branch=sticky id=37 dist=8
2026-09-30 00:55:07.379  INFO   loot        begin_loot_item id=39
2026-09-30 00:55:07.507  INFO   loot        approach hop item=39 wp=(322, 395) reason=walk onto item
2026-09-30 00:55:07.514  INFO   loot        farm branch=loot item_id=39
2026-09-30 00:55:07.525  INFO   decision    mode=traveling goal=loot action=searching target=39 sticky=- origin=(324,402) shop=0 scrolled=0 reason='walk onto item' status=success
2026-09-30 00:55:07.910  INFO   loot        farm branch=loot item_id=39
2026-09-30 00:55:08.170  INFO   session     Entity shadow: vision=5 {'player': 2, 'item': 2, 'monster': 1} memory=4 {'player': 1, 'item': 3} paired=3 median=0.008
2026-09-30 00:55:08.219  INFO   loot        farm branch=loot item_id=39
2026-09-30 00:55:08.619  INFO   loot        farm branch=loot item_id=39
2026-09-30 00:55:09.038  INFO   loot        farm branch=loot item_id=39
2026-09-30 00:55:09.435  INFO   loot        farm branch=loot item_id=39
2026-09-30 00:55:09.675  INFO   loot        approach hop item=39 wp=(322, 395) reason=walk onto item
2026-09-30 00:55:09.676  INFO   loot        farm branch=loot item_id=39
2026-09-30 00:55:09.962  INFO   loot        farm branch=loot item_id=39
2026-09-30 00:55:10.045  INFO   decision    mode=traveling goal=loot action=pickup target=39 sticky=- origin=(321,396) shop=0 scrolled=0 reason='loot target' status=success
2026-09-30 00:55:10.564  INFO   loot        pickup retry id=39 (await still listed)
2026-09-30 00:55:10.977  INFO   loot        pickup emit item=39 reason=pickup retry
2026-09-30 00:55:10.987  INFO   loot        farm branch=loot item_id=None
2026-09-30 00:55:11.485  INFO   loot        pickup retry id=39 (await still listed)
2026-09-30 00:55:11.486  INFO   loot        pickup emit item=39 reason=pickup retry
2026-09-30 00:55:11.497  INFO   loot        farm branch=loot item_id=None
2026-09-30 00:55:11.916  INFO   loot        pickup retry id=39 (await still listed)
2026-09-30 00:55:11.916  INFO   loot        pickup emit item=39 reason=pickup retry
2026-09-30 00:55:11.927  INFO   loot        farm branch=loot item_id=None
2026-09-30 00:55:12.331  INFO   loot        pickup retry id=39 (await still listed)
2026-09-30 00:55:12.331  INFO   loot        pickup emit item=39 reason=pickup retry
2026-09-30 00:55:12.342  INFO   loot        farm branch=loot item_id=None
2026-09-30 00:55:12.809  INFO   search      farm branch=none (wander/search next)
2026-09-30 00:55:12.868  INFO   travel      hop begin wp=(325, 406) purpose=enter_farm reason=enter farm area
2026-09-30 00:55:12.873  INFO   decision    mode=traveling goal=traveling action=traveling target=- sticky=- origin=(324,393) shop=0 scrolled=0 reason='enter farm area' status=success
2026-09-30 00:55:13.189  INFO   session     Entity shadow: vision=1 {'player': 1} memory=1 {'player': 1} paired=0 median=0.000
2026-09-30 00:55:13.238  INFO   search      farm branch=none (wander/search next)
2026-09-30 00:55:13.446  INFO   search      farm branch=none (wander/search next)
2026-09-30 00:55:13.737  INFO   search      farm branch=none (wander/search next)
2026-09-30 00:55:13.960  INFO   search      farm branch=none (wander/search next)
2026-09-30 00:55:14.145  INFO   search      farm branch=none (wander/search next)
2026-09-30 00:55:14.348  INFO   search      farm branch=none (wander/search next)
2026-09-30 00:55:14.559  INFO   search      farm branch=none (wander/search next)
2026-09-30 00:55:14.727  INFO   search      farm branch=none (wander/search next)
2026-09-30 00:55:14.996  INFO   search      farm branch=none (wander/search next)
2026-09-30 00:55:15.057  INFO   travel      hop begin wp=(325, 406) purpose=enter_farm reason=enter farm area
2026-09-30 00:55:15.528  INFO   search      farm branch=none (wander/search next)
2026-09-30 00:55:15.780  INFO   search      farm branch=none (wander/search next)
2026-09-30 00:55:15.945  INFO   search      farm branch=none (wander/search next)
2026-09-30 00:55:16.220  INFO   search      farm branch=none (wander/search next)
2026-09-30 00:55:16.411  INFO   search      farm branch=none (wander/search next)
2026-09-30 00:55:16.659  INFO   search      farm branch=none (wander/search next)
2026-09-30 00:55:16.844  INFO   search      farm branch=none (wander/search next)
2026-09-30 00:55:17.092  INFO   search      farm branch=none (wander/search next)
2026-09-30 00:55:17.150  INFO   travel      hop begin wp=(325, 410) purpose=enter_farm reason=enter farm area
2026-09-30 00:55:17.799  INFO   search      farm branch=none (wander/search next)
2026-09-30 00:55:18.458  INFO   session     Entity shadow: vision=4 {'player': 3, 'item': 1} memory=1 {'player': 1} paired=1 median=0.031
2026-09-30 00:55:18.502  INFO   search      farm branch=none (wander/search next)
2026-09-30 00:55:18.912  INFO   search      farm branch=none (wander/search next)
2026-09-30 00:55:19.081  INFO   search      farm branch=none (wander/search next)
2026-09-30 00:55:19.249  INFO   search      farm branch=none (wander/search next)
2026-09-30 00:55:19.307  INFO   travel      hop begin wp=(328, 413) purpose=enter_farm reason=enter farm area
2026-09-30 00:55:19.616  INFO   search      farm branch=none (wander/search next)
2026-09-30 00:55:19.792  INFO   search      farm branch=none (wander/search next)
2026-09-30 00:55:20.130  INFO   search      farm branch=none (wander/search next)
2026-09-30 00:55:20.316  INFO   search      farm branch=none (wander/search next)
2026-09-30 00:55:20.533  INFO   search      farm branch=none (wander/search next)
2026-09-30 00:55:20.726  INFO   search      farm branch=none (wander/search next)
2026-09-30 00:55:20.967  INFO   search      farm branch=none (wander/search next)
2026-09-30 00:55:21.153  INFO   search      farm branch=none (wander/search next)
2026-09-30 00:55:21.426  INFO   search      farm branch=none (wander/search next)
2026-09-30 00:55:21.479  INFO   travel      hop begin wp=(330, 417) purpose=enter_farm reason=enter farm area
2026-09-30 00:55:21.777  INFO   search      farm branch=none (wander/search next)
2026-09-30 00:55:21.978  INFO   search      farm branch=none (wander/search next)
2026-09-30 00:55:22.272  INFO   combat      farm branch=screen_combat id=42 dist=10
2026-09-30 00:55:22.279  INFO   combat      engage id=42 species=monster_늑대인간_9 rel=(10,5)
2026-09-30 00:55:22.289  INFO   decision    mode=traveling goal=combat action=attack target=42 sticky=42 origin=(328,408) shop=0 scrolled=0 reason='screen engage' status=success
2026-09-30 00:55:22.789  INFO   combat      farm branch=sticky id=42 dist=10
2026-09-30 00:55:23.173  INFO   combat      farm branch=sticky id=42 dist=8
2026-09-30 00:55:23.724  INFO   session     Entity shadow: vision=2 {'player': 1, 'monster': 1} memory=4 {'player': 3, 'monster': 1} paired=1 median=0.026
2026-09-30 00:55:23.866  INFO   combat      farm branch=sticky id=42 dist=8
2026-09-30 00:55:24.596  INFO   combat      farm branch=sticky id=42 dist=6
2026-09-30 00:55:25.046  INFO   loot        begin_loot_item id=45
2026-09-30 00:55:25.139  INFO   loot        approach hop item=45 wp=(337, 414) reason=walk onto item
2026-09-30 00:55:25.149  INFO   loot        farm branch=loot item_id=45
2026-09-30 00:55:25.161  INFO   decision    mode=traveling goal=loot action=searching target=45 sticky=- origin=(332,412) shop=0 scrolled=0 reason='walk onto item' status=success
2026-09-30 00:55:25.502  INFO   loot        farm branch=loot item_id=45
2026-09-30 00:55:25.556  INFO   decision    mode=traveling goal=loot action=pickup target=45 sticky=- origin=(335,413) shop=0 scrolled=0 reason='loot target' status=success
2026-09-30 00:55:26.061  INFO   loot        pickup retry id=45 (await still listed)
2026-09-30 00:55:26.062  INFO   loot        pickup emit item=45 reason=pickup retry
2026-09-30 00:55:26.071  INFO   loot        farm branch=loot item_id=None
2026-09-30 00:55:26.483  INFO   loot        pickup retry id=45 (await still listed)
2026-09-30 00:55:26.484  INFO   loot        pickup emit item=45 reason=pickup retry
2026-09-30 00:55:26.494  INFO   loot        farm branch=loot item_id=None
2026-09-30 00:55:26.910  INFO   loot        pickup retry id=45 (await still listed)
2026-09-30 00:55:26.911  INFO   loot        pickup emit item=45 reason=pickup retry
2026-09-30 00:55:26.920  INFO   loot        farm branch=loot item_id=None
2026-09-30 00:55:27.348  INFO   loot        pickup retry id=45 (await still listed)
2026-09-30 00:55:27.348  INFO   loot        pickup emit item=45 reason=pickup retry
2026-09-30 00:55:27.360  INFO   loot        farm branch=loot item_id=None
2026-09-30 00:55:27.786  INFO   loot        pickup retry id=45 (await still listed)
2026-09-30 00:55:27.787  INFO   loot        pickup emit item=45 reason=pickup retry
2026-09-30 00:55:27.798  INFO   loot        farm branch=loot item_id=None
2026-09-30 00:55:28.237  INFO   loot        pickup retry id=45 (await still listed)
2026-09-30 00:55:28.238  INFO   loot        pickup emit item=45 reason=pickup retry
2026-09-30 00:55:28.248  INFO   loot        farm branch=loot item_id=None
2026-09-30 00:55:28.658  INFO   session     Entity shadow: vision=3 {'item': 1, 'player': 1, 'monster': 1} memory=4 {'player': 3, 'item': 1} paired=2 median=0.051
2026-09-30 00:55:28.730  INFO   loot        pickup retry id=45 (await still listed)
2026-09-30 00:55:28.731  INFO   loot        pickup emit item=45 reason=pickup retry
2026-09-30 00:55:28.890  INFO   loot        farm branch=loot item_id=None
2026-09-30 00:55:29.405  INFO   loot        pickup retry id=45 (await still listed)
2026-09-30 00:55:29.811  INFO   loot        pickup emit item=45 reason=pickup retry
2026-09-30 00:55:29.839  INFO   loot        farm branch=loot item_id=None
2026-09-30 00:55:30.344  INFO   loot        pickup retry id=45 (await still listed)
2026-09-30 00:55:30.345  INFO   loot        pickup emit item=45 reason=pickup retry
2026-09-30 00:55:30.356  INFO   loot        farm branch=loot item_id=None
2026-09-30 00:55:30.768  INFO   loot        pickup retry id=45 (await still listed)
2026-09-30 00:55:30.768  INFO   loot        pickup emit item=45 reason=pickup retry
2026-09-30 00:55:30.778  INFO   loot        farm branch=loot item_id=None
2026-09-30 00:55:31.201  INFO   loot        pickup retry id=45 (await still listed)
2026-09-30 00:55:31.201  INFO   loot        pickup emit item=45 reason=pickup retry
2026-09-30 00:55:31.213  INFO   loot        farm branch=loot item_id=None
2026-09-30 00:55:31.643  INFO   loot        begin_loot_item id=46
2026-09-30 00:55:31.645  INFO   loot        approach hop item=46 wp=(329, 421) reason=walk onto item
2026-09-30 00:55:31.652  INFO   loot        farm branch=loot item_id=46
2026-09-30 00:55:31.665  INFO   decision    mode=traveling goal=loot action=searching target=46 sticky=- origin=(338,414) shop=0 scrolled=0 reason='walk onto item' status=success
2026-09-30 00:55:32.016  INFO   loot        farm branch=loot item_id=46
2026-09-30 00:55:32.246  INFO   loot        farm branch=loot item_id=46
2026-09-30 00:55:32.584  INFO   loot        farm branch=loot item_id=46
2026-09-30 00:55:32.788  INFO   loot        farm branch=loot item_id=46
2026-09-30 00:55:33.015  INFO   loot        farm branch=loot item_id=46
2026-09-30 00:55:33.170  INFO   loot        farm branch=loot item_id=46
2026-09-30 00:55:33.428  INFO   loot        farm branch=loot item_id=46
2026-09-30 00:55:33.648  INFO   loot        approach hop item=46 wp=(329, 421) reason=walk onto item
2026-09-30 00:55:33.677  INFO   loot        farm branch=loot item_id=46
2026-09-30 00:55:34.091  INFO   session     Entity shadow: vision=5 {'player': 3, 'item': 2} memory=5 {'player': 2, 'monster': 1, 'item': 2} paired=4 median=0.032
2026-09-30 00:55:34.160  INFO   loot        farm branch=loot item_id=46
2026-09-30 00:55:34.379  INFO   loot        farm branch=loot item_id=46
2026-09-30 00:55:34.959  INFO   loot        farm branch=loot item_id=46
2026-09-30 00:55:35.738  INFO   loot        farm branch=loot item_id=46
2026-09-30 00:55:35.846  INFO   decision    mode=traveling goal=loot action=pickup target=46 sticky=- origin=(330,420) shop=0 scrolled=0 reason='loot target' status=success
2026-09-30 00:55:36.310  INFO   loot        pickup retry id=46 (await still listed)
2026-09-30 00:55:36.311  INFO   loot        pickup emit item=46 reason=pickup retry
2026-09-30 00:55:36.323  INFO   loot        farm branch=loot item_id=None
2026-09-30 00:55:36.771  INFO   combat      farm branch=screen_combat id=48 dist=11
2026-09-30 00:55:36.790  INFO   combat      engage id=48 species=monster_오크 전사_8 rel=(4,11)
2026-09-30 00:55:36.801  INFO   decision    mode=traveling goal=combat action=attack target=48 sticky=48 origin=(328,422) shop=0 scrolled=0 reason='screen engage' status=success
2026-09-30 00:55:37.284  INFO   search      farm branch=none (wander/search next)
2026-09-30 00:55:37.314  INFO   travel      hop begin wp=(328, 435) purpose=enter_farm reason=enter farm area
2026-09-30 00:55:37.324  INFO   decision    mode=traveling goal=traveling action=traveling target=- sticky=- origin=(328,422) shop=0 scrolled=0 reason='enter farm area' status=success
2026-09-30 00:55:37.829  INFO   combat      farm branch=screen_combat id=51 dist=17
2026-09-30 00:55:37.876  INFO   combat      engage id=51 species=monster_그렘린_4 rel=(-1,17)
2026-09-30 00:55:38.048  INFO   decision    mode=traveling goal=combat action=attack target=51 sticky=51 origin=(328,422) shop=0 scrolled=0 reason='screen engage' status=success
2026-09-30 00:55:38.477  INFO   combat      farm branch=sticky id=51 dist=15
2026-09-30 00:55:38.884  INFO   combat      farm branch=sticky id=51 dist=15
2026-09-30 00:55:39.347  INFO   session     Entity shadow: vision=3 {'monster': 1, 'item': 1, 'player': 1} memory=5 {'player': 2, 'monster': 2, 'item': 1} paired=2 median=0.016
2026-09-30 00:55:39.400  INFO   combat      farm branch=sticky id=51 dist=12
2026-09-30 00:55:39.755  INFO   combat      farm branch=sticky id=51 dist=12
2026-09-30 00:55:40.301  INFO   combat      farm branch=sticky id=51 dist=12
2026-09-30 00:55:41.128  INFO   loot        begin_loot_item id=53
2026-09-30 00:55:41.182  INFO   loot        approach hop item=53 wp=(326, 435) reason=walk onto item
2026-09-30 00:55:41.183  INFO   loot        farm branch=loot item_id=53
2026-09-30 00:55:41.195  INFO   decision    mode=traveling goal=loot action=searching target=53 sticky=- origin=(327,427) shop=0 scrolled=0 reason='walk onto item' status=success
2026-09-30 00:55:41.512  INFO   loot        farm branch=loot item_id=53
2026-09-30 00:55:41.761  INFO   loot        farm branch=loot item_id=53
2026-09-30 00:55:41.968  INFO   loot        farm branch=loot item_id=53
2026-09-30 00:55:42.239  INFO   loot        farm branch=loot item_id=53
2026-09-30 00:55:42.433  INFO   loot        farm branch=loot item_id=53
2026-09-30 00:55:42.607  INFO   loot        farm branch=loot item_id=53
2026-09-30 00:55:42.824  INFO   loot        farm branch=loot item_id=53
2026-09-30 00:55:43.061  INFO   loot        farm branch=loot item_id=53
2026-09-30 00:55:43.325  INFO   loot        approach hop item=53 wp=(326, 435) reason=walk onto item
2026-09-30 00:55:43.326  INFO   loot        farm branch=loot item_id=53
2026-09-30 00:55:43.612  INFO   loot        farm branch=loot item_id=53
2026-09-30 00:55:43.951  INFO   loot        farm branch=loot item_id=53
2026-09-30 00:55:44.148  INFO   loot        farm branch=loot item_id=53
2026-09-30 00:55:44.341  INFO   session     Entity shadow: vision=2 {'item': 2} memory=7 {'monster': 2, 'player': 3, 'item': 2} paired=2 median=0.023
2026-09-30 00:55:44.408  INFO   loot        farm branch=loot item_id=53
2026-09-30 00:55:44.764  INFO   loot        farm branch=loot item_id=53
2026-09-30 00:55:44.968  INFO   loot        farm branch=loot item_id=53
2026-09-30 00:55:45.140  INFO   loot        farm branch=loot item_id=53
2026-09-30 00:55:45.341  INFO   loot        farm branch=loot item_id=53
2026-09-30 00:55:45.393  INFO   decision    mode=traveling goal=loot action=pickup target=53 sticky=- origin=(326,434) shop=0 scrolled=0 reason='loot target' status=success
2026-09-30 00:55:45.936  INFO   loot        pickup retry id=53 (await still listed)
2026-09-30 00:55:46.353  INFO   loot        pickup emit item=53 reason=pickup retry
2026-09-30 00:55:46.366  INFO   loot        farm branch=loot item_id=None
2026-09-30 00:55:46.826  INFO   search      farm branch=none (wander/search next)
2026-09-30 00:55:46.850  INFO   travel      hop begin wp=(326, 443) purpose=enter_farm reason=enter farm area
2026-09-30 00:55:46.859  INFO   decision    mode=traveling goal=traveling action=traveling target=- sticky=- origin=(325,435) shop=0 scrolled=0 reason='enter farm area' status=success
2026-09-30 00:55:47.247  INFO   search      farm branch=none (wander/search next)
2026-09-30 00:55:47.449  INFO   search      farm branch=none (wander/search next)
2026-09-30 00:55:47.669  INFO   search      farm branch=none (wander/search next)
2026-09-30 00:55:47.864  INFO   search      farm branch=none (wander/search next)
2026-09-30 00:55:48.046  INFO   search      farm branch=none (wander/search next)
2026-09-30 00:55:48.260  INFO   search      farm branch=none (wander/search next)
2026-09-30 00:55:48.462  INFO   search      farm branch=none (wander/search next)
2026-09-30 00:55:48.622  INFO   search      farm branch=none (wander/search next)
2026-09-30 00:55:48.809  INFO   search      farm branch=none (wander/search next)
2026-09-30 00:55:48.901  INFO   travel      hop begin wp=(326, 442) purpose=enter_farm reason=enter farm area
2026-09-30 00:55:49.227  INFO   search      farm branch=none (wander/search next)
2026-09-30 00:55:49.439  INFO   session     Entity shadow: vision=1 {'monster': 1} memory=3 {'player': 2, 'monster': 1} paired=0 median=0.000
2026-09-30 00:55:49.512  INFO   search      farm branch=none (wander/search next)
2026-09-30 00:55:49.513  INFO   travel      hop arrive wp=(326, 442) purpose=enter_farm
2026-09-30 00:55:49.525  INFO   travel      hop begin wp=(326, 442) purpose=enter_farm reason=enter farm area
2026-09-30 00:55:49.883  INFO   search      farm branch=none (wander/search next)
2026-09-30 00:55:49.884  INFO   travel      hop arrive wp=(326, 442) purpose=enter_farm
2026-09-30 00:55:49.896  INFO   travel      hop begin wp=(326, 442) purpose=enter_farm reason=enter farm area
2026-09-30 00:55:50.184  INFO   search      farm branch=none (wander/search next)
2026-09-30 00:55:50.184  INFO   travel      hop arrive wp=(326, 442) purpose=enter_farm
2026-09-30 00:55:50.197  INFO   travel      hop begin wp=(326, 442) purpose=enter_farm reason=enter farm area
2026-09-30 00:55:50.532  INFO   combat      farm branch=screen_combat id=57 dist=8
2026-09-30 00:55:50.602  INFO   combat      engage id=57 species=monster_그렘린_4 rel=(8,8)
2026-09-30 00:55:50.612  INFO   decision    mode=traveling goal=combat action=attack target=57 sticky=57 origin=(326,442) shop=0 scrolled=0 reason='screen engage' status=success
2026-09-30 00:55:51.103  INFO   combat      farm branch=sticky id=57 dist=8
2026-09-30 00:55:51.529  INFO   combat      farm branch=sticky id=57 dist=8
2026-09-30 00:55:52.315  INFO   combat      farm branch=sticky id=57 dist=8
2026-09-30 00:55:52.652  INFO   combat      farm branch=sticky id=57 dist=7
2026-09-30 00:55:53.072  INFO   combat      farm branch=sticky id=57 dist=7
2026-09-30 00:55:53.549  INFO   combat      farm branch=screen_combat id=58 dist=10
2026-09-30 00:55:53.668  INFO   combat      engage id=58 species=monster_오크 전사_8 rel=(3,10)
2026-09-30 00:55:53.678  INFO   decision    mode=traveling goal=combat action=attack target=58 sticky=58 origin=(331,449) shop=0 scrolled=0 reason='screen engage' status=success
2026-09-30 00:55:54.139  INFO   combat      farm branch=sticky id=58 dist=10
2026-09-30 00:55:54.450  INFO   combat      farm branch=sticky id=58 dist=10
2026-09-30 00:55:54.758  INFO   session     Entity shadow: vision=3 {'player': 2, 'monster': 1} memory=3 {'player': 2, 'monster': 1} paired=2 median=0.047
2026-09-30 00:55:54.830  INFO   combat      farm branch=sticky id=58 dist=9
2026-09-30 00:55:55.235  INFO   combat      farm branch=sticky id=58 dist=9
2026-09-30 00:55:55.702  INFO   combat      farm branch=sticky id=58 dist=8
2026-09-30 00:55:56.197  INFO   loot        begin_loot_item id=59
2026-09-30 00:55:56.242  INFO   loot        approach hop item=59 wp=(330, 452) reason=walk onto item
2026-09-30 00:55:56.252  INFO   loot        farm branch=loot item_id=59
2026-09-30 00:55:56.264  INFO   decision    mode=traveling goal=loot action=searching target=59 sticky=- origin=(333,450) shop=0 scrolled=0 reason='walk onto item' status=success
2026-09-30 00:55:56.576  INFO   loot        farm branch=loot item_id=59
2026-09-30 00:55:56.815  INFO   loot        farm branch=loot item_id=59
2026-09-30 00:55:56.973  INFO   loot        farm branch=loot item_id=59
2026-09-30 00:55:57.254  INFO   loot        farm branch=loot item_id=59
2026-09-30 00:55:57.456  INFO   loot        farm branch=loot item_id=59
2026-09-30 00:55:57.758  INFO   loot        farm branch=loot item_id=59
2026-09-30 00:55:58.376  INFO   loot        approach hop item=59 wp=(334, 458) reason=walk onto item
2026-09-30 00:55:58.377  INFO   loot        farm branch=loot item_id=59
2026-09-30 00:55:58.716  INFO   loot        farm branch=loot item_id=59
2026-09-30 00:55:58.948  INFO   loot        farm branch=loot item_id=59
2026-09-30 00:55:59.136  INFO   loot        farm branch=loot item_id=59
2026-09-30 00:55:59.391  INFO   loot        farm branch=loot item_id=59
2026-09-30 00:55:59.584  INFO   loot        farm branch=loot item_id=59
2026-09-30 00:55:59.835  INFO   session     Entity shadow: vision=6 {'player': 5, 'item': 1} memory=4 {'player': 3, 'item': 1} paired=4 median=0.027
2026-09-30 00:55:59.879  INFO   loot        farm branch=loot item_id=59
2026-09-30 00:56:00.080  INFO   loot        farm branch=loot item_id=59
2026-09-30 00:56:00.292  INFO   loot        farm branch=loot item_id=59
2026-09-30 00:56:00.488  INFO   search      farm branch=none (wander/search next)
2026-09-30 00:56:00.499  INFO   travel      hop begin wp=(329, 450) purpose=enter_farm reason=enter farm area
2026-09-30 00:56:00.508  INFO   decision    mode=traveling goal=traveling action=traveling target=- sticky=- origin=(334,454) shop=0 scrolled=0 reason='enter farm area' status=success
2026-09-30 00:56:00.826  INFO   search      farm branch=none (wander/search next)
2026-09-30 00:56:00.998  INFO   search      farm branch=none (wander/search next)
2026-09-30 00:56:01.278  INFO   search      farm branch=none (wander/search next)
2026-09-30 00:56:01.508  INFO   search      farm branch=none (wander/search next)
2026-09-30 00:56:01.696  INFO   search      farm branch=none (wander/search next)
2026-09-30 00:56:01.927  INFO   search      farm branch=none (wander/search next)
2026-09-30 00:56:02.171  INFO   search      farm branch=none (wander/search next)
2026-09-30 00:56:02.399  INFO   search      farm branch=none (wander/search next)
2026-09-30 00:56:02.657  INFO   search      farm branch=none (wander/search next)
2026-09-30 00:56:02.785  INFO   travel      hop arrive wp=(329, 450) purpose=enter_farm
2026-09-30 00:56:02.813  INFO   travel      hop begin wp=(326, 444) purpose=enter_farm reason=enter farm area
2026-09-30 00:56:03.131  INFO   search      farm branch=none (wander/search next)
2026-09-30 00:56:03.386  INFO   search      farm branch=none (wander/search next)
2026-09-30 00:56:03.601  INFO   search      farm branch=none (wander/search next)
2026-09-30 00:56:04.098  INFO   search      farm branch=none (wander/search next)
2026-09-30 00:56:04.751  INFO   search      farm branch=none (wander/search next)
2026-09-30 00:56:04.962  INFO   session     Entity shadow: vision=2 {'player': 1, 'monster': 1} memory=2 {'player': 1, 'monster': 1} paired=1 median=0.025
2026-09-30 00:56:05.036  INFO   search      farm branch=none (wander/search next)
2026-09-30 00:56:05.037  INFO   travel      hop begin wp=(321, 448) purpose=enter_farm reason=enter farm, walk around
2026-09-30 00:56:05.356  INFO   search      farm branch=none (wander/search next)
2026-09-30 00:56:05.585  INFO   search      farm branch=none (wander/search next)
2026-09-30 00:56:05.759  INFO   combat      farm branch=screen_combat id=62 dist=11
2026-09-30 00:56:05.833  INFO   combat      engage id=62 species=monster_오크_2 rel=(-11,-1)
2026-09-30 00:56:05.843  INFO   decision    mode=traveling goal=combat action=attack target=62 sticky=62 origin=(325,447) shop=0 scrolled=0 reason='screen engage' status=success
2026-09-30 00:56:06.319  INFO   combat      farm branch=sticky id=62 dist=10
2026-09-30 00:56:06.561  INFO   combat      farm branch=sticky id=62 dist=10
2026-09-30 00:56:06.968  INFO   combat      farm branch=sticky id=62 dist=7
2026-09-30 00:56:07.460  INFO   combat      farm branch=sticky id=62 dist=6
2026-09-30 00:56:07.872  INFO   combat      farm branch=sticky id=62 dist=4
2026-09-30 00:56:08.281  INFO   combat      farm branch=sticky id=62 dist=3
2026-09-30 00:56:08.800  INFO   combat      farm branch=sticky id=62 dist=1
2026-09-30 00:56:09.347  INFO   combat      farm branch=sticky id=62 dist=2
2026-09-30 00:56:10.172  INFO   session     Entity shadow: vision=2 {'player': 1, 'monster': 1} memory=2 {'monster': 2} paired=1 median=0.015
2026-09-30 00:56:10.241  INFO   combat      farm branch=sticky id=62 dist=2
2026-09-30 00:56:10.515  INFO   combat      farm branch=sticky id=62 dist=2
2026-09-30 00:56:10.892  INFO   combat      farm branch=sticky id=62 dist=2
2026-09-30 00:56:11.347  INFO   combat      farm branch=sticky id=62 dist=3
2026-09-30 00:56:11.720  INFO   combat      farm branch=sticky id=62 dist=3
2026-09-30 00:56:12.213  INFO   combat      farm branch=sticky id=62 dist=4
2026-09-30 00:56:12.616  INFO   combat      farm branch=sticky id=62 dist=4
2026-09-30 00:56:13.021  INFO   combat      farm branch=sticky id=62 dist=5
2026-09-30 00:56:13.488  INFO   combat      farm branch=sticky id=62 dist=5
2026-09-30 00:56:13.883  INFO   combat      farm branch=sticky id=62 dist=6
2026-09-30 00:56:14.056  INFO   combat      wall/fence LOS blocked id=62 — A* detour hop to (317, 460)
2026-09-30 00:56:14.072  INFO   decision    mode=traveling goal=combat action=searching target=62 sticky=62 origin=(318,449) shop=0 scrolled=0 reason='wall detour A*' status=success
2026-09-30 00:56:14.435  INFO   combat      farm branch=sticky id=62 dist=6
2026-09-30 00:56:14.492  INFO   combat      wall/fence LOS blocked id=62 — A* detour hop to (317, 460)
2026-09-30 00:56:14.819  INFO   combat      farm branch=sticky id=62 dist=7
2026-09-30 00:56:14.909  INFO   combat      wall/fence LOS blocked id=62 — A* detour hop to (317, 460)
2026-09-30 00:56:15.301  INFO   session     Entity shadow: vision=4 {'monster': 3, 'player': 1} memory=2 {'monster': 2} paired=2 median=0.025
2026-09-30 00:56:15.366  INFO   combat      farm branch=sticky id=62 dist=7
2026-09-30 00:56:15.399  INFO   combat      wall/fence LOS blocked id=62 — A* detour hop to (317, 460)
2026-09-30 00:56:15.724  INFO   combat      farm branch=sticky id=62 dist=8
2026-09-30 00:56:15.742  INFO   combat      wall/fence LOS blocked id=62 — A* detour hop to (317, 460)
2026-09-30 00:56:16.013  INFO   combat      farm branch=sticky id=62 dist=7
2026-09-30 00:56:16.176  INFO   combat      wall/fence LOS blocked id=62 — A* detour hop to (317, 460)
2026-09-30 00:56:16.669  INFO   combat      farm branch=sticky id=62 dist=7
2026-09-30 00:56:17.110  INFO   combat      wall/fence LOS blocked id=62 — A* detour hop to (317, 460)
2026-09-30 00:56:17.401  INFO   combat      farm branch=sticky id=62 dist=5
2026-09-30 00:56:17.510  INFO   decision    mode=traveling goal=combat action=attack target=62 sticky=62 origin=(316,453) shop=0 scrolled=0 reason='attack target' status=success
2026-09-30 00:56:17.959  INFO   combat      farm branch=sticky id=62 dist=5
2026-09-30 00:56:18.251  INFO   combat      farm branch=sticky id=62 dist=5
2026-09-30 00:56:18.634  INFO   combat      farm branch=sticky id=62 dist=5
2026-09-30 00:56:19.081  INFO   search      farm branch=none (wander/search next)
2026-09-30 00:56:19.284  INFO   travel      hop begin wp=(324, 445) purpose=enter_farm reason=enter farm area
2026-09-30 00:56:19.306  INFO   decision    mode=traveling goal=traveling action=traveling target=- sticky=- origin=(316,455) shop=0 scrolled=0 reason='enter farm area' status=success
2026-09-30 00:56:19.640  INFO   search      farm branch=none (wander/search next)
2026-09-30 00:56:19.840  INFO   search      farm branch=none (wander/search next)
2026-09-30 00:56:20.029  INFO   search      farm branch=none (wander/search next)
2026-09-30 00:56:20.248  INFO   session     Entity shadow: vision=1 {'monster': 1} memory=0 {} paired=0 median=0.000
2026-09-30 00:56:20.339  INFO   search      farm branch=none (wander/search next)
2026-09-30 00:56:20.530  INFO   search      farm branch=none (wander/search next)
2026-09-30 00:56:20.772  INFO   search      farm branch=none (wander/search next)
2026-09-30 00:56:20.998  INFO   search      farm branch=none (wander/search next)
2026-09-30 00:56:21.177  INFO   search      farm branch=none (wander/search next)
2026-09-30 00:56:21.404  INFO   search      farm branch=none (wander/search next)
2026-09-30 00:56:21.495  INFO   travel      hop begin wp=(324, 445) purpose=enter_farm reason=enter farm area
2026-09-30 00:56:21.860  INFO   search      farm branch=none (wander/search next)
2026-09-30 00:56:22.084  INFO   search      farm branch=none (wander/search next)
2026-09-30 00:56:22.258  INFO   search      farm branch=none (wander/search next)
2026-09-30 00:56:22.579  INFO   search      farm branch=none (wander/search next)
2026-09-30 00:56:23.192  INFO   search      farm branch=none (wander/search next)
2026-09-30 00:56:23.415  INFO   search      farm branch=none (wander/search next)
2026-09-30 00:56:23.642  INFO   search      farm branch=none (wander/search next)
2026-09-30 00:56:23.825  INFO   travel      hop begin wp=(324, 445) purpose=enter_farm reason=enter farm area
2026-09-30 00:56:24.149  INFO   combat      farm branch=screen_combat id=72 dist=15
2026-09-30 00:56:24.262  INFO   combat      engage id=72 species=monster_그렘린_4 rel=(0,-15)
2026-09-30 00:56:24.272  INFO   decision    mode=traveling goal=combat action=attack target=72 sticky=72 origin=(321,450) shop=0 scrolled=0 reason='screen engage' status=success
2026-09-30 00:56:24.789  INFO   loot        begin_loot_item id=73
2026-09-30 00:56:24.818  INFO   loot        approach hop item=73 wp=(320, 439) reason=walk onto item
2026-09-30 00:56:24.825  INFO   loot        farm branch=loot item_id=73
2026-09-30 00:56:24.837  INFO   decision    mode=traveling goal=loot action=searching target=73 sticky=- origin=(321,450) shop=0 scrolled=0 reason='walk onto item' status=success
2026-09-30 00:56:25.166  INFO   loot        farm branch=loot item_id=73
2026-09-30 00:56:25.301  INFO   session     Entity shadow: vision=3 {'player': 1, 'item': 1, 'monster': 1} memory=2 {'item': 1, 'monster': 1} paired=2 median=0.020
2026-09-30 00:56:25.346  INFO   loot        farm branch=loot item_id=73
2026-09-30 00:56:25.719  INFO   loot        farm branch=loot item_id=73
2026-09-30 00:56:25.987  INFO   loot        farm branch=loot item_id=73
2026-09-30 00:56:26.152  INFO   loot        farm branch=loot item_id=73
2026-09-30 00:56:26.319  INFO   loot        farm branch=loot item_id=73
2026-09-30 00:56:26.526  INFO   loot        farm branch=loot item_id=73
2026-09-30 00:56:26.729  INFO   loot        farm branch=loot item_id=73
2026-09-30 00:56:27.011  INFO   loot        approach hop item=73 wp=(321, 439) reason=walk onto item
2026-09-30 00:56:27.011  INFO   loot        farm branch=loot item_id=73
2026-09-30 00:56:27.322  INFO   loot        farm branch=loot item_id=73
2026-09-30 00:56:27.495  INFO   loot        farm branch=loot item_id=73
2026-09-30 00:56:27.846  INFO   loot        farm branch=loot item_id=73
2026-09-30 00:56:28.390  INFO   loot        farm branch=loot item_id=73
2026-09-30 00:56:28.614  INFO   loot        farm branch=loot item_id=73
2026-09-30 00:56:28.918  INFO   loot        approach hop item=73 wp=(321, 439) reason=walk onto item
2026-09-30 00:56:28.919  INFO   loot        farm branch=loot item_id=73
2026-09-30 00:56:29.258  INFO   loot        approach hop item=73 wp=(321, 439) reason=walk onto item
2026-09-30 00:56:29.258  INFO   loot        farm branch=loot item_id=73
2026-09-30 00:56:29.637  INFO   loot        approach hop item=73 wp=(321, 439) reason=walk onto item
2026-09-30 00:56:29.638  INFO   loot        farm branch=loot item_id=73
2026-09-30 00:56:29.986  INFO   loot        farm branch=loot item_id=73
2026-09-30 00:56:29.987  INFO   decision    mode=traveling goal=loot action=pickup target=73 sticky=- origin=(321,437) shop=0 scrolled=0 reason='loot target' status=success
2026-09-30 00:56:30.388  INFO   session     Entity shadow: vision=4 {'monster': 1, 'item': 1, 'player': 2} memory=4 {'player': 1, 'item': 2, 'monster': 1} paired=2 median=0.026
2026-09-30 00:56:30.438  INFO   loot        pickup retry id=73 (await still listed)
2026-09-30 00:56:30.438  INFO   loot        pickup emit item=73 reason=pickup retry
2026-09-30 00:56:30.449  INFO   loot        farm branch=loot item_id=None
2026-09-30 00:56:30.963  INFO   loot        pickup retry id=73 (await still listed)
2026-09-30 00:56:30.963  INFO   loot        pickup emit item=73 reason=pickup retry
2026-09-30 00:56:30.973  INFO   loot        farm branch=loot item_id=None
2026-09-30 00:56:31.387  INFO   loot        pickup retry id=73 (await still listed)
2026-09-30 00:56:31.388  INFO   loot        pickup emit item=73 reason=pickup retry
2026-09-30 00:56:31.400  INFO   loot        farm branch=loot item_id=None
2026-09-30 00:56:31.832  INFO   loot        pickup retry id=73 (await still listed)
2026-09-30 00:56:31.832  INFO   loot        pickup emit item=73 reason=pickup retry
2026-09-30 00:56:31.843  INFO   loot        farm branch=loot item_id=None
2026-09-30 00:56:32.363  INFO   loot        pickup retry id=73 (await still listed)
2026-09-30 00:56:32.484  INFO   loot        pickup emit item=73 reason=pickup retry
2026-09-30 00:56:32.497  INFO   loot        farm branch=loot item_id=None
2026-09-30 00:56:32.944  INFO   loot        pickup retry id=73 (await still listed)
2026-09-30 00:56:32.945  INFO   loot        pickup emit item=73 reason=pickup retry
2026-09-30 00:56:32.956  INFO   loot        farm branch=loot item_id=None
2026-09-30 00:56:33.512  INFO   loot        pickup retry id=73 (await still listed)
2026-09-30 00:56:33.918  INFO   loot        pickup emit item=73 reason=pickup retry
2026-09-30 00:56:33.951  INFO   loot        farm branch=loot item_id=None
2026-09-30 00:56:34.521  INFO   loot        pickup retry id=73 (await still listed)
2026-09-30 00:56:34.522  INFO   loot        pickup emit item=73 reason=pickup retry
2026-09-30 00:56:34.535  INFO   loot        farm branch=loot item_id=None
2026-09-30 00:56:34.991  INFO   loot        pickup retry id=73 (await still listed)
2026-09-30 00:56:34.992  INFO   loot        pickup emit item=73 reason=pickup retry
2026-09-30 00:56:35.002  INFO   loot        farm branch=loot item_id=None
2026-09-30 00:56:35.413  INFO   session     Entity shadow: vision=6 {'item': 3, 'monster': 1, 'player': 2} memory=6 {'player': 1, 'monster': 1, 'item': 4} paired=5 median=0.022
2026-09-30 00:56:35.466  INFO   loot        pickup retry id=73 (await still listed)
2026-09-30 00:56:35.644  INFO   loot        pickup emit item=73 reason=pickup retry
2026-09-30 00:56:35.661  INFO   loot        farm branch=loot item_id=None
2026-09-30 00:56:36.125  INFO   loot        begin_loot_item id=79
2026-09-30 00:56:36.127  INFO   loot        approach hop item=79 wp=(317, 435) reason=walk onto item
2026-09-30 00:56:36.135  INFO   loot        farm branch=loot item_id=79
2026-09-30 00:56:36.148  INFO   decision    mode=traveling goal=loot action=searching target=79 sticky=- origin=(320,436) shop=0 scrolled=0 reason='walk onto item' status=success
2026-09-30 00:56:36.461  INFO   loot        farm branch=loot item_id=79
2026-09-30 00:56:36.719  INFO   loot        farm branch=loot item_id=79
2026-09-30 00:56:36.937  INFO   loot        farm branch=loot item_id=79
2026-09-30 00:56:37.239  INFO   search      farm branch=none (wander/search next)
2026-09-30 00:56:37.411  INFO   travel      hop begin wp=(325, 429) purpose=enter_farm reason=enter farm area
2026-09-30 00:56:37.421  INFO   decision    mode=traveling goal=traveling action=traveling target=- sticky=- origin=(321,434) shop=0 scrolled=0 reason='enter farm area' status=success
2026-09-30 00:56:37.817  INFO   search      farm branch=none (wander/search next)
2026-09-30 00:56:37.976  INFO   search      farm branch=none (wander/search next)
2026-09-30 00:56:38.206  INFO   search      farm branch=none (wander/search next)
2026-09-30 00:56:38.444  INFO   search      farm branch=none (wander/search next)
2026-09-30 00:56:38.662  INFO   search      farm branch=none (wander/search next)
2026-09-30 00:56:38.942  INFO   search      farm branch=none (wander/search next)
2026-09-30 00:56:39.664  INFO   combat      farm branch=screen_combat id=80 dist=15
2026-09-30 00:56:39.786  INFO   combat      engage id=80 species=monster_난쟁이_5 rel=(15,-1)
2026-09-30 00:56:39.796  INFO   decision    mode=traveling goal=combat action=attack target=80 sticky=80 origin=(322,432) shop=0 scrolled=0 reason='screen engage' status=success
2026-09-30 00:56:40.302  INFO   search      farm branch=none (wander/search next)
2026-09-30 00:56:40.328  INFO   travel      hop begin wp=(327, 433) purpose=enter_farm reason=enter farm area
2026-09-30 00:56:40.338  INFO   decision    mode=traveling goal=traveling action=traveling target=- sticky=- origin=(323,430) shop=0 scrolled=0 reason='enter farm area' status=success
2026-09-30 00:56:40.650  INFO   session     Entity shadow: vision=3 {'player': 1, 'item': 2} memory=3 {'player': 1, 'item': 2} paired=2 median=0.021
2026-09-30 00:56:40.732  INFO   search      farm branch=none (wander/search next)
2026-09-30 00:56:40.920  INFO   search      farm branch=none (wander/search next)
2026-09-30 00:56:41.211  INFO   combat      farm branch=screen_combat id=81 dist=14
2026-09-30 00:56:41.237  INFO   combat      engage id=81 species=monster_난쟁이_5 rel=(14,2)
2026-09-30 00:56:41.248  INFO   decision    mode=traveling goal=combat action=attack target=81 sticky=81 origin=(325,429) shop=0 scrolled=0 reason='screen engage' status=success
2026-09-30 00:56:41.930  INFO   combat      farm branch=sticky id=81 dist=15
2026-09-30 00:56:42.181  INFO   combat      farm branch=sticky id=81 dist=13
2026-09-30 00:56:42.556  INFO   combat      farm branch=sticky id=81 dist=14
2026-09-30 00:56:43.060  INFO   combat      farm branch=sticky id=81 dist=15
2026-09-30 00:56:43.424  INFO   combat      farm branch=sticky id=81 dist=13
2026-09-30 00:56:43.894  INFO   combat      farm branch=sticky id=81 dist=13
2026-09-30 00:56:44.303  INFO   loot        begin_loot_item id=82
2026-09-30 00:56:44.430  INFO   loot        approach hop item=82 wp=(341, 426) reason=walk onto item
2026-09-30 00:56:44.440  INFO   loot        farm branch=loot item_id=82
2026-09-30 00:56:44.452  INFO   decision    mode=traveling goal=loot action=searching target=82 sticky=- origin=(331,430) shop=0 scrolled=0 reason='walk onto item' status=success
2026-09-30 00:56:44.808  INFO   loot        farm branch=loot item_id=82
2026-09-30 00:56:45.046  INFO   loot        farm branch=loot item_id=82
2026-09-30 00:56:45.216  INFO   loot        farm branch=loot item_id=82
2026-09-30 00:56:45.508  INFO   loot        farm branch=loot item_id=82
2026-09-30 00:56:45.818  INFO   loot        farm branch=loot item_id=82
2026-09-30 00:56:46.373  INFO   session     Entity shadow: vision=3 {'item': 2, 'player': 1} memory=3 {'monster': 1, 'item': 2} paired=2 median=0.020
2026-09-30 00:56:46.422  INFO   loot        farm branch=loot item_id=82
2026-09-30 00:56:46.653  INFO   loot        approach hop item=82 wp=(341, 426) reason=walk onto item
2026-09-30 00:56:46.654  INFO   loot        farm branch=loot item_id=82
2026-09-30 00:56:47.010  INFO   loot        farm branch=loot item_id=82
2026-09-30 00:56:47.231  INFO   loot        farm branch=loot item_id=82
2026-09-30 00:56:47.436  INFO   loot        farm branch=loot item_id=82
2026-09-30 00:56:47.693  INFO   combat      farm branch=screen_combat id=83 dist=12
2026-09-30 00:56:47.707  INFO   combat      engage id=83 species=monster_세퍼드_5 rel=(-12,2)
2026-09-30 00:56:47.717  INFO   decision    mode=traveling goal=combat action=attack target=83 sticky=83 origin=(332,429) shop=0 scrolled=0 reason='screen engage' status=success
2026-09-30 00:56:48.196  INFO   combat      farm branch=sticky id=83 dist=14
2026-09-30 00:56:48.614  INFO   combat      farm branch=sticky id=83 dist=13
2026-09-30 00:56:49.091  INFO   combat      farm branch=sticky id=83 dist=12
2026-09-30 00:56:49.493  INFO   combat      farm branch=sticky id=83 dist=10
2026-09-30 00:56:49.905  INFO   combat      farm branch=sticky id=83 dist=10
2026-09-30 00:56:50.351  INFO   combat      farm branch=sticky id=83 dist=9
2026-09-30 00:56:50.953  INFO   combat      farm branch=sticky id=83 dist=9
2026-09-30 00:56:51.793  INFO   session     Entity shadow: vision=2 {'item': 1, 'player': 1} memory=2 {'player': 1, 'item': 1} paired=2 median=0.031
2026-09-30 00:56:51.872  INFO   search      farm branch=none (wander/search next)
2026-09-30 00:56:51.903  INFO   travel      hop begin wp=(328, 441) purpose=enter_farm reason=enter farm area
2026-09-30 00:56:51.917  INFO   decision    mode=traveling goal=traveling action=traveling target=- sticky=- origin=(331,430) shop=0 scrolled=0 reason='enter farm area' status=success
2026-09-30 00:56:52.297  INFO   search      farm branch=none (wander/search next)
2026-09-30 00:56:52.453  INFO   search      farm branch=none (wander/search next)
2026-09-30 00:56:52.702  INFO   search      farm branch=none (wander/search next)
2026-09-30 00:56:52.966  INFO   search      farm branch=none (wander/search next)
2026-09-30 00:56:53.331  INFO   search      farm branch=none (wander/search next)
2026-09-30 00:56:53.697  INFO   search      farm branch=none (wander/search next)
2026-09-30 00:56:53.916  INFO   search      farm branch=none (wander/search next)
2026-09-30 00:56:53.941  INFO   travel      hop begin wp=(326, 442) purpose=enter_farm reason=enter farm area
2026-09-30 00:56:54.334  INFO   search      farm branch=none (wander/search next)
2026-09-30 00:56:54.616  INFO   search      farm branch=none (wander/search next)
2026-09-30 00:56:54.924  INFO   combat      farm branch=screen_combat id=87 dist=13
2026-09-30 00:56:55.018  INFO   combat      engage id=87 species=monster_늑대인간_9 rel=(-7,13)
2026-09-30 00:56:55.028  INFO   decision    mode=traveling goal=combat action=attack target=87 sticky=87 origin=(327,435) shop=0 scrolled=0 reason='screen engage' status=success
2026-09-30 00:56:55.534  INFO   combat      farm branch=sticky id=87 dist=11
2026-09-30 00:56:55.969  INFO   combat      farm branch=sticky id=87 dist=12
2026-09-30 00:56:56.386  INFO   combat      farm branch=sticky id=87 dist=10
2026-09-30 00:56:56.897  INFO   session     Entity shadow: vision=4 {'monster': 3, 'player': 1} memory=4 {'monster': 3, 'player': 1} paired=3 median=0.042
2026-09-30 00:56:57.039  INFO   combat      farm branch=sticky id=87 dist=11
2026-09-30 00:56:57.786  INFO   combat      farm branch=sticky id=87 dist=10
2026-09-30 00:56:58.225  INFO   combat      farm branch=sticky id=87 dist=10
2026-09-30 00:56:58.572  INFO   combat      farm branch=sticky id=87 dist=9
2026-09-30 00:56:59.063  INFO   combat      farm branch=sticky id=87 dist=8
2026-09-30 00:56:59.461  INFO   combat      farm branch=sticky id=87 dist=8
2026-09-30 00:56:59.835  INFO   combat      farm branch=sticky id=87 dist=8
2026-09-30 00:57:00.085  INFO   combat      farm branch=sticky id=87 dist=7
2026-09-30 00:57:00.343  INFO   combat      farm branch=sticky id=87 dist=7
2026-09-30 00:57:00.733  INFO   combat      farm branch=sticky id=87 dist=7
2026-09-30 00:57:01.192  INFO   combat      farm branch=sticky id=90 dist=12
2026-09-30 00:57:01.312  INFO   decision    mode=traveling goal=combat action=attack target=90 sticky=90 origin=(321,443) shop=0 scrolled=0 reason='attack target' status=success
2026-09-30 00:57:01.635  INFO   combat      farm branch=sticky id=90 dist=11
2026-09-30 00:57:02.163  INFO   session     Entity shadow: vision=3 {'player': 1, 'monster': 2} memory=6 {'monster': 5, 'player': 1} paired=2 median=0.026
2026-09-30 00:57:02.241  INFO   combat      farm branch=sticky id=90 dist=11
2026-09-30 00:57:02.555  INFO   combat      farm branch=sticky id=90 dist=9
2026-09-30 00:57:02.884  INFO   combat      farm branch=sticky id=90 dist=9
2026-09-30 00:57:03.556  INFO   combat      farm branch=sticky id=90 dist=8
2026-09-30 00:57:04.276  INFO   combat      farm branch=sticky id=90 dist=7
2026-09-30 00:57:04.664  INFO   combat      farm branch=sticky id=90 dist=6
2026-09-30 00:57:05.130  INFO   combat      farm branch=sticky id=90 dist=6
2026-09-30 00:57:05.520  INFO   loot        begin_loot_item id=94
2026-09-30 00:57:05.668  INFO   loot        approach hop item=94 wp=(321, 449) reason=walk onto item
2026-09-30 00:57:05.677  INFO   loot        farm branch=loot item_id=94
2026-09-30 00:57:05.689  INFO   decision    mode=traveling goal=loot action=searching target=94 sticky=- origin=(321,444) shop=0 scrolled=0 reason='walk onto item' status=success
2026-09-30 00:57:06.075  INFO   loot        farm branch=loot item_id=94
2026-09-30 00:57:06.294  INFO   loot        farm branch=loot item_id=94
2026-09-30 00:57:06.535  INFO   loot        farm branch=loot item_id=94
2026-09-30 00:57:06.693  INFO   loot        farm branch=loot item_id=94
2026-09-30 00:57:06.883  INFO   loot        farm branch=loot item_id=94
2026-09-30 00:57:07.135  INFO   session     Entity shadow: vision=3 {'player': 2, 'item': 1} memory=4 {'item': 1, 'monster': 2, 'player': 1} paired=2 median=0.012
2026-09-30 00:57:07.210  INFO   loot        farm branch=loot item_id=94
2026-09-30 00:57:07.638  INFO   loot        farm branch=loot item_id=94
2026-09-30 00:57:07.639  INFO   decision    mode=traveling goal=loot action=pickup target=94 sticky=- origin=(321,447) shop=0 scrolled=0 reason='loot target' status=success
2026-09-30 00:57:08.151  INFO   loot        pickup retry id=94 (await still listed)
2026-09-30 00:57:08.233  INFO   loot        pickup emit item=94 reason=pickup retry
2026-09-30 00:57:08.246  INFO   loot        farm branch=loot item_id=None
2026-09-30 00:57:08.701  INFO   loot        pickup retry id=94 (await still listed)
2026-09-30 00:57:08.701  INFO   loot        pickup emit item=94 reason=pickup retry
2026-09-30 00:57:08.713  INFO   loot        farm branch=loot item_id=None
2026-09-30 00:57:09.189  INFO   loot        pickup retry id=94 (await still listed)
2026-09-30 00:57:09.593  INFO   loot        pickup emit item=94 reason=pickup retry
2026-09-30 00:57:09.605  INFO   loot        farm branch=loot item_id=None
2026-09-30 00:57:10.084  INFO   loot        pickup retry id=94 (await still listed)
2026-09-30 00:57:10.085  INFO   loot        pickup emit item=94 reason=pickup retry
2026-09-30 00:57:10.096  INFO   loot        farm branch=loot item_id=None
2026-09-30 00:57:10.477  INFO   loot        pickup retry id=94 (await still listed)
2026-09-30 00:57:10.478  INFO   loot        pickup emit item=94 reason=pickup retry
2026-09-30 00:57:10.490  INFO   loot        farm branch=loot item_id=None
2026-09-30 00:57:10.905  INFO   loot        pickup retry id=94 (await still listed)
2026-09-30 00:57:10.906  INFO   loot        pickup emit item=94 reason=pickup retry
2026-09-30 00:57:10.916  INFO   loot        farm branch=loot item_id=None
2026-09-30 00:57:11.397  INFO   loot        pickup retry id=94 (await still listed)
2026-09-30 00:57:11.397  INFO   loot        pickup emit item=94 reason=pickup retry
2026-09-30 00:57:11.408  INFO   loot        farm branch=loot item_id=None
2026-09-30 00:57:11.818  INFO   loot        pickup retry id=94 (await still listed)
2026-09-30 00:57:11.819  INFO   loot        pickup emit item=94 reason=pickup retry
2026-09-30 00:57:11.830  INFO   loot        farm branch=loot item_id=None
2026-09-30 00:57:12.245  INFO   session     Entity shadow: vision=3 {'item': 1, 'player': 1, 'monster': 1} memory=4 {'monster': 2, 'item': 1, 'player': 1} paired=2 median=0.025
2026-09-30 00:57:12.295  INFO   loot        pickup retry id=94 (await still listed)
2026-09-30 00:57:12.296  INFO   loot        pickup emit item=94 reason=pickup retry
2026-09-30 00:57:12.305  INFO   loot        farm branch=loot item_id=None
2026-09-30 00:57:12.724  INFO   loot        pickup retry id=94 (await still listed)
2026-09-30 00:57:12.725  INFO   loot        pickup emit item=94 reason=pickup retry
2026-09-30 00:57:12.735  INFO   loot        farm branch=loot item_id=None
2026-09-30 00:57:13.106  INFO   loot        pickup retry id=94 (await still listed)
2026-09-30 00:57:13.106  INFO   loot        pickup emit item=94 reason=pickup retry
2026-09-30 00:57:13.116  INFO   loot        farm branch=loot item_id=None
2026-09-30 00:57:13.485  INFO   loot        pickup retry id=94 (await still listed)
2026-09-30 00:57:13.486  INFO   loot        pickup emit item=94 reason=pickup retry
2026-09-30 00:57:13.496  INFO   loot        farm branch=loot item_id=None
2026-09-30 00:57:14.002  INFO   combat      farm branch=screen_combat id=96 dist=2
2026-09-30 00:57:14.030  INFO   combat      engage id=96 species=monster_늑대인간_9 rel=(-2,-1)
2026-09-30 00:57:14.040  INFO   decision    mode=traveling goal=combat action=attack target=96 sticky=96 origin=(321,447) shop=0 scrolled=0 reason='screen engage' status=success
2026-09-30 00:57:14.735  INFO   combat      farm branch=sticky id=96 dist=1
2026-09-30 00:57:15.481  INFO   search      farm branch=none (wander/search next)
2026-09-30 00:57:15.598  INFO   travel      hop begin wp=(323, 445) purpose=enter_farm reason=enter farm area
2026-09-30 00:57:15.607  INFO   decision    mode=traveling goal=traveling action=traveling target=- sticky=- origin=(321,448) shop=0 scrolled=0 reason='enter farm area' status=success
2026-09-30 00:57:15.947  INFO   search      farm branch=none (wander/search next)
2026-09-30 00:57:16.265  INFO   search      farm branch=none (wander/search next)
2026-09-30 00:57:16.532  INFO   search      farm branch=none (wander/search next)
2026-09-30 00:57:16.760  INFO   search      farm branch=none (wander/search next)
2026-09-30 00:57:16.881  INFO   travel      hop arrive wp=(323, 445) purpose=enter_farm
2026-09-30 00:57:16.893  INFO   travel      hop begin wp=(324, 445) purpose=enter_farm reason=enter farm area
2026-09-30 00:57:17.227  INFO   search      farm branch=none (wander/search next)
2026-09-30 00:57:17.320  INFO   travel      hop arrive wp=(324, 445) purpose=enter_farm
2026-09-30 00:57:17.332  INFO   travel      hop begin wp=(324, 445) purpose=enter_farm reason=enter farm area
2026-09-30 00:57:17.746  INFO   session     Entity shadow: vision=1 {'player': 1} memory=2 {'monster': 1, 'player': 1} paired=1 median=0.055
2026-09-30 00:57:17.846  INFO   search      farm branch=none (wander/search next)
2026-09-30 00:57:17.916  INFO   search      farm branch=none (wander/search next)
2026-09-30 00:57:17.951  INFO   search      hop start wp=(329, 446) reason=search area
2026-09-30 00:57:17.963  INFO   decision    mode=farming goal=search action=searching target=- sticky=- origin=(324,444) shop=0 scrolled=0 reason='search area' status=success
2026-09-30 00:57:18.352  INFO   search      farm branch=none (wander/search next)
2026-09-30 00:57:18.568  INFO   search      farm branch=none (wander/search next)
2026-09-30 00:57:18.872  INFO   search      farm branch=none (wander/search next)
2026-09-30 00:57:19.311  INFO   search      farm branch=none (wander/search next)
2026-09-30 00:57:19.638  INFO   search      farm branch=none (wander/search next)
2026-09-30 00:57:19.651  INFO   search      hop arrive wp=(329, 446)
2026-09-30 00:57:19.663  INFO   search      hop start wp=(332, 449) reason=search area
2026-09-30 00:57:19.996  INFO   search      farm branch=none (wander/search next)
2026-09-30 00:57:20.374  INFO   search      farm branch=none (wander/search next)
2026-09-30 00:57:21.084  INFO   search      farm branch=none (wander/search next)
2026-09-30 00:57:21.456  INFO   search      farm branch=none (wander/search next)
2026-09-30 00:57:21.741  INFO   combat      farm branch=screen_combat id=98 dist=14
2026-09-30 00:57:21.773  INFO   combat      engage id=98 species=monster_오크 전사_8 rel=(14,2)
2026-09-30 00:57:21.783  INFO   decision    mode=farming goal=combat action=attack target=98 sticky=98 origin=(331,449) shop=0 scrolled=0 reason='screen engage' status=success
2026-09-30 00:57:22.241  INFO   combat      farm branch=sticky id=98 dist=14
2026-09-30 00:57:22.503  INFO   combat      farm branch=sticky id=98 dist=14
2026-09-30 00:57:22.778  INFO   session     Entity shadow: vision=1 {'monster': 1} memory=1 {'monster': 1} paired=0 median=0.000
2026-09-30 00:57:22.832  INFO   combat      farm branch=sticky id=98 dist=11
2026-09-30 00:57:23.335  INFO   combat      farm branch=sticky id=98 dist=11
2026-09-30 00:57:23.650  INFO   combat      farm branch=sticky id=98 dist=11
2026-09-30 00:57:24.059  INFO   combat      farm branch=sticky id=98 dist=11
2026-09-30 00:57:24.614  INFO   combat      farm branch=sticky id=98 dist=11
2026-09-30 00:57:24.957  INFO   combat      farm branch=sticky id=98 dist=11
2026-09-30 00:57:25.416  INFO   combat      farm branch=sticky id=98 dist=11
2026-09-30 00:57:25.881  INFO   combat      farm branch=sticky id=98 dist=10
2026-09-30 00:57:26.221  INFO   combat      farm branch=sticky id=98 dist=10
2026-09-30 00:57:26.643  INFO   combat      farm branch=sticky id=98 dist=10
2026-09-30 00:57:27.329  INFO   combat      farm branch=sticky id=99 dist=11
2026-09-30 00:57:27.722  INFO   decision    mode=farming goal=combat action=attack target=99 sticky=99 origin=(334,450) shop=0 scrolled=0 reason='attack target' status=success
2026-09-30 00:57:27.956  INFO   session     Entity shadow: vision=1 {'item': 1} memory=2 {'monster': 1, 'item': 1} paired=1 median=0.014
2026-09-30 00:57:28.012  INFO   combat      farm branch=sticky id=99 dist=7
2026-09-30 00:57:28.475  INFO   combat      farm branch=sticky id=99 dist=6
2026-09-30 00:57:28.925  INFO   combat      farm branch=sticky id=99 dist=3
2026-09-30 00:57:29.264  INFO   combat      farm branch=sticky id=99 dist=3
2026-09-30 00:57:29.575  INFO   combat      farm branch=sticky id=99 dist=2
2026-09-30 00:57:29.867  INFO   combat      farm branch=sticky id=99 dist=1
2026-09-30 00:57:30.140  INFO   combat      farm branch=sticky id=99 dist=1
2026-09-30 00:57:30.585  INFO   combat      farm branch=sticky id=99 dist=1
2026-09-30 00:57:30.957  INFO   combat      farm branch=sticky id=99 dist=1
2026-09-30 00:57:31.366  INFO   combat      farm branch=sticky id=99 dist=1
2026-09-30 00:57:31.647  INFO   combat      farm branch=sticky id=99 dist=1
2026-09-30 00:57:31.927  INFO   combat      farm branch=sticky id=99 dist=1
2026-09-30 00:57:32.237  INFO   combat      farm branch=sticky id=99 dist=1
2026-09-30 00:57:32.672  INFO   combat      farm branch=sticky id=99 dist=1
2026-09-30 00:57:33.213  INFO   session     Entity shadow: vision=2 {'item': 2} memory=4 {'player': 1, 'monster': 1, 'item': 2} paired=1 median=0.039
2026-09-30 00:57:33.267  INFO   combat      farm branch=sticky id=99 dist=1
2026-09-30 00:57:33.563  INFO   combat      farm branch=sticky id=99 dist=1
2026-09-30 00:57:34.124  INFO   loot        begin_loot_item id=104
2026-09-30 00:57:34.523  INFO   loot        pickup emit item=104 reason=engage item
2026-09-30 00:57:34.532  INFO   loot        farm branch=loot item_id=104
2026-09-30 00:57:34.554  INFO   decision    mode=farming goal=loot action=pickup target=104 sticky=- origin=(341,450) shop=0 scrolled=0 reason='engage item' status=success
2026-09-30 00:57:35.105  INFO   loot        begin_loot_item id=100
2026-09-30 00:57:35.106  INFO   loot        pickup emit item=100 reason=engage item
2026-09-30 00:57:35.115  INFO   loot        farm branch=loot item_id=100
2026-09-30 00:57:35.133  INFO   decision    mode=farming goal=loot action=pickup target=100 sticky=- origin=(341,449) shop=0 scrolled=0 reason='engage item' status=success
2026-09-30 00:57:35.535  INFO   loot        pickup retry id=100 (await still listed)
2026-09-30 00:57:35.535  INFO   loot        pickup emit item=100 reason=pickup retry
2026-09-30 00:57:35.546  INFO   loot        farm branch=loot item_id=None
2026-09-30 00:57:35.940  INFO   loot        pickup retry id=100 (await still listed)
2026-09-30 00:57:35.940  INFO   loot        pickup emit item=100 reason=pickup retry
2026-09-30 00:57:35.951  INFO   loot        farm branch=loot item_id=None
2026-09-30 00:57:36.459  INFO   search      farm branch=none (wander/search next)
2026-09-30 00:57:36.611  INFO   decision    mode=farming goal=search action=searching target=- sticky=- origin=(341,449) shop=0 scrolled=0 reason='search area' status=success
2026-09-30 00:57:36.933  INFO   loot        begin_loot_item id=102
2026-09-30 00:57:37.061  INFO   loot        approach hop item=102 wp=(356, 448) reason=walk onto item
2026-09-30 00:57:37.068  INFO   loot        farm branch=loot item_id=102
2026-09-30 00:57:37.087  INFO   decision    mode=farming goal=loot action=searching target=102 sticky=- origin=(342,449) shop=0 scrolled=0 reason='walk onto item' status=success
2026-09-30 00:57:37.429  INFO   loot        farm branch=loot item_id=102
2026-09-30 00:57:37.644  INFO   loot        farm branch=loot item_id=102
2026-09-30 00:57:37.852  INFO   loot        farm branch=loot item_id=102
2026-09-30 00:57:38.040  INFO   loot        farm branch=loot item_id=102
2026-09-30 00:57:38.281  INFO   session     Entity shadow: vision=2 {'monster': 1, 'item': 1} memory=4 {'player': 1, 'monster': 1, 'item': 2} paired=1 median=0.017 unleveled=12:史萊姆
2026-09-30 00:57:38.392  INFO   loot        farm branch=loot item_id=102
2026-09-30 00:57:38.687  INFO   loot        farm branch=loot item_id=102
2026-09-30 00:57:38.928  INFO   loot        farm branch=loot item_id=102
2026-09-30 00:57:39.223  INFO   loot        loot A* blocked id=102 — ring click (343, 447) (r=2)
2026-09-30 00:57:39.628  INFO   loot        approach hop item=102 wp=(343, 447) reason=loot wall ring
2026-09-30 00:57:39.646  INFO   loot        farm branch=loot item_id=102
2026-09-30 00:57:40.045  INFO   search      farm branch=none (wander/search next)
2026-09-30 00:57:40.092  INFO   decision    mode=farming goal=search action=searching target=- sticky=- origin=(347,448) shop=0 scrolled=0 reason='search area' status=success
2026-09-30 00:57:40.295  INFO   search      farm branch=none (wander/search next)
2026-09-30 00:57:40.461  INFO   search      farm branch=none (wander/search next)
2026-09-30 00:57:40.735  INFO   search      farm branch=none (wander/search next)
2026-09-30 00:57:40.931  INFO   search      farm branch=none (wander/search next)
2026-09-30 00:57:41.162  INFO   search      farm branch=none (wander/search next)
2026-09-30 00:57:41.343  INFO   search      farm branch=none (wander/search next)
2026-09-30 00:57:41.553  INFO   search      farm branch=none (wander/search next)
2026-09-30 00:57:41.732  INFO   search      farm branch=none (wander/search next)
2026-09-30 00:57:41.997  INFO   search      farm branch=none (wander/search next)
2026-09-30 00:57:42.229  INFO   search      farm branch=none (wander/search next)
2026-09-30 00:57:42.458  INFO   search      farm branch=none (wander/search next)
2026-09-30 00:57:42.644  INFO   search      farm branch=none (wander/search next)
2026-09-30 00:57:42.848  INFO   search      farm branch=none (wander/search next)
2026-09-30 00:57:43.043  INFO   search      farm branch=none (wander/search next)
2026-09-30 00:57:43.240  INFO   session     Entity shadow: vision=1 {'item': 1} memory=3 {'player': 1, 'monster': 1, 'item': 1} paired=1 median=0.017 unleveled=12:史萊姆
2026-09-30 00:57:43.329  INFO   search      farm branch=none (wander/search next)
2026-09-30 00:57:43.501  INFO   search      farm branch=none (wander/search next)
2026-09-30 00:57:43.704  INFO   search      farm branch=none (wander/search next)
2026-09-30 00:57:43.905  INFO   search      farm branch=none (wander/search next)
2026-09-30 00:57:44.118  INFO   search      farm branch=none (wander/search next)
2026-09-30 00:57:44.332  INFO   search      farm branch=none (wander/search next)
2026-09-30 00:57:44.579  INFO   search      farm branch=none (wander/search next)
2026-09-30 00:57:44.740  INFO   search      farm branch=none (wander/search next)
2026-09-30 00:57:44.975  INFO   search      farm branch=none (wander/search next)
2026-09-30 00:57:45.135  INFO   search      farm branch=none (wander/search next)
2026-09-30 00:57:45.429  INFO   search      farm branch=none (wander/search next)
2026-09-30 00:57:45.594  INFO   search      farm branch=none (wander/search next)
2026-09-30 00:57:45.818  INFO   search      farm branch=none (wander/search next)
2026-09-30 00:57:46.145  INFO   search      farm branch=none (wander/search next)
2026-09-30 00:57:46.545  INFO   search      hop start wp=(343, 446) reason=unstick nearby
2026-09-30 00:57:46.943  INFO   combat      farm branch=screen_combat id=106 dist=11
2026-09-30 00:57:46.987  INFO   combat      engage id=106 species=monster_오크 전사_8 rel=(-7,11)
2026-09-30 00:57:46.997  INFO   decision    mode=farming goal=combat action=attack target=106 sticky=106 origin=(346,447) shop=0 scrolled=0 reason='screen engage' status=success
2026-09-30 00:57:47.499  INFO   combat      farm branch=sticky id=106 dist=10
2026-09-30 00:57:47.772  INFO   combat      farm branch=sticky id=106 dist=9
2026-09-30 00:57:48.094  INFO   combat      farm branch=sticky id=106 dist=10
2026-09-30 00:57:48.487  INFO   session     Entity shadow: vision=3 {'item': 1, 'player': 1, 'monster': 1} memory=2 {'monster': 1, 'item': 1} paired=2 median=0.017
2026-09-30 00:57:48.536  INFO   combat      farm branch=sticky id=106 dist=10
2026-09-30 00:57:48.977  INFO   combat      farm branch=sticky id=106 dist=9
2026-09-30 00:57:49.411  INFO   combat      farm branch=sticky id=106 dist=9
2026-09-30 00:57:49.825  INFO   combat      farm branch=sticky id=106 dist=8
2026-09-30 00:57:50.298  INFO   combat      farm branch=sticky id=106 dist=7
2026-09-30 00:57:50.700  INFO   combat      farm branch=sticky id=106 dist=7
2026-09-30 00:57:51.131  INFO   combat      farm branch=sticky id=106 dist=6
2026-09-30 00:57:51.764  INFO   combat      farm branch=sticky id=106 dist=6
2026-09-30 00:57:52.576  INFO   loot        begin_loot_item id=107
2026-09-30 00:57:52.645  INFO   loot        loot A* blocked id=107 — ring click (342, 445) (r=2)
2026-09-30 00:57:52.657  INFO   loot        approach hop item=107 wp=(342, 445) reason=loot wall ring
2026-09-30 00:57:52.675  INFO   loot        farm branch=loot item_id=107
2026-09-30 00:57:52.691  INFO   decision    mode=farming goal=loot action=searching target=107 sticky=- origin=(344,446) shop=0 scrolled=0 reason='loot wall ring' status=success
2026-09-30 00:57:53.066  INFO   loot        farm branch=loot item_id=107
2026-09-30 00:57:53.294  INFO   loot        farm branch=loot item_id=107
2026-09-30 00:57:53.450  INFO   loot        farm branch=loot item_id=107
2026-09-30 00:57:53.666  INFO   session     Entity shadow: vision=3 {'player': 1, 'item': 2} memory=2 {'item': 2} paired=2 median=0.012
2026-09-30 00:57:53.735  INFO   loot        farm branch=loot item_id=107
2026-09-30 00:57:53.908  INFO   loot        farm branch=loot item_id=107
2026-09-30 00:57:54.145  INFO   loot        farm branch=loot item_id=107
2026-09-30 00:57:54.302  INFO   loot        farm branch=loot item_id=107
2026-09-30 00:57:54.586  INFO   loot        farm branch=loot item_id=107
2026-09-30 00:57:54.814  INFO   loot        approach hop item=107 wp=(343, 450) reason=walk onto item
2026-09-30 00:57:54.827  INFO   loot        farm branch=loot item_id=107
2026-09-30 00:57:55.149  INFO   loot        farm branch=loot item_id=107
2026-09-30 00:57:55.434  INFO   loot        farm branch=loot item_id=107
2026-09-30 00:57:55.601  INFO   loot        farm branch=loot item_id=107
2026-09-30 00:57:55.845  INFO   loot        farm branch=loot item_id=107
2026-09-30 00:57:56.019  INFO   loot        farm branch=loot item_id=107
2026-09-30 00:57:56.251  INFO   loot        farm branch=loot item_id=107
2026-09-30 00:57:56.430  INFO   loot        farm branch=loot item_id=107
2026-09-30 00:57:56.677  INFO   loot        farm branch=loot item_id=107
2026-09-30 00:57:57.020  INFO   loot        approach hop item=107 wp=(342, 450) reason=walk onto item
2026-09-30 00:57:57.398  INFO   loot        farm branch=loot item_id=107
2026-09-30 00:57:57.715  INFO   loot        farm branch=loot item_id=107
2026-09-30 00:57:57.809  INFO   decision    mode=farming goal=loot action=pickup target=107 sticky=- origin=(341,449) shop=0 scrolled=0 reason='loot target' status=success
2026-09-30 00:57:58.276  INFO   loot        pickup retry id=107 (await still listed)
2026-09-30 00:57:58.277  INFO   loot        pickup emit item=107 reason=pickup retry
2026-09-30 00:57:58.289  INFO   loot        farm branch=loot item_id=None
2026-09-30 00:57:58.698  INFO   session     Entity shadow: vision=1 {'item': 1} memory=2 {'item': 2} paired=1 median=0.013
2026-09-30 00:57:58.743  INFO   loot        pickup retry id=107 (await still listed)
2026-09-30 00:57:58.744  INFO   loot        pickup emit item=107 reason=pickup retry
2026-09-30 00:57:58.756  INFO   loot        farm branch=loot item_id=None
2026-09-30 00:57:59.207  INFO   loot        pickup retry id=107 (await still listed)
2026-09-30 00:57:59.207  INFO   loot        pickup emit item=107 reason=pickup retry
2026-09-30 00:57:59.218  INFO   loot        farm branch=loot item_id=None
2026-09-30 00:57:59.638  INFO   search      farm branch=none (wander/search next)
2026-09-30 00:57:59.643  INFO   search      hop arrive wp=(342, 450)
2026-09-30 00:57:59.653  INFO   search      hop start wp=(348, 453) reason=search area
2026-09-30 00:57:59.661  INFO   decision    mode=farming goal=search action=searching target=- sticky=- origin=(342,451) shop=0 scrolled=0 reason='search area' status=success
2026-09-30 00:57:59.979  INFO   search      farm branch=none (wander/search next)
2026-09-30 00:58:00.198  INFO   search      farm branch=none (wander/search next)
2026-09-30 00:58:00.408  INFO   search      farm branch=none (wander/search next)
2026-09-30 00:58:00.571  INFO   search      farm branch=none (wander/search next)
2026-09-30 00:58:00.795  INFO   search      farm branch=none (wander/search next)
2026-09-30 00:58:01.026  INFO   search      farm branch=none (wander/search next)
2026-09-30 00:58:01.214  INFO   search      farm branch=none (wander/search next)
2026-09-30 00:58:01.478  INFO   combat      farm branch=screen_combat id=109 dist=13
2026-09-30 00:58:01.495  INFO   combat      engage id=109 species=monster_그렘린_4 rel=(5,13)
2026-09-30 00:58:01.505  INFO   decision    mode=farming goal=combat action=attack target=109 sticky=109 origin=(345,451) shop=0 scrolled=0 reason='screen engage' status=success
2026-09-30 00:58:01.959  INFO   combat      farm branch=sticky id=109 dist=13
2026-09-30 00:58:02.414  INFO   combat      farm branch=sticky id=109 dist=11
2026-09-30 00:58:02.781  INFO   combat      farm branch=sticky id=109 dist=11
2026-09-30 00:58:03.186  INFO   combat      farm branch=sticky id=109 dist=9
2026-09-30 00:58:03.632  INFO   combat      farm branch=sticky id=109 dist=9
2026-09-30 00:58:04.142  INFO   session     Entity shadow: vision=4 {'monster': 3, 'item': 1} memory=6 {'monster': 5, 'item': 1} paired=2 median=0.013 unleveled=210:兔子,207:兔子,12:史萊姆
2026-09-30 00:58:04.346  INFO   combat      farm branch=sticky id=109 dist=9
2026-09-30 00:58:05.103  INFO   combat      farm branch=sticky id=109 dist=7
2026-09-30 00:58:05.484  INFO   combat      farm branch=sticky id=109 dist=5
2026-09-30 00:58:05.916  INFO   combat      farm branch=sticky id=109 dist=5
2026-09-30 00:58:06.341  INFO   loot        begin_loot_item id=113
2026-09-30 00:58:06.490  INFO   loot        approach hop item=113 wp=(349, 464) reason=walk onto item
2026-09-30 00:58:06.500  INFO   loot        farm branch=loot item_id=113
2026-09-30 00:58:06.520  INFO   decision    mode=farming goal=loot action=searching target=113 sticky=- origin=(349,460) shop=0 scrolled=0 reason='walk onto item' status=success
2026-09-30 00:58:06.915  INFO   loot        farm branch=loot item_id=113
2026-09-30 00:58:07.140  INFO   loot        farm branch=loot item_id=113
2026-09-30 00:58:07.382  INFO   loot        farm branch=loot item_id=113
2026-09-30 00:58:07.553  INFO   loot        farm branch=loot item_id=113
2026-09-30 00:58:07.733  INFO   loot        farm branch=loot item_id=113
2026-09-30 00:58:07.986  INFO   loot        farm branch=loot item_id=113
2026-09-30 00:58:08.180  INFO   loot        farm branch=loot item_id=113
2026-09-30 00:58:08.432  INFO   loot        farm branch=loot item_id=113
2026-09-30 00:58:08.443  INFO   decision    mode=farming goal=loot action=pickup target=113 sticky=- origin=(349,463) shop=0 scrolled=0 reason='loot target' status=success
2026-09-30 00:58:08.830  INFO   loot        pickup retry id=113 (await still listed)
2026-09-30 00:58:08.831  INFO   loot        pickup emit item=113 reason=pickup retry
2026-09-30 00:58:08.841  INFO   loot        farm branch=loot item_id=None
2026-09-30 00:58:09.218  INFO   session     Entity shadow: vision=2 {'monster': 2} memory=2 {'monster': 1, 'item': 1} paired=0 median=0.000
2026-09-30 00:58:09.294  INFO   loot        pickup retry id=113 (await still listed)
2026-09-30 00:58:09.426  INFO   loot        pickup emit item=113 reason=pickup retry
2026-09-30 00:58:09.436  INFO   loot        farm branch=loot item_id=None
2026-09-30 00:58:09.906  INFO   combat      farm branch=screen_combat id=111 dist=9
2026-09-30 00:58:09.933  INFO   combat      engage id=111 species=monster_오크 전사_8 rel=(9,0)
2026-09-30 00:58:09.944  INFO   decision    mode=farming goal=combat action=attack target=111 sticky=111 origin=(349,464) shop=0 scrolled=0 reason='screen engage' status=success
2026-09-30 00:58:10.757  INFO   combat      farm branch=sticky id=111 dist=8
2026-09-30 00:58:11.441  INFO   combat      farm branch=sticky id=111 dist=6
2026-09-30 00:58:11.896  INFO   combat      farm branch=sticky id=111 dist=6
2026-09-30 00:58:12.316  INFO   combat      farm branch=sticky id=111 dist=6
2026-09-30 00:58:12.677  INFO   combat      farm branch=sticky id=111 dist=5
2026-09-30 00:58:13.116  INFO   combat      farm branch=sticky id=111 dist=5
2026-09-30 00:58:13.519  INFO   combat      farm branch=sticky id=111 dist=5
2026-09-30 00:58:13.946  INFO   loot        begin_loot_item id=115
2026-09-30 00:58:14.086  INFO   loot        loot A* blocked id=115 — ring click (349, 463) (r=2)
2026-09-30 00:58:14.094  INFO   loot        approach hop item=115 wp=(349, 463) reason=loot wall ring
2026-09-30 00:58:14.107  INFO   loot        farm branch=loot item_id=115
2026-09-30 00:58:14.140  INFO   decision    mode=farming goal=loot action=searching target=115 sticky=- origin=(351,464) shop=0 scrolled=0 reason='loot wall ring' status=success
2026-09-30 00:58:14.520  INFO   session     Entity shadow: vision=4 {'monster': 3, 'item': 1} memory=2 {'item': 1, 'monster': 1} paired=2 median=0.022
2026-09-30 00:58:14.605  INFO   loot        farm branch=loot item_id=115
2026-09-30 00:58:14.812  INFO   loot        farm branch=loot item_id=115
2026-09-30 00:58:15.173  INFO   loot        farm branch=loot item_id=115
2026-09-30 00:58:15.391  INFO   loot        farm branch=loot item_id=115
2026-09-30 00:58:15.617  INFO   loot        farm branch=loot item_id=115
2026-09-30 00:58:15.953  INFO   loot        farm branch=loot item_id=115
2026-09-30 00:58:16.157  INFO   loot        approach hop item=115 wp=(357, 463) reason=walk onto item
2026-09-30 00:58:16.206  INFO   loot        farm branch=loot item_id=115
2026-09-30 00:58:16.591  INFO   loot        farm branch=loot item_id=115
2026-09-30 00:58:16.816  INFO   loot        farm branch=loot item_id=115
2026-09-30 00:58:17.006  INFO   loot        farm branch=loot item_id=115
2026-09-30 00:58:17.286  INFO   loot        farm branch=loot item_id=115
2026-09-30 00:58:17.986  INFO   loot        farm branch=loot item_id=115
2026-09-30 00:58:18.308  INFO   loot        approach hop item=115 wp=(357, 463) reason=walk onto item
2026-09-30 00:58:18.309  INFO   loot        farm branch=loot item_id=115
2026-09-30 00:58:18.763  INFO   loot        farm branch=loot item_id=115
2026-09-30 00:58:19.003  INFO   loot        farm branch=loot item_id=115
2026-09-30 00:58:19.250  INFO   loot        farm branch=loot item_id=115
2026-09-30 00:58:19.632  INFO   session     Entity shadow: vision=7 {'monster': 4, 'item': 2, 'player': 1} memory=5 {'player': 1, 'monster': 2, 'item': 2} paired=4 median=0.014 unleveled=12:史萊姆
2026-09-30 00:58:19.707  INFO   loot        farm branch=loot item_id=115
2026-09-30 00:58:19.897  INFO   decision    mode=farming goal=loot action=pickup target=115 sticky=- origin=(356,463) shop=0 scrolled=0 reason='loot target' status=success
2026-09-30 00:58:20.425  INFO   loot        pickup retry id=115 (await still listed)
2026-09-30 00:58:20.426  INFO   loot        pickup emit item=115 reason=pickup retry
2026-09-30 00:58:20.435  INFO   loot        farm branch=loot item_id=None
2026-09-30 00:58:20.898  INFO   loot        pickup retry id=115 (await still listed)
2026-09-30 00:58:20.899  INFO   loot        pickup emit item=115 reason=pickup retry
2026-09-30 00:58:20.909  INFO   loot        farm branch=loot item_id=None
2026-09-30 00:58:21.568  INFO   loot        pickup retry id=115 (await still listed)
2026-09-30 00:58:21.568  INFO   loot        pickup emit item=115 reason=pickup retry
2026-09-30 00:58:21.579  INFO   loot        farm branch=loot item_id=None
2026-09-30 00:58:22.024  INFO   loot        pickup retry id=115 (await still listed)
2026-09-30 00:58:22.025  INFO   loot        pickup emit item=115 reason=pickup retry
2026-09-30 00:58:22.035  INFO   loot        farm branch=loot item_id=None
2026-09-30 00:58:22.468  INFO   loot        pickup retry id=115 (await still listed)
2026-09-30 00:58:22.468  INFO   loot        pickup emit item=115 reason=pickup retry
2026-09-30 00:58:22.480  INFO   loot        farm branch=loot item_id=None
2026-09-30 00:58:23.005  INFO   search      farm branch=none (wander/search next)
2026-09-30 00:58:23.424  INFO   search      hop arrive wp=(357, 463)
2026-09-30 00:58:23.456  INFO   search      hop start wp=(363, 464) reason=search area
2026-09-30 00:58:23.465  INFO   decision    mode=farming goal=search action=searching target=- sticky=- origin=(358,463) shop=0 scrolled=0 reason='search area' status=success
2026-09-30 00:58:23.880  INFO   search      farm branch=none (wander/search next)
2026-09-30 00:58:24.129  INFO   combat      farm branch=screen_combat id=121 dist=12
2026-09-30 00:58:24.323  INFO   combat      engage id=121 species=monster_고블린_2 rel=(12,5)
2026-09-30 00:58:24.342  INFO   decision    mode=farming goal=combat action=attack target=121 sticky=121 origin=(356,464) shop=0 scrolled=0 reason='screen engage' status=success
2026-09-30 00:58:24.773  INFO   session     Entity shadow: vision=4 {'player': 1, 'monster': 2, 'item': 1} memory=4 {'monster': 2, 'item': 1, 'player': 1} paired=2 median=0.044 unleveled=12:史萊姆
2026-09-30 00:58:24.860  INFO   combat      farm branch=sticky id=121 dist=10
2026-09-30 00:58:25.167  INFO   combat      farm branch=sticky id=121 dist=11
2026-09-30 00:58:25.444  INFO   combat      farm branch=sticky id=121 dist=9
2026-09-30 00:58:25.861  INFO   combat      farm branch=sticky id=121 dist=9
2026-09-30 00:58:26.362  INFO   combat      farm branch=sticky id=121 dist=9
2026-09-30 00:58:26.712  INFO   combat      farm branch=sticky id=121 dist=7
2026-09-30 00:58:27.163  INFO   combat      farm branch=sticky id=121 dist=7
2026-09-30 00:58:27.616  INFO   combat      farm branch=sticky id=121 dist=5
2026-09-30 00:58:27.727  INFO   combat      wall/fence LOS blocked id=121 — A* detour hop to (370, 468)
2026-09-30 00:58:27.735  INFO   decision    mode=farming goal=combat action=searching target=121 sticky=121 origin=(364,465) shop=0 scrolled=0 reason='wall detour A*' status=success
2026-09-30 00:58:28.135  INFO   combat      farm branch=sticky id=121 dist=5
2026-09-30 00:58:28.147  INFO   combat      wall/fence LOS blocked id=121 — A* detour hop to (370, 468)
2026-09-30 00:58:28.634  INFO   combat      farm branch=sticky id=121 dist=5
2026-09-30 00:58:29.058  INFO   combat      wall/fence LOS blocked id=121 — A* detour hop to (370, 468)
2026-09-30 00:58:29.490  INFO   combat      farm branch=sticky id=121 dist=3
2026-09-30 00:58:29.500  INFO   decision    mode=farming goal=combat action=attack target=121 sticky=121 origin=(366,464) shop=0 scrolled=0 reason='attack target' status=success
2026-09-30 00:58:29.962  INFO   session     Entity shadow: vision=2 {'item': 1, 'monster': 1} memory=3 {'item': 1, 'monster': 1, 'player': 1} paired=2 median=0.013
2026-09-30 00:58:30.018  INFO   combat      farm branch=sticky id=121 dist=1
2026-09-30 00:58:30.275  INFO   combat      farm branch=sticky id=121 dist=1
2026-09-30 00:58:30.670  INFO   search      farm branch=none (wander/search next)
2026-09-30 00:58:30.779  INFO   decision    mode=farming goal=search action=searching target=- sticky=- origin=(368,465) shop=0 scrolled=0 reason='search area' status=success
2026-09-30 00:58:31.106  INFO   search      farm branch=none (wander/search next)
2026-09-30 00:58:31.404  INFO   search      farm branch=none (wander/search next)
2026-09-30 00:58:31.688  INFO   search      farm branch=none (wander/search next)
2026-09-30 00:58:31.905  INFO   search      farm branch=none (wander/search next)
2026-09-30 00:58:32.260  INFO   search      farm branch=none (wander/search next)
2026-09-30 00:58:32.501  INFO   search      farm branch=none (wander/search next)
2026-09-30 00:58:32.724  INFO   search      farm branch=none (wander/search next)
2026-09-30 00:58:32.893  INFO   search      hop arrive wp=(372, 465)
2026-09-30 00:58:32.919  INFO   search      hop start wp=(376, 467) reason=search area
2026-09-30 00:58:33.239  INFO   search      farm branch=none (wander/search next)
2026-09-30 00:58:33.518  INFO   search      farm branch=none (wander/search next)
2026-09-30 00:58:33.779  INFO   search      farm branch=none (wander/search next)
2026-09-30 00:58:34.061  INFO   combat      farm branch=screen_combat id=126 dist=9
2026-09-30 00:58:34.495  INFO   combat      engage id=126 species=monster_그렘린_4 rel=(8,9)
2026-09-30 00:58:34.528  INFO   decision    mode=farming goal=combat action=attack target=126 sticky=126 origin=(373,466) shop=0 scrolled=0 reason='screen engage' status=success
2026-09-30 00:58:35.014  INFO   combat      farm branch=sticky id=126 dist=8
2026-09-30 00:58:35.312  INFO   session     Entity shadow: vision=1 {'player': 1} memory=1 {'monster': 1} paired=0 median=0.000
2026-09-30 00:58:35.368  INFO   combat      farm branch=sticky id=126 dist=8
2026-09-30 00:58:35.609  INFO   combat      farm branch=sticky id=126 dist=7
2026-09-30 00:58:36.035  INFO   combat      farm branch=sticky id=126 dist=8
2026-09-30 00:58:36.463  INFO   combat      farm branch=sticky id=126 dist=8
2026-09-30 00:58:36.864  INFO   combat      farm branch=sticky id=126 dist=6
2026-09-30 00:58:37.363  INFO   combat      farm branch=sticky id=126 dist=7
2026-09-30 00:58:37.728  INFO   combat      farm branch=sticky id=126 dist=4
2026-09-30 00:58:38.172  INFO   combat      farm branch=sticky id=126 dist=4
2026-09-30 00:58:38.653  INFO   combat      farm branch=sticky id=126 dist=5
2026-09-30 00:58:38.980  INFO   combat      farm branch=sticky id=126 dist=5
2026-09-30 00:58:39.237  INFO   combat      farm branch=sticky id=126 dist=5
2026-09-30 00:58:39.503  INFO   combat      farm branch=sticky id=126 dist=5
2026-09-30 00:58:39.868  INFO   loot        begin_loot_item id=127
2026-09-30 00:58:39.983  INFO   loot        approach hop item=127 wp=(378, 477) reason=walk onto item
2026-09-30 00:58:39.990  INFO   loot        farm branch=loot item_id=127
2026-09-30 00:58:40.013  INFO   decision    mode=farming goal=loot action=searching target=127 sticky=- origin=(380,473) shop=0 scrolled=0 reason='walk onto item' status=success
2026-09-30 00:58:40.407  INFO   session     Entity shadow: vision=2 {'player': 1, 'item': 1} memory=1 {'item': 1} paired=1 median=0.013
2026-09-30 00:58:40.534  INFO   loot        farm branch=loot item_id=127
2026-09-30 00:58:41.217  INFO   loot        approach hop item=127 wp=(378, 477) reason=walk onto item
2026-09-30 00:58:41.345  INFO   loot        farm branch=loot item_id=127
2026-09-30 00:58:41.679  INFO   loot        farm branch=loot item_id=127
2026-09-30 00:58:41.780  INFO   decision    mode=farming goal=loot action=pickup target=127 sticky=- origin=(377,477) shop=0 scrolled=0 reason='loot target' status=success
2026-09-30 00:58:42.173  INFO   loot        pickup retry id=127 (await still listed)
2026-09-30 00:58:42.227  INFO   loot        pickup emit item=127 reason=pickup retry
2026-09-30 00:58:42.237  INFO   loot        farm branch=loot item_id=None
2026-09-30 00:58:42.645  INFO   loot        pickup retry id=127 (await still listed)
2026-09-30 00:58:42.663  INFO   loot        pickup emit item=127 reason=pickup retry
2026-09-30 00:58:42.673  INFO   loot        farm branch=loot item_id=None
2026-09-30 00:58:43.089  INFO   loot        pickup retry id=127 (await still listed)
2026-09-30 00:58:43.094  INFO   loot        pickup emit item=127 reason=pickup retry
2026-09-30 00:58:43.104  INFO   loot        farm branch=loot item_id=None
2026-09-30 00:58:43.543  INFO   loot        pickup retry id=127 (await still listed)
2026-09-30 00:58:43.544  INFO   loot        pickup emit item=127 reason=pickup retry
2026-09-30 00:58:43.554  INFO   loot        farm branch=loot item_id=None
2026-09-30 00:58:44.010  INFO   loot        pickup retry id=127 (await still listed)
2026-09-30 00:58:44.011  INFO   loot        pickup emit item=127 reason=pickup retry
2026-09-30 00:58:44.022  INFO   loot        farm branch=loot item_id=None
2026-09-30 00:58:44.410  INFO   loot        pickup retry id=127 (await still listed)
2026-09-30 00:58:44.411  INFO   loot        pickup emit item=127 reason=pickup retry
2026-09-30 00:58:44.421  INFO   loot        farm branch=loot item_id=None
2026-09-30 00:58:44.859  INFO   loot        pickup retry id=127 (await still listed)
2026-09-30 00:58:44.860  INFO   loot        pickup emit item=127 reason=pickup retry
2026-09-30 00:58:44.870  INFO   loot        farm branch=loot item_id=None
2026-09-30 00:58:45.329  INFO   search      farm branch=none (wander/search next)
2026-09-30 00:58:45.330  INFO   travel      return/enter farm needed at (379,477)
2026-09-30 00:58:45.348  INFO   search      farm branch=none (wander/search next)
2026-09-30 00:58:45.362  INFO   travel      hop begin wp=(379, 472) purpose=enter_farm reason=enter farm area
2026-09-30 00:58:45.372  INFO   decision    mode=traveling goal=traveling action=traveling target=- sticky=- origin=(379,477) shop=0 scrolled=0 reason='enter farm area' status=success
2026-09-30 00:58:45.714  INFO   session     Entity shadow: vision=1 {'monster': 1} memory=0 {} paired=0 median=0.000
2026-09-30 00:58:45.760  INFO   search      farm branch=none (wander/search next)
2026-09-30 00:58:45.921  INFO   search      farm branch=none (wander/search next)
2026-09-30 00:58:46.097  INFO   search      farm branch=none (wander/search next)
2026-09-30 00:58:46.345  INFO   search      farm branch=none (wander/search next)
2026-09-30 00:58:46.505  INFO   search      farm branch=none (wander/search next)
2026-09-30 00:58:46.710  INFO   search      farm branch=none (wander/search next)
2026-09-30 00:58:46.910  INFO   search      farm branch=none (wander/search next)
2026-09-30 00:58:47.162  INFO   search      farm branch=none (wander/search next)
2026-09-30 00:58:47.510  INFO   combat      farm branch=screen_combat id=128 dist=14
2026-09-30 00:58:47.929  INFO   combat      engage id=128 species=monster_늑대인간_9 rel=(5,-14)
2026-09-30 00:58:47.968  INFO   decision    mode=traveling goal=combat action=attack target=128 sticky=128 origin=(378,475) shop=0 scrolled=0 reason='screen engage' status=success
2026-09-30 00:58:48.473  INFO   combat      farm branch=sticky id=128 dist=11
2026-09-30 00:58:48.732  INFO   combat      farm branch=sticky id=128 dist=10
2026-09-30 00:58:49.009  INFO   combat      farm branch=sticky id=128 dist=10
2026-09-30 00:58:49.510  INFO   combat      farm branch=sticky id=128 dist=10
2026-09-30 00:58:49.867  INFO   combat      farm branch=sticky id=128 dist=8
2026-09-30 00:58:50.283  INFO   combat      farm branch=sticky id=128 dist=8
2026-09-30 00:58:50.727  INFO   combat      farm branch=sticky id=128 dist=8
2026-09-30 00:58:51.267  INFO   session     Entity shadow: vision=2 {'player': 1, 'monster': 1} memory=1 {'monster': 1} paired=1 median=0.054
2026-09-30 00:58:51.309  INFO   combat      farm branch=sticky id=128 dist=8
2026-09-30 00:58:51.607  INFO   combat      farm branch=sticky id=128 dist=8
2026-09-30 00:58:52.018  INFO   combat      farm branch=screen_combat id=129 dist=14
2026-09-30 00:58:52.136  INFO   combat      engage id=129 species=monster_고블린_2 rel=(14,-4)
2026-09-30 00:58:52.146  INFO   decision    mode=traveling goal=combat action=attack target=129 sticky=129 origin=(380,470) shop=0 scrolled=0 reason='screen engage' status=success
2026-09-30 00:58:52.606  INFO   combat      farm branch=sticky id=129 dist=14
2026-09-30 00:58:52.872  INFO   combat      farm branch=sticky id=129 dist=12
2026-09-30 00:58:53.246  INFO   loot        begin_loot_item id=130
2026-09-30 00:58:53.383  INFO   loot        approach hop item=130 wp=(394, 465) reason=walk onto item
2026-09-30 00:58:53.390  INFO   loot        farm branch=loot item_id=130
2026-09-30 00:58:53.407  INFO   decision    mode=traveling goal=loot action=searching target=130 sticky=- origin=(382,468) shop=0 scrolled=0 reason='walk onto item' status=success
2026-09-30 00:58:53.872  INFO   loot        farm branch=loot item_id=130
2026-09-30 00:58:54.550  INFO   loot        farm branch=loot item_id=130
2026-09-30 00:58:54.883  INFO   loot        farm branch=loot item_id=130
2026-09-30 00:58:55.061  INFO   loot        farm branch=loot item_id=130
2026-09-30 00:58:55.303  INFO   loot        farm branch=loot item_id=130
2026-09-30 00:58:55.488  INFO   loot        approach hop item=130 wp=(394, 465) reason=walk onto item
2026-09-30 00:58:55.564  INFO   loot        farm branch=loot item_id=130
2026-09-30 00:58:55.959  INFO   loot        farm branch=loot item_id=130
2026-09-30 00:58:56.165  INFO   session     Entity shadow: vision=1 {'item': 1} memory=1 {'item': 1} paired=1 median=0.012
2026-09-30 00:58:56.208  INFO   loot        farm branch=loot item_id=130
2026-09-30 00:58:56.373  INFO   loot        farm branch=loot item_id=130
2026-09-30 00:58:56.580  INFO   loot        farm branch=loot item_id=130
2026-09-30 00:58:56.740  INFO   loot        farm branch=loot item_id=130
2026-09-30 00:58:57.048  INFO   loot        farm branch=loot item_id=130
2026-09-30 00:58:57.214  INFO   loot        farm branch=loot item_id=130
2026-09-30 00:58:57.407  INFO   loot        farm branch=loot item_id=130
2026-09-30 00:58:57.590  INFO   loot        approach hop item=130 wp=(394, 465) reason=walk onto item
2026-09-30 00:58:57.681  INFO   loot        farm branch=loot item_id=130
2026-09-30 00:58:58.007  INFO   loot        farm branch=loot item_id=130
2026-09-30 00:58:58.275  INFO   loot        farm branch=loot item_id=130
2026-09-30 00:58:58.431  INFO   loot        farm branch=loot item_id=130
2026-09-30 00:58:58.664  INFO   loot        farm branch=loot item_id=130
2026-09-30 00:58:58.856  INFO   loot        farm branch=loot item_id=130
2026-09-30 00:58:59.082  INFO   loot        farm branch=loot item_id=130
2026-09-30 00:58:59.336  INFO   loot        farm branch=loot item_id=130
2026-09-30 00:58:59.574  INFO   loot        farm branch=loot item_id=130
2026-09-30 00:58:59.807  INFO   loot        approach hop item=130 wp=(394, 465) reason=walk onto item
2026-09-30 00:58:59.808  INFO   loot        farm branch=loot item_id=130
2026-09-30 00:59:00.127  INFO   loot        farm branch=loot item_id=130
2026-09-30 00:59:00.218  INFO   decision    mode=traveling goal=loot action=pickup target=130 sticky=- origin=(392,465) shop=0 scrolled=0 reason='loot target' status=success
2026-09-30 00:59:00.738  INFO   loot        pickup retry id=130 (await still listed)
2026-09-30 00:59:01.150  INFO   loot        pickup emit item=130 reason=pickup retry
2026-09-30 00:59:01.181  INFO   loot        farm branch=loot item_id=None
2026-09-30 00:59:01.633  INFO   session     Entity shadow: vision=3 {'player': 3} memory=2 {'player': 2} paired=2 median=0.034
2026-09-30 00:59:01.707  INFO   search      farm branch=none (wander/search next)
2026-09-30 00:59:01.721  INFO   travel      hop begin wp=(385, 472) purpose=enter_farm reason=enter farm area
2026-09-30 00:59:01.731  INFO   decision    mode=traveling goal=traveling action=traveling target=- sticky=- origin=(394,465) shop=0 scrolled=0 reason='enter farm area' status=success
2026-09-30 00:59:02.106  INFO   combat      farm branch=screen_combat id=134 dist=14
2026-09-30 00:59:02.117  INFO   combat      engage id=134 species=monster_오크 궁수_3 rel=(14,-2)
2026-09-30 00:59:02.128  INFO   decision    mode=traveling goal=combat action=attack target=134 sticky=134 origin=(395,464) shop=0 scrolled=0 reason='screen engage' status=success
2026-09-30 00:59:02.721  INFO   combat      farm branch=sticky id=134 dist=14
2026-09-30 00:59:03.172  INFO   combat      farm branch=sticky id=134 dist=12
2026-09-30 00:59:03.572  INFO   combat      farm branch=sticky id=134 dist=12
2026-09-30 00:59:03.957  INFO   combat      farm branch=sticky id=134 dist=10
2026-09-30 00:59:04.399  INFO   combat      farm branch=sticky id=134 dist=10
2026-09-30 00:59:04.832  INFO   combat      farm branch=sticky id=134 dist=10
2026-09-30 00:59:05.247  INFO   combat      farm branch=sticky id=134 dist=9
2026-09-30 00:59:05.667  INFO   combat      farm branch=sticky id=134 dist=9
2026-09-30 00:59:05.985  INFO   combat      farm branch=sticky id=134 dist=9
2026-09-30 00:59:06.252  INFO   combat      farm branch=sticky id=134 dist=9
2026-09-30 00:59:06.656  INFO   combat      farm branch=sticky id=134 dist=9
2026-09-30 00:59:07.443  INFO   session     Entity shadow: vision=4 {'monster': 2, 'player': 2} memory=2 {'player': 1, 'monster': 1} paired=2 median=0.019
2026-09-30 00:59:07.515  INFO   combat      farm branch=sticky id=134 dist=9
2026-09-30 00:59:07.841  INFO   combat      farm branch=sticky id=134 dist=9
2026-09-30 00:59:08.126  INFO   combat      farm branch=sticky id=134 dist=9
2026-09-30 00:59:08.279  INFO   decision    mode=traveling goal=combat action=searching target=134 sticky=134 origin=(400,460) shop=0 scrolled=0 reason='sidestep combat block' status=success
2026-09-30 00:59:08.628  INFO   combat      farm branch=sticky id=134 dist=9
2026-09-30 00:59:08.720  INFO   decision    mode=traveling goal=combat action=attack target=134 sticky=134 origin=(400,460) shop=0 scrolled=0 reason='attack target' status=success
2026-09-30 00:59:09.150  INFO   combat      farm branch=sticky id=134 dist=9
2026-09-30 00:59:09.422  INFO   combat      farm branch=sticky id=134 dist=9
2026-09-30 00:59:09.912  INFO   combat      farm branch=sticky id=134 dist=9
2026-09-30 00:59:10.266  INFO   combat      farm branch=sticky id=134 dist=9
2026-09-30 00:59:10.682  INFO   combat      farm branch=sticky id=134 dist=9
2026-09-30 00:59:11.115  INFO   combat      farm branch=sticky id=134 dist=9
2026-09-30 00:59:11.587  INFO   combat      farm branch=sticky id=134 dist=9
2026-09-30 00:59:12.035  INFO   combat      farm branch=sticky id=134 dist=9
2026-09-30 00:59:12.542  INFO   session     Entity shadow: vision=3 {'item': 1, 'player': 2} memory=2 {'item': 1, 'player': 1} paired=2 median=0.018
2026-09-30 00:59:12.686  INFO   loot        begin_loot_item id=135
2026-09-30 00:59:13.118  INFO   loot        approach hop item=135 wp=(408, 461) reason=walk onto item
2026-09-30 00:59:13.139  INFO   loot        farm branch=loot item_id=135
2026-09-30 00:59:13.152  INFO   decision    mode=traveling goal=loot action=searching target=135 sticky=- origin=(400,460) shop=0 scrolled=0 reason='walk onto item' status=success
2026-09-30 00:59:13.534  INFO   loot        farm branch=loot item_id=135
2026-09-30 00:59:13.744  INFO   loot        farm branch=loot item_id=135
2026-09-30 00:59:13.896  INFO   loot        farm branch=loot item_id=135
2026-09-30 00:59:14.115  INFO   loot        farm branch=loot item_id=135
2026-09-30 00:59:14.281  INFO   loot        farm branch=loot item_id=135
2026-09-30 00:59:14.576  INFO   loot        farm branch=loot item_id=135
2026-09-30 00:59:14.808  INFO   loot        farm branch=loot item_id=135
2026-09-30 00:59:14.979  INFO   loot        farm branch=loot item_id=135
2026-09-30 00:59:15.151  INFO   loot        approach hop item=135 wp=(409, 459) reason=walk onto item
2026-09-30 00:59:15.248  INFO   loot        farm branch=loot item_id=135
2026-09-30 00:59:15.587  INFO   loot        farm branch=loot item_id=135
2026-09-30 00:59:15.885  INFO   loot        farm branch=loot item_id=135
2026-09-30 00:59:16.073  INFO   loot        farm branch=loot item_id=135
2026-09-30 00:59:16.253  INFO   loot        farm branch=loot item_id=135
2026-09-30 00:59:16.253  INFO   decision    mode=traveling goal=loot action=pickup target=135 sticky=- origin=(406,460) shop=0 scrolled=0 reason='loot target' status=success
2026-09-30 00:59:16.710  INFO   loot        pickup retry id=135 (await still listed)
2026-09-30 00:59:16.711  INFO   loot        pickup emit item=135 reason=pickup retry
2026-09-30 00:59:16.721  INFO   loot        farm branch=loot item_id=None
2026-09-30 00:59:17.296  INFO   loot        pickup retry id=135 (await still listed)
2026-09-30 00:59:17.316  INFO   loot        pickup emit item=135 reason=pickup retry
2026-09-30 00:59:17.326  INFO   loot        farm branch=loot item_id=None
2026-09-30 00:59:17.767  INFO   session     Entity shadow: vision=3 {'monster': 1, 'item': 1, 'player': 1} memory=2 {'player': 1, 'item': 1} paired=2 median=0.022
2026-09-30 00:59:17.812  INFO   loot        pickup retry id=135 (await still listed)
2026-09-30 00:59:17.813  INFO   loot        pickup emit item=135 reason=pickup retry
2026-09-30 00:59:17.824  INFO   loot        farm branch=loot item_id=None
2026-09-30 00:59:18.253  INFO   loot        pickup retry id=135 (await still listed)
2026-09-30 00:59:18.253  INFO   loot        pickup emit item=135 reason=pickup retry
2026-09-30 00:59:18.264  INFO   loot        farm branch=loot item_id=None
2026-09-30 00:59:18.785  INFO   loot        pickup retry id=135 (await still listed)
2026-09-30 00:59:19.187  INFO   loot        pickup emit item=135 reason=pickup retry
2026-09-30 00:59:19.223  INFO   loot        farm branch=loot item_id=None
2026-09-30 00:59:19.699  INFO   combat      farm branch=screen_combat id=136 dist=13
2026-09-30 00:59:19.722  INFO   combat      engage id=136 species=monster_고블린_2 rel=(13,-3)
2026-09-30 00:59:19.734  INFO   decision    mode=traveling goal=combat action=attack target=136 sticky=136 origin=(410,460) shop=0 scrolled=0 reason='screen engage' status=success
2026-09-30 00:59:20.251  INFO   combat      farm branch=sticky id=136 dist=14
2026-09-30 00:59:20.529  INFO   combat      farm branch=sticky id=136 dist=14
2026-09-30 00:59:20.823  INFO   combat      farm branch=sticky id=136 dist=14
2026-09-30 00:59:21.120  INFO   combat      farm branch=sticky id=136 dist=14
2026-09-30 00:59:21.651  INFO   combat      farm branch=sticky id=136 dist=13
2026-09-30 00:59:22.010  INFO   combat      farm branch=sticky id=136 dist=13
2026-09-30 00:59:22.440  INFO   combat      farm branch=sticky id=136 dist=11
2026-09-30 00:59:22.992  INFO   session     Entity shadow: vision=2 {'player': 2} memory=2 {'player': 1, 'monster': 1} paired=1 median=0.031
2026-09-30 00:59:23.057  INFO   combat      farm branch=sticky id=136 dist=12
2026-09-30 00:59:23.374  INFO   combat      farm branch=sticky id=136 dist=10
2026-09-30 00:59:23.683  INFO   combat      farm branch=sticky id=136 dist=10
2026-09-30 00:59:24.323  INFO   combat      farm branch=sticky id=136 dist=10
2026-09-30 00:59:24.942  INFO   combat      farm branch=sticky id=136 dist=9
2026-09-30 00:59:24.987  INFO   combat      wall/fence LOS blocked id=136 — A* detour hop to (426, 455)
2026-09-30 00:59:24.996  INFO   decision    mode=traveling goal=combat action=searching target=136 sticky=136 origin=(416,455) shop=0 scrolled=0 reason='wall detour A*' status=success
2026-09-30 00:59:25.399  INFO   combat      farm branch=sticky id=136 dist=7
2026-09-30 00:59:25.439  INFO   combat      wall/fence LOS blocked id=136 — A* detour hop to (426, 455)
2026-09-30 00:59:25.736  INFO   combat      farm branch=sticky id=136 dist=7
2026-09-30 00:59:25.777  INFO   combat      wall/fence LOS blocked id=136 — A* detour hop to (426, 455)
2026-09-30 00:59:26.072  INFO   combat      farm branch=sticky id=136 dist=7
2026-09-30 00:59:26.134  INFO   combat      wall/fence LOS blocked id=136 — A* detour hop to (426, 455)
2026-09-30 00:59:26.525  INFO   combat      farm branch=sticky id=136 dist=5
2026-09-30 00:59:26.560  INFO   combat      wall/fence LOS blocked id=136 — A* detour hop to (427, 454)
2026-09-30 00:59:26.880  INFO   combat      farm branch=sticky id=136 dist=5
2026-09-30 00:59:26.952  INFO   combat      wall/fence LOS blocked id=136 — A* detour hop to (427, 454)
2026-09-30 00:59:27.277  INFO   combat      farm branch=sticky id=136 dist=3
2026-09-30 00:59:27.380  INFO   combat      wall/fence LOS blocked id=136 — A* detour hop to (427, 453)
2026-09-30 00:59:27.729  INFO   combat      farm branch=sticky id=136 dist=3
2026-09-30 00:59:27.830  INFO   combat      wall/fence LOS blocked id=136 — A* detour hop to (427, 453)
2026-09-30 00:59:28.215  INFO   session     Entity shadow: vision=1 {'monster': 1} memory=4 {'monster': 4} paired=1 median=0.096 unleveled=12:史萊姆
2026-09-30 00:59:28.267  INFO   combat      farm branch=sticky id=136 dist=3
2026-09-30 00:59:28.304  INFO   combat      wall/fence LOS blocked id=136 — A* detour hop to (427, 453)
2026-09-30 00:59:28.623  INFO   combat      farm branch=sticky id=136 dist=2
2026-09-30 00:59:28.638  INFO   decision    mode=traveling goal=combat action=attack target=136 sticky=136 origin=(424,454) shop=0 scrolled=0 reason='attack target' status=success
2026-09-30 00:59:29.116  INFO   combat      farm branch=sticky id=136 dist=2
2026-09-30 00:59:29.382  INFO   combat      farm branch=sticky id=136 dist=2
2026-09-30 00:59:29.758  INFO   combat      farm branch=sticky id=137 dist=5
2026-09-30 00:59:29.911  INFO   decision    mode=traveling goal=combat action=attack target=137 sticky=137 origin=(424,454) shop=0 scrolled=0 reason='attack target' status=success
2026-09-30 00:59:30.184  INFO   combat      farm branch=sticky id=137 dist=5
2026-09-30 00:59:30.584  INFO   combat      farm branch=sticky id=137 dist=5
2026-09-30 00:59:31.013  INFO   loot        begin_loot_item id=140
2026-09-30 00:59:31.163  INFO   loot        approach hop item=140 wp=(426, 456) reason=walk onto item
2026-09-30 00:59:31.170  INFO   loot        farm branch=loot item_id=140
2026-09-30 00:59:31.183  INFO   decision    mode=traveling goal=loot action=searching target=140 sticky=- origin=(424,454) shop=0 scrolled=0 reason='walk onto item' status=success
2026-09-30 00:59:31.667  INFO   loot        farm branch=loot item_id=140
2026-09-30 00:59:32.358  INFO   search      farm branch=none (wander/search next)
2026-09-30 00:59:32.521  INFO   travel      hop begin wp=(423, 452) purpose=enter_farm reason=enter farm area
2026-09-30 00:59:32.530  INFO   decision    mode=traveling goal=traveling action=traveling target=- sticky=- origin=(425,456) shop=0 scrolled=0 reason='enter farm area' status=success
2026-09-30 00:59:32.909  INFO   search      farm branch=none (wander/search next)
2026-09-30 00:59:33.086  INFO   search      farm branch=none (wander/search next)
2026-09-30 00:59:33.329  INFO   session     Entity shadow: vision=1 {'player': 1} memory=1 {'monster': 1} paired=0 median=0.000 unleveled=12:史萊姆
2026-09-30 00:59:33.392  INFO   search      farm branch=none (wander/search next)
2026-09-30 00:59:33.580  INFO   search      farm branch=none (wander/search next)
2026-09-30 00:59:33.918  INFO   search      farm branch=none (wander/search next)
2026-09-30 00:59:34.103  INFO   search      farm branch=none (wander/search next)
2026-09-30 00:59:34.374  INFO   search      farm branch=none (wander/search next)
2026-09-30 00:59:34.578  INFO   search      farm branch=none (wander/search next)
2026-09-30 00:59:34.617  INFO   travel      hop begin wp=(423, 452) purpose=enter_farm reason=enter farm area
2026-09-30 00:59:34.976  INFO   search      farm branch=none (wander/search next)
2026-09-30 00:59:35.218  INFO   search      farm branch=none (wander/search next)
2026-09-30 00:59:35.414  INFO   search      farm branch=none (wander/search next)
2026-09-30 00:59:35.606  INFO   search      farm branch=none (wander/search next)
2026-09-30 00:59:35.782  INFO   search      farm branch=none (wander/search next)
2026-09-30 00:59:36.030  INFO   search      farm branch=none (wander/search next)
2026-09-30 00:59:36.252  INFO   search      farm branch=none (wander/search next)
2026-09-30 00:59:36.485  INFO   search      farm branch=none (wander/search next)
2026-09-30 00:59:36.486  INFO   travel      hop arrive wp=(423, 452) purpose=enter_farm
2026-09-30 00:59:36.529  INFO   travel      hop begin wp=(414, 460) purpose=enter_farm reason=enter farm area
2026-09-30 00:59:37.176  INFO   search      farm branch=none (wander/search next)
2026-09-30 00:59:37.712  INFO   combat      farm branch=screen_combat id=143 dist=16
2026-09-30 00:59:37.738  INFO   combat      engage id=143 species=monster_좀비_6 rel=(0,-16)
2026-09-30 00:59:37.750  INFO   decision    mode=traveling goal=combat action=attack target=143 sticky=143 origin=(422,453) shop=0 scrolled=0 reason='screen engage' status=success
2026-09-30 00:59:38.230  INFO   search      farm branch=none (wander/search next)
2026-09-30 00:59:38.264  INFO   travel      hop begin wp=(414, 461) purpose=enter_farm reason=enter farm area
2026-09-30 00:59:38.274  INFO   decision    mode=traveling goal=traveling action=traveling target=- sticky=- origin=(422,453) shop=0 scrolled=0 reason='enter farm area' status=success
2026-09-30 00:59:38.851  INFO   session     Entity shadow: vision=1 {'player': 1} memory=3 {'monster': 3} paired=0 median=0.000 unleveled=209:兔子,206:兔子,12:史萊姆
2026-09-30 00:59:38.957  INFO   search      farm branch=none (wander/search next)
2026-09-30 00:59:39.199  INFO   search      farm branch=none (wander/search next)
2026-09-30 00:59:39.460  INFO   combat      farm branch=screen_combat id=145 dist=15
2026-09-30 00:59:39.479  INFO   combat      engage id=145 species=monster_좀비_6 rel=(0,-15)
2026-09-30 00:59:39.490  INFO   decision    mode=traveling goal=combat action=attack target=145 sticky=145 origin=(422,453) shop=0 scrolled=0 reason='screen engage' status=success
2026-09-30 00:59:39.976  INFO   combat      farm branch=sticky id=145 dist=15
2026-09-30 00:59:40.363  INFO   combat      farm branch=sticky id=145 dist=14
2026-09-30 00:59:40.763  INFO   combat      farm branch=sticky id=145 dist=15
2026-09-30 00:59:41.226  INFO   combat      farm branch=sticky id=145 dist=15
2026-09-30 00:59:41.664  INFO   combat      farm branch=sticky id=145 dist=13
2026-09-30 00:59:42.053  INFO   combat      farm branch=sticky id=145 dist=13
2026-09-30 00:59:42.515  INFO   combat      farm branch=sticky id=145 dist=10
2026-09-30 00:59:43.096  INFO   combat      farm branch=sticky id=145 dist=10
2026-09-30 00:59:43.834  INFO   combat      farm branch=sticky id=145 dist=10
2026-09-30 00:59:44.343  INFO   session     Entity shadow: vision=2 {'monster': 1, 'player': 1} memory=4 {'monster': 4} paired=1 median=0.021 unleveled=206:兔子,209:兔子,12:史萊姆
2026-09-30 00:59:44.406  INFO   combat      farm branch=sticky id=145 dist=9
2026-09-30 00:59:44.717  INFO   combat      farm branch=sticky id=145 dist=9
2026-09-30 00:59:45.037  INFO   combat      farm branch=sticky id=145 dist=9
2026-09-30 00:59:45.493  INFO   combat      farm branch=sticky id=145 dist=9
2026-09-30 00:59:45.907  INFO   combat      farm branch=sticky id=145 dist=8
2026-09-30 00:59:46.302  INFO   combat      farm branch=sticky id=145 dist=8
2026-09-30 00:59:46.752  INFO   combat      farm branch=sticky id=145 dist=8
2026-09-30 00:59:47.099  INFO   combat      farm branch=sticky id=145 dist=8
2026-09-30 00:59:47.389  INFO   combat      farm branch=sticky id=145 dist=7
2026-09-30 00:59:47.645  INFO   combat      farm branch=sticky id=145 dist=7
2026-09-30 00:59:47.938  INFO   combat      farm branch=sticky id=145 dist=7
2026-09-30 00:59:48.261  INFO   combat      farm branch=sticky id=145 dist=7
2026-09-30 00:59:48.693  INFO   combat      farm branch=screen_combat id=146 dist=11
2026-09-30 00:59:49.132  INFO   combat      engage id=146 species=monster_고블린_2 rel=(-11,0)
2026-09-30 00:59:49.144  INFO   decision    mode=traveling goal=combat action=attack target=146 sticky=146 origin=(422,449) shop=0 scrolled=0 reason='screen engage' status=success
2026-09-30 00:59:49.589  INFO   session     Entity shadow: vision=3 {'monster': 2, 'player': 1} memory=5 {'monster': 5} paired=2 median=0.016 unleveled=12:史萊姆,209:兔子,206:兔子
2026-09-30 00:59:49.674  INFO   combat      farm branch=sticky id=146 dist=11
2026-09-30 00:59:49.971  INFO   combat      farm branch=sticky id=146 dist=11
2026-09-30 00:59:50.222  INFO   combat      farm branch=sticky id=146 dist=11
2026-09-30 00:59:50.517  INFO   combat      farm branch=sticky id=146 dist=11
2026-09-30 00:59:50.851  INFO   combat      farm branch=sticky id=147 dist=11
2026-09-30 00:59:50.881  INFO   decision    mode=traveling goal=combat action=attack target=147 sticky=147 origin=(422,449) shop=0 scrolled=0 reason='attack target' status=success
2026-09-30 00:59:51.156  INFO   combat      farm branch=sticky id=147 dist=11
2026-09-30 00:59:51.575  INFO   combat      farm branch=sticky id=147 dist=11
2026-09-30 00:59:52.081  INFO   combat      farm branch=sticky id=147 dist=11
2026-09-30 00:59:52.419  INFO   combat      farm branch=sticky id=147 dist=11
2026-09-30 00:59:52.957  INFO   combat      farm branch=sticky id=147 dist=8
2026-09-30 00:59:53.270  INFO   combat      farm branch=sticky id=147 dist=8
2026-09-30 00:59:53.727  INFO   combat      farm branch=sticky id=147 dist=6
2026-09-30 00:59:54.312  INFO   combat      farm branch=sticky id=147 dist=6
2026-09-30 00:59:55.150  INFO   session     Entity shadow: vision=3 {'player': 1, 'item': 1, 'monster': 1} memory=5 {'monster': 4, 'item': 1} paired=2 median=0.014 unleveled=12:史萊姆,209:兔子,206:兔子
2026-09-30 00:59:55.240  INFO   combat      farm branch=sticky id=150 dist=10
2026-09-30 00:59:55.242  INFO   decision    mode=traveling goal=combat action=attack target=150 sticky=150 origin=(418,447) shop=0 scrolled=0 reason='attack target' status=success
2026-09-30 00:59:55.507  INFO   combat      farm branch=sticky id=150 dist=10
2026-09-30 00:59:55.868  INFO   combat      farm branch=sticky id=150 dist=7
2026-09-30 00:59:56.381  INFO   combat      farm branch=sticky id=150 dist=7
2026-09-30 00:59:56.763  INFO   combat      farm branch=sticky id=150 dist=3
2026-09-30 00:59:57.182  INFO   combat      farm branch=sticky id=150 dist=2
2026-09-30 00:59:57.587  INFO   combat      farm branch=sticky id=150 dist=2
2026-09-30 00:59:57.979  INFO   combat      farm branch=sticky id=150 dist=1
2026-09-30 00:59:58.477  INFO   combat      farm branch=sticky id=150 dist=1
2026-09-30 00:59:58.942  INFO   combat      farm branch=sticky id=150 dist=3
2026-09-30 00:59:59.306  INFO   combat      farm branch=sticky id=150 dist=3
2026-09-30 00:59:59.700  INFO   combat      farm branch=sticky id=150 dist=3
2026-09-30 01:00:00.257  INFO   session     Entity shadow: vision=1 {'player': 1} memory=6 {'monster': 4, 'item': 2} paired=0 median=0.000 unleveled=12:史萊姆,206:兔子,209:兔子
2026-09-30 01:00:00.414  INFO   loot        begin_loot_item id=149
2026-09-30 01:00:00.813  INFO   session     정지 → 중지됨
