2026-09-29 12:36:48.835  INFO   session     Loading Manmabot from D:\KRR\1.LCBot\ManmabotV1_final\engine
2026-09-29 12:36:48.855  INFO   session     Session log D:\KRR\1.LCBot\ManmabotV1_final\engine\logs\bot-20260929-123648.log
2026-09-29 12:36:48.867  INFO   session     character=elf loot=adena_only game_lang=ko map=talking_island farms=['area_1', 'area_3'] file=D:\KRR\1.LCBot\ManmabotV1_final\engine\logs\bot-20260929-123648.log
2026-09-29 12:36:49.286  INFO   nav         building portal graph (cluster=32, 479x511)
2026-09-29 12:36:49.946  INFO   nav         portal graph: 188 components, 642 ms
2026-09-29 12:36:49.996  INFO   nav         farms=2 safe=11 home=(354, 203) (files farm=D:\KRR\1.LCBot\ManmabotV1_final\engine\maps\talking_island\farms.yaml safe=D:\KRR\1.LCBot\ManmabotV1_final\engine\maps\talking_island\safe.yaml home=D:\KRR\1.LCBot\ManmabotV1_final\engine\maps\talking_island\home.yaml)
2026-09-29 12:36:50.393  INFO   capture     mss window capture process='LC.exe' title=None content_aspect=4:3
2026-09-29 12:36:51.047  INFO   session     Entity clicks use memory names, species, and world cells. Image recognition still runs. Set memory.entity_source to vision to restore image-only clicks.
2026-09-29 12:36:51.098  INFO   session     Player memory is read in this process (realtime_monitor.dll, offsets.json). No separate console.
2026-09-29 12:36:51.172  INFO   session     Inventory listen scanning in background (inventory_listen.dll or place inv.json).
2026-09-29 12:36:51.207  INFO   session     Reading hotbar from memory (24 slots)…
2026-09-29 12:36:51.488  INFO   session     Hotbar scan done · Power-up@box1/f5, Armor-up@box1/f6, Light@box1/f7, Heal@box1/f8, HP potion@box2/f9, Teleport@box1/f10, Mage attack@box1/f12, Talking scroll@box2/f5, Mother tree@box2/f6, HP to MP@box2/f7
2026-09-29 12:36:51.604  INFO   session     Unmapped hotbar icons: box1/f8:SPELL, box1/f11:Adena, box1/f12:Arrow, box2/f10:Silver Arrow, box2/f12:SPELL, box3/f10:SPELL
2026-09-29 12:36:51.648  INFO   session     Loop ready · Elf · Korean · map=Talking Island · loot=Adená only · farms=Area 1, Area 3
2026-09-29 12:36:52.095  INFO   session     Entity shadow: vision=1 {'player': 1} memory=0 {} paired=0 median=0.000
2026-09-29 12:36:52.133  INFO   session     Inventory listen ready (dll) · hp=0 arrows=9784 silver=0 depoison=0
2026-09-29 12:36:52.179  INFO   decision    mode=farming goal=buff action=buff target=- sticky=- origin=(329,374) shop=0 scrolled=0 reason='armor_up' status=success
2026-09-29 12:36:52.780  INFO   search      farm branch=none (wander/search next)
2026-09-29 12:36:52.781  INFO   travel      return/enter farm needed at (329,374)
2026-09-29 12:36:52.804  INFO   search      farm branch=none (wander/search next)
2026-09-29 12:36:52.809  INFO   travel      hop begin wp=(329, 388) purpose=enter_farm reason=enter farm area
2026-09-29 12:36:52.817  INFO   decision    mode=traveling goal=traveling action=traveling target=- sticky=- origin=(329,374) shop=0 scrolled=0 reason='enter farm area' status=success
2026-09-29 12:36:53.294  INFO   search      farm branch=none (wander/search next)
2026-09-29 12:36:53.479  INFO   search      farm branch=none (wander/search next)
2026-09-29 12:36:53.665  INFO   search      farm branch=none (wander/search next)
2026-09-29 12:36:53.853  INFO   search      farm branch=none (wander/search next)
2026-09-29 12:36:54.047  INFO   search      farm branch=none (wander/search next)
2026-09-29 12:36:54.259  INFO   search      farm branch=none (wander/search next)
2026-09-29 12:36:54.438  INFO   search      farm branch=none (wander/search next)
2026-09-29 12:36:54.590  INFO   search      farm branch=none (wander/search next)
2026-09-29 12:36:54.753  INFO   search      farm branch=none (wander/search next)
2026-09-29 12:36:54.912  INFO   search      farm branch=none (wander/search next)
2026-09-29 12:36:54.915  INFO   travel      hop begin wp=(329, 388) purpose=enter_farm reason=enter farm area
2026-09-29 12:36:55.206  INFO   search      farm branch=none (wander/search next)
2026-09-29 12:36:55.374  INFO   search      farm branch=none (wander/search next)
2026-09-29 12:36:55.579  INFO   search      farm branch=none (wander/search next)
2026-09-29 12:36:55.749  INFO   search      farm branch=none (wander/search next)
2026-09-29 12:36:55.926  INFO   search      farm branch=none (wander/search next)
2026-09-29 12:36:56.076  INFO   search      farm branch=none (wander/search next)
2026-09-29 12:36:56.233  INFO   search      farm branch=none (wander/search next)
2026-09-29 12:36:56.419  INFO   search      farm branch=none (wander/search next)
2026-09-29 12:36:56.617  INFO   search      farm branch=none (wander/search next)
2026-09-29 12:36:56.858  INFO   search      farm branch=none (wander/search next)
2026-09-29 12:36:56.975  INFO   travel      hop begin wp=(329, 389) purpose=enter_farm reason=enter farm area
2026-09-29 12:36:57.314  INFO   session     Entity shadow: vision=1 {'player': 1} memory=0 {} paired=0 median=0.000
2026-09-29 12:36:57.359  INFO   search      farm branch=none (wander/search next)
2026-09-29 12:36:57.531  INFO   search      farm branch=none (wander/search next)
2026-09-29 12:36:57.735  INFO   search      farm branch=none (wander/search next)
2026-09-29 12:36:57.914  INFO   search      farm branch=none (wander/search next)
2026-09-29 12:36:58.083  INFO   search      farm branch=none (wander/search next)
2026-09-29 12:36:58.297  INFO   search      farm branch=none (wander/search next)
2026-09-29 12:36:58.496  INFO   search      farm branch=none (wander/search next)
2026-09-29 12:36:58.659  INFO   search      farm branch=none (wander/search next)
2026-09-29 12:36:58.837  INFO   search      farm branch=none (wander/search next)
2026-09-29 12:36:59.023  INFO   search      farm branch=none (wander/search next)
2026-09-29 12:36:59.040  INFO   travel      hop begin wp=(329, 394) purpose=enter_farm reason=enter farm area
2026-09-29 12:36:59.367  INFO   search      farm branch=none (wander/search next)
2026-09-29 12:36:59.529  INFO   search      farm branch=none (wander/search next)
2026-09-29 12:36:59.703  INFO   search      farm branch=none (wander/search next)
2026-09-29 12:36:59.897  INFO   search      farm branch=none (wander/search next)
2026-09-29 12:37:00.086  INFO   search      farm branch=none (wander/search next)
2026-09-29 12:37:00.252  INFO   search      farm branch=none (wander/search next)
2026-09-29 12:37:00.440  INFO   search      farm branch=none (wander/search next)
2026-09-29 12:37:00.635  INFO   search      farm branch=none (wander/search next)
2026-09-29 12:37:00.830  INFO   search      farm branch=none (wander/search next)
2026-09-29 12:37:01.025  INFO   search      farm branch=none (wander/search next)
2026-09-29 12:37:01.176  INFO   search      farm branch=none (wander/search next)
2026-09-29 12:37:01.179  INFO   travel      hop begin wp=(329, 397) purpose=enter_farm reason=enter farm area
2026-09-29 12:37:01.472  INFO   search      farm branch=none (wander/search next)
2026-09-29 12:37:01.631  INFO   search      farm branch=none (wander/search next)
2026-09-29 12:37:01.831  INFO   search      farm branch=none (wander/search next)
2026-09-29 12:37:02.027  INFO   search      farm branch=none (wander/search next)
2026-09-29 12:37:02.227  INFO   decision    mode=traveling goal=buff action=buff target=- sticky=- origin=(329,384) shop=0 scrolled=0 reason='light' status=success
2026-09-29 12:37:02.796  INFO   session     Entity shadow: vision=4 {'monster': 4} memory=1 {'monster': 1} paired=1 median=0.039
2026-09-29 12:37:02.964  INFO   search      farm branch=none (wander/search next)
2026-09-29 12:37:03.081  INFO   travel      hop begin wp=(329, 398) purpose=enter_farm reason=enter farm area
2026-09-29 12:37:03.099  INFO   decision    mode=traveling goal=traveling action=traveling target=- sticky=- origin=(329,384) shop=0 scrolled=0 reason='enter farm area' status=success
2026-09-29 12:37:03.607  INFO   search      farm branch=none (wander/search next)
2026-09-29 12:37:03.776  INFO   search      farm branch=none (wander/search next)
2026-09-29 12:37:03.944  INFO   search      farm branch=none (wander/search next)
2026-09-29 12:37:04.133  INFO   search      farm branch=none (wander/search next)
2026-09-29 12:37:04.323  INFO   search      farm branch=none (wander/search next)
2026-09-29 12:37:04.484  INFO   search      farm branch=none (wander/search next)
2026-09-29 12:37:04.683  INFO   search      farm branch=none (wander/search next)
2026-09-29 12:37:04.887  INFO   search      farm branch=none (wander/search next)
2026-09-29 12:37:05.071  INFO   search      farm branch=none (wander/search next)
2026-09-29 12:37:05.248  INFO   search      farm branch=none (wander/search next)
2026-09-29 12:37:05.250  INFO   travel      hop begin wp=(329, 400) purpose=enter_farm reason=enter farm area
2026-09-29 12:37:05.576  INFO   search      farm branch=none (wander/search next)
2026-09-29 12:37:05.760  INFO   search      farm branch=none (wander/search next)
2026-09-29 12:37:05.939  INFO   search      farm branch=none (wander/search next)
2026-09-29 12:37:06.136  INFO   search      farm branch=none (wander/search next)
2026-09-29 12:37:06.322  INFO   search      farm branch=none (wander/search next)
2026-09-29 12:37:06.509  INFO   search      farm branch=none (wander/search next)
2026-09-29 12:37:06.669  INFO   search      farm branch=none (wander/search next)
2026-09-29 12:37:06.870  INFO   search      farm branch=none (wander/search next)
2026-09-29 12:37:07.090  INFO   search      farm branch=none (wander/search next)
2026-09-29 12:37:07.153  INFO   session     Paused — hotkey
2026-09-29 12:37:17.066  INFO   session     Resume → Running
2026-09-29 12:37:17.634  INFO   session     Entity shadow: vision=0 {} memory=1 {'player': 1} paired=0 median=0.000
2026-09-29 12:37:17.823  INFO   search      farm branch=none (wander/search next)
2026-09-29 12:37:18.329  INFO   search      farm branch=none (wander/search next)
2026-09-29 12:37:18.332  INFO   search      hop start wp=(327, 407) reason=search area
2026-09-29 12:37:18.368  INFO   decision    mode=farming goal=search action=searching target=- sticky=- origin=(329,400) shop=0 scrolled=0 reason='search area' status=success
2026-09-29 12:37:18.955  INFO   search      farm branch=none (wander/search next)
2026-09-29 12:37:19.144  INFO   search      farm branch=none (wander/search next)
2026-09-29 12:37:19.540  INFO   search      farm branch=none (wander/search next)
2026-09-29 12:37:19.692  INFO   search      farm branch=none (wander/search next)
2026-09-29 12:37:20.099  INFO   search      farm branch=none (wander/search next)
2026-09-29 12:37:20.264  INFO   search      farm branch=none (wander/search next)
2026-09-29 12:37:20.669  INFO   search      farm branch=none (wander/search next)
2026-09-29 12:37:20.838  INFO   search      farm branch=none (wander/search next)
2026-09-29 12:37:21.206  INFO   search      farm branch=none (wander/search next)
2026-09-29 12:37:21.448  INFO   search      farm branch=none (wander/search next)
2026-09-29 12:37:21.451  INFO   search      hop arrive wp=(327, 406)
2026-09-29 12:37:21.459  INFO   search      hop start wp=(326, 409) reason=search area
2026-09-29 12:37:21.954  INFO   search      farm branch=none (wander/search next)
2026-09-29 12:37:22.117  INFO   search      farm branch=none (wander/search next)
2026-09-29 12:37:22.633  INFO   session     Entity shadow: vision=1 {'monster': 1} memory=0 {} paired=0 median=0.000
2026-09-29 12:37:22.707  INFO   search      farm branch=none (wander/search next)
2026-09-29 12:37:23.237  INFO   combat      farm branch=screen_combat id=3 dist=16
2026-09-29 12:37:23.245  INFO   combat      engage id=3 species=monster_그렘린_4 rel=(16,-1)
2026-09-29 12:37:23.254  INFO   decision    mode=farming goal=combat action=attack target=3 sticky=3 origin=(326,407) shop=0 scrolled=0 reason='screen engage' status=success
2026-09-29 12:37:24.434  INFO   search      farm branch=none (wander/search next)
2026-09-29 12:37:24.878  INFO   search      hop arrive wp=(326, 409)
2026-09-29 12:37:24.904  INFO   search      hop start wp=(326, 413) reason=search area
2026-09-29 12:37:24.946  INFO   decision    mode=farming goal=search action=searching target=- sticky=- origin=(326,408) shop=0 scrolled=0 reason='search area' status=success
2026-09-29 12:37:25.602  INFO   combat      farm branch=screen_combat id=4 dist=14
2026-09-29 12:37:25.613  INFO   combat      engage id=4 species=monster_그렘린_4 rel=(14,0)
2026-09-29 12:37:25.622  INFO   decision    mode=farming goal=combat action=attack target=4 sticky=4 origin=(328,406) shop=0 scrolled=0 reason='screen engage' status=success
2026-09-29 12:37:26.231  INFO   combat      farm branch=sticky id=4 dist=14
2026-09-29 12:37:26.759  INFO   combat      farm branch=sticky id=4 dist=14
2026-09-29 12:37:27.132  INFO   combat      farm branch=sticky id=4 dist=14
2026-09-29 12:37:27.543  INFO   combat      farm branch=sticky id=4 dist=12
2026-09-29 12:37:28.429  INFO   session     Entity shadow: vision=0 {} memory=1 {'monster': 1} paired=0 median=0.000
2026-09-29 12:37:28.513  INFO   combat      farm branch=sticky id=4 dist=12
2026-09-29 12:37:28.888  INFO   combat      farm branch=sticky id=4 dist=11
2026-09-29 12:37:29.327  INFO   combat      farm branch=sticky id=4 dist=9
2026-09-29 12:37:30.023  INFO   combat      farm branch=sticky id=4 dist=9
2026-09-29 12:37:30.905  INFO   combat      farm branch=sticky id=4 dist=8
2026-09-29 12:37:31.576  INFO   combat      farm branch=sticky id=4 dist=6
2026-09-29 12:37:31.577  INFO   decision    mode=farming goal=combat action=searching target=4 sticky=4 origin=(336,405) shop=0 scrolled=0 reason='sidestep combat block' status=success
2026-09-29 12:37:32.141  INFO   combat      farm branch=sticky id=4 dist=6
2026-09-29 12:37:32.143  INFO   decision    mode=farming goal=combat action=attack target=4 sticky=4 origin=(336,405) shop=0 scrolled=0 reason='attack target' status=success
2026-09-29 12:37:32.809  INFO   combat      farm branch=sticky id=4 dist=5
2026-09-29 12:37:33.276  INFO   session     Entity shadow: vision=3 {'monster': 3} memory=2 {'item': 1, 'monster': 1} paired=1 median=0.026
2026-09-29 12:37:33.336  INFO   loot        begin_loot_item id=6
2026-09-29 12:37:33.340  INFO   loot        approach hop item=6 wp=(341, 406) reason=walk onto item
2026-09-29 12:37:33.346  INFO   loot        farm branch=loot item_id=6
2026-09-29 12:37:33.366  INFO   decision    mode=farming goal=loot action=searching target=6 sticky=- origin=(337,405) shop=0 scrolled=0 reason='walk onto item' status=success
2026-09-29 12:37:33.932  INFO   loot        farm branch=loot item_id=6
2026-09-29 12:37:34.208  INFO   loot        farm branch=loot item_id=6
2026-09-29 12:37:34.671  INFO   loot        farm branch=loot item_id=6
2026-09-29 12:37:35.145  INFO   loot        farm branch=loot item_id=6
2026-09-29 12:37:35.398  INFO   loot        approach hop item=6 wp=(341, 406) reason=walk onto item
2026-09-29 12:37:35.639  INFO   loot        farm branch=loot item_id=6
2026-09-29 12:37:36.178  INFO   loot        farm branch=loot item_id=6
2026-09-29 12:37:36.512  INFO   loot        farm branch=loot item_id=6
2026-09-29 12:37:37.181  INFO   loot        farm branch=loot item_id=6
2026-09-29 12:37:37.601  INFO   loot        approach hop item=6 wp=(341, 406) reason=walk onto item
2026-09-29 12:37:37.602  INFO   loot        farm branch=loot item_id=6
2026-09-29 12:37:38.109  INFO   loot        farm branch=loot item_id=6
2026-09-29 12:37:38.383  INFO   session     Entity shadow: vision=4 {'monster': 2, 'item': 1, 'player': 1} memory=3 {'monster': 2, 'item': 1} paired=3 median=0.038 unleveled=12:史萊姆
2026-09-29 12:37:38.515  INFO   loot        farm branch=loot item_id=6
2026-09-29 12:37:38.802  INFO   decision    mode=farming goal=loot action=pickup target=6 sticky=- origin=(340,406) shop=0 scrolled=0 reason='loot target' status=success
2026-09-29 12:37:39.512  INFO   combat      farm branch=screen_combat id=8 dist=13
2026-09-29 12:37:39.528  INFO   combat      engage id=8 species=monster_오크_2 rel=(13,2)
2026-09-29 12:37:39.537  INFO   decision    mode=farming goal=combat action=attack target=8 sticky=8 origin=(341,406) shop=0 scrolled=0 reason='screen engage' status=success
2026-09-29 12:37:40.176  INFO   combat      farm branch=sticky id=8 dist=13
2026-09-29 12:37:40.691  INFO   combat      farm branch=sticky id=8 dist=13
2026-09-29 12:37:41.091  INFO   combat      farm branch=sticky id=8 dist=13
2026-09-29 12:37:41.453  INFO   combat      farm branch=sticky id=8 dist=12
2026-09-29 12:37:42.399  INFO   combat      farm branch=sticky id=8 dist=12
2026-09-29 12:37:43.042  INFO   combat      farm branch=sticky id=8 dist=11
2026-09-29 12:37:43.421  INFO   search      farm branch=none (wander/search next)
2026-09-29 12:37:43.567  INFO   search      hop arrive wp=(341, 406)
2026-09-29 12:37:43.591  INFO   search      hop start wp=(342, 415) reason=search area
2026-09-29 12:37:43.600  INFO   decision    mode=farming goal=search action=searching target=- sticky=- origin=(343,408) shop=0 scrolled=0 reason='search area' status=success
2026-09-29 12:37:44.172  INFO   session     Entity shadow: vision=1 {'player': 1} memory=3 {'player': 1, 'monster': 2} paired=0 median=0.000 unleveled=12:史萊姆,189:鹿
2026-09-29 12:37:44.252  INFO   search      farm branch=none (wander/search next)
2026-09-29 12:37:44.524  INFO   search      farm branch=none (wander/search next)
2026-09-29 12:37:44.955  INFO   search      farm branch=none (wander/search next)
2026-09-29 12:37:45.411  INFO   search      farm branch=none (wander/search next)
2026-09-29 12:37:45.703  INFO   search      farm branch=none (wander/search next)
2026-09-29 12:37:46.196  INFO   search      farm branch=none (wander/search next)
2026-09-29 12:37:46.832  INFO   search      farm branch=none (wander/search next)
2026-09-29 12:37:47.394  INFO   combat      farm branch=screen_combat id=12 dist=15
2026-09-29 12:37:47.753  INFO   combat      engage id=12 species=monster_오크 전사_8 rel=(1,15)
2026-09-29 12:37:47.762  INFO   decision    mode=farming goal=combat action=attack target=12 sticky=12 origin=(341,412) shop=0 scrolled=0 reason='screen engage' status=success
2026-09-29 12:37:48.502  INFO   combat      farm branch=sticky id=12 dist=14
2026-09-29 12:37:49.125  INFO   combat      farm branch=sticky id=12 dist=12
2026-09-29 12:37:50.255  INFO   session     Entity shadow: vision=2 {'player': 1, 'monster': 1} memory=3 {'monster': 3} paired=1 median=0.023
2026-09-29 12:37:50.360  INFO   combat      farm branch=sticky id=12 dist=11
2026-09-29 12:37:50.965  INFO   combat      farm branch=sticky id=12 dist=10
2026-09-29 12:37:51.485  INFO   combat      farm branch=sticky id=12 dist=10
2026-09-29 12:37:51.756  INFO   combat      farm branch=sticky id=12 dist=10
2026-09-29 12:37:52.358  INFO   combat      farm branch=sticky id=12 dist=10
2026-09-29 12:37:52.948  INFO   combat      farm branch=sticky id=12 dist=9
2026-09-29 12:37:53.614  INFO   combat      farm branch=sticky id=12 dist=8
2026-09-29 12:37:54.218  INFO   combat      farm branch=sticky id=12 dist=7
2026-09-29 12:37:55.149  INFO   loot        begin_loot_item id=15
2026-09-29 12:37:55.304  INFO   loot        approach hop item=15 wp=(342, 423) reason=walk onto item
2026-09-29 12:37:55.645  INFO   loot        farm branch=loot item_id=15
2026-09-29 12:37:55.692  INFO   decision    mode=farming goal=loot action=searching target=15 sticky=- origin=(341,416) shop=0 scrolled=0 reason='walk onto item' status=success
2026-09-29 12:37:56.261  INFO   session     Entity shadow: vision=2 {'player': 1, 'item': 1} memory=3 {'item': 1, 'monster': 2} paired=1 median=0.043
2026-09-29 12:37:56.350  INFO   loot        farm branch=loot item_id=15
2026-09-29 12:37:56.655  INFO   loot        farm branch=loot item_id=15
2026-09-29 12:37:57.127  INFO   loot        farm branch=loot item_id=15
2026-09-29 12:37:57.743  INFO   loot        approach hop item=15 wp=(341, 424) reason=walk onto item
2026-09-29 12:37:58.075  INFO   loot        farm branch=loot item_id=15
2026-09-29 12:37:58.660  INFO   loot        farm branch=loot item_id=15
2026-09-29 12:37:58.991  INFO   loot        farm branch=loot item_id=15
2026-09-29 12:37:59.591  INFO   loot        farm branch=loot item_id=15
2026-09-29 12:38:00.210  INFO   loot        farm branch=loot item_id=15
2026-09-29 12:38:00.516  INFO   decision    mode=farming goal=loot action=pickup target=15 sticky=- origin=(341,421) shop=0 scrolled=0 reason='loot target' status=success
2026-09-29 12:38:01.267  INFO   search      farm branch=none (wander/search next)
2026-09-29 12:38:01.294  INFO   search      hop arrive wp=(341, 424)
2026-09-29 12:38:01.302  INFO   search      hop start wp=(339, 429) reason=search area
2026-09-29 12:38:01.309  INFO   decision    mode=farming goal=search action=searching target=- sticky=- origin=(341,423) shop=0 scrolled=0 reason='search area' status=success
2026-09-29 12:38:01.814  INFO   session     Entity shadow: vision=2 {'player': 1, 'item': 1} memory=2 {'item': 1, 'monster': 1} paired=1 median=0.007
2026-09-29 12:38:01.975  INFO   search      farm branch=none (wander/search next)
2026-09-29 12:38:03.046  INFO   search      farm branch=none (wander/search next)
2026-09-29 12:38:03.526  INFO   search      farm branch=none (wander/search next)
2026-09-29 12:38:03.781  INFO   search      farm branch=none (wander/search next)
2026-09-29 12:38:04.425  INFO   search      farm branch=none (wander/search next)
2026-09-29 12:38:05.022  INFO   search      farm branch=none (wander/search next)
2026-09-29 12:38:05.386  INFO   search      hop arrive wp=(339, 429)
2026-09-29 12:38:05.395  INFO   search      hop start wp=(334, 427) reason=search area
2026-09-29 12:38:05.996  INFO   loot        begin_loot_item id=15
2026-09-29 12:38:05.999  INFO   loot        approach hop item=15 wp=(342, 423) reason=walk onto item
2026-09-29 12:38:06.005  INFO   loot        farm branch=loot item_id=15
2026-09-29 12:38:06.033  INFO   decision    mode=farming goal=loot action=searching target=15 sticky=- origin=(339,429) shop=0 scrolled=0 reason='walk onto item' status=success
2026-09-29 12:38:06.042  INFO   session     Paused — hotkey
2026-09-29 12:40:13.938  INFO   session     Resume → Running
2026-09-29 12:40:14.494  INFO   session     Entity shadow: vision=1 {'player': 1} memory=0 {} paired=0 median=0.000
2026-09-29 12:40:14.666  INFO   nav         unstick TP emit reason=unstick confined
2026-09-29 12:40:15.106  INFO   nav         confined escape fired (bubble timeout)
2026-09-29 12:40:15.123  INFO   decision    mode=farming goal=unstick action=teleport target=- sticky=- origin=(342,424) shop=0 scrolled=0 reason='unstick confined' status=success
2026-09-29 12:40:16.470  INFO   search      farm branch=none (wander/search next)
2026-09-29 12:40:16.525  INFO   travel      hop begin wp=(333, 431) purpose=next_farm reason=no monsters
2026-09-29 12:40:16.540  INFO   decision    mode=traveling goal=traveling action=traveling target=- sticky=- origin=(342,424) shop=0 scrolled=0 reason='no monsters' status=success
2026-09-29 12:40:17.061  INFO   search      farm branch=none (wander/search next)
2026-09-29 12:40:17.293  INFO   search      farm branch=none (wander/search next)
2026-09-29 12:40:17.760  INFO   search      farm branch=none (wander/search next)
2026-09-29 12:40:18.152  INFO   search      farm branch=none (wander/search next)
2026-09-29 12:40:18.338  INFO   search      farm branch=none (wander/search next)
2026-09-29 12:40:18.834  INFO   search      farm branch=none (wander/search next)
2026-09-29 12:40:18.840  INFO   travel      hop begin wp=(239, 358) purpose=next_farm reason=no monsters
2026-09-29 12:40:19.338  INFO   session     Entity shadow: vision=1 {'player': 1} memory=0 {} paired=0 median=0.000
2026-09-29 12:40:19.400  INFO   search      farm branch=none (wander/search next)
2026-09-29 12:40:19.584  INFO   search      farm branch=none (wander/search next)
2026-09-29 12:40:20.136  INFO   search      farm branch=none (wander/search next)
2026-09-29 12:40:20.545  INFO   search      farm branch=none (wander/search next)
2026-09-29 12:40:21.126  INFO   search      farm branch=none (wander/search next)
2026-09-29 12:40:21.244  INFO   travel      hop begin wp=(239, 358) purpose=next_farm reason=no monsters
2026-09-29 12:40:21.814  INFO   search      farm branch=none (wander/search next)
2026-09-29 12:40:22.164  INFO   search      farm branch=none (wander/search next)
2026-09-29 12:40:22.454  INFO   combat      farm branch=screen_combat id=18 dist=9
2026-09-29 12:40:22.480  INFO   combat      engage id=18 species=monster_오크 궁수_3 rel=(-9,-8)
2026-09-29 12:40:22.489  INFO   decision    mode=traveling goal=combat action=attack target=18 sticky=18 origin=(248,360) shop=0 scrolled=0 reason='screen engage' status=success
2026-09-29 12:40:23.563  INFO   combat      farm branch=sticky id=18 dist=9
2026-09-29 12:40:24.050  INFO   combat      farm branch=sticky id=18 dist=8
2026-09-29 12:40:24.374  INFO   combat      farm branch=sticky id=18 dist=8
2026-09-29 12:40:25.205  INFO   session     Entity shadow: vision=2 {'monster': 1, 'player': 1} memory=1 {'item': 1} paired=0 median=0.000
2026-09-29 12:40:25.321  INFO   search      farm branch=none (wander/search next)
2026-09-29 12:40:25.326  INFO   travel      hop begin wp=(231, 360) purpose=next_farm reason=no monsters
2026-09-29 12:40:25.335  INFO   decision    mode=traveling goal=traveling action=traveling target=- sticky=- origin=(244,357) shop=0 scrolled=0 reason='no monsters' status=success
2026-09-29 12:40:25.896  INFO   search      farm branch=none (wander/search next)
2026-09-29 12:40:26.163  INFO   search      farm branch=none (wander/search next)
2026-09-29 12:40:26.607  INFO   search      farm branch=none (wander/search next)
2026-09-29 12:40:27.130  INFO   search      farm branch=none (wander/search next)
2026-09-29 12:40:27.762  INFO   combat      farm branch=screen_combat id=21 dist=8
2026-09-29 12:40:27.773  INFO   combat      engage id=21 species=monster_오크_2 rel=(-5,-8)
2026-09-29 12:40:27.782  INFO   decision    mode=traveling goal=combat action=attack target=21 sticky=21 origin=(241,359) shop=0 scrolled=0 reason='screen engage' status=success
2026-09-29 12:40:28.413  INFO   combat      farm branch=sticky id=21 dist=8
2026-09-29 12:40:28.913  INFO   combat      farm branch=sticky id=21 dist=7
2026-09-29 12:40:29.329  INFO   combat      farm branch=sticky id=21 dist=7
2026-09-29 12:40:29.668  INFO   combat      farm branch=sticky id=21 dist=4
2026-09-29 12:40:30.580  INFO   session     Entity shadow: vision=3 {'monster': 2, 'item': 1} memory=4 {'monster': 2, 'item': 2} paired=2 median=0.034
2026-09-29 12:40:30.660  INFO   combat      farm branch=sticky id=21 dist=3
2026-09-29 12:40:31.069  INFO   combat      farm branch=sticky id=21 dist=2
2026-09-29 12:40:31.561  INFO   combat      farm branch=screen_combat id=22 dist=8
2026-09-29 12:40:31.859  INFO   combat      engage id=22 species=monster_난쟁이_5 rel=(-8,0)
2026-09-29 12:40:31.871  INFO   decision    mode=traveling goal=combat action=attack target=22 sticky=22 origin=(237,356) shop=0 scrolled=0 reason='screen engage' status=success
2026-09-29 12:40:32.637  INFO   combat      farm branch=sticky id=22 dist=8
2026-09-29 12:40:33.114  INFO   combat      farm branch=sticky id=22 dist=8
2026-09-29 12:40:33.483  INFO   combat      farm branch=sticky id=22 dist=8
2026-09-29 12:40:34.256  INFO   combat      farm branch=sticky id=22 dist=8
2026-09-29 12:40:34.872  INFO   combat      farm branch=sticky id=22 dist=8
2026-09-29 12:40:35.188  INFO   combat      farm branch=sticky id=22 dist=8
2026-09-29 12:40:36.028  INFO   session     Entity shadow: vision=1 {'item': 1} memory=3 {'item': 2, 'monster': 1} paired=1 median=0.034
2026-09-29 12:40:36.099  INFO   combat      farm branch=sticky id=22 dist=8
2026-09-29 12:40:36.595  INFO   loot        begin_loot_item id=23
2026-09-29 12:40:36.626  INFO   loot        approach hop item=23 wp=(230, 357) reason=walk onto item
2026-09-29 12:40:36.640  INFO   loot        farm branch=loot item_id=23
2026-09-29 12:40:36.651  INFO   decision    mode=traveling goal=loot action=searching target=23 sticky=- origin=(237,356) shop=0 scrolled=0 reason='walk onto item' status=success
2026-09-29 12:40:37.148  INFO   loot        farm branch=loot item_id=23
2026-09-29 12:40:37.406  INFO   loot        farm branch=loot item_id=23
2026-09-29 12:40:37.811  INFO   loot        farm branch=loot item_id=23
2026-09-29 12:40:38.036  INFO   loot        farm branch=loot item_id=23
2026-09-29 12:40:38.365  INFO   loot        farm branch=loot item_id=23
2026-09-29 12:40:38.621  INFO   loot        farm branch=loot item_id=23
2026-09-29 12:40:39.013  INFO   loot        approach hop item=23 wp=(230, 357) reason=walk onto item
2026-09-29 12:40:39.014  INFO   loot        farm branch=loot item_id=23
2026-09-29 12:40:39.643  INFO   loot        farm branch=loot item_id=23
2026-09-29 12:40:40.145  INFO   loot        farm branch=loot item_id=23
2026-09-29 12:40:40.368  INFO   loot        farm branch=loot item_id=23
2026-09-29 12:40:40.586  INFO   loot        farm branch=loot item_id=23
2026-09-29 12:40:41.359  INFO   session     Entity shadow: vision=4 {'player': 1, 'item': 2, 'monster': 1} memory=4 {'monster': 1, 'item': 3} paired=3 median=0.007
2026-09-29 12:40:41.462  INFO   loot        farm branch=loot item_id=23
2026-09-29 12:40:41.463  INFO   decision    mode=traveling goal=loot action=pickup target=23 sticky=- origin=(231,357) shop=0 scrolled=0 reason='loot target' status=success
2026-09-29 12:40:42.297  INFO   combat      farm branch=screen_combat id=24 dist=12
2026-09-29 12:40:42.309  INFO   combat      engage id=24 species=monster_오크_2 rel=(4,-12)
2026-09-29 12:40:42.317  INFO   decision    mode=traveling goal=combat action=attack target=24 sticky=24 origin=(230,357) shop=0 scrolled=0 reason='screen engage' status=success
2026-09-29 12:40:43.015  INFO   combat      farm branch=sticky id=24 dist=11
2026-09-29 12:40:43.726  INFO   combat      farm branch=sticky id=24 dist=10
2026-09-29 12:40:44.219  INFO   combat      farm branch=sticky id=24 dist=8
2026-09-29 12:40:44.814  INFO   search      farm branch=none (wander/search next)
2026-09-29 12:40:45.131  INFO   travel      hop begin wp=(222, 363) purpose=next_farm reason=no monsters
2026-09-29 12:40:45.159  INFO   decision    mode=traveling goal=traveling action=traveling target=- sticky=- origin=(230,355) shop=0 scrolled=0 reason='no monsters' status=success
2026-09-29 12:40:45.676  INFO   search      farm branch=none (wander/search next)
2026-09-29 12:40:46.002  INFO   search      farm branch=none (wander/search next)
2026-09-29 12:40:46.680  INFO   session     Entity shadow: vision=2 {'player': 1, 'item': 1} memory=3 {'item': 3} paired=1 median=0.001
2026-09-29 12:40:46.800  INFO   loot        begin_loot_item id=23
2026-09-29 12:40:47.049  INFO   loot        pickup emit item=23 reason=engage item
2026-09-29 12:40:47.071  INFO   loot        farm branch=loot item_id=23
2026-09-29 12:40:47.081  INFO   decision    mode=traveling goal=loot action=pickup target=23 sticky=- origin=(229,356) shop=0 scrolled=0 reason='engage item' status=success
2026-09-29 12:40:47.852  INFO   search      farm branch=none (wander/search next)
2026-09-29 12:40:47.856  INFO   travel      hop begin wp=(220, 365) purpose=next_farm reason=no monsters
2026-09-29 12:40:47.866  INFO   decision    mode=traveling goal=traveling action=traveling target=- sticky=- origin=(228,357) shop=0 scrolled=0 reason='no monsters' status=success
2026-09-29 12:40:48.418  INFO   search      farm branch=none (wander/search next)
2026-09-29 12:40:48.626  INFO   search      farm branch=none (wander/search next)
2026-09-29 12:40:49.122  INFO   search      farm branch=none (wander/search next)
2026-09-29 12:40:49.671  INFO   search      farm branch=none (wander/search next)
2026-09-29 12:40:50.142  INFO   search      farm branch=none (wander/search next)
2026-09-29 12:40:50.145  INFO   travel      hop begin wp=(214, 365) purpose=next_farm reason=no monsters
2026-09-29 12:40:50.747  INFO   search      farm branch=none (wander/search next)
2026-09-29 12:40:50.906  INFO   loot        begin_loot_item id=23
2026-09-29 12:40:51.211  INFO   loot        approach hop item=23 wp=(230, 357) reason=walk onto item
2026-09-29 12:40:51.232  INFO   loot        farm branch=loot item_id=23
2026-09-29 12:40:51.244  INFO   decision    mode=traveling goal=loot action=searching target=23 sticky=- origin=(224,361) shop=0 scrolled=0 reason='walk onto item' status=success
2026-09-29 12:40:51.836  INFO   loot        farm branch=loot item_id=23
2026-09-29 12:40:52.381  INFO   session     Entity shadow: vision=1 {'item': 1} memory=3 {'item': 3} paired=1 median=0.007
2026-09-29 12:40:52.429  INFO   loot        farm branch=loot item_id=23
2026-09-29 12:40:52.621  INFO   loot        farm branch=loot item_id=23
2026-09-29 12:40:53.219  INFO   loot        approach hop item=23 wp=(230, 357) reason=walk onto item
2026-09-29 12:40:53.533  INFO   loot        farm branch=loot item_id=23
2026-09-29 12:40:53.928  INFO   loot        farm branch=loot item_id=23
2026-09-29 12:40:54.389  INFO   loot        farm branch=loot item_id=23
2026-09-29 12:40:55.019  INFO   loot        farm branch=loot item_id=23
2026-09-29 12:40:55.660  INFO   loot        approach hop item=23 wp=(230, 357) reason=walk onto item
2026-09-29 12:40:55.907  INFO   loot        farm branch=loot item_id=23
2026-09-29 12:40:56.464  INFO   loot        farm branch=loot item_id=23
2026-09-29 12:40:56.729  INFO   loot        farm branch=loot item_id=23
2026-09-29 12:40:57.083  INFO   loot        farm branch=loot item_id=23
2026-09-29 12:40:57.112  INFO   decision    mode=traveling goal=loot action=pickup target=23 sticky=- origin=(229,356) shop=0 scrolled=0 reason='loot target' status=success
2026-09-29 12:40:57.820  INFO   session     Entity shadow: vision=3 {'player': 2, 'item': 1} memory=4 {'player': 1, 'item': 3} paired=2 median=0.028
2026-09-29 12:40:57.989  INFO   search      farm branch=none (wander/search next)
2026-09-29 12:40:58.449  INFO   travel      hop begin wp=(221, 364) purpose=next_farm reason=no monsters
2026-09-29 12:40:58.468  INFO   decision    mode=traveling goal=traveling action=traveling target=- sticky=- origin=(229,356) shop=0 scrolled=0 reason='no monsters' status=success
2026-09-29 12:40:58.997  INFO   search      farm branch=none (wander/search next)
2026-09-29 12:40:59.273  INFO   search      farm branch=none (wander/search next)
2026-09-29 12:40:59.657  INFO   search      farm branch=none (wander/search next)
2026-09-29 12:40:59.858  INFO   search      farm branch=none (wander/search next)
2026-09-29 12:41:00.319  INFO   search      farm branch=none (wander/search next)
2026-09-29 12:41:00.514  INFO   search      farm branch=none (wander/search next)
2026-09-29 12:41:00.821  INFO   travel      hop begin wp=(220, 366) purpose=next_farm reason=no monsters
2026-09-29 12:41:01.244  INFO   search      farm branch=none (wander/search next)
2026-09-29 12:41:01.622  INFO   search      farm branch=none (wander/search next)
2026-09-29 12:41:02.052  INFO   search      farm branch=none (wander/search next)
2026-09-29 12:41:02.251  INFO   search      farm branch=none (wander/search next)
2026-09-29 12:41:02.804  INFO   search      farm branch=none (wander/search next)
2026-09-29 12:41:03.137  INFO   travel      hop begin wp=(214, 365) purpose=next_farm reason=no monsters
2026-09-29 12:41:03.716  INFO   session     Entity shadow: vision=3 {'player': 3} memory=3 {'player': 1, 'item': 2} paired=1 median=0.074
2026-09-29 12:41:03.774  INFO   search      farm branch=none (wander/search next)
2026-09-29 12:41:03.998  INFO   search      farm branch=none (wander/search next)
2026-09-29 12:41:04.566  INFO   search      farm branch=none (wander/search next)
2026-09-29 12:41:05.258  INFO   combat      farm branch=screen_combat id=28 dist=15
2026-09-29 12:41:05.603  INFO   combat      engage id=28 species=monster_늑대인간_9 rel=(-15,5)
2026-09-29 12:41:05.626  INFO   decision    mode=traveling goal=combat action=attack target=28 sticky=28 origin=(222,365) shop=0 scrolled=0 reason='screen engage' status=success
2026-09-29 12:41:06.368  INFO   combat      farm branch=sticky id=28 dist=12
2026-09-29 12:41:06.876  INFO   combat      farm branch=sticky id=28 dist=12
2026-09-29 12:41:07.276  INFO   combat      farm branch=sticky id=28 dist=10
2026-09-29 12:41:07.678  INFO   combat      farm branch=sticky id=28 dist=10
2026-09-29 12:41:08.243  INFO   combat      farm branch=sticky id=28 dist=9
2026-09-29 12:41:09.186  INFO   session     Entity shadow: vision=2 {'player': 1, 'monster': 1} memory=2 {'monster': 2} paired=0 median=0.000
2026-09-29 12:41:09.281  INFO   combat      farm branch=sticky id=28 dist=8
2026-09-29 12:41:09.807  INFO   combat      farm branch=sticky id=28 dist=6
2026-09-29 12:41:10.093  INFO   combat      farm branch=sticky id=28 dist=6
2026-09-29 12:41:10.708  INFO   combat      farm branch=sticky id=28 dist=6
2026-09-29 12:41:11.249  INFO   combat      farm branch=sticky id=28 dist=5
2026-09-29 12:41:11.572  INFO   combat      wall/fence LOS blocked id=28 — A* detour hop to (213, 367)
2026-09-29 12:41:11.594  INFO   decision    mode=traveling goal=combat action=searching target=28 sticky=28 origin=(219,368) shop=0 scrolled=0 reason='wall detour A*' status=success
2026-09-29 12:41:12.178  INFO   combat      farm branch=sticky id=28 dist=4
2026-09-29 12:41:12.341  INFO   combat      wall/fence LOS blocked id=28 — A* detour hop to (213, 366)
2026-09-29 12:41:12.895  INFO   combat      farm branch=screen_combat id=29 dist=2
2026-09-29 12:41:12.904  INFO   combat      engage id=29 species=monster_오크_2 rel=(0,2)
2026-09-29 12:41:12.917  INFO   decision    mode=traveling goal=combat action=attack target=29 sticky=29 origin=(219,368) shop=0 scrolled=0 reason='screen engage' status=success
2026-09-29 12:41:13.535  INFO   combat      farm branch=sticky id=29 dist=1
2026-09-29 12:41:13.973  INFO   session     Entity shadow: vision=1 {'player': 1} memory=1 {'monster': 1} paired=0 median=0.000
2026-09-29 12:41:14.020  INFO   combat      farm branch=sticky id=29 dist=1
2026-09-29 12:41:14.438  INFO   combat      farm branch=sticky id=29 dist=1
2026-09-29 12:41:14.769  INFO   combat      farm branch=sticky id=29 dist=1
2026-09-29 12:41:15.427  INFO   search      farm branch=none (wander/search next)
2026-09-29 12:41:15.666  INFO   travel      hop begin wp=(207, 365) purpose=next_farm reason=no monsters
2026-09-29 12:41:15.682  INFO   decision    mode=traveling goal=traveling action=traveling target=- sticky=- origin=(218,368) shop=0 scrolled=0 reason='no monsters' status=success
2026-09-29 12:41:16.120  INFO   search      farm branch=none (wander/search next)
2026-09-29 12:41:16.523  INFO   search      farm branch=none (wander/search next)
2026-09-29 12:41:17.052  INFO   search      farm branch=none (wander/search next)
2026-09-29 12:41:17.538  INFO   search      farm branch=none (wander/search next)
2026-09-29 12:41:18.064  INFO   search      farm branch=none (wander/search next)
2026-09-29 12:41:18.187  INFO   travel      hop begin wp=(206, 364) purpose=next_farm reason=no monsters
2026-09-29 12:41:18.728  INFO   search      farm branch=none (wander/search next)
2026-09-29 12:41:18.955  INFO   search      farm branch=none (wander/search next)
2026-09-29 12:41:19.405  INFO   session     Entity shadow: vision=0 {} memory=0 {} paired=0 median=0.000
2026-09-29 12:41:19.458  INFO   search      farm branch=none (wander/search next)
2026-09-29 12:41:19.942  INFO   combat      farm branch=screen_combat id=30 dist=11
2026-09-29 12:41:19.954  INFO   combat      engage id=30 species=monster_오크 궁수_3 rel=(-11,-6)
2026-09-29 12:41:19.964  INFO   decision    mode=traveling goal=combat action=attack target=30 sticky=30 origin=(214,365) shop=0 scrolled=0 reason='screen engage' status=success
2026-09-29 12:41:20.549  INFO   combat      farm branch=sticky id=30 dist=10
2026-09-29 12:41:20.555  INFO   combat      wall/fence LOS blocked id=30 — A* detour hop to (203, 361)
2026-09-29 12:41:20.568  INFO   decision    mode=traveling goal=combat action=searching target=30 sticky=30 origin=(213,364) shop=0 scrolled=0 reason='wall detour A*' status=success
2026-09-29 12:41:21.085  INFO   combat      farm branch=sticky id=30 dist=10
2026-09-29 12:41:21.090  INFO   combat      wall/fence LOS blocked id=30 — A* detour hop to (203, 361)
2026-09-29 12:41:21.625  INFO   combat      farm branch=sticky id=30 dist=8
2026-09-29 12:41:21.628  INFO   decision    mode=traveling goal=combat action=attack target=30 sticky=30 origin=(211,362) shop=0 scrolled=0 reason='attack target' status=success
2026-09-29 12:41:22.352  INFO   combat      farm branch=sticky id=30 dist=7
2026-09-29 12:41:22.801  INFO   combat      farm branch=sticky id=30 dist=7
2026-09-29 12:41:23.183  INFO   combat      farm branch=sticky id=30 dist=7
2026-09-29 12:41:23.943  INFO   loot        begin_loot_item id=31
2026-09-29 12:41:24.080  INFO   loot        approach hop item=31 wp=(202, 360) reason=walk onto item
2026-09-29 12:41:24.082  INFO   loot        farm branch=loot item_id=31
2026-09-29 12:41:24.104  INFO   decision    mode=traveling goal=loot action=searching target=31 sticky=- origin=(210,361) shop=0 scrolled=0 reason='walk onto item' status=success
2026-09-29 12:41:24.634  INFO   session     Entity shadow: vision=2 {'player': 1, 'item': 1} memory=2 {'item': 1, 'monster': 1} paired=1 median=0.025
2026-09-29 12:41:24.706  INFO   loot        farm branch=loot item_id=31
2026-09-29 12:41:25.132  INFO   loot        farm branch=loot item_id=31
2026-09-29 12:41:25.284  INFO   loot        farm branch=loot item_id=31
2026-09-29 12:41:25.680  INFO   loot        farm branch=loot item_id=31
2026-09-29 12:41:25.888  INFO   loot        farm branch=loot item_id=31
2026-09-29 12:41:26.308  INFO   loot        approach hop item=31 wp=(202, 360) reason=walk onto item
2026-09-29 12:41:26.309  INFO   loot        farm branch=loot item_id=31
2026-09-29 12:41:26.773  INFO   loot        farm branch=loot item_id=31
2026-09-29 12:41:27.053  INFO   loot        farm branch=loot item_id=31
2026-09-29 12:41:27.400  INFO   loot        farm branch=loot item_id=31
2026-09-29 12:41:27.636  INFO   loot        farm branch=loot item_id=31
2026-09-29 12:41:27.637  INFO   decision    mode=traveling goal=loot action=pickup target=31 sticky=- origin=(204,359) shop=0 scrolled=0 reason='loot target' status=success
2026-09-29 12:41:28.209  INFO   combat      farm branch=screen_combat id=32 dist=9
2026-09-29 12:41:28.221  INFO   combat      engage id=32 species=monster_늑대인간_9 rel=(-9,-1)
2026-09-29 12:41:28.229  INFO   decision    mode=traveling goal=combat action=attack target=32 sticky=32 origin=(204,359) shop=0 scrolled=0 reason='screen engage' status=success
2026-09-29 12:41:28.809  INFO   combat      farm branch=sticky id=32 dist=8
2026-09-29 12:41:29.318  INFO   combat      farm branch=sticky id=32 dist=8
2026-09-29 12:41:29.793  INFO   session     Entity shadow: vision=2 {'monster': 1, 'player': 1} memory=1 {'monster': 1} paired=1 median=0.055
2026-09-29 12:41:29.842  INFO   combat      farm branch=sticky id=32 dist=8
2026-09-29 12:41:30.128  INFO   combat      farm branch=sticky id=32 dist=8
2026-09-29 12:41:30.989  INFO   combat      farm branch=sticky id=32 dist=8
2026-09-29 12:41:31.715  INFO   combat      farm branch=sticky id=32 dist=7
2026-09-29 12:41:32.190  INFO   combat      farm branch=sticky id=32 dist=7
2026-09-29 12:41:32.469  INFO   combat      farm branch=sticky id=32 dist=6
2026-09-29 12:41:33.049  INFO   combat      farm branch=sticky id=32 dist=6
2026-09-29 12:41:33.574  INFO   combat      farm branch=sticky id=32 dist=5
2026-09-29 12:41:34.382  INFO   combat      farm branch=sticky id=32 dist=4
2026-09-29 12:41:34.809  INFO   combat      farm branch=sticky id=32 dist=4
2026-09-29 12:41:35.760  INFO   session     Entity shadow: vision=2 {'player': 1, 'item': 1} memory=3 {'monster': 1, 'item': 2} paired=1 median=0.042
2026-09-29 12:41:35.854  INFO   combat      farm branch=sticky id=33 dist=3
2026-09-29 12:41:35.856  INFO   decision    mode=traveling goal=combat action=attack target=33 sticky=33 origin=(203,360) shop=0 scrolled=0 reason='attack target' status=success
2026-09-29 12:41:36.482  INFO   combat      farm branch=sticky id=33 dist=2
2026-09-29 12:41:37.339  INFO   combat      farm branch=sticky id=33 dist=3
2026-09-29 12:41:37.839  INFO   combat      farm branch=sticky id=33 dist=1
2026-09-29 12:41:38.464  INFO   combat      farm branch=sticky id=33 dist=1
2026-09-29 12:41:39.021  INFO   combat      farm branch=sticky id=33 dist=1
2026-09-29 12:41:39.738  INFO   combat      farm branch=sticky id=33 dist=1
2026-09-29 12:41:40.337  INFO   combat      farm branch=sticky id=33 dist=1
2026-09-29 12:41:41.200  INFO   session     Entity shadow: vision=5 {'item': 2, 'player': 1, 'monster': 2} memory=4 {'monster': 2, 'item': 2} paired=4 median=0.022
2026-09-29 12:41:41.281  INFO   combat      farm branch=sticky id=33 dist=1
2026-09-29 12:41:41.745  INFO   combat      farm branch=sticky id=33 dist=1
2026-09-29 12:41:42.169  INFO   loot        begin_loot_item id=37
2026-09-29 12:41:42.399  INFO   loot        pickup emit item=37 reason=engage item
2026-09-29 12:41:42.408  INFO   loot        farm branch=loot item_id=37
2026-09-29 12:41:42.417  INFO   decision    mode=traveling goal=loot action=pickup target=37 sticky=- origin=(201,360) shop=0 scrolled=0 reason='engage item' status=success
2026-09-29 12:41:43.187  INFO   loot        begin_loot_item id=35
2026-09-29 12:41:43.631  INFO   loot        approach hop item=35 wp=(198, 360) reason=walk onto item
2026-09-29 12:41:43.638  INFO   loot        farm branch=loot item_id=35
2026-09-29 12:41:43.653  INFO   decision    mode=traveling goal=loot action=searching target=35 sticky=- origin=(201,360) shop=0 scrolled=0 reason='walk onto item' status=success
2026-09-29 12:41:44.077  INFO   loot        farm branch=loot item_id=35
2026-09-29 12:41:44.529  INFO   loot        farm branch=loot item_id=35
2026-09-29 12:41:45.080  INFO   loot        farm branch=loot item_id=35
2026-09-29 12:41:45.478  INFO   loot        farm branch=loot item_id=35
2026-09-29 12:41:45.691  INFO   loot        approach hop item=35 wp=(198, 360) reason=walk onto item
2026-09-29 12:41:46.013  INFO   loot        farm branch=loot item_id=35
2026-09-29 12:41:46.598  INFO   session     Entity shadow: vision=4 {'player': 1, 'item': 2, 'monster': 1} memory=3 {'monster': 1, 'item': 2} paired=3 median=0.025
2026-09-29 12:41:46.664  INFO   loot        farm branch=loot item_id=35
2026-09-29 12:41:46.985  INFO   loot        farm branch=loot item_id=35
2026-09-29 12:41:47.210  INFO   decision    mode=traveling goal=loot action=pickup target=35 sticky=- origin=(200,360) shop=0 scrolled=0 reason='loot target' status=success
2026-09-29 12:41:47.921  INFO   combat      farm branch=screen_combat id=36 dist=2
2026-09-29 12:41:47.934  INFO   combat      engage id=36 species=monster_오크 전사_8 rel=(2,1)
2026-09-29 12:41:47.943  INFO   decision    mode=traveling goal=combat action=attack target=36 sticky=36 origin=(199,360) shop=0 scrolled=0 reason='screen engage' status=success
2026-09-29 12:41:48.626  INFO   combat      farm branch=sticky id=36 dist=1
2026-09-29 12:41:49.216  INFO   combat      farm branch=sticky id=36 dist=1
2026-09-29 12:41:49.967  INFO   combat      farm branch=sticky id=36 dist=1
2026-09-29 12:41:50.509  INFO   combat      farm branch=sticky id=36 dist=1
2026-09-29 12:41:51.243  INFO   combat      farm branch=sticky id=36 dist=1
2026-09-29 12:41:52.042  INFO   session     Entity shadow: vision=2 {'player': 1, 'monster': 1} memory=3 {'monster': 2, 'item': 1} paired=1 median=0.010
2026-09-29 12:41:52.104  INFO   combat      farm branch=sticky id=36 dist=1
2026-09-29 12:41:52.662  INFO   combat      farm branch=sticky id=36 dist=1
2026-09-29 12:41:52.921  INFO   hp          hp action=item:빨간 물약
2026-09-29 12:41:53.224  INFO   decision    mode=traveling goal=survival_potion action=use_hp_potion target=- sticky=36 origin=(198,359) shop=0 scrolled=0 reason='low hp' status=success
2026-09-29 12:41:54.205  INFO   combat      farm branch=sticky id=36 dist=1
2026-09-29 12:41:54.433  INFO   decision    mode=traveling goal=combat action=attack target=36 sticky=36 origin=(198,359) shop=0 scrolled=0 reason='attack target' status=success
2026-09-29 12:41:55.196  INFO   hp          hp action=item:빨간 물약
2026-09-29 12:41:55.664  INFO   decision    mode=traveling goal=survival_potion action=use_hp_potion target=- sticky=36 origin=(198,359) shop=0 scrolled=0 reason='critical hp, cannot heal' status=success
2026-09-29 12:41:56.400  INFO   hp          hp action=item:빨간 물약
2026-09-29 12:41:56.994  INFO   session     Entity shadow: vision=2 {'item': 1, 'player': 1} memory=3 {'item': 2, 'monster': 1} paired=1 median=0.004
2026-09-29 12:41:57.042  INFO   hp          hp action=item:빨간 물약
2026-09-29 12:41:57.636  INFO   hp          hp action=item:빨간 물약
2026-09-29 12:41:58.272  INFO   hp          hp action=item:빨간 물약
2026-09-29 12:41:58.883  INFO   hp          hp action=item:빨간 물약
2026-09-29 12:41:59.456  INFO   hp          hp action=item:빨간 물약
2026-09-29 12:42:00.083  INFO   hp          hp action=item:빨간 물약
2026-09-29 12:42:00.658  INFO   hp          hp action=item:빨간 물약
2026-09-29 12:42:01.231  INFO   hp          hp action=item:빨간 물약
2026-09-29 12:42:01.905  INFO   hp          hp action=item:빨간 물약
2026-09-29 12:42:02.587  INFO   session     Entity shadow: vision=2 {'monster': 1, 'player': 1} memory=4 {'monster': 3, 'item': 1} paired=0 median=0.000
2026-09-29 12:42:02.687  INFO   hp          hp action=item:빨간 물약
2026-09-29 12:42:03.694  INFO   hp          hp action=item:빨간 물약
2026-09-29 12:42:04.327  INFO   hp          hp action=item:빨간 물약
2026-09-29 12:42:05.003  INFO   hp          hp action=item:빨간 물약
2026-09-29 12:42:05.536  INFO   hp          hp action=item:빨간 물약
2026-09-29 12:42:06.178  INFO   hp          hp action=item:빨간 물약
2026-09-29 12:42:06.737  INFO   hp          hp action=item:빨간 물약
2026-09-29 12:42:07.355  INFO   hp          hp action=item:빨간 물약
2026-09-29 12:42:07.943  INFO   session     Entity shadow: vision=4 {'monster': 3, 'player': 1} memory=5 {'monster': 4, 'item': 1} paired=2 median=0.034
2026-09-29 12:42:08.063  INFO   hp          hp action=item:빨간 물약
2026-09-29 12:42:09.320  INFO   hp          hp action=item:빨간 물약
2026-09-29 12:42:09.887  INFO   hp          hp action=item:빨간 물약
2026-09-29 12:42:10.480  INFO   decision    mode=traveling goal=? action=idle target=- sticky=36 origin=(179,379) shop=0 scrolled=0 reason='waiting for respawn' status=success
2026-09-29 12:42:12.777  INFO   decision    mode=traveling goal=respawn action=respawn target=- sticky=36 origin=(179,379) shop=0 scrolled=0 reason='death confirmed, restart' status=success
2026-09-29 12:42:13.292  INFO   session     Entity shadow: vision=2 {'monster': 2} memory=4 {'monster': 3, 'item': 1} paired=1 median=0.009
2026-09-29 12:42:13.331  INFO   decision    mode=traveling goal=? action=idle target=- sticky=36 origin=(179,379) shop=0 scrolled=0 reason='waiting for respawn' status=success
2026-09-29 12:42:14.539  INFO   hp          hp action=item:빨간 물약
2026-09-29 12:42:14.691  INFO   decision    mode=traveling goal=survival_potion action=use_hp_potion target=- sticky=36 origin=(301,198) shop=0 scrolled=0 reason='critical hp, cannot heal' status=success
2026-09-29 12:42:15.991  INFO   hp          hp action=item:빨간 물약
2026-09-29 12:42:17.148  INFO   hp          hp action=item:빨간 물약
2026-09-29 12:42:18.295  INFO   session     Entity shadow: vision=33 {'player': 23, 'monster': 3, 'npc': 7} memory=43 {'monster': 2, 'npc': 9, 'player': 32} paired=26 median=0.033 unleveled=14:青蛙,206:兔子
2026-09-29 12:42:18.425  INFO   hp          hp action=item:빨간 물약
2026-09-29 12:42:19.577  INFO   hp          hp action=item:빨간 물약
2026-09-29 12:42:21.127  INFO   hp          hp action=item:빨간 물약
2026-09-29 12:42:21.971  INFO   hp          hp action=item:빨간 물약
2026-09-29 12:42:23.124  INFO   hp          hp action=item:빨간 물약
2026-09-29 12:42:23.645  INFO   session     Entity shadow: vision=0 {} memory=45 {'monster': 2, 'npc': 9, 'player': 34} paired=0 median=0.000 unleveled=14:青蛙,206:兔子
2026-09-29 12:42:23.706  INFO   hp          hp action=item:빨간 물약
2026-09-29 12:42:24.364  INFO   hp          hp action=item:빨간 물약
2026-09-29 12:42:24.890  INFO   hp          hp action=item:빨간 물약
2026-09-29 12:42:25.570  INFO   hp          hp action=item:빨간 물약
2026-09-29 12:42:26.135  INFO   hp          hp action=item:빨간 물약
2026-09-29 12:42:27.228  INFO   hp          hp action=item:빨간 물약
2026-09-29 12:42:28.114  INFO   hp          hp action=item:빨간 물약
2026-09-29 12:42:29.106  INFO   session     Entity shadow: vision=0 {} memory=43 {'monster': 2, 'npc': 7, 'player': 34} paired=0 median=0.000 unleveled=14:青蛙,206:兔子
2026-09-29 12:42:29.191  INFO   hp          hp action=item:빨간 물약
2026-09-29 12:42:29.793  INFO   hp          hp action=item:빨간 물약
2026-09-29 12:42:30.494  INFO   hp          hp action=item:빨간 물약
2026-09-29 12:42:31.645  INFO   hp          hp action=item:빨간 물약
2026-09-29 12:42:32.198  INFO   hp          hp action=item:빨간 물약
2026-09-29 12:42:33.287  INFO   hp          hp action=item:빨간 물약
2026-09-29 12:42:34.110  INFO   hp          hp action=item:빨간 물약
2026-09-29 12:42:34.623  INFO   session     Entity shadow: vision=0 {} memory=43 {'npc': 8, 'player': 34, 'monster': 1} paired=0 median=0.000 unleveled=206:兔子
2026-09-29 12:42:34.693  INFO   hp          hp action=item:빨간 물약
2026-09-29 12:42:35.337  INFO   hp          hp action=item:빨간 물약
2026-09-29 12:42:36.438  INFO   hp          hp action=item:빨간 물약
2026-09-29 12:42:37.012  INFO   hp          hp action=item:빨간 물약
2026-09-29 12:42:37.705  INFO   hp          hp action=item:빨간 물약
2026-09-29 12:42:38.228  INFO   hp          hp action=item:빨간 물약
2026-09-29 12:42:39.326  INFO   hp          hp action=item:빨간 물약
2026-09-29 12:42:40.518  INFO   session     Entity shadow: vision=18 {'npc': 4, 'player': 13, 'monster': 1} memory=45 {'monster': 2, 'npc': 8, 'player': 35} paired=16 median=0.030 unleveled=206:兔子,10:警衛
2026-09-29 12:42:40.618  INFO   hp          hp action=item:빨간 물약
2026-09-29 12:42:41.358  INFO   hp          hp action=item:빨간 물약
2026-09-29 12:42:42.087  INFO   hp          hp action=item:빨간 물약
2026-09-29 12:42:43.164  INFO   hp          hp action=item:빨간 물약
2026-09-29 12:42:43.761  INFO   hp          hp action=item:빨간 물약
2026-09-29 12:42:44.456  INFO   hp          hp action=item:빨간 물약
2026-09-29 12:42:45.617  INFO   session     Entity shadow: vision=19 {'player': 14, 'npc': 4, 'monster': 1} memory=43 {'monster': 2, 'npc': 8, 'player': 33} paired=17 median=0.030 unleveled=10:警衛,206:兔子
2026-09-29 12:42:46.054  INFO   hp          hp action=item:빨간 물약
2026-09-29 12:42:46.989  INFO   hp          hp action=item:빨간 물약
2026-09-29 12:42:48.129  INFO   hp          hp action=item:빨간 물약
2026-09-29 12:42:48.742  INFO   hp          hp action=item:빨간 물약
2026-09-29 12:42:49.942  INFO   hp          hp action=item:빨간 물약
2026-09-29 12:42:51.052  INFO   session     Entity shadow: vision=19 {'player': 14, 'npc': 3, 'monster': 2} memory=44 {'npc': 8, 'player': 34, 'monster': 2} paired=15 median=0.029 unleveled=206:兔子,10:警衛
2026-09-29 12:42:51.138  INFO   hp          hp action=item:빨간 물약
2026-09-29 12:42:52.703  INFO   hp          hp action=item:빨간 물약
2026-09-29 12:42:53.664  INFO   hp          hp action=item:빨간 물약
2026-09-29 12:42:54.741  INFO   hp          hp action=item:빨간 물약
2026-09-29 12:42:55.918  INFO   hp          hp action=item:빨간 물약
2026-09-29 12:42:57.041  INFO   session     Entity shadow: vision=20 {'npc': 4, 'player': 13, 'monster': 3} memory=42 {'npc': 8, 'player': 33, 'monster': 1} paired=17 median=0.028 unleveled=206:兔子
2026-09-29 12:42:57.127  INFO   hp          hp action=item:빨간 물약
2026-09-29 12:42:58.693  INFO   hp          hp action=item:빨간 물약
2026-09-29 12:42:59.635  INFO   hp          hp action=item:빨간 물약
2026-09-29 12:43:00.664  INFO   hp          hp action=item:빨간 물약
2026-09-29 12:43:01.335  INFO   hp          hp action=item:빨간 물약
2026-09-29 12:43:02.452  INFO   session     Entity shadow: vision=23 {'player': 16, 'npc': 4, 'monster': 3} memory=42 {'npc': 8, 'player': 33, 'monster': 1} paired=20 median=0.030 unleveled=206:兔子
2026-09-29 12:43:02.570  INFO   hp          hp action=item:빨간 물약
2026-09-29 12:43:02.848  INFO   decision    mode=traveling goal=survival_potion action=use_hp_potion target=- sticky=36 origin=(301,198) shop=0 scrolled=0 reason='critical hp, cannot heal' status=success (repeat x50)
2026-09-29 12:43:03.741  INFO   hp          hp action=item:빨간 물약
2026-09-29 12:43:05.267  INFO   hp          hp action=item:빨간 물약
2026-09-29 12:43:06.247  INFO   hp          hp action=item:빨간 물약
2026-09-29 12:43:07.323  INFO   hp          hp action=item:빨간 물약
2026-09-29 12:43:07.878  INFO   session     Entity shadow: vision=21 {'npc': 4, 'player': 14, 'monster': 3} memory=43 {'npc': 8, 'player': 34, 'monster': 1} paired=18 median=0.029 unleveled=206:兔子
2026-09-29 12:43:07.949  INFO   hp          hp action=item:빨간 물약
2026-09-29 12:43:08.662  INFO   hp          hp action=item:빨간 물약
2026-09-29 12:43:09.705  INFO   hp          hp action=item:빨간 물약
2026-09-29 12:43:10.293  INFO   hp          hp action=item:빨간 물약
2026-09-29 12:43:11.038  INFO   hp          hp action=item:빨간 물약
2026-09-29 12:43:12.484  INFO   hp          hp action=item:빨간 물약
2026-09-29 12:43:13.616  INFO   session     Entity shadow: vision=22 {'player': 17, 'npc': 4, 'monster': 1} memory=45 {'monster': 2, 'player': 35, 'npc': 8} paired=21 median=0.029 unleveled=206:兔子,14:青蛙
2026-09-29 12:43:13.723  INFO   hp          hp action=item:빨간 물약
2026-09-29 12:43:14.508  INFO   hp          hp action=item:빨간 물약
2026-09-29 12:43:15.692  INFO   hp          hp action=item:빨간 물약
2026-09-29 12:43:16.867  INFO   hp          hp action=item:빨간 물약
2026-09-29 12:43:17.416  INFO   hp          hp action=item:빨간 물약
2026-09-29 12:43:18.470  INFO   hp          hp action=item:빨간 물약
2026-09-29 12:43:19.273  INFO   session     Entity shadow: vision=23 {'player': 17, 'npc': 3, 'monster': 3} memory=43 {'player': 35, 'npc': 7, 'monster': 1} paired=20 median=0.030 unleveled=206:兔子
2026-09-29 12:43:19.393  INFO   hp          hp action=item:빨간 물약
2026-09-29 12:43:20.545  INFO   hp          hp action=item:빨간 물약
2026-09-29 12:43:21.720  INFO   hp          hp action=item:빨간 물약
2026-09-29 12:43:22.309  INFO   hp          hp action=item:빨간 물약
2026-09-29 12:43:23.488  INFO   hp          hp action=item:빨간 물약
2026-09-29 12:43:24.069  INFO   hp          hp action=item:빨간 물약
2026-09-29 12:43:24.701  INFO   session     Entity shadow: vision=21 {'player': 17, 'npc': 3, 'monster': 1} memory=42 {'monster': 1, 'player': 34, 'npc': 7} paired=20 median=0.030 unleveled=206:兔子
2026-09-29 12:43:24.786  INFO   hp          hp action=item:빨간 물약
2026-09-29 12:43:26.286  INFO   hp          hp action=item:빨간 물약
2026-09-29 12:43:27.185  INFO   hp          hp action=item:빨간 물약
2026-09-29 12:43:28.339  INFO   hp          hp action=item:빨간 물약
2026-09-29 12:43:29.573  INFO   hp          hp action=item:빨간 물약
2026-09-29 12:43:30.628  INFO   session     Entity shadow: vision=22 {'player': 17, 'npc': 3, 'monster': 2} memory=41 {'monster': 1, 'player': 33, 'npc': 7} paired=19 median=0.029 unleveled=14:青蛙
2026-09-29 12:43:30.729  INFO   hp          hp action=item:빨간 물약
2026-09-29 12:43:31.875  INFO   hp          hp action=item:빨간 물약
2026-09-29 12:43:32.838  INFO   hp          hp action=item:빨간 물약
2026-09-29 12:43:33.723  INFO   hp          hp action=item:빨간 물약
2026-09-29 12:43:34.869  INFO   hp          hp action=item:빨간 물약
2026-09-29 12:43:35.966  INFO   session     Entity shadow: vision=24 {'player': 19, 'npc': 3, 'monster': 2} memory=41 {'player': 33, 'npc': 7, 'monster': 1} paired=21 median=0.028 unleveled=14:青蛙
2026-09-29 12:43:36.052  INFO   hp          hp action=item:빨간 물약
2026-09-29 12:43:36.639  INFO   hp          hp action=item:빨간 물약
2026-09-29 12:43:37.367  INFO   hp          hp action=item:빨간 물약
2026-09-29 12:43:38.982  INFO   hp          hp action=item:빨간 물약
2026-09-29 12:43:40.400  INFO   hp          hp action=item:빨간 물약
2026-09-29 12:43:41.410  INFO   session     Entity shadow: vision=20 {'npc': 3, 'player': 15, 'monster': 2} memory=44 {'player': 35, 'monster': 2, 'npc': 7} paired=18 median=0.028 unleveled=14:青蛙
2026-09-29 12:43:41.496  INFO   hp          hp action=item:빨간 물약
2026-09-29 12:43:42.066  INFO   hp          hp action=item:빨간 물약
2026-09-29 12:43:42.853  INFO   hp          hp action=item:빨간 물약
2026-09-29 12:43:43.987  INFO   hp          hp action=item:빨간 물약
2026-09-29 12:43:45.582  INFO   hp          hp action=item:빨간 물약
2026-09-29 12:43:46.728  INFO   session     Entity shadow: vision=20 {'npc': 3, 'player': 14, 'monster': 3} memory=42 {'monster': 2, 'npc': 7, 'player': 33} paired=17 median=0.030 unleveled=14:青蛙
2026-09-29 12:43:46.840  INFO   hp          hp action=item:빨간 물약
2026-09-29 12:43:47.644  INFO   hp          hp action=item:빨간 물약
2026-09-29 12:43:48.832  INFO   hp          hp action=item:빨간 물약
2026-09-29 12:43:49.542  INFO   hp          hp action=item:빨간 물약
2026-09-29 12:43:50.827  INFO   hp          hp action=item:빨간 물약
2026-09-29 12:43:52.199  INFO   session     Entity shadow: vision=10 {'player': 7, 'monster': 2, 'npc': 1} memory=44 {'player': 35, 'npc': 7, 'monster': 2} paired=9 median=0.041 unleveled=14:青蛙
2026-09-29 12:43:52.958  INFO   hp          hp action=item:빨간 물약
2026-09-29 12:43:53.634  INFO   hp          hp action=item:빨간 물약
2026-09-29 12:43:54.330  INFO   hp          hp action=item:빨간 물약
2026-09-29 12:43:54.818  INFO   decision    mode=traveling goal=survival_potion action=use_hp_potion target=- sticky=36 origin=(301,198) shop=0 scrolled=0 reason='low hp' status=success (repeat x50)
2026-09-29 12:43:55.884  INFO   hp          hp action=item:빨간 물약
2026-09-29 12:43:56.861  INFO   hp          hp action=item:빨간 물약
2026-09-29 12:43:57.422  INFO   session     Entity shadow: vision=18 {'player': 14, 'monster': 1, 'npc': 3} memory=44 {'monster': 2, 'player': 35, 'npc': 7} paired=17 median=0.029 unleveled=14:青蛙
2026-09-29 12:43:57.488  INFO   hp          hp action=item:빨간 물약
2026-09-29 12:43:58.273  INFO   hp          hp action=item:빨간 물약
2026-09-29 12:43:59.740  INFO   hp          hp action=item:빨간 물약
2026-09-29 12:44:00.680  INFO   hp          hp action=item:빨간 물약
2026-09-29 12:44:01.783  INFO   hp          hp action=item:빨간 물약
2026-09-29 12:44:02.379  INFO   hp          hp action=item:빨간 물약
2026-09-29 12:44:03.321  INFO   session     Entity shadow: vision=22 {'player': 17, 'npc': 3, 'monster': 2} memory=41 {'monster': 2, 'npc': 7, 'player': 32} paired=20 median=0.032 unleveled=14:青蛙
2026-09-29 12:44:03.410  INFO   hp          hp action=item:빨간 물약
2026-09-29 12:44:04.178  INFO   hp          hp action=item:빨간 물약
2026-09-29 12:44:04.779  INFO   hp          hp action=item:빨간 물약
2026-09-29 12:44:05.848  INFO   hp          hp action=item:빨간 물약
2026-09-29 12:44:06.715  INFO   hp          hp action=item:빨간 물약
2026-09-29 12:44:07.836  INFO   hp          hp action=item:빨간 물약
2026-09-29 12:44:08.381  INFO   session     Entity shadow: vision=23 {'player': 18, 'monster': 2, 'npc': 3} memory=41 {'monster': 2, 'player': 32, 'npc': 7} paired=21 median=0.029 unleveled=14:青蛙
2026-09-29 12:44:08.445  INFO   hp          hp action=item:빨간 물약
2026-09-29 12:44:09.176  INFO   hp          hp action=item:빨간 물약
2026-09-29 12:44:10.330  INFO   hp          hp action=item:빨간 물약
2026-09-29 12:44:11.828  INFO   hp          hp action=item:빨간 물약
2026-09-29 12:44:12.739  INFO   hp          hp action=item:빨간 물약
2026-09-29 12:44:13.812  INFO   session     Entity shadow: vision=22 {'player': 16, 'monster': 3, 'npc': 3} memory=42 {'npc': 7, 'player': 33, 'monster': 2} paired=18 median=0.029 unleveled=14:青蛙
2026-09-29 12:44:13.907  INFO   hp          hp action=item:빨간 물약
2026-09-29 12:44:15.087  INFO   hp          hp action=item:빨간 물약
2026-09-29 12:44:16.267  INFO   hp          hp action=item:빨간 물약
2026-09-29 12:44:16.862  INFO   hp          hp action=item:빨간 물약
2026-09-29 12:44:17.619  INFO   hp          hp action=item:빨간 물약
2026-09-29 12:44:19.091  INFO   hp          hp action=item:빨간 물약
2026-09-29 12:44:19.889  INFO   session     Entity shadow: vision=21 {'player': 17, 'npc': 3, 'monster': 1} memory=43 {'npc': 7, 'player': 34, 'monster': 2} paired=20 median=0.029 unleveled=14:青蛙
2026-09-29 12:44:19.995  INFO   hp          hp action=item:빨간 물약
2026-09-29 12:44:21.150  INFO   hp          hp action=item:빨간 물약
2026-09-29 12:44:22.430  INFO   hp          hp action=item:빨간 물약
2026-09-29 12:44:23.560  INFO   hp          hp action=item:빨간 물약
2026-09-29 12:44:24.770  INFO   hp          hp action=item:빨간 물약
2026-09-29 12:44:25.901  INFO   session     Entity shadow: vision=18 {'player': 14, 'monster': 1, 'npc': 3} memory=42 {'monster': 1, 'npc': 7, 'player': 34} paired=17 median=0.032 unleveled=14:青蛙
2026-09-29 12:44:26.356  INFO   hp          hp action=item:빨간 물약
2026-09-29 12:44:27.304  INFO   hp          hp action=item:빨간 물약
2026-09-29 12:44:28.349  INFO   hp          hp action=item:빨간 물약
2026-09-29 12:44:29.485  INFO   hp          hp action=item:빨간 물약
2026-09-29 12:44:30.099  INFO   hp          hp action=item:빨간 물약
2026-09-29 12:44:31.235  INFO   session     Entity shadow: vision=18 {'player': 14, 'npc': 3, 'monster': 1} memory=44 {'player': 35, 'monster': 2, 'npc': 7} paired=17 median=0.032 unleveled=10:警衛,14:青蛙
2026-09-29 12:44:31.700  INFO   hp          hp action=item:빨간 물약
2026-09-29 12:44:32.668  INFO   hp          hp action=item:빨간 물약
2026-09-29 12:44:33.862  INFO   hp          hp action=item:빨간 물약
2026-09-29 12:44:35.107  INFO   hp          hp action=item:빨간 물약
2026-09-29 12:44:36.271  INFO   hp          hp action=item:빨간 물약
2026-09-29 12:44:37.337  INFO   session     Entity shadow: vision=17 {'npc': 4, 'player': 11, 'monster': 2} memory=40 {'player': 32, 'npc': 7, 'monster': 1} paired=15 median=0.032 unleveled=14:青蛙
2026-09-29 12:44:37.422  INFO   hp          hp action=item:빨간 물약
2026-09-29 12:44:38.953  INFO   hp          hp action=item:빨간 물약
2026-09-29 12:44:39.956  INFO   hp          hp action=item:빨간 물약
2026-09-29 12:44:41.115  INFO   hp          hp action=item:빨간 물약
2026-09-29 12:44:42.326  INFO   hp          hp action=item:빨간 물약
2026-09-29 12:44:43.388  INFO   session     Entity shadow: vision=18 {'player': 12, 'npc': 4, 'monster': 2} memory=41 {'player': 33, 'npc': 7, 'monster': 1} paired=16 median=0.033 unleveled=14:青蛙
2026-09-29 12:44:43.480  INFO   hp          hp action=item:빨간 물약
2026-09-29 12:44:45.106  INFO   hp          hp action=item:빨간 물약
2026-09-29 12:44:46.085  INFO   hp          hp action=item:빨간 물약
2026-09-29 12:44:47.203  INFO   hp          hp action=item:빨간 물약
2026-09-29 12:44:48.424  INFO   hp          hp action=item:빨간 물약
2026-09-29 12:44:48.684  INFO   decision    mode=traveling goal=survival_potion action=use_hp_potion target=- sticky=36 origin=(301,198) shop=0 scrolled=0 reason='low hp' status=success (repeat x50)
2026-09-29 12:44:49.500  INFO   session     Entity shadow: vision=17 {'player': 11, 'npc': 4, 'monster': 2} memory=41 {'monster': 1, 'player': 33, 'npc': 7} paired=15 median=0.034 unleveled=14:青蛙
2026-09-29 12:44:49.583  INFO   hp          hp action=item:빨간 물약
2026-09-29 12:44:50.843  INFO   hp          hp action=item:빨간 물약
2026-09-29 12:44:52.360  INFO   hp          hp action=item:빨간 물약
2026-09-29 12:44:53.345  INFO   hp          hp action=item:빨간 물약
2026-09-29 12:44:54.526  INFO   hp          hp action=item:빨간 물약
2026-09-29 12:44:55.636  INFO   session     Entity shadow: vision=16 {'npc': 4, 'player': 11, 'monster': 1} memory=41 {'player': 34, 'npc': 7} paired=15 median=0.034
2026-09-29 12:44:55.715  INFO   hp          hp action=item:빨간 물약
2026-09-29 12:44:56.932  INFO   hp          hp action=item:빨간 물약
2026-09-29 12:44:58.145  INFO   hp          hp action=item:빨간 물약
2026-09-29 12:44:59.648  INFO   hp          hp action=item:빨간 물약
2026-09-29 12:45:00.624  INFO   hp          hp action=item:빨간 물약
2026-09-29 12:45:01.711  INFO   session     Entity shadow: vision=17 {'player': 12, 'npc': 4, 'monster': 1} memory=43 {'monster': 1, 'player': 35, 'npc': 7} paired=15 median=0.032 unleveled=10:警衛
2026-09-29 12:45:01.819  INFO   hp          hp action=item:빨간 물약
2026-09-29 12:45:03.048  INFO   hp          hp action=item:빨간 물약
2026-09-29 12:45:04.216  INFO   hp          hp action=item:빨간 물약
2026-09-29 12:45:05.505  INFO   hp          hp action=item:빨간 물약
2026-09-29 12:45:07.029  INFO   hp          hp action=item:빨간 물약
2026-09-29 12:45:08.185  INFO   session     Entity shadow: vision=20 {'monster': 2, 'player': 14, 'npc': 4} memory=43 {'player': 35, 'npc': 7, 'monster': 1} paired=17 median=0.030 unleveled=10:警衛
2026-09-29 12:45:08.292  INFO   hp          hp action=item:빨간 물약
2026-09-29 12:45:09.106  INFO   hp          hp action=item:빨간 물약
2026-09-29 12:45:10.281  INFO   search      farm branch=none (wander/search next)
2026-09-29 12:45:10.648  INFO   travel      hop begin wp=(300, 213) purpose=next_farm reason=no monsters
2026-09-29 12:45:10.649  INFO   decision    mode=traveling goal=traveling action=traveling target=- sticky=- origin=(301,198) shop=0 scrolled=0 reason='no monsters' status=success
2026-09-29 12:45:11.471  INFO   search      farm branch=none (wander/search next)
2026-09-29 12:45:13.058  INFO   search      farm branch=none (wander/search next)
2026-09-29 12:45:13.205  INFO   travel      hop begin wp=(300, 214) purpose=next_farm reason=no monsters
2026-09-29 12:45:14.224  INFO   session     Entity shadow: vision=20 {'player': 14, 'npc': 5, 'monster': 1} memory=23 {'player': 17, 'npc': 6} paired=17 median=0.039
2026-09-29 12:45:14.310  INFO   search      farm branch=none (wander/search next)
2026-09-29 12:45:14.905  INFO   search      farm branch=none (wander/search next)
2026-09-29 12:45:15.456  INFO   search      farm branch=none (wander/search next)
2026-09-29 12:45:15.484  INFO   travel      hop begin wp=(300, 217) purpose=next_farm reason=no monsters
2026-09-29 12:45:16.142  INFO   search      farm branch=none (wander/search next)
2026-09-29 12:45:16.668  INFO   search      farm branch=none (wander/search next)
2026-09-29 12:45:17.104  INFO   search      farm branch=none (wander/search next)
2026-09-29 12:45:17.762  INFO   search      farm branch=none (wander/search next)
2026-09-29 12:45:17.895  INFO   travel      hop begin wp=(299, 221) purpose=next_farm reason=no monsters
2026-09-29 12:45:18.548  INFO   search      farm branch=none (wander/search next)
2026-09-29 12:45:18.889  INFO   search      farm branch=none (wander/search next)
2026-09-29 12:45:19.625  INFO   session     Entity shadow: vision=7 {'player': 4, 'monster': 1, 'npc': 2} memory=11 {'player': 6, 'monster': 1, 'npc': 4} paired=5 median=0.029 unleveled=206:兔子
2026-09-29 12:45:19.779  INFO   search      farm branch=none (wander/search next)
2026-09-29 12:45:20.317  INFO   travel      hop begin wp=(299, 221) purpose=next_farm reason=no monsters
2026-09-29 12:45:21.008  INFO   search      farm branch=none (wander/search next)
2026-09-29 12:45:21.437  INFO   search      farm branch=none (wander/search next)
2026-09-29 12:45:21.671  INFO   search      farm branch=none (wander/search next)
2026-09-29 12:45:21.949  INFO   search      farm branch=none (wander/search next)
2026-09-29 12:45:22.422  INFO   search      farm branch=none (wander/search next)
2026-09-29 12:45:22.714  INFO   travel      hop begin wp=(295, 225) purpose=next_farm reason=no monsters
2026-09-29 12:45:23.400  INFO   search      farm branch=none (wander/search next)
2026-09-29 12:45:23.622  INFO   search      farm branch=none (wander/search next)
2026-09-29 12:45:24.047  INFO   search      farm branch=none (wander/search next)
2026-09-29 12:45:24.445  INFO   session     Entity shadow: vision=3 {'player': 2, 'monster': 1} memory=8 {'player': 3, 'monster': 1, 'npc': 4} paired=2 median=0.088 unleveled=206:兔子
2026-09-29 12:45:24.522  INFO   search      farm branch=none (wander/search next)
2026-09-29 12:45:24.738  INFO   search      farm branch=none (wander/search next)
2026-09-29 12:45:25.104  INFO   travel      hop begin wp=(295, 225) purpose=next_farm reason=no monsters
2026-09-29 12:45:25.576  INFO   search      farm branch=none (wander/search next)
2026-09-29 12:45:25.871  INFO   search      farm branch=none (wander/search next)
2026-09-29 12:45:26.316  INFO   search      farm branch=none (wander/search next)
2026-09-29 12:45:26.955  INFO   search      farm branch=none (wander/search next)
2026-09-29 12:45:27.214  INFO   search      farm branch=none (wander/search next)
2026-09-29 12:45:27.448  INFO   travel      hop begin wp=(291, 220) purpose=next_farm reason=enter farm, walk around
2026-09-29 12:45:28.049  INFO   search      farm branch=none (wander/search next)
2026-09-29 12:45:28.051  INFO   travel      hop arrive wp=(291, 220) purpose=next_farm
2026-09-29 12:45:28.068  INFO   travel      hop begin wp=(288, 229) purpose=next_farm reason=no monsters
2026-09-29 12:45:28.466  INFO   search      farm branch=none (wander/search next)
2026-09-29 12:45:29.025  INFO   search      farm branch=none (wander/search next)
2026-09-29 12:45:29.481  INFO   session     Entity shadow: vision=7 {'npc': 2, 'player': 3, 'monster': 2} memory=10 {'player': 3, 'npc': 4, 'monster': 3} paired=3 median=0.021 unleveled=206:兔子,207:兔子,68:警衛
2026-09-29 12:45:29.899  INFO   search      farm branch=none (wander/search next)
2026-09-29 12:45:30.210  INFO   search      farm branch=none (wander/search next)
2026-09-29 12:45:30.457  INFO   travel      hop begin wp=(288, 229) purpose=next_farm reason=no monsters
2026-09-29 12:45:30.879  INFO   search      farm branch=none (wander/search next)
2026-09-29 12:45:31.334  INFO   search      farm branch=none (wander/search next)
2026-09-29 12:45:31.898  INFO   search      farm branch=none (wander/search next)
2026-09-29 12:45:32.884  INFO   search      farm branch=none (wander/search next)
2026-09-29 12:45:33.039  INFO   travel      hop begin wp=(288, 229) purpose=next_farm reason=no monsters
2026-09-29 12:45:33.613  INFO   search      farm branch=none (wander/search next)
2026-09-29 12:45:34.082  INFO   search      farm branch=none (wander/search next)
2026-09-29 12:45:34.362  INFO   search      farm branch=none (wander/search next)
2026-09-29 12:45:34.836  INFO   session     Entity shadow: vision=7 {'npc': 2, 'player': 5} memory=10 {'monster': 3, 'npc': 4, 'player': 3} paired=4 median=0.023 unleveled=206:兔子,207:兔子,68:警衛
2026-09-29 12:45:34.949  INFO   search      farm branch=none (wander/search next)
2026-09-29 12:45:35.245  INFO   travel      hop begin wp=(288, 229) purpose=next_farm reason=no monsters
2026-09-29 12:45:35.699  INFO   search      farm branch=none (wander/search next)
2026-09-29 12:45:35.811  INFO   travel      hop begin wp=(291, 220) purpose=next_farm reason=unstick nearby
2026-09-29 12:45:36.331  INFO   search      farm branch=none (wander/search next)
2026-09-29 12:45:36.408  INFO   travel      hop arrive wp=(291, 220) purpose=next_farm
2026-09-29 12:45:36.439  INFO   travel      hop begin wp=(288, 229) purpose=next_farm reason=no monsters
2026-09-29 12:45:36.941  INFO   search      farm branch=none (wander/search next)
2026-09-29 12:45:37.021  INFO   travel      hop begin wp=(291, 219) purpose=next_farm reason=unstick nearby
2026-09-29 12:45:37.435  INFO   search      farm branch=none (wander/search next)
2026-09-29 12:45:37.616  INFO   travel      hop arrive wp=(291, 219) purpose=next_farm
2026-09-29 12:45:37.642  INFO   travel      hop begin wp=(288, 229) purpose=next_farm reason=no monsters
2026-09-29 12:45:38.089  INFO   search      farm branch=none (wander/search next)
2026-09-29 12:45:38.218  INFO   travel      hop begin wp=(291, 218) purpose=next_farm reason=unstick nearby
2026-09-29 12:45:38.656  INFO   search      farm branch=none (wander/search next)
2026-09-29 12:45:38.834  INFO   travel      hop begin wp=(292, 220) purpose=next_farm reason=unstick nearby
2026-09-29 12:45:39.486  INFO   search      farm branch=none (wander/search next)
2026-09-29 12:45:39.613  INFO   travel      hop arrive wp=(292, 220) purpose=next_farm
2026-09-29 12:45:39.653  INFO   travel      hop begin wp=(288, 229) purpose=next_farm reason=no monsters
2026-09-29 12:45:40.218  INFO   session     Entity shadow: vision=3 {'player': 2, 'npc': 1} memory=10 {'player': 3, 'monster': 3, 'npc': 4} paired=1 median=0.021 unleveled=207:兔子,206:兔子,68:警衛
2026-09-29 12:45:40.307  INFO   search      farm branch=none (wander/search next)
2026-09-29 12:45:40.308  INFO   travel      hop begin wp=(293, 221) purpose=next_farm reason=unstick nearby
2026-09-29 12:45:40.855  INFO   search      farm branch=none (wander/search next)
2026-09-29 12:45:40.855  INFO   travel      hop arrive wp=(293, 221) purpose=next_farm
2026-09-29 12:45:40.873  INFO   travel      hop begin wp=(288, 229) purpose=next_farm reason=no monsters
2026-09-29 12:45:41.402  INFO   search      farm branch=none (wander/search next)
2026-09-29 12:45:41.402  INFO   travel      hop begin wp=(295, 223) purpose=next_farm reason=unstick nearby
2026-09-29 12:45:41.412  INFO   decision    mode=traveling goal=traveling action=traveling target=- sticky=- origin=(292,221) shop=0 scrolled=0 reason='unstick nearby' status=success (repeat x50)
2026-09-29 12:45:41.948  INFO   search      farm branch=none (wander/search next)
2026-09-29 12:45:41.949  INFO   travel      hop begin wp=(293, 222) purpose=next_farm reason=unstick nearby
2026-09-29 12:45:42.506  INFO   search      farm branch=none (wander/search next)
2026-09-29 12:45:42.507  INFO   travel      hop arrive wp=(293, 222) purpose=next_farm
2026-09-29 12:45:42.524  INFO   travel      hop begin wp=(288, 229) purpose=next_farm reason=no monsters
2026-09-29 12:45:43.119  INFO   search      farm branch=none (wander/search next)
2026-09-29 12:45:43.299  INFO   nav         unstick TP emit reason=unstick confined
2026-09-29 12:45:43.610  INFO   nav         confined escape fired (bubble timeout)
2026-09-29 12:45:43.620  INFO   decision    mode=traveling goal=unstick action=teleport target=- sticky=- origin=(293,221) shop=0 scrolled=0 reason='unstick confined' status=success
2026-09-29 12:45:45.564  INFO   search      farm branch=none (wander/search next)
2026-09-29 12:45:45.714  INFO   travel      hop begin wp=(288, 229) purpose=next_farm reason=no monsters
2026-09-29 12:45:45.732  INFO   decision    mode=traveling goal=traveling action=traveling target=- sticky=- origin=(292,221) shop=0 scrolled=0 reason='no monsters' status=success
2026-09-29 12:45:46.676  INFO   session     Entity shadow: vision=6 {'player': 2, 'npc': 4} memory=7 {'monster': 5, 'player': 1, 'npc': 1} paired=0 median=0.000 unleveled=10:警衛,68:警衛
2026-09-29 12:45:46.778  INFO   search      farm branch=none (wander/search next)
2026-09-29 12:45:47.057  INFO   combat      farm branch=screen_combat id=168 dist=8
2026-09-29 12:45:47.314  INFO   combat      engage id=168 species=monster_늑대인간_9 rel=(-8,-1)
2026-09-29 12:45:47.323  INFO   decision    mode=traveling goal=combat action=attack target=168 sticky=168 origin=(253,203) shop=0 scrolled=0 reason='screen engage' status=success
2026-09-29 12:45:48.200  INFO   combat      farm branch=sticky id=168 dist=5
2026-09-29 12:45:49.013  INFO   combat      farm branch=sticky id=168 dist=2
2026-09-29 12:45:49.566  INFO   combat      farm branch=sticky id=168 dist=2
2026-09-29 12:45:49.978  INFO   combat      farm branch=sticky id=168 dist=1
2026-09-29 12:45:50.964  INFO   combat      farm branch=sticky id=168 dist=1
2026-09-29 12:45:51.620  INFO   session     Entity shadow: vision=5 {'npc': 3, 'player': 2} memory=5 {'monster': 4, 'player': 1} paired=1 median=0.031 unleveled=68:警衛,10:警衛
2026-09-29 12:45:51.697  INFO   combat      farm branch=sticky id=168 dist=1
2026-09-29 12:45:52.170  INFO   combat      farm branch=sticky id=168 dist=1
2026-09-29 12:45:52.584  INFO   combat      farm branch=sticky id=168 dist=1
2026-09-29 12:45:53.097  INFO   combat      farm branch=sticky id=168 dist=1
2026-09-29 12:45:53.693  INFO   combat      farm branch=sticky id=168 dist=1
2026-09-29 12:45:54.297  INFO   search      farm branch=none (wander/search next)
2026-09-29 12:45:54.524  INFO   travel      hop begin wp=(238, 208) purpose=next_farm reason=no monsters
2026-09-29 12:45:54.532  INFO   decision    mode=traveling goal=traveling action=traveling target=- sticky=- origin=(249,203) shop=0 scrolled=0 reason='no monsters' status=success
2026-09-29 12:45:55.143  INFO   search      farm branch=none (wander/search next)
2026-09-29 12:45:55.389  INFO   search      farm branch=none (wander/search next)
2026-09-29 12:45:55.885  INFO   search      farm branch=none (wander/search next)
2026-09-29 12:45:56.406  INFO   search      farm branch=none (wander/search next)
2026-09-29 12:45:56.892  INFO   session     Entity shadow: vision=6 {'player': 2, 'npc': 3, 'item': 1} memory=4 {'monster': 2, 'player': 1, 'item': 1} paired=2 median=0.013 unleveled=10:警衛
2026-09-29 12:45:57.042  INFO   search      farm branch=none (wander/search next)
2026-09-29 12:45:57.532  INFO   travel      hop begin wp=(235, 208) purpose=next_farm reason=no monsters
2026-09-29 12:45:58.241  INFO   combat      farm branch=screen_combat id=175 dist=16
2026-09-29 12:45:58.249  INFO   combat      engage id=175 species=monster_오크 전사_8 rel=(-1,16)
2026-09-29 12:45:58.260  INFO   decision    mode=traveling goal=combat action=attack target=175 sticky=175 origin=(244,207) shop=0 scrolled=0 reason='screen engage' status=success
2026-09-29 12:45:58.894  INFO   combat      farm branch=sticky id=175 dist=16
2026-09-29 12:45:59.425  INFO   combat      farm branch=sticky id=175 dist=15
2026-09-29 12:45:59.703  INFO   combat      farm branch=sticky id=175 dist=15
2026-09-29 12:46:00.259  INFO   combat      farm branch=sticky id=175 dist=14
2026-09-29 12:46:00.862  INFO   combat      farm branch=sticky id=175 dist=14
2026-09-29 12:46:01.377  INFO   combat      farm branch=sticky id=175 dist=12
2026-09-29 12:46:02.241  INFO   session     Entity shadow: vision=3 {'player': 2, 'npc': 1} memory=3 {'player': 1, 'monster': 2} paired=1 median=0.009 unleveled=10:警衛
2026-09-29 12:46:02.322  INFO   combat      farm branch=sticky id=175 dist=11
2026-09-29 12:46:02.970  INFO   combat      farm branch=sticky id=175 dist=11
2026-09-29 12:46:03.767  INFO   combat      farm branch=sticky id=175 dist=10
2026-09-29 12:46:04.438  INFO   combat      farm branch=sticky id=175 dist=10
2026-09-29 12:46:05.033  INFO   combat      farm branch=sticky id=175 dist=9
2026-09-29 12:46:05.612  INFO   combat      farm branch=sticky id=175 dist=8
2026-09-29 12:46:06.248  INFO   combat      farm branch=sticky id=175 dist=8
2026-09-29 12:46:06.838  INFO   combat      farm branch=sticky id=175 dist=7
2026-09-29 12:46:07.659  INFO   session     Entity shadow: vision=6 {'item': 1, 'npc': 1, 'player': 3, 'monster': 1} memory=3 {'item': 1, 'player': 1, 'monster': 1} paired=2 median=0.053 unleveled=10:警衛
2026-09-29 12:46:07.757  INFO   search      farm branch=none (wander/search next)
2026-09-29 12:46:07.765  INFO   travel      hop begin wp=(238, 222) purpose=next_farm reason=no monsters
2026-09-29 12:46:07.774  INFO   decision    mode=traveling goal=traveling action=traveling target=- sticky=- origin=(243,212) shop=0 scrolled=0 reason='no monsters' status=success
2026-09-29 12:46:08.376  INFO   search      farm branch=none (wander/search next)
2026-09-29 12:46:08.631  INFO   search      farm branch=none (wander/search next)
2026-09-29 12:46:09.182  INFO   search      farm branch=none (wander/search next)
2026-09-29 12:46:10.141  INFO   search      farm branch=none (wander/search next)
2026-09-29 12:46:10.269  INFO   travel      hop begin wp=(237, 223) purpose=next_farm reason=no monsters
2026-09-29 12:46:10.844  INFO   search      farm branch=none (wander/search next)
2026-09-29 12:46:11.145  INFO   search      farm branch=none (wander/search next)
2026-09-29 12:46:11.515  INFO   search      farm branch=none (wander/search next)
2026-09-29 12:46:11.935  INFO   search      farm branch=none (wander/search next)
2026-09-29 12:46:12.115  INFO   search      farm branch=none (wander/search next)
2026-09-29 12:46:12.483  INFO   session     Entity shadow: vision=1 {'player': 1} memory=0 {} paired=0 median=0.000
2026-09-29 12:46:12.533  INFO   search      farm branch=none (wander/search next)
2026-09-29 12:46:12.534  INFO   travel      hop begin wp=(232, 217) purpose=next_farm reason=enter farm, walk around
2026-09-29 12:46:13.072  INFO   search      farm branch=none (wander/search next)
2026-09-29 12:46:13.235  INFO   search      farm branch=none (wander/search next)
2026-09-29 12:46:13.474  INFO   search      farm branch=none (wander/search next)
2026-09-29 12:46:13.851  INFO   search      farm branch=none (wander/search next)
2026-09-29 12:46:14.159  INFO   search      farm branch=none (wander/search next)
2026-09-29 12:46:14.259  INFO   travel      hop arrive wp=(232, 217) purpose=next_farm
2026-09-29 12:46:14.272  INFO   travel      hop begin wp=(228, 228) purpose=next_farm reason=no monsters
2026-09-29 12:46:14.728  INFO   search      farm branch=none (wander/search next)
2026-09-29 12:46:15.096  INFO   search      farm branch=none (wander/search next)
2026-09-29 12:46:15.556  INFO   search      farm branch=none (wander/search next)
2026-09-29 12:46:15.732  INFO   search      farm branch=none (wander/search next)
2026-09-29 12:46:16.297  INFO   search      farm branch=none (wander/search next)
2026-09-29 12:46:16.610  INFO   travel      hop begin wp=(223, 228) purpose=next_farm reason=no monsters
2026-09-29 12:46:17.245  INFO   search      farm branch=none (wander/search next)
2026-09-29 12:46:17.814  INFO   session     Entity shadow: vision=1 {'player': 1} memory=0 {} paired=0 median=0.000
2026-09-29 12:46:17.863  INFO   search      farm branch=none (wander/search next)
2026-09-29 12:46:18.095  INFO   search      farm branch=none (wander/search next)
2026-09-29 12:46:18.594  INFO   search      farm branch=none (wander/search next)
2026-09-29 12:46:18.982  INFO   search      farm branch=none (wander/search next)
2026-09-29 12:46:18.989  INFO   travel      hop begin wp=(220, 231) purpose=next_farm reason=no monsters
2026-09-29 12:46:19.353  INFO   search      farm branch=none (wander/search next)
2026-09-29 12:46:19.802  INFO   search      farm branch=none (wander/search next)
2026-09-29 12:46:20.180  INFO   search      farm branch=none (wander/search next)
2026-09-29 12:46:20.400  INFO   search      farm branch=none (wander/search next)
2026-09-29 12:46:20.826  INFO   search      farm branch=none (wander/search next)
2026-09-29 12:46:20.989  INFO   search      farm branch=none (wander/search next)
2026-09-29 12:46:20.994  INFO   travel      hop begin wp=(217, 234) purpose=next_farm reason=no monsters
2026-09-29 12:46:21.501  INFO   search      farm branch=none (wander/search next)
2026-09-29 12:46:21.711  INFO   search      farm branch=none (wander/search next)
2026-09-29 12:46:22.145  INFO   search      farm branch=none (wander/search next)
2026-09-29 12:46:22.486  INFO   search      farm branch=none (wander/search next)
2026-09-29 12:46:22.760  INFO   search      farm branch=none (wander/search next)
2026-09-29 12:46:23.156  INFO   session     Entity shadow: vision=1 {'player': 1} memory=1 {'monster': 1} paired=0 median=0.000 unleveled=14:青蛙
2026-09-29 12:46:23.207  INFO   search      farm branch=none (wander/search next)
2026-09-29 12:46:23.232  INFO   travel      hop begin wp=(214, 237) purpose=next_farm reason=no monsters
2026-09-29 12:46:23.861  INFO   search      farm branch=none (wander/search next)
2026-09-29 12:46:24.446  INFO   search      farm branch=none (wander/search next)
2026-09-29 12:46:24.649  INFO   search      farm branch=none (wander/search next)
2026-09-29 12:46:25.260  INFO   search      farm branch=none (wander/search next)
2026-09-29 12:46:25.624  INFO   travel      hop begin wp=(211, 240) purpose=next_farm reason=no monsters
2026-09-29 12:46:26.138  INFO   search      farm branch=none (wander/search next)
2026-09-29 12:46:26.397  INFO   search      farm branch=none (wander/search next)
2026-09-29 12:46:26.668  INFO   search      farm branch=none (wander/search next)
2026-09-29 12:46:27.032  INFO   search      farm branch=none (wander/search next)
2026-09-29 12:46:27.504  INFO   search      farm branch=none (wander/search next)
2026-09-29 12:46:27.691  INFO   search      farm branch=none (wander/search next)
2026-09-29 12:46:28.026  INFO   travel      hop begin wp=(207, 244) purpose=next_farm reason=no monsters
2026-09-29 12:46:28.591  INFO   session     Entity shadow: vision=2 {'player': 1, 'monster': 1} memory=1 {'monster': 1} paired=0 median=0.000 unleveled=14:青蛙
2026-09-29 12:46:28.661  INFO   search      farm branch=none (wander/search next)
2026-09-29 12:46:28.970  INFO   combat      farm branch=screen_combat id=181 dist=11
2026-09-29 12:46:29.232  INFO   combat      engage id=181 species=monster_오크_2 rel=(-11,7)
2026-09-29 12:46:29.243  INFO   decision    mode=traveling goal=combat action=attack target=181 sticky=181 origin=(213,238) shop=0 scrolled=0 reason='screen engage' status=success
2026-09-29 12:46:29.835  INFO   session     Paused — hotkey
2026-09-29 12:46:33.006  INFO   session     Resume → Running
2026-09-29 12:46:33.541  INFO   session     Entity shadow: vision=3 {'player': 1, 'monster': 2} memory=3 {'monster': 3} paired=2 median=0.020 unleveled=14:青蛙
2026-09-29 12:46:33.621  INFO   combat      farm branch=sticky id=181 dist=5
2026-09-29 12:46:34.081  INFO   combat      farm branch=sticky id=181 dist=4
2026-09-29 12:46:34.363  INFO   combat      farm branch=sticky id=181 dist=4
2026-09-29 12:46:35.103  INFO   combat      farm branch=sticky id=181 dist=4
2026-09-29 12:46:35.615  INFO   combat      farm branch=sticky id=181 dist=2
2026-09-29 12:46:36.526  INFO   combat      farm branch=sticky id=181 dist=1
2026-09-29 12:46:37.179  INFO   combat      farm branch=sticky id=181 dist=1
2026-09-29 12:46:37.682  INFO   combat      farm branch=sticky id=181 dist=1
2026-09-29 12:46:38.025  INFO   combat      farm branch=sticky id=181 dist=1
2026-09-29 12:46:38.546  INFO   combat      farm branch=sticky id=181 dist=1
2026-09-29 12:46:39.471  INFO   session     Entity shadow: vision=2 {'monster': 2} memory=2 {'monster': 2} paired=1 median=0.015 unleveled=14:青蛙
2026-09-29 12:46:39.554  INFO   combat      farm branch=sticky id=180 dist=1
2026-09-29 12:46:39.555  INFO   decision    mode=traveling goal=combat action=attack target=180 sticky=180 origin=(205,245) shop=0 scrolled=0 reason='attack target' status=success
2026-09-29 12:46:40.079  INFO   combat      farm branch=sticky id=180 dist=1
2026-09-29 12:46:40.344  INFO   combat      farm branch=sticky id=180 dist=1
2026-09-29 12:46:41.034  INFO   combat      farm branch=sticky id=180 dist=1
2026-09-29 12:46:41.533  INFO   combat      farm branch=sticky id=180 dist=1
2026-09-29 12:46:42.227  INFO   combat      farm branch=sticky id=180 dist=1
2026-09-29 12:46:43.111  INFO   search      farm branch=none (wander/search next)
2026-09-29 12:46:43.253  INFO   travel      hop begin wp=(198, 252) purpose=next_farm reason=no monsters
2026-09-29 12:46:43.265  INFO   decision    mode=traveling goal=traveling action=traveling target=- sticky=- origin=(206,244) shop=0 scrolled=0 reason='no monsters' status=success
2026-09-29 12:46:43.848  INFO   search      farm branch=none (wander/search next)
2026-09-29 12:46:44.089  INFO   search      farm branch=none (wander/search next)
2026-09-29 12:46:44.517  INFO   session     Entity shadow: vision=1 {'player': 1} memory=1 {'monster': 1} paired=0 median=0.000 unleveled=14:青蛙
2026-09-29 12:46:44.580  INFO   search      farm branch=none (wander/search next)
2026-09-29 12:46:45.206  INFO   search      farm branch=none (wander/search next)
2026-09-29 12:46:45.480  INFO   travel      hop begin wp=(196, 253) purpose=next_farm reason=no monsters
2026-09-29 12:46:45.881  INFO   search      farm branch=none (wander/search next)
2026-09-29 12:46:46.413  INFO   search      farm branch=none (wander/search next)
2026-09-29 12:46:46.967  INFO   search      farm branch=none (wander/search next)
2026-09-29 12:46:47.563  INFO   search      farm branch=none (wander/search next)
2026-09-29 12:46:47.574  INFO   travel      hop begin wp=(192, 255) purpose=next_farm reason=no monsters
2026-09-29 12:46:48.196  INFO   search      farm branch=none (wander/search next)
2026-09-29 12:46:48.970  INFO   combat      farm branch=screen_combat id=185 dist=11
2026-09-29 12:46:49.313  INFO   combat      engage id=185 species=monster_오크_2 rel=(-6,11)
2026-09-29 12:46:49.324  INFO   decision    mode=traveling goal=combat action=attack target=185 sticky=185 origin=(198,251) shop=0 scrolled=0 reason='screen engage' status=success
2026-09-29 12:46:50.033  INFO   session     Entity shadow: vision=3 {'player': 2, 'monster': 1} memory=3 {'item': 1, 'player': 1, 'monster': 1} paired=2 median=0.113 unleveled=14:青蛙
2026-09-29 12:46:50.115  INFO   loot        begin_loot_item id=186
2026-09-29 12:46:50.117  INFO   loot        approach hop item=186 wp=(192, 260) reason=walk onto item
2026-09-29 12:46:50.123  INFO   loot        farm branch=loot item_id=186
2026-09-29 12:46:50.135  INFO   decision    mode=traveling goal=loot action=searching target=186 sticky=- origin=(196,253) shop=0 scrolled=0 reason='walk onto item' status=success
2026-09-29 12:46:50.637  INFO   loot        farm branch=loot item_id=186
2026-09-29 12:46:50.879  INFO   loot        farm branch=loot item_id=186
2026-09-29 12:46:51.390  INFO   loot        farm branch=loot item_id=186
2026-09-29 12:46:51.984  INFO   loot        farm branch=loot item_id=186
2026-09-29 12:46:52.588  INFO   decision    mode=traveling goal=buff action=buff target=- sticky=- origin=(193,256) shop=0 scrolled=0 reason='power_up' status=success
2026-09-29 12:46:53.668  INFO   loot        farm branch=loot item_id=186
2026-09-29 12:46:53.669  INFO   decision    mode=traveling goal=loot action=pickup target=186 sticky=- origin=(191,259) shop=0 scrolled=0 reason='loot target' status=success
2026-09-29 12:46:54.409  INFO   combat      farm branch=screen_combat id=187 dist=9
2026-09-29 12:46:54.871  INFO   combat      engage id=187 species=monster_오크_2 rel=(-9,7)
2026-09-29 12:46:54.881  INFO   decision    mode=traveling goal=combat action=attack target=187 sticky=187 origin=(191,259) shop=0 scrolled=0 reason='screen engage' status=success
2026-09-29 12:46:55.628  INFO   session     Entity shadow: vision=4 {'monster': 2, 'item': 1, 'player': 1} memory=5 {'player': 1, 'monster': 3, 'item': 1} paired=3 median=0.007 unleveled=189:鹿,14:青蛙
2026-09-29 12:46:55.708  INFO   combat      farm branch=sticky id=187 dist=7
2026-09-29 12:46:56.321  INFO   combat      farm branch=sticky id=187 dist=7
2026-09-29 12:46:56.989  INFO   combat      farm branch=sticky id=187 dist=6
2026-09-29 12:46:57.546  INFO   combat      farm branch=sticky id=187 dist=5
2026-09-29 12:46:58.166  INFO   combat      farm branch=sticky id=187 dist=5
2026-09-29 12:46:58.766  INFO   combat      farm branch=sticky id=187 dist=4
2026-09-29 12:46:59.498  INFO   loot        begin_loot_item id=186
2026-09-29 12:46:59.727  INFO   loot        pickup emit item=186 reason=engage item
2026-09-29 12:46:59.737  INFO   loot        farm branch=loot item_id=186
2026-09-29 12:46:59.746  INFO   decision    mode=traveling goal=loot action=pickup target=186 sticky=- origin=(191,260) shop=0 scrolled=0 reason='engage item' status=success
2026-09-29 12:47:00.509  INFO   search      farm branch=none (wander/search next)
2026-09-29 12:47:00.515  INFO   travel      hop begin wp=(187, 273) purpose=next_farm reason=no monsters
2026-09-29 12:47:00.523  INFO   decision    mode=traveling goal=traveling action=traveling target=- sticky=- origin=(190,261) shop=0 scrolled=0 reason='no monsters' status=success
2026-09-29 12:47:01.016  INFO   session     Entity shadow: vision=2 {'item': 1, 'monster': 1} memory=4 {'player': 1, 'monster': 2, 'item': 1} paired=1 median=0.033 unleveled=14:青蛙,189:鹿
2026-09-29 12:47:01.095  INFO   search      farm branch=none (wander/search next)
2026-09-29 12:47:01.628  INFO   search      farm branch=none (wander/search next)
2026-09-29 12:47:02.179  INFO   search      farm branch=none (wander/search next)
2026-09-29 12:47:02.400  INFO   search      farm branch=none (wander/search next)
2026-09-29 12:47:02.716  INFO   travel      hop begin wp=(187, 273) purpose=next_farm reason=no monsters
2026-09-29 12:47:03.192  INFO   search      farm branch=none (wander/search next)
2026-09-29 12:47:03.547  INFO   search      farm branch=none (wander/search next)
2026-09-29 12:47:04.000  INFO   loot        begin_loot_item id=186
2026-09-29 12:47:04.002  INFO   loot        approach hop item=186 wp=(192, 260) reason=walk onto item
2026-09-29 12:47:04.009  INFO   loot        farm branch=loot item_id=186
2026-09-29 12:47:04.026  INFO   decision    mode=traveling goal=loot action=searching target=186 sticky=- origin=(188,263) shop=0 scrolled=0 reason='walk onto item' status=success
2026-09-29 12:47:04.591  INFO   loot        farm branch=loot item_id=186
2026-09-29 12:47:04.773  INFO   loot        farm branch=loot item_id=186
2026-09-29 12:47:05.169  INFO   loot        farm branch=loot item_id=186
2026-09-29 12:47:05.338  INFO   loot        farm branch=loot item_id=186
2026-09-29 12:47:05.746  INFO   loot        farm branch=loot item_id=186
2026-09-29 12:47:05.909  INFO   loot        farm branch=loot item_id=186
2026-09-29 12:47:06.346  INFO   session     Entity shadow: vision=2 {'item': 1, 'player': 1} memory=3 {'monster': 1, 'player': 1, 'item': 1} paired=2 median=0.049 unleveled=189:鹿
2026-09-29 12:47:06.405  INFO   loot        approach hop item=186 wp=(192, 260) reason=walk onto item
2026-09-29 12:47:06.406  INFO   loot        farm branch=loot item_id=186
2026-09-29 12:47:07.036  INFO   loot        farm branch=loot item_id=186
2026-09-29 12:47:07.230  INFO   loot        farm branch=loot item_id=186
2026-09-29 12:47:08.183  INFO   loot        farm branch=loot item_id=186
2026-09-29 12:47:08.314  INFO   decision    mode=traveling goal=loot action=pickup target=186 sticky=- origin=(190,262) shop=0 scrolled=0 reason='loot target' status=success
2026-09-29 12:47:08.915  INFO   search      farm branch=none (wander/search next)
2026-09-29 12:47:08.920  INFO   travel      hop begin wp=(199, 267) purpose=next_farm reason=no monsters
2026-09-29 12:47:08.930  INFO   decision    mode=traveling goal=traveling action=traveling target=- sticky=- origin=(192,260) shop=0 scrolled=0 reason='no monsters' status=success
2026-09-29 12:47:09.456  INFO   search      farm branch=none (wander/search next)
2026-09-29 12:47:09.705  INFO   search      farm branch=none (wander/search next)
2026-09-29 12:47:10.207  INFO   search      farm branch=none (wander/search next)
2026-09-29 12:47:10.694  INFO   search      farm branch=none (wander/search next)
2026-09-29 12:47:11.062  INFO   search      farm branch=none (wander/search next)
2026-09-29 12:47:11.125  INFO   travel      hop begin wp=(202, 268) purpose=next_farm reason=no monsters
2026-09-29 12:47:11.698  INFO   session     Entity shadow: vision=2 {'player': 1, 'item': 1} memory=4 {'monster': 3, 'item': 1} paired=1 median=0.008 unleveled=206:兔子,14:青蛙,189:鹿
2026-09-29 12:47:11.800  INFO   search      farm branch=none (wander/search next)
2026-09-29 12:47:12.065  INFO   loot        begin_loot_item id=186
2026-09-29 12:47:12.289  INFO   loot        approach hop item=186 wp=(192, 260) reason=walk onto item
2026-09-29 12:47:12.294  INFO   loot        farm branch=loot item_id=186
2026-09-29 12:47:12.305  INFO   decision    mode=traveling goal=loot action=searching target=186 sticky=- origin=(196,262) shop=0 scrolled=0 reason='walk onto item' status=success
2026-09-29 12:47:12.682  INFO   nav         unstick TP emit reason=unstick confined
2026-09-29 12:47:12.916  INFO   nav         confined escape fired (bubble timeout)
2026-09-29 12:47:12.927  INFO   decision    mode=traveling goal=unstick action=teleport target=- sticky=- origin=(196,262) shop=0 scrolled=0 reason='unstick confined' status=success
2026-09-29 12:47:14.379  INFO   combat      farm branch=screen_combat id=196 dist=30
2026-09-29 12:47:14.897  INFO   combat      engage id=196 species=monster_그렘린_4 rel=(15,-30)
2026-09-29 12:47:14.909  INFO   decision    mode=traveling goal=combat action=attack target=196 sticky=196 origin=(197,263) shop=0 scrolled=0 reason='screen engage' status=success
2026-09-29 12:47:15.725  INFO   combat      farm branch=sticky id=198 dist=5
2026-09-29 12:47:15.726  INFO   decision    mode=traveling goal=combat action=attack target=198 sticky=198 origin=(216,238) shop=0 scrolled=0 reason='attack target' status=success
2026-09-29 12:47:16.195  INFO   combat      farm branch=sticky id=198 dist=5
2026-09-29 12:47:16.486  INFO   combat      farm branch=sticky id=198 dist=5
2026-09-29 12:47:17.323  INFO   session     Entity shadow: vision=1 {'player': 1} memory=1 {'monster': 1} paired=0 median=0.000 unleveled=14:青蛙
2026-09-29 12:47:17.417  INFO   search      farm branch=none (wander/search next)
2026-09-29 12:47:17.441  INFO   travel      hop begin wp=(208, 246) purpose=next_farm reason=no monsters
2026-09-29 12:47:17.451  INFO   decision    mode=traveling goal=traveling action=traveling target=- sticky=- origin=(216,238) shop=0 scrolled=0 reason='no monsters' status=success
2026-09-29 12:47:18.061  INFO   search      farm branch=none (wander/search next)
2026-09-29 12:47:18.252  INFO   search      farm branch=none (wander/search next)
2026-09-29 12:47:18.807  INFO   search      farm branch=none (wander/search next)
2026-09-29 12:47:19.224  INFO   search      farm branch=none (wander/search next)
2026-09-29 12:47:19.416  INFO   search      farm branch=none (wander/search next)
2026-09-29 12:47:19.764  INFO   travel      hop begin wp=(205, 245) purpose=next_farm reason=no monsters
2026-09-29 12:47:20.219  INFO   search      farm branch=none (wander/search next)
2026-09-29 12:47:20.579  INFO   search      farm branch=none (wander/search next)
2026-09-29 12:47:21.104  INFO   search      farm branch=none (wander/search next)
2026-09-29 12:47:21.812  INFO   search      farm branch=none (wander/search next)
2026-09-29 12:47:22.177  INFO   travel      hop begin wp=(202, 248) purpose=next_farm reason=no monsters
2026-09-29 12:47:22.757  INFO   session     Entity shadow: vision=1 {'player': 1} memory=1 {'monster': 1} paired=0 median=0.000 unleveled=14:青蛙
2026-09-29 12:47:22.844  INFO   search      farm branch=none (wander/search next)
2026-09-29 12:47:23.048  INFO   search      farm branch=none (wander/search next)
2026-09-29 12:47:23.564  INFO   search      farm branch=none (wander/search next)
2026-09-29 12:47:23.943  INFO   search      farm branch=none (wander/search next)
2026-09-29 12:47:24.152  INFO   search      farm branch=none (wander/search next)
2026-09-29 12:47:24.453  INFO   search      farm branch=none (wander/search next)
2026-09-29 12:47:24.584  INFO   travel      hop begin wp=(198, 252) purpose=next_farm reason=no monsters
2026-09-29 12:47:25.052  INFO   search      farm branch=none (wander/search next)
2026-09-29 12:47:25.373  INFO   search      farm branch=none (wander/search next)
2026-09-29 12:47:25.723  INFO   search      farm branch=none (wander/search next)
2026-09-29 12:47:26.028  INFO   search      farm branch=none (wander/search next)
2026-09-29 12:47:26.453  INFO   search      farm branch=none (wander/search next)
2026-09-29 12:47:26.620  INFO   search      farm branch=none (wander/search next)
2026-09-29 12:47:26.640  INFO   travel      hop begin wp=(195, 255) purpose=next_farm reason=no monsters
2026-09-29 12:47:27.374  INFO   search      farm branch=none (wander/search next)
2026-09-29 12:47:27.853  INFO   session     Entity shadow: vision=2 {'player': 1, 'item': 1} memory=2 {'item': 1, 'monster': 1} paired=1 median=0.013 unleveled=14:青蛙
2026-09-29 12:47:28.284  INFO   loot        begin_loot_item id=201
2026-09-29 12:47:28.415  INFO   loot        approach hop item=201 wp=(193, 257) reason=walk onto item
2026-09-29 12:47:28.420  INFO   loot        farm branch=loot item_id=201
2026-09-29 12:47:28.432  INFO   decision    mode=traveling goal=loot action=searching target=201 sticky=- origin=(201,249) shop=0 scrolled=0 reason='walk onto item' status=success
2026-09-29 12:47:28.943  INFO   loot        farm branch=loot item_id=201
2026-09-29 12:47:29.181  INFO   loot        farm branch=loot item_id=201
2026-09-29 12:47:29.646  INFO   loot        farm branch=loot item_id=201
2026-09-29 12:47:30.074  INFO   loot        farm branch=loot item_id=201
2026-09-29 12:47:30.244  INFO   loot        farm branch=loot item_id=201
2026-09-29 12:47:30.791  INFO   loot        approach hop item=201 wp=(192, 260) reason=walk onto item
2026-09-29 12:47:30.792  INFO   loot        farm branch=loot item_id=201
2026-09-29 12:47:31.295  INFO   loot        farm branch=loot item_id=201
2026-09-29 12:47:31.532  INFO   loot        farm branch=loot item_id=201
2026-09-29 12:47:31.989  INFO   loot        farm branch=loot item_id=201
2026-09-29 12:47:32.377  INFO   loot        farm branch=loot item_id=201
2026-09-29 12:47:32.593  INFO   loot        farm branch=loot item_id=201
2026-09-29 12:47:33.020  INFO   session     Entity shadow: vision=3 {'player': 1, 'monster': 1, 'item': 1} memory=4 {'monster': 3, 'item': 1} paired=2 median=0.016 unleveled=207:兔子
2026-09-29 12:47:33.085  INFO   loot        approach hop item=201 wp=(192, 260) reason=walk onto item
2026-09-29 12:47:33.086  INFO   loot        farm branch=loot item_id=201
2026-09-29 12:47:33.667  INFO   loot        farm branch=loot item_id=201
2026-09-29 12:47:33.668  INFO   decision    mode=traveling goal=loot action=pickup target=201 sticky=- origin=(192,258) shop=0 scrolled=0 reason='loot target' status=success
2026-09-29 12:47:34.412  INFO   combat      farm branch=screen_combat id=202 dist=7
2026-09-29 12:47:34.871  INFO   combat      engage id=202 species=monster_오크_2 rel=(-7,-4)
2026-09-29 12:47:34.881  INFO   decision    mode=traveling goal=combat action=attack target=202 sticky=202 origin=(191,259) shop=0 scrolled=0 reason='screen engage' status=success
2026-09-29 12:47:35.651  INFO   combat      farm branch=sticky id=202 dist=7
2026-09-29 12:47:36.166  INFO   combat      farm branch=sticky id=202 dist=7
2026-09-29 12:47:36.505  INFO   combat      farm branch=sticky id=202 dist=7
2026-09-29 12:47:37.030  INFO   combat      farm branch=sticky id=202 dist=7
2026-09-29 12:47:37.547  INFO   combat      farm branch=sticky id=202 dist=7
2026-09-29 12:47:38.450  INFO   session     Entity shadow: vision=2 {'monster': 1, 'player': 1} memory=6 {'monster': 5, 'item': 1} paired=0 median=0.000 unleveled=189:鹿,207:兔子,206:兔子
2026-09-29 12:47:38.548  INFO   loot        begin_loot_item id=208
2026-09-29 12:47:38.554  INFO   loot        approach hop item=208 wp=(186, 256) reason=walk onto item
2026-09-29 12:47:38.564  INFO   loot        farm branch=loot item_id=208
2026-09-29 12:47:38.575  INFO   decision    mode=traveling goal=loot action=searching target=208 sticky=- origin=(191,260) shop=0 scrolled=0 reason='walk onto item' status=success
2026-09-29 12:47:39.113  INFO   loot        farm branch=loot item_id=208
2026-09-29 12:47:39.358  INFO   loot        farm branch=loot item_id=208
2026-09-29 12:47:39.967  INFO   loot        farm branch=loot item_id=208
2026-09-29 12:47:40.921  INFO   loot        approach hop item=208 wp=(186, 256) reason=walk onto item
2026-09-29 12:47:41.057  INFO   loot        farm branch=loot item_id=208
2026-09-29 12:47:41.616  INFO   loot        farm branch=loot item_id=208
2026-09-29 12:47:41.616  INFO   decision    mode=traveling goal=loot action=pickup target=208 sticky=- origin=(187,256) shop=0 scrolled=0 reason='loot target' status=success
2026-09-29 12:47:42.208  INFO   combat      farm branch=screen_combat id=205 dist=7
2026-09-29 12:47:42.219  INFO   combat      engage id=205 species=monster_고블린_2 rel=(4,7)
2026-09-29 12:47:42.228  INFO   decision    mode=traveling goal=combat action=attack target=205 sticky=205 origin=(187,256) shop=0 scrolled=0 reason='screen engage' status=success
2026-09-29 12:47:42.913  INFO   combat      farm branch=sticky id=205 dist=7
2026-09-29 12:47:43.822  INFO   session     Entity shadow: vision=2 {'player': 1, 'item': 1} memory=6 {'monster': 5, 'item': 1} paired=1 median=0.003 unleveled=206:兔子,189:鹿,207:兔子
2026-09-29 12:47:43.885  INFO   combat      farm branch=sticky id=205 dist=7
2026-09-29 12:47:44.357  INFO   combat      farm branch=sticky id=205 dist=6
2026-09-29 12:47:44.707  INFO   combat      farm branch=sticky id=205 dist=6
2026-09-29 12:47:45.362  INFO   combat      farm branch=sticky id=205 dist=5
2026-09-29 12:47:45.993  INFO   combat      farm branch=sticky id=205 dist=5
2026-09-29 12:47:46.586  INFO   combat      farm branch=sticky id=205 dist=3
2026-09-29 12:47:47.540  INFO   combat      farm branch=sticky id=205 dist=3
2026-09-29 12:47:48.195  INFO   loot        begin_loot_item id=208
2026-09-29 12:47:48.200  INFO   loot        approach hop item=208 wp=(186, 256) reason=walk onto item
2026-09-29 12:47:48.207  INFO   loot        farm branch=loot item_id=208
2026-09-29 12:47:48.218  INFO   decision    mode=traveling goal=loot action=searching target=208 sticky=- origin=(191,260) shop=0 scrolled=0 reason='walk onto item' status=success
2026-09-29 12:47:48.771  INFO   session     Entity shadow: vision=2 {'monster': 1, 'item': 1} memory=3 {'monster': 2, 'item': 1} paired=1 median=0.036 unleveled=207:兔子,189:鹿
2026-09-29 12:47:48.828  INFO   loot        farm branch=loot item_id=208
2026-09-29 12:47:49.162  INFO   loot        farm branch=loot item_id=208
2026-09-29 12:47:49.507  INFO   loot        farm branch=loot item_id=208
2026-09-29 12:47:49.911  INFO   loot        farm branch=loot item_id=208
2026-09-29 12:47:50.091  INFO   loot        farm branch=loot item_id=208
2026-09-29 12:47:50.434  INFO   loot        approach hop item=208 wp=(186, 256) reason=walk onto item
2026-09-29 12:47:50.482  INFO   loot        farm branch=loot item_id=208
2026-09-29 12:47:50.909  INFO   loot        farm branch=loot item_id=208
2026-09-29 12:47:51.319  INFO   loot        farm branch=loot item_id=208
2026-09-29 12:47:51.697  INFO   loot        farm branch=loot item_id=208
2026-09-29 12:47:51.697  INFO   decision    mode=traveling goal=loot action=pickup target=208 sticky=- origin=(187,256) shop=0 scrolled=0 reason='loot target' status=success
2026-09-29 12:47:52.410  INFO   search      farm branch=none (wander/search next)
2026-09-29 12:47:52.416  INFO   travel      hop begin wp=(180, 267) purpose=next_farm reason=no monsters
2026-09-29 12:47:52.424  INFO   decision    mode=traveling goal=traveling action=traveling target=- sticky=- origin=(185,256) shop=0 scrolled=0 reason='no monsters' status=success
2026-09-29 12:47:53.006  INFO   combat      farm branch=screen_combat id=215 dist=10
2026-09-29 12:47:53.024  INFO   combat      engage id=215 species=monster_고블린_2 rel=(7,10)
2026-09-29 12:47:53.043  INFO   decision    mode=traveling goal=combat action=attack target=215 sticky=215 origin=(185,256) shop=0 scrolled=0 reason='screen engage' status=success
2026-09-29 12:47:53.719  INFO   combat      farm branch=sticky id=215 dist=8
2026-09-29 12:47:54.208  INFO   session     Entity shadow: vision=2 {'player': 2} memory=4 {'player': 1, 'monster': 3} paired=1 median=0.070 unleveled=189:鹿
2026-09-29 12:47:54.340  INFO   combat      farm branch=sticky id=215 dist=7
2026-09-29 12:47:55.240  INFO   search      farm branch=none (wander/search next)
2026-09-29 12:47:55.464  INFO   travel      hop begin wp=(179, 268) purpose=next_farm reason=no monsters
2026-09-29 12:47:55.465  INFO   decision    mode=traveling goal=traveling action=traveling target=- sticky=- origin=(184,257) shop=0 scrolled=0 reason='no monsters' status=success
2026-09-29 12:47:55.990  INFO   search      farm branch=none (wander/search next)
2026-09-29 12:47:56.368  INFO   search      farm branch=none (wander/search next)
2026-09-29 12:47:56.904  INFO   search      farm branch=none (wander/search next)
2026-09-29 12:47:57.399  INFO   search      farm branch=none (wander/search next)
2026-09-29 12:47:57.669  INFO   combat      farm branch=screen_combat id=216 dist=7
2026-09-29 12:47:57.932  INFO   combat      engage id=216 species=monster_오크_2 rel=(-7,2)
2026-09-29 12:47:57.944  INFO   decision    mode=traveling goal=combat action=attack target=216 sticky=216 origin=(185,262) shop=0 scrolled=0 reason='screen engage' status=success
2026-09-29 12:47:58.713  INFO   combat      farm branch=sticky id=216 dist=5
2026-09-29 12:47:59.217  INFO   combat      farm branch=sticky id=216 dist=5
2026-09-29 12:47:59.784  INFO   session     Entity shadow: vision=4 {'player': 2, 'monster': 1, 'item': 1} memory=4 {'player': 1, 'monster': 2, 'item': 1} paired=3 median=0.015 unleveled=189:鹿
2026-09-29 12:47:59.862  INFO   combat      farm branch=sticky id=216 dist=2
2026-09-29 12:48:00.373  INFO   combat      farm branch=sticky id=216 dist=1
2026-09-29 12:48:00.983  INFO   combat      farm branch=sticky id=216 dist=2
2026-09-29 12:48:01.760  INFO   combat      farm branch=sticky id=216 dist=2
2026-09-29 12:48:02.417  INFO   loot        begin_loot_item id=219
2026-09-29 12:48:02.661  INFO   loot        approach hop item=219 wp=(182, 265) reason=walk onto item
2026-09-29 12:48:02.672  INFO   loot        farm branch=loot item_id=219
2026-09-29 12:48:02.685  INFO   decision    mode=traveling goal=loot action=searching target=219 sticky=- origin=(181,262) shop=0 scrolled=0 reason='walk onto item' status=success
2026-09-29 12:48:03.121  INFO   loot        farm branch=loot item_id=219
2026-09-29 12:48:03.261  INFO   decision    mode=traveling goal=loot action=pickup target=219 sticky=- origin=(182,263) shop=0 scrolled=0 reason='loot target' status=success
2026-09-29 12:48:03.952  INFO   loot        begin_loot_item id=217
2026-09-29 12:48:03.954  INFO   loot        approach hop item=217 wp=(175, 272) reason=walk onto item
2026-09-29 12:48:03.960  INFO   loot        farm branch=loot item_id=217
2026-09-29 12:48:03.971  INFO   decision    mode=traveling goal=loot action=searching target=217 sticky=- origin=(183,265) shop=0 scrolled=0 reason='walk onto item' status=success
2026-09-29 12:48:04.557  INFO   loot        farm branch=loot item_id=217
2026-09-29 12:48:04.826  INFO   loot        farm branch=loot item_id=217
2026-09-29 12:48:05.274  INFO   session     Entity shadow: vision=2 {'item': 2} memory=3 {'monster': 1, 'item': 2} paired=2 median=0.024 unleveled=189:鹿
2026-09-29 12:48:05.357  INFO   loot        farm branch=loot item_id=217
2026-09-29 12:48:05.852  INFO   loot        farm branch=loot item_id=217
2026-09-29 12:48:06.223  INFO   loot        approach hop item=217 wp=(175, 272) reason=walk onto item
2026-09-29 12:48:06.224  INFO   loot        farm branch=loot item_id=217
2026-09-29 12:48:06.884  INFO   loot        farm branch=loot item_id=217
2026-09-29 12:48:07.484  INFO   loot        farm branch=loot item_id=217
2026-09-29 12:48:07.746  INFO   loot        farm branch=loot item_id=217
2026-09-29 12:48:08.204  INFO   loot        farm branch=loot item_id=217
2026-09-29 12:48:08.563  INFO   loot        approach hop item=217 wp=(175, 272) reason=walk onto item
2026-09-29 12:48:08.590  INFO   loot        farm branch=loot item_id=217
2026-09-29 12:48:09.071  INFO   loot        farm branch=loot item_id=217
2026-09-29 12:48:09.463  INFO   loot        farm branch=loot item_id=217
2026-09-29 12:48:10.103  INFO   loot        farm branch=loot item_id=217
2026-09-29 12:48:10.382  INFO   decision    mode=traveling goal=loot action=pickup target=217 sticky=- origin=(177,272) shop=0 scrolled=0 reason='loot target' status=success
2026-09-29 12:48:11.053  INFO   session     Entity shadow: vision=3 {'player': 1, 'item': 2} memory=3 {'monster': 1, 'item': 2} paired=2 median=0.031 unleveled=189:鹿
2026-09-29 12:48:11.127  INFO   loot        begin_loot_item id=219
2026-09-29 12:48:11.129  INFO   loot        approach hop item=219 wp=(182, 265) reason=walk onto item
2026-09-29 12:48:11.135  INFO   loot        farm branch=loot item_id=219
2026-09-29 12:48:11.146  INFO   decision    mode=traveling goal=loot action=searching target=219 sticky=- origin=(176,273) shop=0 scrolled=0 reason='walk onto item' status=success
2026-09-29 12:48:11.813  INFO   loot        farm branch=loot item_id=219
2026-09-29 12:48:12.550  INFO   loot        farm branch=loot item_id=219
2026-09-29 12:48:13.011  INFO   session     Paused — hotkey
2026-09-29 12:50:26.926  INFO   session     Stop → Stopped
