2026-09-29 16:24:28.032  INFO   session     Loading Manmabot from D:\KRR\1.LCBot\ManmabotV1_final\engine
2026-09-29 16:24:28.060  INFO   session     Session log D:\KRR\1.LCBot\ManmabotV1_final\engine\logs\bot-20260929-162427.log
2026-09-29 16:24:28.072  INFO   session     character=elf loot=adena_only game_lang=ko map=talking_island farms=['area_1', 'area_3'] file=D:\KRR\1.LCBot\ManmabotV1_final\engine\logs\bot-20260929-162427.log
2026-09-29 16:24:28.123  INFO   session     일시정지 — 단축키
2026-09-29 16:24:28.533  INFO   nav         building portal graph (cluster=32, 479x511)
2026-09-29 16:24:29.196  INFO   nav         portal graph: 188 components, 651 ms
2026-09-29 16:24:29.390  INFO   nav         farms=2 safe=11 home=(354, 203) (files farm=D:\KRR\1.LCBot\ManmabotV1_final\engine\maps\talking_island\farms.yaml safe=D:\KRR\1.LCBot\ManmabotV1_final\engine\maps\talking_island\safe.yaml home=D:\KRR\1.LCBot\ManmabotV1_final\engine\maps\talking_island\home.yaml)
2026-09-29 16:24:29.908  INFO   capture     mss window capture process='LC.exe' title=None content_aspect=4:3
2026-09-29 16:24:30.646  INFO   session     Entity clicks use memory names, species, and world cells. Image recognition still runs. Set memory.entity_source to vision to restore image-only clicks.
2026-09-29 16:24:30.711  INFO   session     Player memory is read in this process (realtime_monitor.dll, offsets.json). No separate console.
2026-09-29 16:24:30.745  INFO   session     인벤토리를 백그라운드에서 스캔 중 (inventory_listen.dll 또는 inv.json을 두세요).
2026-09-29 16:24:30.841  INFO   session     메모리에서 핫바 24칸을 읽는 중…
2026-09-29 16:24:31.519  INFO   session     핫바 스캔 완료 · 파워 업@box1/f5, 아머 업@box1/f6, 라이트@box1/f7, 힐@box1/f8, HP 물약@box2/f9, 텔레포트@box1/f10, 마법 공격@box1/f12, 말하는 두루마리@box2/f5, 마더 트리@box2/f6, HP를 MP로@box2/f7
2026-09-29 16:24:31.641  INFO   session     매핑되지 않은 핫바 아이콘: box1/f8:SPELL, box1/f11:아데나, box1/f12:화살, box2/f10:은화살, box2/f12:SPELL, box3/f10:SPELL
2026-09-29 16:24:31.738  INFO   session     루프 준비 · 요정 · 한국어 · 맵=말하는 섬 · 룻=아데나만 · 구역=구역 1, 구역 3
2026-09-29 16:24:34.577  INFO   session     일시정지 / 재개 → 실행 중
2026-09-29 16:24:35.143  INFO   session     Entity shadow: vision=8 {'npc': 3, 'player': 2, 'monster': 3} memory=11 {'monster': 7, 'player': 1, 'npc': 3} paired=4 median=0.023 unleveled=68:警衛,10:警衛
2026-09-29 16:24:35.422  INFO   session     인벤토리 수신 준비 (dll) · hp=50 화살=9480 은화살=0 해독=0
2026-09-29 16:24:35.467  INFO   decision    mode=farming goal=buff action=buff target=- sticky=- origin=(273,341) shop=0 scrolled=0 reason='armor_up' status=success
2026-09-29 16:24:36.143  INFO   combat      farm branch=screen_combat id=2 dist=1
2026-09-29 16:24:36.244  INFO   combat      engage id=2 species=monster_오크 전사_8 rel=(0,1)
2026-09-29 16:24:36.264  INFO   decision    mode=farming goal=combat action=attack target=2 sticky=2 origin=(273,341) shop=0 scrolled=0 reason='screen engage' status=success
2026-09-29 16:24:36.918  INFO   combat      farm branch=sticky id=2 dist=1
2026-09-29 16:24:37.565  INFO   combat      farm branch=sticky id=2 dist=1
2026-09-29 16:24:38.410  INFO   combat      farm branch=sticky id=2 dist=1
2026-09-29 16:24:38.777  INFO   combat      farm branch=sticky id=2 dist=1
2026-09-29 16:24:39.207  INFO   combat      farm branch=sticky id=2 dist=1
2026-09-29 16:24:39.675  INFO   combat      farm branch=sticky id=2 dist=1
2026-09-29 16:24:40.081  INFO   combat      farm branch=sticky id=2 dist=1
2026-09-29 16:24:40.609  INFO   session     Entity shadow: vision=6 {'monster': 2, 'npc': 4} memory=9 {'monster': 6, 'npc': 3} paired=2 median=0.028 unleveled=68:警衛,10:警衛
2026-09-29 16:24:40.699  INFO   combat      farm branch=sticky id=2 dist=1
2026-09-29 16:24:41.044  INFO   combat      farm branch=sticky id=2 dist=1
2026-09-29 16:24:41.335  INFO   combat      farm branch=sticky id=2 dist=1
2026-09-29 16:24:41.810  INFO   combat      farm branch=sticky id=2 dist=1
2026-09-29 16:24:42.201  INFO   combat      farm branch=screen_combat id=3 dist=7
2026-09-29 16:24:42.337  INFO   combat      engage id=3 species=monster_도베르만_6 rel=(-2,7)
2026-09-29 16:24:42.348  INFO   decision    mode=farming goal=combat action=attack target=3 sticky=3 origin=(273,341) shop=0 scrolled=0 reason='screen engage' status=success
2026-09-29 16:24:42.769  INFO   combat      farm branch=sticky id=3 dist=7
2026-09-29 16:24:43.078  INFO   combat      farm branch=sticky id=3 dist=7
2026-09-29 16:24:43.704  INFO   loot        begin_loot_item id=13
2026-09-29 16:24:44.097  INFO   loot        approach hop item=13 wp=(272, 347) reason=walk onto item
2026-09-29 16:24:44.103  INFO   loot        farm branch=loot item_id=13
2026-09-29 16:24:44.159  INFO   decision    mode=farming goal=loot action=searching target=13 sticky=- origin=(273,341) shop=0 scrolled=0 reason='walk onto item' status=success
2026-09-29 16:24:44.635  INFO   loot        farm branch=loot item_id=13
2026-09-29 16:24:44.860  INFO   loot        farm branch=loot item_id=13
2026-09-29 16:24:45.196  INFO   loot        farm branch=loot item_id=13
2026-09-29 16:24:45.782  INFO   session     Entity shadow: vision=6 {'player': 2, 'monster': 1, 'npc': 2, 'item': 1} memory=8 {'item': 1, 'monster': 4, 'npc': 3} paired=2 median=0.022 unleveled=68:警衛,10:警衛
2026-09-29 16:24:45.879  INFO   decision    mode=farming goal=buff action=buff target=- sticky=- origin=(272,343) shop=0 scrolled=0 reason='light' status=success
2026-09-29 16:24:46.458  INFO   loot        approach hop item=13 wp=(272, 347) reason=walk onto item
2026-09-29 16:24:46.613  INFO   loot        farm branch=loot item_id=13
2026-09-29 16:24:46.641  INFO   decision    mode=farming goal=loot action=searching target=13 sticky=- origin=(272,343) shop=0 scrolled=0 reason='walk onto item' status=success
2026-09-29 16:24:47.115  INFO   loot        farm branch=loot item_id=13
2026-09-29 16:24:47.339  INFO   loot        farm branch=loot item_id=13
2026-09-29 16:24:47.750  INFO   loot        farm branch=loot item_id=13
2026-09-29 16:24:47.918  INFO   decision    mode=farming goal=loot action=pickup target=13 sticky=- origin=(272,345) shop=0 scrolled=0 reason='loot target' status=success
2026-09-29 16:24:48.384  INFO   loot        pickup retry id=13 (await still listed)
2026-09-29 16:24:48.385  INFO   loot        pickup emit item=13 reason=pickup retry
2026-09-29 16:24:48.394  INFO   loot        farm branch=loot item_id=None
2026-09-29 16:24:48.824  INFO   loot        pickup retry id=13 (await still listed)
2026-09-29 16:24:48.825  INFO   loot        pickup emit item=13 reason=pickup retry
2026-09-29 16:24:48.834  INFO   loot        farm branch=loot item_id=None
2026-09-29 16:24:49.361  INFO   loot        pickup retry id=13 (await still listed)
2026-09-29 16:24:49.361  INFO   loot        pickup emit item=13 reason=pickup retry
2026-09-29 16:24:49.370  INFO   loot        farm branch=loot item_id=None
2026-09-29 16:24:49.862  INFO   loot        pickup retry id=13 (await still listed)
2026-09-29 16:24:49.863  INFO   loot        pickup emit item=13 reason=pickup retry
2026-09-29 16:24:50.013  INFO   loot        farm branch=loot item_id=None
2026-09-29 16:24:50.624  INFO   combat      farm branch=screen_combat id=14 dist=1
2026-09-29 16:24:51.034  INFO   combat      engage id=14 species=monster_난쟁이_5 rel=(1,1)
2026-09-29 16:24:51.061  INFO   decision    mode=farming goal=combat action=attack target=14 sticky=14 origin=(272,346) shop=0 scrolled=0 reason='screen engage' status=success
2026-09-29 16:24:51.536  INFO   session     Entity shadow: vision=4 {'player': 2, 'npc': 2} memory=8 {'player': 1, 'monster': 4, 'npc': 3} paired=1 median=0.023 unleveled=68:警衛,10:警衛
2026-09-29 16:24:51.633  INFO   combat      farm branch=sticky id=14 dist=1
2026-09-29 16:24:51.910  INFO   combat      farm branch=sticky id=14 dist=1
2026-09-29 16:24:52.158  INFO   combat      farm branch=sticky id=14 dist=1
2026-09-29 16:24:52.639  INFO   combat      farm branch=sticky id=14 dist=1
2026-09-29 16:24:53.032  INFO   combat      farm branch=sticky id=14 dist=1
2026-09-29 16:24:53.479  INFO   combat      farm branch=sticky id=14 dist=1
2026-09-29 16:24:53.919  INFO   combat      farm branch=sticky id=14 dist=1
2026-09-29 16:24:54.364  INFO   combat      farm branch=sticky id=14 dist=1
2026-09-29 16:24:54.709  INFO   combat      farm branch=sticky id=14 dist=1
2026-09-29 16:24:55.143  INFO   loot        begin_loot_item id=16
2026-09-29 16:24:55.260  INFO   loot        pickup emit item=16 reason=engage item
2026-09-29 16:24:55.266  INFO   loot        farm branch=loot item_id=16
2026-09-29 16:24:55.291  INFO   decision    mode=farming goal=loot action=pickup target=16 sticky=- origin=(274,346) shop=0 scrolled=0 reason='engage item' status=success
2026-09-29 16:24:55.728  INFO   loot        pickup retry id=16 (await still listed)
2026-09-29 16:24:55.728  INFO   loot        pickup emit item=16 reason=pickup retry
2026-09-29 16:24:55.737  INFO   loot        farm branch=loot item_id=None
2026-09-29 16:24:56.256  INFO   search      farm branch=none (wander/search next)
2026-09-29 16:24:56.256  INFO   travel      return/enter farm needed at (273,346)
2026-09-29 16:24:56.292  INFO   search      farm branch=none (wander/search next)
2026-09-29 16:24:56.376  INFO   travel      hop begin wp=(278, 354) purpose=enter_farm reason=enter farm area
2026-09-29 16:24:56.538  INFO   decision    mode=traveling goal=traveling action=traveling target=- sticky=- origin=(273,346) shop=0 scrolled=0 reason='enter farm area' status=success
2026-09-29 16:24:56.948  INFO   session     Entity shadow: vision=3 {'npc': 2, 'player': 1} memory=7 {'player': 1, 'monster': 3, 'npc': 3} paired=1 median=0.031 unleveled=68:警衛,10:警衛
2026-09-29 16:24:57.029  INFO   search      farm branch=none (wander/search next)
2026-09-29 16:24:57.219  INFO   search      farm branch=none (wander/search next)
2026-09-29 16:24:57.852  INFO   search      farm branch=none (wander/search next)
2026-09-29 16:24:58.466  INFO   search      farm branch=none (wander/search next)
2026-09-29 16:24:58.692  INFO   travel      hop begin wp=(278, 354) purpose=enter_farm reason=enter farm area
2026-09-29 16:24:59.059  INFO   search      farm branch=none (wander/search next)
2026-09-29 16:24:59.258  INFO   search      farm branch=none (wander/search next)
2026-09-29 16:24:59.441  INFO   search      farm branch=none (wander/search next)
2026-09-29 16:24:59.712  INFO   search      farm branch=none (wander/search next)
2026-09-29 16:24:59.900  INFO   search      farm branch=none (wander/search next)
2026-09-29 16:25:00.122  INFO   search      farm branch=none (wander/search next)
2026-09-29 16:25:00.299  INFO   search      farm branch=none (wander/search next)
2026-09-29 16:25:00.515  INFO   search      farm branch=none (wander/search next)
2026-09-29 16:25:00.730  INFO   search      farm branch=none (wander/search next)
2026-09-29 16:25:00.823  INFO   travel      hop begin wp=(277, 362) purpose=enter_farm reason=enter farm area
2026-09-29 16:25:01.193  INFO   search      farm branch=none (wander/search next)
2026-09-29 16:25:01.412  INFO   search      farm branch=none (wander/search next)
2026-09-29 16:25:01.651  INFO   search      farm branch=none (wander/search next)
2026-09-29 16:25:01.850  INFO   search      farm branch=none (wander/search next)
2026-09-29 16:25:02.068  INFO   session     Entity shadow: vision=3 {'player': 1, 'npc': 2} memory=3 {'monster': 3} paired=0 median=0.000 unleveled=68:警衛,10:警衛
2026-09-29 16:25:02.139  INFO   search      farm branch=none (wander/search next)
2026-09-29 16:25:02.341  INFO   search      farm branch=none (wander/search next)
2026-09-29 16:25:02.689  INFO   search      farm branch=none (wander/search next)
2026-09-29 16:25:02.863  INFO   search      farm branch=none (wander/search next)
2026-09-29 16:25:02.932  INFO   travel      hop begin wp=(284, 359) purpose=enter_farm reason=enter farm area
2026-09-29 16:25:03.298  INFO   search      farm branch=none (wander/search next)
2026-09-29 16:25:03.549  INFO   search      farm branch=none (wander/search next)
2026-09-29 16:25:03.737  INFO   search      farm branch=none (wander/search next)
2026-09-29 16:25:04.030  INFO   search      farm branch=none (wander/search next)
2026-09-29 16:25:04.443  INFO   session     일시정지 — 단축키
2026-09-29 16:27:03.043  INFO   session     일시정지 / 재개 → 실행 중
2026-09-29 16:27:03.714  INFO   session     Entity shadow: vision=17 {'player': 14, 'npc': 2, 'monster': 1} memory=23 {'npc': 3, 'player': 20} paired=13 median=0.019
2026-09-29 16:27:03.884  INFO   nav         talking scroll emit spot=ti_spellbook purpose= reason=return to selected hunt map
2026-09-29 16:27:04.331  INFO   decision    mode=traveling goal=talking_scroll action=use_talking_scroll target=- sticky=- origin=(1134,82) shop=0 scrolled=0 reason='return to selected hunt map' status=success
2026-09-29 16:27:06.887  INFO   decision    mode=traveling goal=talking_scroll action=idle target=- sticky=- origin=(1134,82) shop=0 scrolled=0 reason='waiting talking scroll (hunt map)' status=success
2026-09-29 16:27:08.730  INFO   session     Entity shadow: vision=11 {'player': 10, 'monster': 1} memory=23 {'npc': 3, 'player': 20} paired=9 median=0.014
2026-09-29 16:27:12.425  INFO   nav         talking scroll emit spot=ti_spellbook purpose= reason=return to selected hunt map
2026-09-29 16:27:12.426  INFO   decision    mode=traveling goal=talking_scroll action=use_talking_scroll target=- sticky=- origin=(1134,82) shop=0 scrolled=0 reason='return to selected hunt map' status=success
2026-09-29 16:27:14.925  INFO   session     Entity shadow: vision=17 {'npc': 1, 'player': 15, 'monster': 1} memory=24 {'player': 21, 'npc': 3} paired=15 median=0.025
2026-09-29 16:27:15.016  INFO   decision    mode=traveling goal=talking_scroll action=idle target=- sticky=- origin=(1134,82) shop=0 scrolled=0 reason='waiting talking scroll (hunt map)' status=success
2026-09-29 16:27:15.598  INFO   search      farm branch=none (wander/search next)
2026-09-29 16:27:16.083  INFO   travel      hop begin wp=(266, 350) purpose=enter_farm reason=enter farm area
2026-09-29 16:27:16.102  INFO   decision    mode=traveling goal=traveling action=traveling target=- sticky=- origin=(273,341) shop=0 scrolled=0 reason='enter farm area' status=success
2026-09-29 16:27:16.488  INFO   search      farm branch=none (wander/search next)
2026-09-29 16:27:16.661  INFO   search      farm branch=none (wander/search next)
2026-09-29 16:27:16.856  INFO   search      farm branch=none (wander/search next)
2026-09-29 16:27:17.057  INFO   search      farm branch=none (wander/search next)
2026-09-29 16:27:17.236  INFO   search      farm branch=none (wander/search next)
2026-09-29 16:27:17.522  INFO   search      farm branch=none (wander/search next)
2026-09-29 16:27:17.717  INFO   search      farm branch=none (wander/search next)
2026-09-29 16:27:17.909  INFO   search      farm branch=none (wander/search next)
2026-09-29 16:27:18.090  INFO   search      farm branch=none (wander/search next)
2026-09-29 16:27:18.187  INFO   travel      hop begin wp=(271, 356) purpose=enter_farm reason=enter farm area
2026-09-29 16:27:18.542  INFO   search      farm branch=none (wander/search next)
2026-09-29 16:27:18.725  INFO   search      farm branch=none (wander/search next)
2026-09-29 16:27:18.905  INFO   search      farm branch=none (wander/search next)
2026-09-29 16:27:19.160  INFO   search      farm branch=none (wander/search next)
2026-09-29 16:27:19.338  INFO   search      farm branch=none (wander/search next)
2026-09-29 16:27:19.608  INFO   search      farm branch=none (wander/search next)
2026-09-29 16:27:19.788  INFO   search      farm branch=none (wander/search next)
2026-09-29 16:27:19.968  INFO   session     Entity shadow: vision=2 {'player': 1, 'npc': 1} memory=2 {'monster': 1, 'npc': 1} paired=0 median=0.000 unleveled=10:警衛
2026-09-29 16:27:20.029  INFO   search      farm branch=none (wander/search next)
2026-09-29 16:27:20.213  INFO   search      farm branch=none (wander/search next)
2026-09-29 16:27:20.319  INFO   travel      hop begin wp=(272, 358) purpose=enter_farm reason=enter farm area
2026-09-29 16:27:20.704  INFO   search      farm branch=none (wander/search next)
2026-09-29 16:27:20.921  INFO   search      farm branch=none (wander/search next)
2026-09-29 16:27:21.328  INFO   combat      farm branch=screen_combat id=46 dist=10
2026-09-29 16:27:21.481  INFO   combat      engage id=46 species=monster_오크 궁수_3 rel=(7,10)
2026-09-29 16:27:21.490  INFO   decision    mode=traveling goal=combat action=attack target=46 sticky=46 origin=(268,350) shop=0 scrolled=0 reason='screen engage' status=success
2026-09-29 16:27:22.013  INFO   combat      farm branch=sticky id=46 dist=8
2026-09-29 16:27:22.433  INFO   combat      farm branch=sticky id=46 dist=8
2026-09-29 16:27:23.219  INFO   combat      farm branch=sticky id=46 dist=6
2026-09-29 16:27:23.570  INFO   combat      farm branch=sticky id=46 dist=4
2026-09-29 16:27:24.113  INFO   combat      farm branch=sticky id=46 dist=4
2026-09-29 16:27:24.473  INFO   combat      farm branch=sticky id=47 dist=12
2026-09-29 16:27:24.564  INFO   decision    mode=traveling goal=combat action=attack target=47 sticky=47 origin=(273,356) shop=0 scrolled=0 reason='attack target' status=success
2026-09-29 16:27:24.887  INFO   combat      farm branch=sticky id=47 dist=11
2026-09-29 16:27:24.984  INFO   combat      wall/fence LOS blocked id=47 — A* detour hop to (274, 369)
2026-09-29 16:27:24.994  INFO   decision    mode=traveling goal=combat action=searching target=47 sticky=47 origin=(274,357) shop=0 scrolled=0 reason='wall detour A*' status=success
2026-09-29 16:27:25.394  INFO   session     Entity shadow: vision=3 {'player': 1, 'monster': 1, 'item': 1} memory=5 {'item': 1, 'monster': 4} paired=2 median=0.029
2026-09-29 16:27:25.449  INFO   combat      farm branch=sticky id=47 dist=11
2026-09-29 16:27:25.465  INFO   combat      wall/fence LOS blocked id=47 — A* detour hop to (274, 369)
2026-09-29 16:27:25.880  INFO   combat      farm branch=screen_combat id=50 dist=5
2026-09-29 16:27:25.901  INFO   combat      engage id=50 species=monster_그렘린_4 rel=(4,5)
2026-09-29 16:27:25.912  INFO   decision    mode=traveling goal=combat action=attack target=50 sticky=50 origin=(274,358) shop=0 scrolled=0 reason='screen engage' status=success
2026-09-29 16:27:26.394  INFO   combat      farm branch=sticky id=50 dist=5
2026-09-29 16:27:26.650  INFO   combat      farm branch=sticky id=50 dist=5
2026-09-29 16:27:26.966  INFO   combat      farm branch=sticky id=50 dist=5
2026-09-29 16:27:27.405  INFO   combat      farm branch=sticky id=50 dist=5
2026-09-29 16:27:27.780  INFO   combat      farm branch=sticky id=50 dist=5
2026-09-29 16:27:28.264  INFO   loot        begin_loot_item id=52
2026-09-29 16:27:28.347  INFO   loot        approach hop item=52 wp=(279, 361) reason=walk onto item
2026-09-29 16:27:28.353  INFO   loot        farm branch=loot item_id=52
2026-09-29 16:27:28.363  INFO   decision    mode=traveling goal=loot action=searching target=52 sticky=- origin=(274,358) shop=0 scrolled=0 reason='walk onto item' status=success
2026-09-29 16:27:28.855  INFO   loot        farm branch=loot item_id=52
2026-09-29 16:27:29.573  INFO   loot        farm branch=loot item_id=52
2026-09-29 16:27:29.657  INFO   decision    mode=traveling goal=loot action=pickup target=52 sticky=- origin=(277,361) shop=0 scrolled=0 reason='loot target' status=success
2026-09-29 16:27:30.065  INFO   loot        pickup retry id=52 (await still listed)
2026-09-29 16:27:30.073  INFO   loot        pickup emit item=52 reason=pickup retry
2026-09-29 16:27:30.082  INFO   loot        farm branch=loot item_id=None
2026-09-29 16:27:30.591  INFO   session     Entity shadow: vision=5 {'monster': 1, 'item': 2, 'player': 2} memory=5 {'monster': 3, 'item': 2} paired=3 median=0.013
2026-09-29 16:27:30.664  INFO   loot        pickup retry id=52 (await still listed)
2026-09-29 16:27:30.665  INFO   loot        pickup emit item=52 reason=pickup retry
2026-09-29 16:27:30.674  INFO   loot        farm branch=loot item_id=None
2026-09-29 16:27:31.123  INFO   loot        pickup retry id=52 (await still listed)
2026-09-29 16:27:31.123  INFO   loot        pickup emit item=52 reason=pickup retry
2026-09-29 16:27:31.132  INFO   loot        farm branch=loot item_id=None
2026-09-29 16:27:31.608  INFO   loot        pickup retry id=52 (await still listed)
2026-09-29 16:27:31.740  INFO   loot        pickup emit item=52 reason=pickup retry
2026-09-29 16:27:31.752  INFO   loot        farm branch=loot item_id=None
2026-09-29 16:27:32.258  INFO   combat      farm branch=screen_combat id=48 dist=3
2026-09-29 16:27:32.285  INFO   combat      engage id=48 species=monster_오크_2 rel=(1,-3)
2026-09-29 16:27:32.294  INFO   decision    mode=traveling goal=combat action=attack target=48 sticky=48 origin=(281,360) shop=0 scrolled=0 reason='screen engage' status=success
2026-09-29 16:27:32.770  INFO   combat      farm branch=sticky id=48 dist=2
2026-09-29 16:27:33.037  INFO   combat      farm branch=sticky id=48 dist=2
2026-09-29 16:27:33.401  INFO   loot        begin_loot_item id=55
2026-09-29 16:27:33.460  INFO   loot        pickup emit item=55 reason=engage item
2026-09-29 16:27:33.469  INFO   loot        farm branch=loot item_id=55
2026-09-29 16:27:33.478  INFO   decision    mode=traveling goal=loot action=pickup target=55 sticky=- origin=(281,359) shop=0 scrolled=0 reason='engage item' status=success
2026-09-29 16:27:33.947  INFO   loot        pickup retry id=55 (await still listed)
2026-09-29 16:27:33.947  INFO   loot        pickup emit item=55 reason=pickup retry
2026-09-29 16:27:33.956  INFO   loot        farm branch=loot item_id=None
2026-09-29 16:27:34.393  INFO   loot        pickup retry id=55 (await still listed)
2026-09-29 16:27:34.394  INFO   loot        pickup emit item=55 reason=pickup retry
2026-09-29 16:27:34.403  INFO   loot        farm branch=loot item_id=None
2026-09-29 16:27:34.809  INFO   loot        pickup retry id=55 (await still listed)
2026-09-29 16:27:34.809  INFO   loot        pickup emit item=55 reason=pickup retry
2026-09-29 16:27:34.818  INFO   loot        farm branch=loot item_id=None
2026-09-29 16:27:35.228  INFO   loot        pickup retry id=55 (await still listed)
2026-09-29 16:27:35.239  INFO   loot        pickup emit item=55 reason=pickup retry
2026-09-29 16:27:35.250  INFO   loot        farm branch=loot item_id=None
2026-09-29 16:27:35.669  INFO   session     Entity shadow: vision=2 {'item': 1, 'player': 1} memory=3 {'monster': 2, 'item': 1} paired=1 median=0.008
2026-09-29 16:27:35.845  INFO   combat      farm branch=screen_combat id=53 dist=3
2026-09-29 16:27:36.119  INFO   combat      engage id=53 species=monster_오크 전사_8 rel=(3,3)
2026-09-29 16:27:36.276  INFO   decision    mode=traveling goal=combat action=attack target=53 sticky=53 origin=(282,358) shop=0 scrolled=0 reason='screen engage' status=success
2026-09-29 16:27:36.839  INFO   combat      farm branch=sticky id=53 dist=1
2026-09-29 16:27:37.129  INFO   combat      farm branch=sticky id=53 dist=1
2026-09-29 16:27:37.401  INFO   combat      farm branch=sticky id=53 dist=1
2026-09-29 16:27:37.868  INFO   combat      farm branch=sticky id=53 dist=1
2026-09-29 16:27:38.268  INFO   combat      farm branch=sticky id=53 dist=1
2026-09-29 16:27:38.646  INFO   combat      farm branch=sticky id=53 dist=1
2026-09-29 16:27:39.167  INFO   combat      farm branch=sticky id=53 dist=1
2026-09-29 16:27:39.507  INFO   combat      farm branch=sticky id=53 dist=1
2026-09-29 16:27:39.993  INFO   combat      farm branch=sticky id=53 dist=1
2026-09-29 16:27:40.400  INFO   search      farm branch=none (wander/search next)
2026-09-29 16:27:40.547  INFO   travel      hop begin wp=(287, 367) purpose=enter_farm reason=enter farm area
2026-09-29 16:27:40.557  INFO   decision    mode=traveling goal=traveling action=traveling target=- sticky=- origin=(282,358) shop=0 scrolled=0 reason='enter farm area' status=success
2026-09-29 16:27:40.919  INFO   session     Entity shadow: vision=2 {'player': 1, 'item': 1} memory=1 {'item': 1} paired=1 median=0.056
2026-09-29 16:27:40.988  INFO   search      farm branch=none (wander/search next)
2026-09-29 16:27:41.180  INFO   search      farm branch=none (wander/search next)
2026-09-29 16:27:41.600  INFO   search      farm branch=none (wander/search next)
2026-09-29 16:27:42.032  INFO   search      farm branch=none (wander/search next)
2026-09-29 16:27:42.446  INFO   search      farm branch=none (wander/search next)
2026-09-29 16:27:42.636  INFO   travel      hop begin wp=(287, 371) purpose=enter_farm reason=enter farm area
2026-09-29 16:27:43.125  INFO   search      farm branch=none (wander/search next)
2026-09-29 16:27:43.740  INFO   search      farm branch=none (wander/search next)
2026-09-29 16:27:43.938  INFO   search      farm branch=none (wander/search next)
2026-09-29 16:27:44.187  INFO   search      farm branch=none (wander/search next)
2026-09-29 16:27:44.409  INFO   search      farm branch=none (wander/search next)
2026-09-29 16:27:44.631  INFO   search      farm branch=none (wander/search next)
2026-09-29 16:27:44.813  INFO   search      farm branch=none (wander/search next)
2026-09-29 16:27:44.860  INFO   travel      hop begin wp=(298, 371) purpose=enter_farm reason=enter farm area
2026-09-29 16:27:45.264  INFO   combat      farm branch=screen_combat id=57 dist=12
2026-09-29 16:27:45.289  INFO   combat      engage id=57 species=monster_늑대인간_9 rel=(-7,12)
2026-09-29 16:27:45.298  INFO   decision    mode=traveling goal=combat action=attack target=57 sticky=57 origin=(289,366) shop=0 scrolled=0 reason='screen engage' status=success
2026-09-29 16:27:45.761  INFO   combat      farm branch=sticky id=57 dist=9
2026-09-29 16:27:45.961  INFO   session     Entity shadow: vision=1 {'player': 1} memory=2 {'monster': 2} paired=0 median=0.000
2026-09-29 16:27:46.014  INFO   combat      farm branch=sticky id=57 dist=9
2026-09-29 16:27:46.490  INFO   combat      farm branch=sticky id=57 dist=8
2026-09-29 16:27:46.906  INFO   combat      farm branch=sticky id=57 dist=7
2026-09-29 16:27:47.317  INFO   combat      farm branch=sticky id=57 dist=7
2026-09-29 16:27:47.780  INFO   combat      farm branch=sticky id=57 dist=7
2026-09-29 16:27:48.156  INFO   combat      farm branch=sticky id=57 dist=7
2026-09-29 16:27:48.531  INFO   combat      farm branch=sticky id=57 dist=6
2026-09-29 16:27:49.177  INFO   combat      farm branch=sticky id=57 dist=5
2026-09-29 16:27:49.942  INFO   combat      farm branch=sticky id=57 dist=5
2026-09-29 16:27:50.314  INFO   combat      farm branch=sticky id=58 dist=15
2026-09-29 16:27:50.431  INFO   decision    mode=traveling goal=combat action=attack target=58 sticky=58 origin=(289,370) shop=0 scrolled=0 reason='attack target' status=success
2026-09-29 16:27:50.723  INFO   combat      farm branch=sticky id=58 dist=15
2026-09-29 16:27:51.277  INFO   session     Entity shadow: vision=2 {'player': 1, 'item': 1} memory=2 {'item': 1, 'monster': 1} paired=1 median=0.005
2026-09-29 16:27:51.355  INFO   combat      farm branch=sticky id=58 dist=13
2026-09-29 16:27:51.704  INFO   combat      farm branch=sticky id=58 dist=13
2026-09-29 16:27:52.030  INFO   combat      farm branch=sticky id=58 dist=11
2026-09-29 16:27:52.420  INFO   combat      farm branch=sticky id=58 dist=11
2026-09-29 16:27:52.860  INFO   combat      farm branch=sticky id=58 dist=9
2026-09-29 16:27:53.200  INFO   combat      farm branch=sticky id=58 dist=9
2026-09-29 16:27:53.693  INFO   combat      farm branch=sticky id=58 dist=9
2026-09-29 16:27:54.207  INFO   combat      farm branch=sticky id=58 dist=6
2026-09-29 16:27:54.464  INFO   combat      farm branch=sticky id=58 dist=6
2026-09-29 16:27:54.756  INFO   combat      farm branch=sticky id=58 dist=6
2026-09-29 16:27:55.026  INFO   combat      farm branch=sticky id=58 dist=4
2026-09-29 16:27:55.298  INFO   combat      farm branch=sticky id=58 dist=4
2026-09-29 16:27:55.450  INFO   decision    mode=traveling goal=combat action=searching target=58 sticky=58 origin=(278,369) shop=0 scrolled=0 reason='sidestep combat block' status=success
2026-09-29 16:27:55.822  INFO   combat      farm branch=sticky id=58 dist=4
2026-09-29 16:27:55.883  INFO   decision    mode=traveling goal=combat action=attack target=58 sticky=58 origin=(278,369) shop=0 scrolled=0 reason='attack target' status=success
2026-09-29 16:27:56.317  INFO   session     Entity shadow: vision=3 {'player': 1, 'item': 2} memory=4 {'monster': 2, 'item': 2} paired=2 median=0.012
2026-09-29 16:27:56.454  INFO   combat      farm branch=sticky id=58 dist=3
2026-09-29 16:27:57.109  INFO   combat      farm branch=sticky id=58 dist=1
2026-09-29 16:27:57.600  INFO   combat      farm branch=sticky id=58 dist=1
2026-09-29 16:27:57.971  INFO   combat      farm branch=sticky id=58 dist=1
2026-09-29 16:27:58.486  INFO   combat      farm branch=sticky id=58 dist=1
2026-09-29 16:27:58.826  INFO   combat      farm branch=sticky id=58 dist=1
2026-09-29 16:27:59.273  INFO   combat      farm branch=sticky id=58 dist=1
2026-09-29 16:27:59.735  INFO   combat      farm branch=sticky id=58 dist=1
2026-09-29 16:28:00.075  INFO   combat      farm branch=sticky id=60 dist=1
2026-09-29 16:28:00.210  INFO   decision    mode=traveling goal=combat action=attack target=60 sticky=60 origin=(276,368) shop=0 scrolled=0 reason='attack target' status=success
2026-09-29 16:28:00.592  INFO   combat      farm branch=sticky id=60 dist=1
2026-09-29 16:28:00.947  INFO   combat      farm branch=sticky id=60 dist=2
2026-09-29 16:28:01.471  INFO   session     Entity shadow: vision=4 {'item': 3, 'monster': 1} memory=5 {'monster': 2, 'item': 3} paired=4 median=0.011
2026-09-29 16:28:01.526  INFO   combat      farm branch=sticky id=60 dist=2
2026-09-29 16:28:01.824  INFO   combat      farm branch=sticky id=60 dist=1
2026-09-29 16:28:02.201  INFO   combat      farm branch=sticky id=60 dist=1
2026-09-29 16:28:02.813  INFO   combat      farm branch=sticky id=60 dist=1
2026-09-29 16:28:03.563  INFO   combat      farm branch=sticky id=60 dist=1
2026-09-29 16:28:03.908  INFO   combat      farm branch=sticky id=60 dist=1
2026-09-29 16:28:04.300  INFO   combat      farm branch=sticky id=60 dist=1
2026-09-29 16:28:04.894  INFO   combat      farm branch=sticky id=60 dist=1
2026-09-29 16:28:05.254  INFO   loot        begin_loot_item id=64
2026-09-29 16:28:05.310  INFO   loot        pickup emit item=64 reason=engage item
2026-09-29 16:28:05.317  INFO   loot        farm branch=loot item_id=64
2026-09-29 16:28:05.326  INFO   decision    mode=traveling goal=loot action=pickup target=64 sticky=- origin=(276,368) shop=0 scrolled=0 reason='engage item' status=success
2026-09-29 16:28:05.778  INFO   loot        pickup retry id=64 (await still listed)
2026-09-29 16:28:05.779  INFO   loot        pickup emit item=64 reason=pickup retry
2026-09-29 16:28:05.787  INFO   loot        farm branch=loot item_id=None
2026-09-29 16:28:06.217  INFO   loot        pickup retry id=64 (await still listed)
2026-09-29 16:28:06.217  INFO   loot        pickup emit item=64 reason=pickup retry
2026-09-29 16:28:06.226  INFO   loot        farm branch=loot item_id=None
2026-09-29 16:28:06.596  INFO   session     Entity shadow: vision=4 {'item': 3, 'player': 1} memory=4 {'monster': 1, 'item': 3} paired=3 median=0.011
2026-09-29 16:28:06.645  INFO   loot        begin_loot_item id=59
2026-09-29 16:28:06.649  INFO   loot        approach hop item=59 wp=(284, 372) reason=walk onto item
2026-09-29 16:28:06.654  INFO   loot        farm branch=loot item_id=59
2026-09-29 16:28:06.667  INFO   decision    mode=traveling goal=loot action=searching target=59 sticky=- origin=(276,368) shop=0 scrolled=0 reason='walk onto item' status=success
2026-09-29 16:28:06.980  INFO   loot        farm branch=loot item_id=59
2026-09-29 16:28:07.233  INFO   loot        farm branch=loot item_id=59
2026-09-29 16:28:07.407  INFO   loot        farm branch=loot item_id=59
2026-09-29 16:28:07.600  INFO   loot        farm branch=loot item_id=59
2026-09-29 16:28:07.763  INFO   loot        farm branch=loot item_id=59
2026-09-29 16:28:08.041  INFO   loot        farm branch=loot item_id=59
2026-09-29 16:28:08.240  INFO   loot        farm branch=loot item_id=59
2026-09-29 16:28:08.531  INFO   loot        farm branch=loot item_id=59
2026-09-29 16:28:09.142  INFO   loot        approach hop item=59 wp=(284, 372) reason=walk onto item
2026-09-29 16:28:09.143  INFO   loot        farm branch=loot item_id=59
2026-09-29 16:28:09.453  INFO   loot        farm branch=loot item_id=59
2026-09-29 16:28:09.621  INFO   loot        farm branch=loot item_id=59
2026-09-29 16:28:09.982  INFO   loot        farm branch=loot item_id=59
2026-09-29 16:28:10.200  INFO   loot        farm branch=loot item_id=59
2026-09-29 16:28:10.463  INFO   loot        farm branch=loot item_id=59
2026-09-29 16:28:10.745  INFO   loot        farm branch=loot item_id=59
2026-09-29 16:28:10.910  INFO   loot        farm branch=loot item_id=59
2026-09-29 16:28:11.152  INFO   loot        approach hop item=59 wp=(284, 372) reason=walk onto item
2026-09-29 16:28:11.152  INFO   loot        farm branch=loot item_id=59
2026-09-29 16:28:11.474  INFO   loot        farm branch=loot item_id=59
2026-09-29 16:28:11.610  INFO   session     Entity shadow: vision=3 {'player': 1, 'item': 2} memory=2 {'item': 2} paired=2 median=0.025
2026-09-29 16:28:11.660  INFO   loot        farm branch=loot item_id=59
2026-09-29 16:28:11.858  INFO   loot        farm branch=loot item_id=59
2026-09-29 16:28:12.022  INFO   loot        farm branch=loot item_id=59
2026-09-29 16:28:12.239  INFO   loot        farm branch=loot item_id=59
2026-09-29 16:28:12.250  INFO   decision    mode=traveling goal=loot action=pickup target=59 sticky=- origin=(282,372) shop=0 scrolled=0 reason='loot target' status=success
2026-09-29 16:28:12.707  INFO   loot        pickup retry id=59 (await still listed)
2026-09-29 16:28:12.708  INFO   loot        pickup emit item=59 reason=pickup retry
2026-09-29 16:28:12.716  INFO   loot        farm branch=loot item_id=None
2026-09-29 16:28:13.182  INFO   loot        pickup retry id=59 (await still listed)
2026-09-29 16:28:13.182  INFO   loot        pickup emit item=59 reason=pickup retry
2026-09-29 16:28:13.191  INFO   loot        farm branch=loot item_id=None
2026-09-29 16:28:13.589  INFO   loot        pickup retry id=59 (await still listed)
2026-09-29 16:28:13.590  INFO   loot        pickup emit item=59 reason=pickup retry
2026-09-29 16:28:13.599  INFO   loot        farm branch=loot item_id=None
2026-09-29 16:28:14.020  INFO   search      farm branch=none (wander/search next)
2026-09-29 16:28:14.053  INFO   travel      hop begin wp=(286, 384) purpose=enter_farm reason=enter farm area
2026-09-29 16:28:14.062  INFO   decision    mode=traveling goal=traveling action=traveling target=- sticky=- origin=(284,372) shop=0 scrolled=0 reason='enter farm area' status=success
2026-09-29 16:28:14.429  INFO   search      farm branch=none (wander/search next)
2026-09-29 16:28:14.827  INFO   search      farm branch=none (wander/search next)
2026-09-29 16:28:15.485  INFO   search      farm branch=none (wander/search next)
2026-09-29 16:28:15.844  INFO   search      farm branch=none (wander/search next)
2026-09-29 16:28:16.037  INFO   search      farm branch=none (wander/search next)
2026-09-29 16:28:16.101  INFO   travel      hop begin wp=(288, 386) purpose=enter_farm reason=enter farm area
2026-09-29 16:28:16.460  INFO   search      farm branch=none (wander/search next)
2026-09-29 16:28:16.651  INFO   session     Entity shadow: vision=1 {'player': 1} memory=1 {'item': 1} paired=0 median=0.000
2026-09-29 16:28:16.722  INFO   search      farm branch=none (wander/search next)
2026-09-29 16:28:16.910  INFO   search      farm branch=none (wander/search next)
2026-09-29 16:28:17.095  INFO   search      farm branch=none (wander/search next)
2026-09-29 16:28:17.263  INFO   search      farm branch=none (wander/search next)
2026-09-29 16:28:17.537  INFO   search      farm branch=none (wander/search next)
2026-09-29 16:28:17.746  INFO   search      farm branch=none (wander/search next)
2026-09-29 16:28:17.939  INFO   search      farm branch=none (wander/search next)
2026-09-29 16:28:18.128  INFO   search      farm branch=none (wander/search next)
2026-09-29 16:28:18.217  INFO   travel      hop begin wp=(290, 388) purpose=enter_farm reason=enter farm area
2026-09-29 16:28:18.572  INFO   search      farm branch=none (wander/search next)
2026-09-29 16:28:18.815  INFO   search      farm branch=none (wander/search next)
2026-09-29 16:28:18.997  INFO   search      farm branch=none (wander/search next)
2026-09-29 16:28:19.195  INFO   search      farm branch=none (wander/search next)
2026-09-29 16:28:19.374  INFO   search      farm branch=none (wander/search next)
2026-09-29 16:28:19.606  INFO   search      farm branch=none (wander/search next)
2026-09-29 16:28:19.823  INFO   search      farm branch=none (wander/search next)
2026-09-29 16:28:20.030  INFO   search      farm branch=none (wander/search next)
2026-09-29 16:28:20.240  INFO   search      farm branch=none (wander/search next)
2026-09-29 16:28:20.289  INFO   travel      hop begin wp=(291, 398) purpose=enter_farm reason=enter farm area
2026-09-29 16:28:20.778  INFO   search      farm branch=none (wander/search next)
2026-09-29 16:28:21.443  INFO   search      farm branch=none (wander/search next)
2026-09-29 16:28:21.700  INFO   session     Entity shadow: vision=1 {'player': 1} memory=0 {} paired=0 median=0.000
2026-09-29 16:28:21.745  INFO   search      farm branch=none (wander/search next)
2026-09-29 16:28:21.941  INFO   search      farm branch=none (wander/search next)
2026-09-29 16:28:22.191  INFO   search      farm branch=none (wander/search next)
2026-09-29 16:28:22.372  INFO   search      farm branch=none (wander/search next)
2026-09-29 16:28:22.428  INFO   travel      hop begin wp=(291, 398) purpose=enter_farm reason=enter farm area
2026-09-29 16:28:22.805  INFO   search      farm branch=none (wander/search next)
2026-09-29 16:28:23.034  INFO   search      farm branch=none (wander/search next)
2026-09-29 16:28:23.236  INFO   search      farm branch=none (wander/search next)
2026-09-29 16:28:23.447  INFO   search      farm branch=none (wander/search next)
2026-09-29 16:28:23.636  INFO   search      farm branch=none (wander/search next)
2026-09-29 16:28:23.895  INFO   combat      farm branch=screen_combat id=65 dist=11
2026-09-29 16:28:23.906  INFO   combat      engage id=65 species=monster_오크 전사_8 rel=(11,6)
2026-09-29 16:28:23.915  INFO   decision    mode=traveling goal=combat action=attack target=65 sticky=65 origin=(291,391) shop=0 scrolled=0 reason='screen engage' status=success
2026-09-29 16:28:24.299  INFO   combat      farm branch=sticky id=65 dist=11
2026-09-29 16:28:24.598  INFO   combat      farm branch=sticky id=65 dist=11
2026-09-29 16:28:24.935  INFO   combat      farm branch=sticky id=65 dist=10
2026-09-29 16:28:25.289  INFO   combat      farm branch=sticky id=65 dist=10
2026-09-29 16:28:25.669  INFO   combat      farm branch=sticky id=65 dist=9
2026-09-29 16:28:26.084  INFO   combat      farm branch=sticky id=65 dist=9
2026-09-29 16:28:26.497  INFO   combat      farm branch=sticky id=65 dist=8
2026-09-29 16:28:27.042  INFO   session     Entity shadow: vision=0 {} memory=1 {'monster': 1} paired=0 median=0.000
2026-09-29 16:28:27.188  INFO   combat      farm branch=sticky id=65 dist=7
2026-09-29 16:28:27.896  INFO   combat      farm branch=sticky id=65 dist=6
2026-09-29 16:28:28.303  INFO   combat      farm branch=sticky id=65 dist=5
2026-09-29 16:28:28.734  INFO   combat      farm branch=sticky id=65 dist=4
2026-09-29 16:28:29.151  INFO   combat      farm branch=sticky id=65 dist=3
2026-09-29 16:28:29.506  INFO   combat      farm branch=sticky id=65 dist=1
2026-09-29 16:28:29.958  INFO   combat      farm branch=sticky id=65 dist=1
2026-09-29 16:28:30.357  INFO   combat      farm branch=sticky id=65 dist=2
2026-09-29 16:28:30.799  INFO   combat      farm branch=sticky id=65 dist=2
2026-09-29 16:28:31.192  INFO   combat      farm branch=sticky id=65 dist=1
2026-09-29 16:28:31.631  INFO   combat      farm branch=sticky id=65 dist=1
2026-09-29 16:28:31.952  INFO   session     Entity shadow: vision=0 {} memory=1 {'monster': 1} paired=0 median=0.000
2026-09-29 16:28:32.020  INFO   combat      farm branch=sticky id=65 dist=1
2026-09-29 16:28:32.626  INFO   combat      farm branch=sticky id=65 dist=1
2026-09-29 16:28:33.431  INFO   search      farm branch=none (wander/search next)
2026-09-29 16:28:33.510  INFO   travel      hop begin wp=(296, 399) purpose=enter_farm reason=enter farm area
2026-09-29 16:28:33.518  INFO   decision    mode=traveling goal=traveling action=traveling target=- sticky=- origin=(296,392) shop=0 scrolled=0 reason='enter farm area' status=success
2026-09-29 16:28:33.876  INFO   search      farm branch=none (wander/search next)
2026-09-29 16:28:34.117  INFO   search      farm branch=none (wander/search next)
2026-09-29 16:28:34.296  INFO   search      farm branch=none (wander/search next)
2026-09-29 16:28:34.593  INFO   search      farm branch=none (wander/search next)
2026-09-29 16:28:34.946  INFO   search      farm branch=none (wander/search next)
2026-09-29 16:28:35.137  INFO   search      farm branch=none (wander/search next)
2026-09-29 16:28:35.364  INFO   search      farm branch=none (wander/search next)
2026-09-29 16:28:35.549  INFO   search      farm branch=none (wander/search next)
2026-09-29 16:28:35.593  INFO   travel      hop arrive wp=(296, 398) purpose=enter_farm
2026-09-29 16:28:35.606  INFO   travel      hop begin wp=(294, 399) purpose=enter_farm reason=enter farm area
2026-09-29 16:28:35.956  INFO   search      farm branch=none (wander/search next)
2026-09-29 16:28:36.216  INFO   search      farm branch=none (wander/search next)
2026-09-29 16:28:36.391  INFO   search      farm branch=none (wander/search next)
2026-09-29 16:28:36.621  INFO   search      farm branch=none (wander/search next)
2026-09-29 16:28:36.638  INFO   search      farm branch=none (wander/search next)
2026-09-29 16:28:36.642  INFO   search      hop start wp=(300, 401) reason=search area
2026-09-29 16:28:36.651  INFO   decision    mode=farming goal=search action=searching target=- sticky=- origin=(295,398) shop=0 scrolled=0 reason='search area' status=success
2026-09-29 16:28:36.959  INFO   search      farm branch=none (wander/search next)
2026-09-29 16:28:37.255  INFO   session     Entity shadow: vision=1 {'player': 1} memory=0 {} paired=0 median=0.000
2026-09-29 16:28:37.306  INFO   search      farm branch=none (wander/search next)
2026-09-29 16:28:37.527  INFO   combat      farm branch=screen_combat id=67 dist=11
2026-09-29 16:28:37.717  INFO   combat      engage id=67 species=monster_늑대인간_9 rel=(11,4)
2026-09-29 16:28:37.734  INFO   decision    mode=farming goal=combat action=attack target=67 sticky=67 origin=(295,400) shop=0 scrolled=0 reason='screen engage' status=success
2026-09-29 16:28:38.186  INFO   combat      farm branch=sticky id=67 dist=10
2026-09-29 16:28:38.546  INFO   combat      farm branch=sticky id=67 dist=7
2026-09-29 16:28:38.865  INFO   combat      farm branch=sticky id=67 dist=7
2026-09-29 16:28:39.488  INFO   combat      farm branch=sticky id=67 dist=6
2026-09-29 16:28:40.273  INFO   combat      farm branch=sticky id=67 dist=3
2026-09-29 16:28:40.652  INFO   combat      farm branch=sticky id=67 dist=2
2026-09-29 16:28:41.102  INFO   combat      farm branch=sticky id=67 dist=1
2026-09-29 16:28:41.507  INFO   combat      farm branch=sticky id=67 dist=1
2026-09-29 16:28:41.954  INFO   combat      farm branch=sticky id=67 dist=1
2026-09-29 16:28:42.428  INFO   session     Entity shadow: vision=6 {'monster': 4, 'player': 2} memory=6 {'monster': 5, 'player': 1} paired=5 median=0.024
2026-09-29 16:28:42.499  INFO   combat      farm branch=sticky id=67 dist=1
2026-09-29 16:28:42.875  INFO   combat      farm branch=sticky id=67 dist=1
2026-09-29 16:28:43.216  INFO   combat      farm branch=sticky id=67 dist=1
2026-09-29 16:28:43.634  INFO   combat      farm branch=sticky id=67 dist=1
2026-09-29 16:28:44.091  INFO   combat      farm branch=sticky id=67 dist=1
2026-09-29 16:28:44.596  INFO   combat      farm branch=sticky id=70 dist=8
2026-09-29 16:28:44.626  INFO   decision    mode=farming goal=combat action=attack target=70 sticky=70 origin=(299,403) shop=0 scrolled=0 reason='attack target' status=success
2026-09-29 16:28:45.175  INFO   combat      farm branch=sticky id=70 dist=7
2026-09-29 16:28:46.056  INFO   combat      farm branch=sticky id=70 dist=6
2026-09-29 16:28:46.394  INFO   combat      farm branch=sticky id=70 dist=5
2026-09-29 16:28:46.798  INFO   combat      farm branch=sticky id=70 dist=4
2026-09-29 16:28:47.316  INFO   combat      farm branch=sticky id=70 dist=3
2026-09-29 16:28:47.737  INFO   session     Entity shadow: vision=4 {'item': 2, 'monster': 2} memory=7 {'monster': 4, 'item': 2, 'player': 1} paired=4 median=0.036
2026-09-29 16:28:47.811  INFO   combat      farm branch=sticky id=70 dist=1
2026-09-29 16:28:48.185  INFO   combat      farm branch=sticky id=70 dist=1
2026-09-29 16:28:48.579  INFO   combat      farm branch=sticky id=70 dist=1
2026-09-29 16:28:48.925  INFO   combat      farm branch=sticky id=70 dist=2
2026-09-29 16:28:49.414  INFO   combat      farm branch=sticky id=70 dist=2
2026-09-29 16:28:49.871  INFO   combat      farm branch=sticky id=70 dist=1
2026-09-29 16:28:50.206  INFO   combat      farm branch=sticky id=70 dist=1
2026-09-29 16:28:50.683  INFO   combat      farm branch=sticky id=70 dist=1
2026-09-29 16:28:51.365  INFO   combat      farm branch=sticky id=70 dist=1
2026-09-29 16:28:52.116  INFO   combat      farm branch=sticky id=70 dist=1
2026-09-29 16:28:52.622  INFO   combat      farm branch=sticky id=76 dist=9
2026-09-29 16:28:52.649  INFO   decision    mode=farming goal=combat action=attack target=76 sticky=76 origin=(297,402) shop=0 scrolled=0 reason='attack target' status=success
2026-09-29 16:28:53.075  INFO   session     Entity shadow: vision=5 {'item': 2, 'player': 1, 'monster': 2} memory=6 {'monster': 3, 'player': 1, 'item': 2} paired=4 median=0.030
2026-09-29 16:28:53.161  INFO   combat      farm branch=sticky id=76 dist=8
2026-09-29 16:28:53.505  INFO   combat      farm branch=sticky id=76 dist=7
2026-09-29 16:28:53.881  INFO   combat      farm branch=sticky id=76 dist=7
2026-09-29 16:28:54.311  INFO   combat      farm branch=sticky id=76 dist=6
2026-09-29 16:28:54.719  INFO   combat      farm branch=sticky id=76 dist=6
2026-09-29 16:28:55.242  INFO   combat      farm branch=sticky id=76 dist=5
2026-09-29 16:28:55.656  INFO   combat      farm branch=sticky id=76 dist=4
2026-09-29 16:28:56.034  INFO   combat      farm branch=sticky id=76 dist=3
2026-09-29 16:28:56.717  INFO   combat      farm branch=sticky id=76 dist=3
2026-09-29 16:28:57.517  INFO   combat      farm branch=sticky id=76 dist=2
2026-09-29 16:28:57.920  INFO   search      farm branch=none (wander/search next)
2026-09-29 16:28:58.020  INFO   search      hop arrive wp=(300, 401)
2026-09-29 16:28:58.031  INFO   search      hop start wp=(304, 405) reason=search area
2026-09-29 16:28:58.039  INFO   decision    mode=farming goal=search action=searching target=- sticky=- origin=(298,403) shop=0 scrolled=0 reason='search area' status=success
2026-09-29 16:28:58.414  INFO   session     Entity shadow: vision=2 {'monster': 1, 'player': 1} memory=1 {'player': 1} paired=1 median=0.027
2026-09-29 16:28:58.513  INFO   search      farm branch=none (wander/search next)
2026-09-29 16:28:58.848  INFO   search      farm branch=none (wander/search next)
2026-09-29 16:28:59.189  INFO   search      farm branch=none (wander/search next)
2026-09-29 16:28:59.596  INFO   search      farm branch=none (wander/search next)
2026-09-29 16:29:00.019  INFO   search      farm branch=none (wander/search next)
2026-09-29 16:29:00.480  INFO   search      farm branch=none (wander/search next)
2026-09-29 16:29:00.903  INFO   search      farm branch=none (wander/search next)
2026-09-29 16:29:01.337  INFO   search      farm branch=none (wander/search next)
2026-09-29 16:29:01.821  INFO   search      farm branch=none (wander/search next)
2026-09-29 16:29:02.145  INFO   search      farm branch=none (wander/search next)
2026-09-29 16:29:02.390  INFO   search      farm branch=none (wander/search next)
2026-09-29 16:29:02.638  INFO   search      farm branch=none (wander/search next)
2026-09-29 16:29:03.327  INFO   search      farm branch=none (wander/search next)
2026-09-29 16:29:03.750  INFO   search      hop start wp=(295, 402) reason=unstick nearby
2026-09-29 16:29:04.145  INFO   session     Entity shadow: vision=0 {} memory=0 {} paired=0 median=0.000
2026-09-29 16:29:04.251  INFO   search      farm branch=none (wander/search next)
2026-09-29 16:29:04.275  INFO   search      hop start wp=(296, 402) reason=unstick nearby
2026-09-29 16:29:04.644  INFO   search      farm branch=none (wander/search next)
2026-09-29 16:29:04.660  INFO   search      hop arrive wp=(296, 402)
2026-09-29 16:29:04.669  INFO   search      hop start wp=(303, 405) reason=search area
2026-09-29 16:29:05.044  INFO   search      farm branch=none (wander/search next)
2026-09-29 16:29:05.325  INFO   search      farm branch=none (wander/search next)
2026-09-29 16:29:05.681  INFO   search      farm branch=none (wander/search next)
2026-09-29 16:29:06.054  INFO   search      farm branch=none (wander/search next)
2026-09-29 16:29:06.262  INFO   search      farm branch=none (wander/search next)
2026-09-29 16:29:06.504  INFO   search      farm branch=none (wander/search next)
2026-09-29 16:29:06.703  INFO   search      farm branch=none (wander/search next)
2026-09-29 16:29:06.941  INFO   search      farm branch=none (wander/search next)
2026-09-29 16:29:07.137  INFO   search      farm branch=none (wander/search next)
2026-09-29 16:29:07.359  INFO   search      farm branch=none (wander/search next)
2026-09-29 16:29:07.627  INFO   search      farm branch=none (wander/search next)
2026-09-29 16:29:07.859  INFO   search      farm branch=none (wander/search next)
2026-09-29 16:29:08.217  INFO   search      farm branch=none (wander/search next)
2026-09-29 16:29:08.424  INFO   search      farm branch=none (wander/search next)
2026-09-29 16:29:08.610  INFO   search      farm branch=none (wander/search next)
2026-09-29 16:29:08.918  INFO   search      farm branch=none (wander/search next)
2026-09-29 16:29:09.298  INFO   search      hop arrive wp=(303, 405)
2026-09-29 16:29:09.307  INFO   search      hop start wp=(307, 405) reason=search area
2026-09-29 16:29:09.721  INFO   session     Entity shadow: vision=1 {'player': 1} memory=1 {'player': 1} paired=0 median=0.000
2026-09-29 16:29:09.793  INFO   search      farm branch=none (wander/search next)
2026-09-29 16:29:09.975  INFO   search      farm branch=none (wander/search next)
2026-09-29 16:29:10.292  INFO   search      farm branch=none (wander/search next)
2026-09-29 16:29:10.482  INFO   search      farm branch=none (wander/search next)
2026-09-29 16:29:10.728  INFO   search      farm branch=none (wander/search next)
2026-09-29 16:29:10.920  INFO   search      farm branch=none (wander/search next)
2026-09-29 16:29:11.162  INFO   search      farm branch=none (wander/search next)
2026-09-29 16:29:11.335  INFO   search      farm branch=none (wander/search next)
2026-09-29 16:29:11.539  INFO   search      farm branch=none (wander/search next)
2026-09-29 16:29:11.746  INFO   search      farm branch=none (wander/search next)
2026-09-29 16:29:12.029  INFO   search      farm branch=none (wander/search next)
2026-09-29 16:29:12.030  INFO   search      hop arrive wp=(307, 405)
2026-09-29 16:29:12.039  INFO   search      hop start wp=(313, 405) reason=search area
2026-09-29 16:29:12.489  INFO   search      farm branch=none (wander/search next)
2026-09-29 16:29:12.841  INFO   search      farm branch=none (wander/search next)
2026-09-29 16:29:13.016  INFO   combat      farm branch=screen_combat id=78 dist=12
2026-09-29 16:29:13.055  INFO   combat      engage id=78 species=monster_오크_2 rel=(4,-12)
2026-09-29 16:29:13.067  INFO   decision    mode=farming goal=combat action=attack target=78 sticky=78 origin=(308,405) shop=0 scrolled=0 reason='screen engage' status=success
2026-09-29 16:29:13.572  INFO   combat      farm branch=sticky id=78 dist=12
2026-09-29 16:29:13.858  INFO   search      farm branch=none (wander/search next)
2026-09-29 16:29:13.897  INFO   decision    mode=farming goal=search action=searching target=- sticky=- origin=(308,405) shop=0 scrolled=0 reason='search area' status=success
2026-09-29 16:29:14.230  INFO   search      farm branch=none (wander/search next)
2026-09-29 16:29:14.521  INFO   search      farm branch=none (wander/search next)
2026-09-29 16:29:14.728  INFO   session     Entity shadow: vision=3 {'player': 2, 'monster': 1} memory=2 {'player': 2} paired=1 median=0.010
2026-09-29 16:29:14.818  INFO   search      farm branch=none (wander/search next)
2026-09-29 16:29:15.221  INFO   search      farm branch=none (wander/search next)
2026-09-29 16:29:15.895  INFO   search      farm branch=none (wander/search next)
2026-09-29 16:29:16.252  INFO   search      farm branch=none (wander/search next)
2026-09-29 16:29:16.257  INFO   search      hop arrive wp=(315, 405)
2026-09-29 16:29:16.266  INFO   search      hop start wp=(320, 406) reason=search area
2026-09-29 16:29:16.553  INFO   search      farm branch=none (wander/search next)
2026-09-29 16:29:16.780  INFO   search      farm branch=none (wander/search next)
2026-09-29 16:29:17.081  INFO   search      farm branch=none (wander/search next)
2026-09-29 16:29:17.312  INFO   combat      farm branch=screen_combat id=80 dist=14
2026-09-29 16:29:17.339  INFO   combat      engage id=80 species=monster_오크_2 rel=(-14,4)
2026-09-29 16:29:17.349  INFO   decision    mode=farming goal=combat action=attack target=80 sticky=80 origin=(317,405) shop=0 scrolled=0 reason='screen engage' status=success
2026-09-29 16:29:17.809  INFO   combat      farm branch=sticky id=80 dist=14
2026-09-29 16:29:18.133  INFO   combat      farm branch=sticky id=80 dist=13
2026-09-29 16:29:18.390  INFO   combat      farm branch=sticky id=80 dist=13
2026-09-29 16:29:18.845  INFO   combat      farm branch=sticky id=80 dist=13
2026-09-29 16:29:19.286  INFO   combat      farm branch=sticky id=80 dist=10
2026-09-29 16:29:19.802  INFO   session     Entity shadow: vision=2 {'player': 1, 'item': 1} memory=4 {'player': 2, 'monster': 1, 'item': 1} paired=2 median=0.101
2026-09-29 16:29:19.865  INFO   combat      farm branch=sticky id=80 dist=10
2026-09-29 16:29:20.186  INFO   combat      farm branch=sticky id=80 dist=9
2026-09-29 16:29:20.536  INFO   combat      farm branch=sticky id=80 dist=9
2026-09-29 16:29:21.004  INFO   loot        begin_loot_item id=81
2026-09-29 16:29:21.040  INFO   loot        loot A* blocked id=81 — ring click (312, 406) (r=2)
2026-09-29 16:29:21.047  INFO   loot        approach hop item=81 wp=(312, 406) reason=loot wall ring
2026-09-29 16:29:21.059  INFO   loot        farm branch=loot item_id=81
2026-09-29 16:29:21.077  INFO   decision    mode=farming goal=loot action=searching target=81 sticky=- origin=(314,407) shop=0 scrolled=0 reason='loot wall ring' status=success
2026-09-29 16:29:21.541  INFO   loot        farm branch=loot item_id=81
2026-09-29 16:29:22.202  INFO   loot        farm branch=loot item_id=81
2026-09-29 16:29:22.612  INFO   loot        farm branch=loot item_id=81
2026-09-29 16:29:22.838  INFO   loot        farm branch=loot item_id=81
2026-09-29 16:29:23.044  INFO   loot        farm branch=loot item_id=81
2026-09-29 16:29:23.417  INFO   loot        loot A* blocked id=81 — ring click (313, 406) (r=2)
2026-09-29 16:29:23.418  INFO   loot        approach hop item=81 wp=(313, 406) reason=loot wall ring
2026-09-29 16:29:23.431  INFO   loot        farm branch=loot item_id=81
2026-09-29 16:29:23.803  INFO   loot        loot A* blocked id=81 — ring click (312, 405) (r=2)
2026-09-29 16:29:23.804  INFO   loot        approach hop item=81 wp=(312, 405) reason=loot wall ring
2026-09-29 16:29:23.817  INFO   loot        farm branch=loot item_id=81
2026-09-29 16:29:24.175  INFO   loot        approach hop item=81 wp=(305, 407) reason=walk onto item
2026-09-29 16:29:24.176  INFO   loot        farm branch=loot item_id=81
2026-09-29 16:29:24.537  INFO   loot        farm branch=loot item_id=81
2026-09-29 16:29:24.718  INFO   loot        farm branch=loot item_id=81
2026-09-29 16:29:25.065  INFO   session     Entity shadow: vision=3 {'monster': 1, 'item': 1, 'player': 1} memory=2 {'player': 1, 'item': 1} paired=2 median=0.023
2026-09-29 16:29:25.123  INFO   loot        farm branch=loot item_id=81
2026-09-29 16:29:25.484  INFO   loot        farm branch=loot item_id=81
2026-09-29 16:29:25.714  INFO   loot        farm branch=loot item_id=81
2026-09-29 16:29:25.915  INFO   loot        farm branch=loot item_id=81
2026-09-29 16:29:26.095  INFO   loot        farm branch=loot item_id=81
2026-09-29 16:29:26.296  INFO   loot        approach hop item=81 wp=(305, 407) reason=walk onto item
2026-09-29 16:29:26.297  INFO   loot        farm branch=loot item_id=81
2026-09-29 16:29:26.597  INFO   loot        farm branch=loot item_id=81
2026-09-29 16:29:26.828  INFO   loot        farm branch=loot item_id=81
2026-09-29 16:29:27.184  INFO   loot        farm branch=loot item_id=81
2026-09-29 16:29:27.191  INFO   decision    mode=farming goal=loot action=pickup target=81 sticky=- origin=(307,406) shop=0 scrolled=0 reason='loot target' status=success
2026-09-29 16:29:27.842  INFO   loot        pickup retry id=81 (await still listed)
2026-09-29 16:29:28.235  INFO   loot        pickup emit item=81 reason=pickup retry
2026-09-29 16:29:28.263  INFO   loot        farm branch=loot item_id=None
2026-09-29 16:29:28.800  INFO   combat      farm branch=screen_combat id=82 dist=6
2026-09-29 16:29:28.814  INFO   combat      engage id=82 species=monster_늑대인간_9 rel=(-6,1)
2026-09-29 16:29:28.824  INFO   decision    mode=farming goal=combat action=attack target=82 sticky=82 origin=(305,407) shop=0 scrolled=0 reason='screen engage' status=success
2026-09-29 16:29:29.300  INFO   combat      farm branch=sticky id=82 dist=6
2026-09-29 16:29:29.601  INFO   combat      farm branch=sticky id=82 dist=6
2026-09-29 16:29:29.908  INFO   combat      farm branch=sticky id=82 dist=5
2026-09-29 16:29:30.365  INFO   session     Entity shadow: vision=3 {'player': 1, 'monster': 2} memory=3 {'monster': 2, 'player': 1} paired=3 median=0.043
2026-09-29 16:29:30.423  INFO   combat      farm branch=sticky id=82 dist=5
2026-09-29 16:29:30.757  INFO   combat      farm branch=sticky id=82 dist=4
2026-09-29 16:29:31.109  INFO   combat      farm branch=sticky id=82 dist=4
2026-09-29 16:29:31.549  INFO   combat      farm branch=sticky id=82 dist=3
2026-09-29 16:29:31.957  INFO   combat      farm branch=sticky id=82 dist=3
2026-09-29 16:29:32.387  INFO   loot        begin_loot_item id=84
2026-09-29 16:29:32.465  INFO   loot        approach hop item=84 wp=(301, 407) reason=walk onto item
2026-09-29 16:29:32.476  INFO   loot        farm branch=loot item_id=84
2026-09-29 16:29:32.495  INFO   decision    mode=farming goal=loot action=searching target=84 sticky=- origin=(304,407) shop=0 scrolled=0 reason='walk onto item' status=success
2026-09-29 16:29:32.891  INFO   loot        farm branch=loot item_id=84
2026-09-29 16:29:33.351  INFO   loot        farm branch=loot item_id=84
2026-09-29 16:29:33.591  INFO   decision    mode=farming goal=loot action=pickup target=84 sticky=- origin=(302,407) shop=0 scrolled=0 reason='loot target' status=success
2026-09-29 16:29:34.248  INFO   loot        pickup retry id=84 (await still listed)
2026-09-29 16:29:34.248  INFO   loot        pickup emit item=84 reason=pickup retry
2026-09-29 16:29:34.258  INFO   loot        farm branch=loot item_id=None
2026-09-29 16:29:34.700  INFO   loot        pickup retry id=84 (await still listed)
2026-09-29 16:29:34.700  INFO   loot        pickup emit item=84 reason=pickup retry
2026-09-29 16:29:34.709  INFO   loot        farm branch=loot item_id=None
2026-09-29 16:29:35.107  INFO   loot        pickup retry id=84 (await still listed)
2026-09-29 16:29:35.108  INFO   loot        pickup emit item=84 reason=pickup retry
2026-09-29 16:29:35.117  INFO   loot        farm branch=loot item_id=None
2026-09-29 16:29:35.545  INFO   session     Entity shadow: vision=3 {'player': 1, 'monster': 2} memory=3 {'monster': 2, 'player': 1} paired=2 median=0.068
2026-09-29 16:29:35.662  INFO   combat      farm branch=screen_combat id=85 dist=12
2026-09-29 16:29:35.695  INFO   combat      engage id=85 species=monster_오크_2 rel=(-12,4)
2026-09-29 16:29:35.861  INFO   decision    mode=farming goal=combat action=attack target=85 sticky=85 origin=(300,406) shop=0 scrolled=0 reason='screen engage' status=success
2026-09-29 16:29:36.354  INFO   combat      farm branch=sticky id=85 dist=14
2026-09-29 16:29:36.658  INFO   combat      farm branch=sticky id=85 dist=14
2026-09-29 16:29:37.051  INFO   combat      farm branch=sticky id=85 dist=14
2026-09-29 16:29:37.466  INFO   combat      farm branch=sticky id=85 dist=14
2026-09-29 16:29:37.899  INFO   loot        begin_loot_item id=87
2026-09-29 16:29:37.994  INFO   loot        approach hop item=87 wp=(290, 408) reason=walk onto item
2026-09-29 16:29:38.000  INFO   loot        farm branch=loot item_id=87
2026-09-29 16:29:38.020  INFO   decision    mode=farming goal=loot action=searching target=87 sticky=- origin=(302,406) shop=0 scrolled=0 reason='walk onto item' status=success
2026-09-29 16:29:38.364  INFO   loot        farm branch=loot item_id=87
2026-09-29 16:29:38.631  INFO   loot        farm branch=loot item_id=87
2026-09-29 16:29:39.004  INFO   loot        farm branch=loot item_id=87
2026-09-29 16:29:39.656  INFO   loot        farm branch=loot item_id=87
2026-09-29 16:29:40.115  INFO   loot        approach hop item=87 wp=(295, 401) reason=walk onto item
2026-09-29 16:29:40.218  INFO   loot        farm branch=loot item_id=87
2026-09-29 16:29:40.630  INFO   session     Entity shadow: vision=3 {'player': 2, 'item': 1} memory=3 {'player': 1, 'monster': 1, 'item': 1} paired=2 median=0.058
2026-09-29 16:29:40.692  INFO   loot        farm branch=loot item_id=87
2026-09-29 16:29:40.918  INFO   loot        farm branch=loot item_id=87
2026-09-29 16:29:41.266  INFO   loot        farm branch=loot item_id=87
2026-09-29 16:29:41.515  INFO   loot        farm branch=loot item_id=87
2026-09-29 16:29:41.710  INFO   loot        farm branch=loot item_id=87
2026-09-29 16:29:41.968  INFO   loot        farm branch=loot item_id=87
2026-09-29 16:29:42.187  INFO   loot        approach hop item=87 wp=(288, 410) reason=walk onto item
2026-09-29 16:29:42.302  INFO   loot        farm branch=loot item_id=87
2026-09-29 16:29:42.674  INFO   loot        farm branch=loot item_id=87
2026-09-29 16:29:43.085  INFO   loot        farm branch=loot item_id=87
2026-09-29 16:29:43.419  INFO   loot        farm branch=loot item_id=87
2026-09-29 16:29:43.912  INFO   loot        farm branch=loot item_id=87
2026-09-29 16:29:44.262  INFO   loot        approach hop item=87 wp=(288, 410) reason=walk onto item
2026-09-29 16:29:44.263  INFO   loot        farm branch=loot item_id=87
2026-09-29 16:29:44.587  INFO   loot        farm branch=loot item_id=87
2026-09-29 16:29:44.788  INFO   loot        farm branch=loot item_id=87
2026-09-29 16:29:45.125  INFO   loot        farm branch=loot item_id=87
2026-09-29 16:29:45.425  INFO   loot        farm branch=loot item_id=87
2026-09-29 16:29:45.840  INFO   decision    mode=farming goal=loot action=pickup target=87 sticky=- origin=(287,409) shop=0 scrolled=0 reason='loot target' status=success
2026-09-29 16:29:46.266  INFO   session     Entity shadow: vision=4 {'monster': 3, 'player': 1} memory=7 {'monster': 4, 'player': 2, 'item': 1} paired=3 median=0.018 unleveled=14:青蛙
2026-09-29 16:29:46.408  INFO   loot        pickup retry id=87 (await still listed)
2026-09-29 16:29:46.409  INFO   loot        pickup emit item=87 reason=pickup retry
2026-09-29 16:29:46.418  INFO   loot        farm branch=loot item_id=None
2026-09-29 16:29:46.852  INFO   loot        pickup retry id=87 (await still listed)
2026-09-29 16:29:46.853  INFO   loot        pickup emit item=87 reason=pickup retry
2026-09-29 16:29:46.864  INFO   loot        farm branch=loot item_id=None
2026-09-29 16:29:47.005  INFO   action      cursor reject id=87 item=true reason=cursor=arrow/attack score=1.000 not allowed
2026-09-29 16:29:47.312  INFO   combat      farm branch=loot_miss_combat id=91 dist=2
2026-09-29 16:29:47.328  INFO   combat      engage id=91 species=monster_셸로브_14 rel=(2,-1)
2026-09-29 16:29:47.339  INFO   decision    mode=farming goal=combat action=attack target=91 sticky=91 origin=(289,410) shop=0 scrolled=0 reason='engage target' status=success
2026-09-29 16:29:48.069  INFO   combat      farm branch=sticky id=91 dist=2
2026-09-29 16:29:48.364  INFO   combat      farm branch=sticky id=91 dist=1
2026-09-29 16:29:48.672  INFO   combat      farm branch=sticky id=91 dist=1
2026-09-29 16:29:49.130  INFO   combat      farm branch=sticky id=91 dist=1
2026-09-29 16:29:49.528  INFO   combat      farm branch=sticky id=91 dist=1
2026-09-29 16:29:49.936  INFO   combat      farm branch=sticky id=91 dist=1
2026-09-29 16:29:50.447  INFO   combat      farm branch=sticky id=91 dist=1
2026-09-29 16:29:50.837  INFO   loot        begin_loot_item id=98
2026-09-29 16:29:51.001  INFO   loot        pickup emit item=98 reason=engage item
2026-09-29 16:29:51.008  INFO   loot        farm branch=loot item_id=98
2026-09-29 16:29:51.037  INFO   decision    mode=farming goal=loot action=pickup target=98 sticky=- origin=(290,409) shop=0 scrolled=0 reason='engage item' status=success
2026-09-29 16:29:51.432  INFO   session     Entity shadow: vision=3 {'item': 1, 'monster': 2} memory=6 {'item': 2, 'monster': 3, 'player': 1} paired=2 median=0.046
2026-09-29 16:29:51.594  INFO   loot        pickup retry id=98 (await still listed)
2026-09-29 16:29:52.011  INFO   loot        pickup emit item=98 reason=pickup retry
2026-09-29 16:29:52.038  INFO   loot        farm branch=loot item_id=None
2026-09-29 16:29:52.473  INFO   loot        begin_loot_item id=96
2026-09-29 16:29:52.477  INFO   loot        approach hop item=96 wp=(278, 408) reason=walk onto item
2026-09-29 16:29:52.483  INFO   loot        farm branch=loot item_id=96
2026-09-29 16:29:52.512  INFO   decision    mode=farming goal=loot action=searching target=96 sticky=- origin=(290,409) shop=0 scrolled=0 reason='walk onto item' status=success
2026-09-29 16:29:52.861  INFO   loot        farm branch=loot item_id=96
2026-09-29 16:29:53.110  INFO   loot        farm branch=loot item_id=96
2026-09-29 16:29:53.353  INFO   loot        farm branch=loot item_id=96
2026-09-29 16:29:53.583  INFO   loot        farm branch=loot item_id=96
2026-09-29 16:29:53.971  INFO   loot        farm branch=loot item_id=96
2026-09-29 16:29:54.233  INFO   loot        farm branch=loot item_id=96
2026-09-29 16:29:54.516  INFO   loot        approach hop item=96 wp=(287, 402) reason=walk onto item
2026-09-29 16:29:54.590  INFO   loot        farm branch=loot item_id=96
2026-09-29 16:29:55.025  INFO   loot        farm branch=loot item_id=96
2026-09-29 16:29:55.231  INFO   loot        farm branch=loot item_id=96
2026-09-29 16:29:55.435  INFO   loot        farm branch=loot item_id=96
2026-09-29 16:29:55.646  INFO   loot        farm branch=loot item_id=96
2026-09-29 16:29:55.909  INFO   loot        farm branch=loot item_id=96
2026-09-29 16:29:56.189  INFO   combat      farm branch=screen_combat id=101 dist=11
2026-09-29 16:29:56.344  INFO   combat      engage id=101 species=monster_오크 전사_8 rel=(11,-4)
2026-09-29 16:29:56.356  INFO   decision    mode=farming goal=combat action=attack target=101 sticky=101 origin=(290,408) shop=0 scrolled=0 reason='screen engage' status=success
2026-09-29 16:29:56.819  INFO   session     Entity shadow: vision=4 {'player': 2, 'item': 2} memory=5 {'monster': 3, 'player': 2} paired=1 median=0.020 unleveled=14:青蛙
2026-09-29 16:29:56.882  INFO   combat      farm branch=sticky id=101 dist=12
2026-09-29 16:29:57.268  INFO   combat      farm branch=sticky id=101 dist=12
2026-09-29 16:29:57.576  INFO   combat      farm branch=sticky id=101 dist=13
2026-09-29 16:29:57.877  INFO   combat      farm branch=sticky id=101 dist=13
2026-09-29 16:29:58.522  INFO   combat      farm branch=sticky id=101 dist=14
2026-09-29 16:29:59.326  INFO   combat      farm branch=sticky id=101 dist=13
2026-09-29 16:29:59.732  INFO   combat      farm branch=sticky id=101 dist=13
2026-09-29 16:30:00.147  INFO   combat      farm branch=sticky id=101 dist=13
2026-09-29 16:30:00.569  INFO   combat      farm branch=sticky id=101 dist=11
2026-09-29 16:30:01.042  INFO   search      farm branch=none (wander/search next)
2026-09-29 16:30:01.136  INFO   decision    mode=farming goal=search action=searching target=- sticky=- origin=(293,407) shop=0 scrolled=0 reason='search area' status=success
2026-09-29 16:30:01.469  INFO   search      farm branch=none (wander/search next)
2026-09-29 16:30:01.772  INFO   combat      farm branch=screen_combat id=106 dist=12
2026-09-29 16:30:01.797  INFO   combat      engage id=106 species=monster_오크 전사_8 rel=(12,4)
2026-09-29 16:30:01.807  INFO   decision    mode=farming goal=combat action=attack target=106 sticky=106 origin=(295,409) shop=0 scrolled=0 reason='screen engage' status=success
2026-09-29 16:30:02.386  INFO   session     Entity shadow: vision=2 {'player': 1, 'monster': 1} memory=2 {'monster': 1, 'player': 1} paired=1 median=0.017
2026-09-29 16:30:02.487  INFO   combat      farm branch=sticky id=106 dist=12
2026-09-29 16:30:02.841  INFO   combat      farm branch=sticky id=106 dist=10
2026-09-29 16:30:03.158  INFO   combat      farm branch=sticky id=106 dist=10
2026-09-29 16:30:03.805  INFO   combat      farm branch=sticky id=106 dist=8
2026-09-29 16:30:04.667  INFO   loot        begin_loot_item id=109
2026-09-29 16:30:04.671  INFO   loot        approach hop item=109 wp=(308, 413) reason=walk onto item
2026-09-29 16:30:04.680  INFO   loot        farm branch=loot item_id=109
2026-09-29 16:30:04.712  INFO   decision    mode=farming goal=loot action=searching target=109 sticky=- origin=(302,412) shop=0 scrolled=0 reason='walk onto item' status=success
2026-09-29 16:30:05.091  INFO   loot        farm branch=loot item_id=109
2026-09-29 16:30:05.323  INFO   loot        farm branch=loot item_id=109
2026-09-29 16:30:05.582  INFO   loot        farm branch=loot item_id=109
2026-09-29 16:30:05.858  INFO   search      farm branch=none (wander/search next)
2026-09-29 16:30:05.970  INFO   decision    mode=farming goal=search action=searching target=- sticky=- origin=(304,414) shop=0 scrolled=0 reason='search area' status=success
2026-09-29 16:30:06.273  INFO   search      farm branch=none (wander/search next)
2026-09-29 16:30:06.666  INFO   search      farm branch=none (wander/search next)
2026-09-29 16:30:06.839  INFO   search      hop arrive wp=(308, 413)
2026-09-29 16:30:06.848  INFO   search      hop start wp=(310, 417) reason=search area
2026-09-29 16:30:07.270  INFO   search      farm branch=none (wander/search next)
2026-09-29 16:30:07.475  INFO   session     Entity shadow: vision=3 {'player': 1, 'monster': 2} memory=2 {'player': 1, 'monster': 1} paired=2 median=0.071
2026-09-29 16:30:07.557  INFO   search      farm branch=none (wander/search next)
2026-09-29 16:30:07.998  INFO   search      farm branch=none (wander/search next)
2026-09-29 16:30:08.434  INFO   combat      farm branch=screen_combat id=110 dist=10
2026-09-29 16:30:08.613  INFO   combat      engage id=110 species=monster_오크_2 rel=(-5,-10)
2026-09-29 16:30:08.627  INFO   decision    mode=farming goal=combat action=attack target=110 sticky=110 origin=(308,414) shop=0 scrolled=0 reason='screen engage' status=success
2026-09-29 16:30:09.182  INFO   combat      farm branch=sticky id=110 dist=9
2026-09-29 16:30:09.976  INFO   combat      farm branch=sticky id=110 dist=7
2026-09-29 16:30:10.333  INFO   combat      farm branch=sticky id=110 dist=7
2026-09-29 16:30:10.776  INFO   combat      farm branch=sticky id=110 dist=5
2026-09-29 16:30:11.242  INFO   search      farm branch=none (wander/search next)
2026-09-29 16:30:11.382  INFO   decision    mode=farming goal=search action=searching target=- sticky=- origin=(305,411) shop=0 scrolled=0 reason='search area' status=success
2026-09-29 16:30:11.845  INFO   combat      farm branch=screen_combat id=111 dist=16
2026-09-29 16:30:11.913  INFO   combat      engage id=111 species=monster_그렘린_4 rel=(-16,1)
2026-09-29 16:30:11.922  INFO   decision    mode=farming goal=combat action=attack target=111 sticky=111 origin=(305,408) shop=0 scrolled=0 reason='screen engage' status=success
2026-09-29 16:30:12.522  INFO   search      farm branch=none (wander/search next)
2026-09-29 16:30:12.544  INFO   decision    mode=farming goal=search action=searching target=- sticky=- origin=(305,408) shop=0 scrolled=0 reason='search area' status=success
2026-09-29 16:30:12.830  INFO   session     Entity shadow: vision=1 {'monster': 1} memory=2 {'player': 1, 'monster': 1} paired=0 median=0.000
2026-09-29 16:30:12.928  INFO   search      farm branch=none (wander/search next)
2026-09-29 16:30:12.954  INFO   search      hop arrive wp=(309, 411)
2026-09-29 16:30:12.963  INFO   search      hop start wp=(313, 412) reason=search area
2026-09-29 16:30:13.527  INFO   search      farm branch=none (wander/search next)
2026-09-29 16:30:13.798  INFO   search      farm branch=none (wander/search next)
2026-09-29 16:30:14.039  INFO   search      farm branch=none (wander/search next)
2026-09-29 16:30:14.303  INFO   search      farm branch=none (wander/search next)
2026-09-29 16:30:14.815  INFO   combat      farm branch=screen_combat id=112 dist=11
2026-09-29 16:30:14.969  INFO   combat      engage id=112 species=monster_좀비_6 rel=(11,3)
2026-09-29 16:30:14.978  INFO   decision    mode=farming goal=combat action=attack target=112 sticky=112 origin=(309,411) shop=0 scrolled=0 reason='screen engage' status=success
2026-09-29 16:30:15.769  INFO   combat      farm branch=sticky id=112 dist=11
2026-09-29 16:30:16.631  INFO   combat      farm branch=sticky id=112 dist=8
2026-09-29 16:30:17.012  INFO   combat      farm branch=sticky id=112 dist=6
2026-09-29 16:30:17.319  INFO   combat      farm branch=sticky id=112 dist=6
2026-09-29 16:30:17.841  INFO   combat      farm branch=sticky id=112 dist=3
2026-09-29 16:30:18.115  INFO   session     Entity shadow: vision=1 {'player': 1} memory=3 {'monster': 2, 'player': 1} paired=0 median=0.000
2026-09-29 16:30:18.202  INFO   combat      farm branch=sticky id=112 dist=2
2026-09-29 16:30:18.639  INFO   combat      farm branch=sticky id=112 dist=2
2026-09-29 16:30:19.148  INFO   combat      farm branch=screen_combat id=113 dist=12
2026-09-29 16:30:19.243  INFO   combat      engage id=113 species=monster_오크_2 rel=(4,-12)
2026-09-29 16:30:19.255  INFO   decision    mode=farming goal=combat action=attack target=113 sticky=113 origin=(317,411) shop=0 scrolled=0 reason='screen engage' status=success
2026-09-29 16:30:19.761  INFO   combat      farm branch=sticky id=113 dist=12
2026-09-29 16:30:20.026  INFO   combat      farm branch=sticky id=113 dist=11
2026-09-29 16:30:20.461  INFO   combat      farm branch=sticky id=113 dist=11
2026-09-29 16:30:20.884  INFO   combat      farm branch=sticky id=113 dist=9
2026-09-29 16:30:21.461  INFO   combat      farm branch=sticky id=113 dist=9
2026-09-29 16:30:22.281  INFO   search      farm branch=none (wander/search next)
2026-09-29 16:30:22.345  INFO   decision    mode=farming goal=search action=searching target=- sticky=- origin=(318,410) shop=0 scrolled=0 reason='search area' status=success
2026-09-29 16:30:22.743  INFO   search      farm branch=none (wander/search next)
2026-09-29 16:30:23.042  INFO   search      farm branch=none (wander/search next)
2026-09-29 16:30:23.407  INFO   session     Entity shadow: vision=1 {'monster': 1} memory=1 {'player': 1} paired=0 median=0.000
2026-09-29 16:30:23.517  INFO   search      farm branch=none (wander/search next)
2026-09-29 16:30:23.924  INFO   search      farm branch=none (wander/search next)
2026-09-29 16:30:24.404  INFO   search      farm branch=none (wander/search next)
2026-09-29 16:30:24.765  INFO   search      farm branch=none (wander/search next)
2026-09-29 16:30:25.218  INFO   search      farm branch=none (wander/search next)
2026-09-29 16:30:25.407  INFO   search      hop arrive wp=(325, 413)
2026-09-29 16:30:25.418  INFO   search      hop start wp=(329, 414) reason=search area
2026-09-29 16:30:25.791  INFO   search      farm branch=none (wander/search next)
2026-09-29 16:30:26.099  INFO   search      farm branch=none (wander/search next)
2026-09-29 16:30:26.508  INFO   search      farm branch=none (wander/search next)
2026-09-29 16:30:26.909  INFO   search      farm branch=none (wander/search next)
2026-09-29 16:30:27.072  INFO   search      hop arrive wp=(329, 414)
2026-09-29 16:30:27.083  INFO   search      hop start wp=(333, 416) reason=search area
2026-09-29 16:30:27.595  INFO   search      farm branch=none (wander/search next)
2026-09-29 16:30:28.331  INFO   search      farm branch=none (wander/search next)
2026-09-29 16:30:28.594  INFO   session     Entity shadow: vision=2 {'player': 2} memory=0 {} paired=0 median=0.000
2026-09-29 16:30:28.677  INFO   search      farm branch=none (wander/search next)
2026-09-29 16:30:29.065  INFO   search      farm branch=none (wander/search next)
2026-09-29 16:30:29.074  INFO   search      hop arrive wp=(333, 416)
2026-09-29 16:30:29.083  INFO   search      hop start wp=(337, 419) reason=search area
2026-09-29 16:30:29.604  INFO   search      farm branch=none (wander/search next)
2026-09-29 16:30:29.881  INFO   search      farm branch=none (wander/search next)
2026-09-29 16:30:30.086  INFO   search      farm branch=none (wander/search next)
2026-09-29 16:30:30.327  INFO   search      farm branch=none (wander/search next)
2026-09-29 16:30:30.531  INFO   search      farm branch=none (wander/search next)
2026-09-29 16:30:30.798  INFO   search      farm branch=none (wander/search next)
2026-09-29 16:30:31.186  INFO   search      farm branch=none (wander/search next)
2026-09-29 16:30:31.196  INFO   search      hop arrive wp=(337, 419)
2026-09-29 16:30:31.206  INFO   search      hop start wp=(342, 422) reason=search area
2026-09-29 16:30:31.668  INFO   search      farm branch=none (wander/search next)
2026-09-29 16:30:32.031  INFO   search      farm branch=none (wander/search next)
2026-09-29 16:30:32.261  INFO   search      farm branch=none (wander/search next)
2026-09-29 16:30:32.509  INFO   search      farm branch=none (wander/search next)
2026-09-29 16:30:32.851  INFO   search      farm branch=none (wander/search next)
2026-09-29 16:30:33.169  INFO   search      farm branch=none (wander/search next)
2026-09-29 16:30:33.585  INFO   search      hop arrive wp=(342, 422)
2026-09-29 16:30:33.611  INFO   search      hop start wp=(347, 424) reason=search area
2026-09-29 16:30:34.021  INFO   session     Entity shadow: vision=2 {'player': 2} memory=2 {'player': 2} paired=2 median=0.019
2026-09-29 16:30:34.106  INFO   search      farm branch=none (wander/search next)
2026-09-29 16:30:34.294  INFO   search      farm branch=none (wander/search next)
2026-09-29 16:30:34.628  INFO   search      farm branch=none (wander/search next)
2026-09-29 16:30:34.821  INFO   search      farm branch=none (wander/search next)
2026-09-29 16:30:35.067  INFO   search      farm branch=none (wander/search next)
2026-09-29 16:30:35.273  INFO   search      farm branch=none (wander/search next)
2026-09-29 16:30:35.448  INFO   search      farm branch=none (wander/search next)
2026-09-29 16:30:35.652  INFO   search      farm branch=none (wander/search next)
2026-09-29 16:30:35.867  INFO   search      farm branch=none (wander/search next)
2026-09-29 16:30:36.027  INFO   search      farm branch=none (wander/search next)
2026-09-29 16:30:36.109  INFO   search      hop arrive wp=(347, 424)
2026-09-29 16:30:36.120  INFO   search      hop start wp=(353, 428) reason=search area
2026-09-29 16:30:36.460  INFO   search      farm branch=none (wander/search next)
2026-09-29 16:30:36.710  INFO   search      farm branch=none (wander/search next)
2026-09-29 16:30:36.870  INFO   search      farm branch=none (wander/search next)
2026-09-29 16:30:37.130  INFO   search      farm branch=none (wander/search next)
2026-09-29 16:30:37.284  INFO   search      farm branch=none (wander/search next)
2026-09-29 16:30:37.547  INFO   search      farm branch=none (wander/search next)
2026-09-29 16:30:37.737  INFO   search      farm branch=none (wander/search next)
2026-09-29 16:30:37.958  INFO   search      farm branch=none (wander/search next)
2026-09-29 16:30:37.958  INFO   search      hop arrive wp=(353, 428)
2026-09-29 16:30:37.968  INFO   search      hop start wp=(349, 421) reason=search area
2026-09-29 16:30:38.249  INFO   search      farm branch=none (wander/search next)
2026-09-29 16:30:38.408  INFO   search      farm branch=none (wander/search next)
2026-09-29 16:30:38.610  INFO   search      farm branch=none (wander/search next)
2026-09-29 16:30:38.836  INFO   search      farm branch=none (wander/search next)
2026-09-29 16:30:38.837  INFO   decision    mode=farming goal=search action=searching target=- sticky=- origin=(351,428) shop=0 scrolled=0 reason='search area' status=success (repeat x50)
2026-09-29 16:30:39.054  INFO   session     Entity shadow: vision=2 {'player': 2} memory=1 {'player': 1} paired=1 median=0.041
2026-09-29 16:30:39.101  INFO   search      farm branch=none (wander/search next)
2026-09-29 16:30:39.514  INFO   search      farm branch=none (wander/search next)
2026-09-29 16:30:40.172  INFO   search      farm branch=none (wander/search next)
2026-09-29 16:30:40.554  INFO   search      farm branch=none (wander/search next)
2026-09-29 16:30:40.794  INFO   search      farm branch=none (wander/search next)
2026-09-29 16:30:40.967  INFO   search      farm branch=none (wander/search next)
2026-09-29 16:30:41.182  INFO   search      farm branch=none (wander/search next)
2026-09-29 16:30:41.193  INFO   search      hop arrive wp=(349, 421)
2026-09-29 16:30:41.202  INFO   search      hop start wp=(349, 417) reason=search area
2026-09-29 16:30:41.585  INFO   search      farm branch=none (wander/search next)
2026-09-29 16:30:41.807  INFO   search      farm branch=none (wander/search next)
2026-09-29 16:30:42.031  INFO   search      farm branch=none (wander/search next)
2026-09-29 16:30:42.270  INFO   search      farm branch=none (wander/search next)
2026-09-29 16:30:42.456  INFO   search      farm branch=none (wander/search next)
2026-09-29 16:30:42.625  INFO   search      farm branch=none (wander/search next)
2026-09-29 16:30:42.833  INFO   search      farm branch=none (wander/search next)
2026-09-29 16:30:43.056  INFO   search      farm branch=none (wander/search next)
2026-09-29 16:30:43.056  INFO   search      hop arrive wp=(349, 417)
2026-09-29 16:30:43.065  INFO   search      hop start wp=(348, 411) reason=search area
2026-09-29 16:30:43.380  INFO   search      farm branch=none (wander/search next)
2026-09-29 16:30:43.552  INFO   search      farm branch=none (wander/search next)
2026-09-29 16:30:43.879  INFO   search      farm branch=none (wander/search next)
2026-09-29 16:30:44.116  INFO   session     Entity shadow: vision=2 {'player': 2} memory=2 {'player': 2} paired=1 median=0.025
2026-09-29 16:30:44.167  INFO   search      farm branch=none (wander/search next)
2026-09-29 16:30:44.401  INFO   search      farm branch=none (wander/search next)
2026-09-29 16:30:44.772  INFO   search      farm branch=none (wander/search next)
2026-09-29 16:30:44.953  INFO   search      farm branch=none (wander/search next)
2026-09-29 16:30:45.127  INFO   search      farm branch=none (wander/search next)
2026-09-29 16:30:45.292  INFO   search      farm branch=none (wander/search next)
2026-09-29 16:30:45.608  INFO   search      farm branch=none (wander/search next)
2026-09-29 16:30:45.872  INFO   search      farm branch=none (wander/search next)
2026-09-29 16:30:46.490  INFO   search      farm branch=none (wander/search next)
2026-09-29 16:30:46.491  INFO   search      hop arrive wp=(348, 411)
2026-09-29 16:30:46.500  INFO   search      hop start wp=(348, 405) reason=search area
2026-09-29 16:30:46.991  INFO   search      farm branch=none (wander/search next)
2026-09-29 16:30:47.280  INFO   search      farm branch=none (wander/search next)
2026-09-29 16:30:47.445  INFO   search      farm branch=none (wander/search next)
2026-09-29 16:30:47.681  INFO   search      farm branch=none (wander/search next)
2026-09-29 16:30:47.836  INFO   search      farm branch=none (wander/search next)
2026-09-29 16:30:48.099  INFO   search      farm branch=none (wander/search next)
2026-09-29 16:30:48.268  INFO   search      farm branch=none (wander/search next)
2026-09-29 16:30:48.551  INFO   search      farm branch=none (wander/search next)
2026-09-29 16:30:48.738  INFO   search      farm branch=none (wander/search next)
2026-09-29 16:30:48.958  INFO   search      farm branch=none (wander/search next)
2026-09-29 16:30:49.196  INFO   session     Entity shadow: vision=2 {'player': 2} memory=1 {'player': 1} paired=1 median=0.033
2026-09-29 16:30:49.261  INFO   search      farm branch=none (wander/search next)
2026-09-29 16:30:49.262  INFO   search      hop arrive wp=(348, 405)
2026-09-29 16:30:49.271  INFO   search      hop start wp=(347, 401) reason=search area
2026-09-29 16:30:49.565  INFO   search      farm branch=none (wander/search next)
2026-09-29 16:30:49.819  INFO   combat      farm branch=screen_combat id=118 dist=15
2026-09-29 16:30:49.824  INFO   combat      engage id=118 species=monster_오크_2 rel=(-2,-15)
2026-09-29 16:30:49.835  INFO   decision    mode=farming goal=combat action=attack target=118 sticky=118 origin=(348,406) shop=0 scrolled=0 reason='screen engage' status=success
2026-09-29 16:30:50.224  INFO   combat      farm branch=sticky id=118 dist=13
2026-09-29 16:30:50.503  INFO   combat      farm branch=sticky id=118 dist=13
2026-09-29 16:30:50.788  INFO   combat      farm branch=sticky id=118 dist=13
2026-09-29 16:30:51.148  INFO   combat      farm branch=sticky id=118 dist=11
2026-09-29 16:30:51.585  INFO   search      farm branch=none (wander/search next)
2026-09-29 16:30:51.688  INFO   search      hop arrive wp=(347, 401)
2026-09-29 16:30:51.698  INFO   search      hop start wp=(351, 405) reason=search area
2026-09-29 16:30:51.707  INFO   decision    mode=farming goal=search action=searching target=- sticky=- origin=(347,402) shop=0 scrolled=0 reason='search area' status=success
2026-09-29 16:30:52.077  INFO   search      farm branch=none (wander/search next)
2026-09-29 16:30:52.298  INFO   search      farm branch=none (wander/search next)
2026-09-29 16:30:52.490  INFO   search      farm branch=none (wander/search next)
2026-09-29 16:30:53.004  INFO   search      farm branch=none (wander/search next)
2026-09-29 16:30:53.617  INFO   search      farm branch=none (wander/search next)
2026-09-29 16:30:53.851  INFO   search      farm branch=none (wander/search next)
2026-09-29 16:30:54.044  INFO   search      farm branch=none (wander/search next)
2026-09-29 16:30:54.376  INFO   session     Entity shadow: vision=1 {'player': 1} memory=0 {} paired=0 median=0.000
2026-09-29 16:30:54.429  INFO   search      farm branch=none (wander/search next)
2026-09-29 16:30:54.618  INFO   search      farm branch=none (wander/search next)
2026-09-29 16:30:54.865  INFO   search      farm branch=none (wander/search next)
2026-09-29 16:30:55.225  INFO   search      farm branch=none (wander/search next)
2026-09-29 16:30:55.408  INFO   search      farm branch=none (wander/search next)
2026-09-29 16:30:55.657  INFO   search      farm branch=none (wander/search next)
2026-09-29 16:30:55.889  INFO   search      farm branch=none (wander/search next)
2026-09-29 16:30:56.067  INFO   search      farm branch=none (wander/search next)
2026-09-29 16:30:56.261  INFO   search      farm branch=none (wander/search next)
2026-09-29 16:30:56.527  INFO   search      farm branch=none (wander/search next)
2026-09-29 16:30:56.712  INFO   search      farm branch=none (wander/search next)
2026-09-29 16:30:56.926  INFO   search      farm branch=none (wander/search next)
2026-09-29 16:30:57.132  INFO   search      farm branch=none (wander/search next)
2026-09-29 16:30:57.323  INFO   search      farm branch=none (wander/search next)
2026-09-29 16:30:57.328  INFO   search      hop start wp=(344, 400) reason=unstick nearby
2026-09-29 16:30:57.650  INFO   combat      farm branch=screen_combat id=119 dist=10
2026-09-29 16:30:57.663  INFO   combat      engage id=119 species=monster_그렘린_4 rel=(-7,-10)
2026-09-29 16:30:57.672  INFO   decision    mode=farming goal=combat action=attack target=119 sticky=119 origin=(347,401) shop=0 scrolled=0 reason='screen engage' status=success
2026-09-29 16:30:58.223  INFO   combat      farm branch=sticky id=119 dist=10
2026-09-29 16:30:58.497  INFO   combat      farm branch=sticky id=119 dist=9
2026-09-29 16:30:58.764  INFO   combat      farm branch=sticky id=119 dist=10
2026-09-29 16:30:59.110  INFO   combat      farm branch=sticky id=119 dist=10
2026-09-29 16:30:59.675  INFO   session     Entity shadow: vision=2 {'monster': 2} memory=2 {'monster': 2} paired=2 median=0.117
2026-09-29 16:30:59.855  INFO   combat      farm branch=sticky id=119 dist=8
2026-09-29 16:31:00.268  INFO   combat      wall/fence LOS blocked id=119 — A* detour hop to (347, 396)
2026-09-29 16:31:00.291  INFO   decision    mode=farming goal=combat action=searching target=119 sticky=119 origin=(343,398) shop=0 scrolled=0 reason='wall detour A*' status=success
2026-09-29 16:31:00.683  INFO   combat      farm branch=sticky id=119 dist=7
2026-09-29 16:31:00.684  INFO   decision    mode=farming goal=combat action=attack target=119 sticky=119 origin=(341,396) shop=0 scrolled=0 reason='attack target' status=success
2026-09-29 16:31:01.254  INFO   combat      farm branch=sticky id=119 dist=7
2026-09-29 16:31:01.579  INFO   combat      farm branch=sticky id=119 dist=5
2026-09-29 16:31:01.893  INFO   combat      farm branch=sticky id=119 dist=5
2026-09-29 16:31:02.365  INFO   combat      farm branch=sticky id=119 dist=3
2026-09-29 16:31:02.735  INFO   combat      farm branch=sticky id=119 dist=3
2026-09-29 16:31:03.136  INFO   combat      farm branch=sticky id=119 dist=3
2026-09-29 16:31:03.515  INFO   combat      farm branch=sticky id=119 dist=2
2026-09-29 16:31:03.910  INFO   combat      farm branch=sticky id=119 dist=2
2026-09-29 16:31:04.394  INFO   combat      farm branch=screen_combat id=120 dist=6
2026-09-29 16:31:04.546  INFO   combat      engage id=120 species=monster_오크 전사_8 rel=(2,-6)
2026-09-29 16:31:04.558  INFO   decision    mode=farming goal=combat action=attack target=120 sticky=120 origin=(344,390) shop=0 scrolled=0 reason='screen engage' status=success
2026-09-29 16:31:04.960  INFO   session     Entity shadow: vision=5 {'player': 1, 'monster': 4} memory=3 {'monster': 3} paired=2 median=0.008
2026-09-29 16:31:05.032  INFO   combat      farm branch=sticky id=120 dist=6
2026-09-29 16:31:05.363  INFO   combat      farm branch=sticky id=120 dist=4
2026-09-29 16:31:05.364  INFO   combat      wall/fence LOS blocked id=120 — ring click (346, 386) (r=2)
2026-09-29 16:31:05.373  INFO   decision    mode=farming goal=combat action=searching target=120 sticky=120 origin=(345,388) shop=0 scrolled=0 reason='wall detour ring' status=success
2026-09-29 16:31:05.705  INFO   combat      farm branch=sticky id=120 dist=4
2026-09-29 16:31:05.773  INFO   combat      wall/fence LOS blocked id=120 — ring click (347, 386) (r=2)
2026-09-29 16:31:06.300  INFO   combat      farm branch=sticky id=120 dist=4
2026-09-29 16:31:06.696  INFO   combat      wall/fence LOS blocked id=120 — ring click (347, 387) (r=2)
2026-09-29 16:31:07.091  INFO   combat      farm branch=sticky id=120 dist=4
2026-09-29 16:31:07.140  INFO   combat      wall/fence LOS blocked id=120 — ring click (347, 388) (r=2)
2026-09-29 16:31:07.630  INFO   combat      farm branch=sticky id=120 dist=2
2026-09-29 16:31:07.631  INFO   decision    mode=farming goal=combat action=attack target=120 sticky=120 origin=(346,387) shop=0 scrolled=0 reason='attack target' status=success
2026-09-29 16:31:08.201  INFO   combat      farm branch=sticky id=120 dist=2
2026-09-29 16:31:08.502  INFO   combat      farm branch=sticky id=120 dist=2
2026-09-29 16:31:08.887  INFO   combat      farm branch=sticky id=120 dist=2
2026-09-29 16:31:09.244  INFO   combat      farm branch=sticky id=120 dist=1
2026-09-29 16:31:09.634  INFO   combat      farm branch=sticky id=120 dist=1
2026-09-29 16:31:10.132  INFO   session     Entity shadow: vision=8 {'monster': 6, 'player': 2} memory=4 {'monster': 4} paired=3 median=0.017
2026-09-29 16:31:10.202  INFO   combat      farm branch=sticky id=120 dist=1
2026-09-29 16:31:10.537  INFO   combat      farm branch=sticky id=120 dist=1
2026-09-29 16:31:10.823  INFO   combat      farm branch=sticky id=120 dist=1
2026-09-29 16:31:11.307  INFO   combat      farm branch=sticky id=120 dist=1
2026-09-29 16:31:11.733  INFO   combat      farm branch=sticky id=120 dist=1
2026-09-29 16:31:12.309  INFO   combat      farm branch=sticky id=120 dist=1
2026-09-29 16:31:13.110  INFO   combat      farm branch=sticky id=120 dist=1
2026-09-29 16:31:13.488  INFO   combat      farm branch=sticky id=120 dist=1
2026-09-29 16:31:13.920  INFO   combat      farm branch=sticky id=120 dist=1
2026-09-29 16:31:14.433  INFO   combat      farm branch=sticky id=122 dist=1
2026-09-29 16:31:14.481  INFO   decision    mode=farming goal=combat action=attack target=122 sticky=122 origin=(347,386) shop=0 scrolled=0 reason='attack target' status=success
2026-09-29 16:31:14.808  INFO   combat      farm branch=sticky id=122 dist=1
2026-09-29 16:31:15.305  INFO   session     Entity shadow: vision=9 {'monster': 7, 'item': 1, 'player': 1} memory=4 {'item': 1, 'monster': 3} paired=4 median=0.016
2026-09-29 16:31:15.365  INFO   combat      farm branch=sticky id=122 dist=1
2026-09-29 16:31:15.713  INFO   combat      farm branch=sticky id=122 dist=1
2026-09-29 16:31:16.065  INFO   combat      farm branch=sticky id=122 dist=1
2026-09-29 16:31:16.528  INFO   combat      farm branch=sticky id=122 dist=1
2026-09-29 16:31:16.944  INFO   combat      farm branch=sticky id=122 dist=1
2026-09-29 16:31:17.328  INFO   combat      farm branch=sticky id=122 dist=1
2026-09-29 16:31:17.975  INFO   combat      farm branch=sticky id=122 dist=1
2026-09-29 16:31:18.772  INFO   combat      farm branch=sticky id=121 dist=2
2026-09-29 16:31:18.841  INFO   decision    mode=farming goal=combat action=attack target=121 sticky=121 origin=(347,386) shop=0 scrolled=0 reason='attack target' status=success
2026-09-29 16:31:19.170  INFO   combat      farm branch=sticky id=121 dist=2
2026-09-29 16:31:19.588  INFO   combat      farm branch=sticky id=121 dist=2
2026-09-29 16:31:20.063  INFO   combat      farm branch=sticky id=121 dist=1
2026-09-29 16:31:20.523  INFO   session     Entity shadow: vision=8 {'monster': 4, 'item': 3, 'player': 1} memory=5 {'monster': 2, 'item': 3} paired=4 median=0.014
2026-09-29 16:31:20.575  INFO   combat      farm branch=sticky id=121 dist=1
2026-09-29 16:31:20.926  INFO   combat      farm branch=sticky id=121 dist=1
2026-09-29 16:31:21.303  INFO   combat      farm branch=sticky id=121 dist=1
2026-09-29 16:31:21.742  INFO   combat      farm branch=sticky id=121 dist=1
2026-09-29 16:31:22.149  INFO   combat      farm branch=sticky id=121 dist=1
2026-09-29 16:31:22.540  INFO   loot        begin_loot_item id=128
2026-09-29 16:31:22.646  INFO   loot        pickup emit item=128 reason=engage item
2026-09-29 16:31:22.653  INFO   loot        farm branch=loot item_id=128
2026-09-29 16:31:22.695  INFO   decision    mode=farming goal=loot action=pickup target=128 sticky=- origin=(347,386) shop=0 scrolled=0 reason='engage item' status=success
2026-09-29 16:31:23.131  INFO   loot        pickup retry id=128 (await still listed)
2026-09-29 16:31:23.132  INFO   loot        pickup emit item=128 reason=pickup retry
2026-09-29 16:31:23.141  INFO   loot        farm branch=loot item_id=None
2026-09-29 16:31:23.661  INFO   loot        begin_loot_item id=125
2026-09-29 16:31:23.662  INFO   loot        pickup emit item=125 reason=engage item
2026-09-29 16:31:23.670  INFO   loot        farm branch=loot item_id=125
2026-09-29 16:31:23.701  INFO   decision    mode=farming goal=loot action=pickup target=125 sticky=- origin=(347,386) shop=0 scrolled=0 reason='engage item' status=success
2026-09-29 16:31:24.196  INFO   loot        pickup retry id=125 (await still listed)
2026-09-29 16:31:24.196  INFO   loot        pickup emit item=125 reason=pickup retry
2026-09-29 16:31:24.205  INFO   loot        farm branch=loot item_id=None
2026-09-29 16:31:24.982  INFO   loot        pickup retry id=125 (await still listed)
2026-09-29 16:31:25.364  INFO   loot        pickup emit item=125 reason=pickup retry
2026-09-29 16:31:25.387  INFO   loot        farm branch=loot item_id=None
2026-09-29 16:31:25.841  INFO   session     Entity shadow: vision=4 {'player': 2, 'monster': 1, 'item': 1} memory=3 {'player': 2, 'item': 1} paired=2 median=0.021
2026-09-29 16:31:25.915  INFO   loot        begin_loot_item id=130
2026-09-29 16:31:25.916  INFO   loot        pickup emit item=130 reason=engage item
2026-09-29 16:31:25.922  INFO   loot        farm branch=loot item_id=130
2026-09-29 16:31:25.952  INFO   decision    mode=farming goal=loot action=pickup target=130 sticky=- origin=(348,386) shop=0 scrolled=0 reason='engage item' status=success
2026-09-29 16:31:26.352  INFO   loot        pickup retry id=130 (await still listed)
2026-09-29 16:31:26.353  INFO   loot        pickup emit item=130 reason=pickup retry
2026-09-29 16:31:26.364  INFO   loot        farm branch=loot item_id=None
2026-09-29 16:31:26.770  INFO   loot        pickup retry id=130 (await still listed)
2026-09-29 16:31:26.770  INFO   loot        pickup emit item=130 reason=pickup retry
2026-09-29 16:31:26.779  INFO   loot        farm branch=loot item_id=None
2026-09-29 16:31:27.301  INFO   search      farm branch=none (wander/search next)
2026-09-29 16:31:27.446  INFO   travel      return/enter farm needed at (348,386)
2026-09-29 16:31:27.499  INFO   search      farm branch=none (wander/search next)
2026-09-29 16:31:27.503  INFO   travel      hop begin wp=(348, 400) purpose=enter_farm reason=enter farm area
2026-09-29 16:31:27.515  INFO   decision    mode=traveling goal=traveling action=traveling target=- sticky=- origin=(348,386) shop=0 scrolled=0 reason='enter farm area' status=success
2026-09-29 16:31:27.958  INFO   search      farm branch=none (wander/search next)
2026-09-29 16:31:28.218  INFO   search      farm branch=none (wander/search next)
2026-09-29 16:31:28.525  INFO   search      farm branch=none (wander/search next)
2026-09-29 16:31:28.791  INFO   search      farm branch=none (wander/search next)
2026-09-29 16:31:29.004  INFO   search      farm branch=none (wander/search next)
2026-09-29 16:31:29.392  INFO   search      farm branch=none (wander/search next)
2026-09-29 16:31:29.634  INFO   search      farm branch=none (wander/search next)
2026-09-29 16:31:29.638  INFO   travel      hop begin wp=(348, 400) purpose=enter_farm reason=enter farm area
2026-09-29 16:31:30.014  INFO   search      farm branch=none (wander/search next)
2026-09-29 16:31:30.199  INFO   search      farm branch=none (wander/search next)
2026-09-29 16:31:30.399  INFO   search      farm branch=none (wander/search next)
2026-09-29 16:31:30.651  INFO   search      farm branch=none (wander/search next)
2026-09-29 16:31:30.852  INFO   session     Entity shadow: vision=4 {'player': 2, 'monster': 2} memory=2 {'monster': 1, 'player': 1} paired=1 median=0.029
2026-09-29 16:31:30.920  INFO   search      farm branch=none (wander/search next)
2026-09-29 16:31:31.099  INFO   search      farm branch=none (wander/search next)
2026-09-29 16:31:31.274  INFO   combat      farm branch=screen_combat id=132 dist=8
2026-09-29 16:31:31.290  INFO   combat      engage id=132 species=monster_늑대인간_9 rel=(-8,-1)
2026-09-29 16:31:31.299  INFO   decision    mode=traveling goal=combat action=attack target=132 sticky=132 origin=(348,392) shop=0 scrolled=0 reason='screen engage' status=success
2026-09-29 16:31:31.863  INFO   combat      farm branch=sticky id=132 dist=8
2026-09-29 16:31:32.629  INFO   combat      farm branch=sticky id=132 dist=6
2026-09-29 16:31:32.997  INFO   combat      farm branch=sticky id=132 dist=6
2026-09-29 16:31:33.363  INFO   combat      farm branch=sticky id=132 dist=5
2026-09-29 16:31:33.848  INFO   combat      farm branch=sticky id=132 dist=5
2026-09-29 16:31:34.239  INFO   combat      farm branch=sticky id=132 dist=4
2026-09-29 16:31:34.684  INFO   combat      farm branch=sticky id=132 dist=3
2026-09-29 16:31:35.095  INFO   combat      farm branch=sticky id=132 dist=2
2026-09-29 16:31:35.548  INFO   search      farm branch=none (wander/search next)
2026-09-29 16:31:35.628  INFO   travel      hop begin wp=(348, 400) purpose=enter_farm reason=enter farm area
2026-09-29 16:31:35.637  INFO   decision    mode=traveling goal=traveling action=traveling target=- sticky=- origin=(347,394) shop=0 scrolled=0 reason='enter farm area' status=success
2026-09-29 16:31:36.045  INFO   session     Entity shadow: vision=1 {'monster': 1} memory=0 {} paired=0 median=0.000
2026-09-29 16:31:36.098  INFO   search      farm branch=none (wander/search next)
2026-09-29 16:31:36.299  INFO   search      farm branch=none (wander/search next)
2026-09-29 16:31:36.650  INFO   search      farm branch=none (wander/search next)
2026-09-29 16:31:36.833  INFO   search      farm branch=none (wander/search next)
2026-09-29 16:31:37.039  INFO   search      farm branch=none (wander/search next)
2026-09-29 16:31:37.271  INFO   search      farm branch=none (wander/search next)
2026-09-29 16:31:37.445  INFO   search      farm branch=none (wander/search next)
2026-09-29 16:31:37.678  INFO   search      farm branch=none (wander/search next)
2026-09-29 16:31:37.716  INFO   travel      hop begin wp=(348, 400) purpose=enter_farm reason=enter farm area
2026-09-29 16:31:38.054  INFO   search      farm branch=none (wander/search next)
2026-09-29 16:31:38.391  INFO   search      farm branch=none (wander/search next)
2026-09-29 16:31:39.072  INFO   search      farm branch=none (wander/search next)
2026-09-29 16:31:39.479  INFO   search      farm branch=none (wander/search next)
2026-09-29 16:31:39.861  INFO   search      farm branch=none (wander/search next)
2026-09-29 16:31:39.877  INFO   search      farm branch=none (wander/search next)
2026-09-29 16:31:39.881  INFO   search      hop start wp=(344, 401) reason=search area
2026-09-29 16:31:39.890  INFO   decision    mode=farming goal=search action=searching target=- sticky=- origin=(348,398) shop=0 scrolled=0 reason='search area' status=success
2026-09-29 16:31:40.379  INFO   search      farm branch=none (wander/search next)
2026-09-29 16:31:40.749  INFO   search      farm branch=none (wander/search next)
2026-09-29 16:31:41.069  INFO   session     Entity shadow: vision=2 {'player': 2} memory=2 {'item': 1, 'player': 1} paired=1 median=0.027
2026-09-29 16:31:41.137  INFO   loot        begin_loot_item id=134
2026-09-29 16:31:41.146  INFO   loot        approach hop item=134 wp=(354, 408) reason=walk onto item
2026-09-29 16:31:41.152  INFO   loot        farm branch=loot item_id=134
2026-09-29 16:31:41.167  INFO   decision    mode=farming goal=loot action=searching target=134 sticky=- origin=(348,400) shop=0 scrolled=0 reason='walk onto item' status=success
2026-09-29 16:31:41.741  INFO   loot        farm branch=loot item_id=134
2026-09-29 16:31:41.928  INFO   loot        farm branch=loot item_id=134
2026-09-29 16:31:42.106  INFO   loot        farm branch=loot item_id=134
2026-09-29 16:31:42.363  INFO   loot        farm branch=loot item_id=134
2026-09-29 16:31:42.557  INFO   loot        farm branch=loot item_id=134
2026-09-29 16:31:42.800  INFO   search      farm branch=none (wander/search next)
2026-09-29 16:31:42.804  INFO   decision    mode=farming goal=search action=searching target=- sticky=- origin=(346,402) shop=0 scrolled=0 reason='search area' status=success
2026-09-29 16:31:42.987  INFO   search      farm branch=none (wander/search next)
2026-09-29 16:31:43.197  INFO   search      farm branch=none (wander/search next)
2026-09-29 16:31:43.415  INFO   search      farm branch=none (wander/search next)
2026-09-29 16:31:43.692  INFO   search      farm branch=none (wander/search next)
2026-09-29 16:31:44.377  INFO   search      farm branch=none (wander/search next)
2026-09-29 16:31:44.665  INFO   search      farm branch=none (wander/search next)
2026-09-29 16:31:44.889  INFO   search      farm branch=none (wander/search next)
2026-09-29 16:31:45.141  INFO   search      farm branch=none (wander/search next)
2026-09-29 16:31:45.142  INFO   search      hop arrive wp=(354, 408)
2026-09-29 16:31:45.150  INFO   search      hop start wp=(349, 413) reason=search area
2026-09-29 16:31:45.509  INFO   search      farm branch=none (wander/search next)
2026-09-29 16:31:45.675  INFO   search      farm branch=none (wander/search next)
2026-09-29 16:31:45.900  INFO   search      farm branch=none (wander/search next)
2026-09-29 16:31:46.104  INFO   search      farm branch=none (wander/search next)
2026-09-29 16:31:46.147  INFO   search      hop arrive wp=(349, 413)
2026-09-29 16:31:46.158  INFO   search      hop start wp=(346, 416) reason=search area
2026-09-29 16:31:46.553  INFO   session     Entity shadow: vision=2 {'player': 2} memory=2 {'monster': 1, 'player': 1} paired=1 median=0.068 unleveled=189:鹿
2026-09-29 16:31:46.677  INFO   search      farm branch=none (wander/search next)
2026-09-29 16:31:46.921  INFO   search      farm branch=none (wander/search next)
2026-09-29 16:31:47.158  INFO   search      farm branch=none (wander/search next)
2026-09-29 16:31:47.333  INFO   search      farm branch=none (wander/search next)
2026-09-29 16:31:47.584  INFO   search      farm branch=none (wander/search next)
2026-09-29 16:31:47.798  INFO   search      farm branch=none (wander/search next)
2026-09-29 16:31:48.016  INFO   search      farm branch=none (wander/search next)
2026-09-29 16:31:48.016  INFO   search      hop arrive wp=(346, 416)
2026-09-29 16:31:48.025  INFO   search      hop start wp=(344, 419) reason=search area
2026-09-29 16:31:48.319  INFO   search      farm branch=none (wander/search next)
2026-09-29 16:31:48.480  INFO   search      farm branch=none (wander/search next)
2026-09-29 16:31:48.677  INFO   search      farm branch=none (wander/search next)
2026-09-29 16:31:48.852  INFO   search      farm branch=none (wander/search next)
2026-09-29 16:31:49.038  INFO   search      farm branch=none (wander/search next)
2026-09-29 16:31:49.086  INFO   search      hop arrive wp=(344, 419)
2026-09-29 16:31:49.097  INFO   search      hop start wp=(340, 422) reason=search area
2026-09-29 16:31:49.414  INFO   search      farm branch=none (wander/search next)
2026-09-29 16:31:49.667  INFO   search      farm branch=none (wander/search next)
2026-09-29 16:31:49.881  INFO   search      farm branch=none (wander/search next)
2026-09-29 16:31:50.204  INFO   search      farm branch=none (wander/search next)
2026-09-29 16:31:50.595  INFO   search      hop arrive wp=(340, 422)
2026-09-29 16:31:50.621  INFO   search      hop start wp=(338, 424) reason=search area
2026-09-29 16:31:51.063  INFO   search      farm branch=none (wander/search next)
2026-09-29 16:31:51.066  INFO   search      hop arrive wp=(338, 424)
2026-09-29 16:31:51.075  INFO   search      hop start wp=(337, 426) reason=search area
2026-09-29 16:31:51.429  INFO   search      farm branch=none (wander/search next)
2026-09-29 16:31:51.589  INFO   session     Entity shadow: vision=1 {'player': 1} memory=1 {'monster': 1} paired=0 median=0.000
2026-09-29 16:31:51.645  INFO   search      farm branch=none (wander/search next)
2026-09-29 16:31:51.818  INFO   search      farm branch=none (wander/search next)
2026-09-29 16:31:52.090  INFO   search      farm branch=none (wander/search next)
2026-09-29 16:31:52.093  INFO   search      hop arrive wp=(337, 426)
2026-09-29 16:31:52.109  INFO   search      hop start wp=(333, 429) reason=search area
2026-09-29 16:31:52.421  INFO   search      farm branch=none (wander/search next)
2026-09-29 16:31:52.609  INFO   search      farm branch=none (wander/search next)
2026-09-29 16:31:52.880  INFO   search      farm branch=none (wander/search next)
2026-09-29 16:31:53.126  INFO   search      farm branch=none (wander/search next)
2026-09-29 16:31:53.319  INFO   search      farm branch=none (wander/search next)
2026-09-29 16:31:53.516  INFO   search      farm branch=none (wander/search next)
2026-09-29 16:31:53.733  INFO   search      farm branch=none (wander/search next)
2026-09-29 16:31:53.911  INFO   search      farm branch=none (wander/search next)
2026-09-29 16:31:54.181  INFO   search      farm branch=none (wander/search next)
2026-09-29 16:31:54.184  INFO   search      hop arrive wp=(333, 429)
2026-09-29 16:31:54.193  INFO   search      hop start wp=(329, 425) reason=search area
2026-09-29 16:31:54.531  INFO   search      farm branch=none (wander/search next)
2026-09-29 16:31:54.699  INFO   search      farm branch=none (wander/search next)
2026-09-29 16:31:54.996  INFO   search      farm branch=none (wander/search next)
2026-09-29 16:31:55.223  INFO   search      farm branch=none (wander/search next)
2026-09-29 16:31:55.505  INFO   search      farm branch=none (wander/search next)
2026-09-29 16:31:56.126  INFO   search      farm branch=none (wander/search next)
2026-09-29 16:31:56.129  INFO   search      hop arrive wp=(329, 425)
2026-09-29 16:31:56.300  INFO   search      hop start wp=(326, 421) reason=search area
2026-09-29 16:31:56.625  INFO   search      farm branch=none (wander/search next)
2026-09-29 16:31:56.868  INFO   session     Entity shadow: vision=2 {'player': 1, 'monster': 1} memory=1 {'player': 1} paired=0 median=0.000
2026-09-29 16:31:56.920  INFO   search      farm branch=none (wander/search next)
2026-09-29 16:31:56.922  INFO   decision    mode=farming goal=search action=searching target=- sticky=- origin=(329,427) shop=0 scrolled=0 reason='search area' status=success (repeat x50)
2026-09-29 16:31:57.127  INFO   search      farm branch=none (wander/search next)
2026-09-29 16:31:57.344  INFO   search      farm branch=none (wander/search next)
2026-09-29 16:31:57.543  INFO   search      farm branch=none (wander/search next)
2026-09-29 16:31:57.754  INFO   search      farm branch=none (wander/search next)
2026-09-29 16:31:57.931  INFO   search      farm branch=none (wander/search next)
2026-09-29 16:31:58.146  INFO   search      farm branch=none (wander/search next)
2026-09-29 16:31:58.149  INFO   search      hop arrive wp=(326, 421)
2026-09-29 16:31:58.158  INFO   search      hop start wp=(321, 417) reason=search area
2026-09-29 16:31:58.473  INFO   search      farm branch=none (wander/search next)
2026-09-29 16:31:58.642  INFO   search      farm branch=none (wander/search next)
2026-09-29 16:31:58.850  INFO   search      farm branch=none (wander/search next)
2026-09-29 16:31:59.022  INFO   search      farm branch=none (wander/search next)
2026-09-29 16:31:59.242  INFO   search      farm branch=none (wander/search next)
2026-09-29 16:31:59.431  INFO   search      farm branch=none (wander/search next)
2026-09-29 16:31:59.666  INFO   search      farm branch=none (wander/search next)
2026-09-29 16:31:59.938  INFO   combat      farm branch=screen_combat id=139 dist=9
2026-09-29 16:32:00.116  INFO   combat      engage id=139 species=monster_오크_2 rel=(-6,-9)
2026-09-29 16:32:00.134  INFO   decision    mode=farming goal=combat action=attack target=139 sticky=139 origin=(324,421) shop=0 scrolled=0 reason='screen engage' status=success
2026-09-29 16:32:00.624  INFO   combat      farm branch=sticky id=139 dist=5
2026-09-29 16:32:00.977  INFO   combat      farm branch=sticky id=139 dist=5
2026-09-29 16:32:01.256  INFO   combat      farm branch=sticky id=139 dist=3
2026-09-29 16:32:01.841  INFO   combat      farm branch=sticky id=139 dist=2
2026-09-29 16:32:02.634  INFO   session     Entity shadow: vision=3 {'monster': 2, 'player': 1} memory=2 {'player': 1, 'monster': 1} paired=1 median=0.056
2026-09-29 16:32:02.738  INFO   search      farm branch=none (wander/search next)
2026-09-29 16:32:02.747  INFO   search      hop arrive wp=(321, 417)
2026-09-29 16:32:02.758  INFO   search      hop start wp=(317, 411) reason=search area
2026-09-29 16:32:02.765  INFO   decision    mode=farming goal=search action=searching target=- sticky=- origin=(320,416) shop=0 scrolled=0 reason='search area' status=success
2026-09-29 16:32:03.134  INFO   search      farm branch=none (wander/search next)
2026-09-29 16:32:03.338  INFO   combat      farm branch=screen_combat id=140 dist=14
2026-09-29 16:32:03.518  INFO   combat      engage id=140 species=monster_늑대인간_9 rel=(14,-1)
2026-09-29 16:32:03.527  INFO   decision    mode=farming goal=combat action=attack target=140 sticky=140 origin=(320,414) shop=0 scrolled=0 reason='screen engage' status=success
2026-09-29 16:32:04.013  INFO   combat      farm branch=sticky id=140 dist=14
2026-09-29 16:32:04.415  INFO   combat      farm branch=screen_combat id=142 dist=7
2026-09-29 16:32:04.445  INFO   combat      engage id=142 species=monster_그렘린_4 rel=(-5,-7)
2026-09-29 16:32:04.454  INFO   decision    mode=farming goal=combat action=attack target=142 sticky=142 origin=(318,412) shop=0 scrolled=0 reason='screen engage' status=success
2026-09-29 16:32:04.966  INFO   combat      farm branch=sticky id=142 dist=7
2026-09-29 16:32:05.287  INFO   combat      farm branch=sticky id=142 dist=7
2026-09-29 16:32:05.579  INFO   combat      farm branch=sticky id=142 dist=7
2026-09-29 16:32:05.855  INFO   combat      farm branch=sticky id=142 dist=6
2026-09-29 16:32:06.349  INFO   combat      farm branch=sticky id=142 dist=4
2026-09-29 16:32:06.799  INFO   combat      farm branch=sticky id=142 dist=4
2026-09-29 16:32:07.369  INFO   combat      farm branch=sticky id=142 dist=1
2026-09-29 16:32:08.207  INFO   session     Entity shadow: vision=3 {'monster': 1, 'item': 1, 'player': 1} memory=3 {'player': 2, 'item': 1} paired=2 median=0.040
2026-09-29 16:32:08.310  INFO   loot        begin_loot_item id=144
2026-09-29 16:32:08.315  INFO   loot        approach hop item=144 wp=(318, 400) reason=walk onto item
2026-09-29 16:32:08.322  INFO   loot        farm branch=loot item_id=144
2026-09-29 16:32:08.355  INFO   decision    mode=farming goal=loot action=searching target=144 sticky=- origin=(316,407) shop=0 scrolled=0 reason='walk onto item' status=success
2026-09-29 16:32:08.697  INFO   loot        farm branch=loot item_id=144
2026-09-29 16:32:08.911  INFO   loot        farm branch=loot item_id=144
2026-09-29 16:32:09.346  INFO   loot        farm branch=loot item_id=144
2026-09-29 16:32:09.769  INFO   loot        farm branch=loot item_id=144
2026-09-29 16:32:10.233  INFO   loot        farm branch=loot item_id=144
2026-09-29 16:32:10.655  INFO   loot        approach hop item=144 wp=(318, 400) reason=walk onto item
2026-09-29 16:32:10.780  INFO   loot        farm branch=loot item_id=144
2026-09-29 16:32:11.206  INFO   loot        farm branch=loot item_id=144
2026-09-29 16:32:11.459  INFO   loot        farm branch=loot item_id=144
2026-09-29 16:32:11.622  INFO   decision    mode=farming goal=loot action=pickup target=144 sticky=- origin=(317,400) shop=0 scrolled=0 reason='loot target' status=success
2026-09-29 16:32:12.132  INFO   loot        pickup retry id=144 (await still listed)
2026-09-29 16:32:12.133  INFO   loot        pickup emit item=144 reason=pickup retry
2026-09-29 16:32:12.142  INFO   loot        farm branch=loot item_id=None
2026-09-29 16:32:12.626  INFO   loot        pickup retry id=144 (await still listed)
2026-09-29 16:32:12.626  INFO   loot        pickup emit item=144 reason=pickup retry
2026-09-29 16:32:12.636  INFO   loot        farm branch=loot item_id=None
2026-09-29 16:32:13.074  INFO   session     Entity shadow: vision=3 {'item': 1, 'player': 2} memory=3 {'player': 3} paired=1 median=0.028
2026-09-29 16:32:13.174  INFO   search      farm branch=none (wander/search next)
2026-09-29 16:32:13.345  INFO   search      hop arrive wp=(318, 400)
2026-09-29 16:32:13.365  INFO   search      hop start wp=(321, 403) reason=search area
2026-09-29 16:32:13.373  INFO   decision    mode=farming goal=search action=searching target=- sticky=- origin=(317,400) shop=0 scrolled=0 reason='search area' status=success
2026-09-29 16:32:13.814  INFO   search      farm branch=none (wander/search next)
2026-09-29 16:32:14.087  INFO   search      farm branch=none (wander/search next)
2026-09-29 16:32:14.692  INFO   search      farm branch=none (wander/search next)
2026-09-29 16:32:15.385  INFO   search      farm branch=none (wander/search next)
2026-09-29 16:32:15.566  INFO   search      hop arrive wp=(321, 403)
2026-09-29 16:32:15.581  INFO   search      hop start wp=(326, 408) reason=search area
2026-09-29 16:32:16.037  INFO   search      farm branch=none (wander/search next)
2026-09-29 16:32:16.302  INFO   search      farm branch=none (wander/search next)
2026-09-29 16:32:16.597  INFO   search      farm branch=none (wander/search next)
2026-09-29 16:32:16.803  INFO   search      farm branch=none (wander/search next)
2026-09-29 16:32:17.041  INFO   search      farm branch=none (wander/search next)
2026-09-29 16:32:17.292  INFO   search      farm branch=none (wander/search next)
2026-09-29 16:32:17.502  INFO   search      farm branch=none (wander/search next)
2026-09-29 16:32:17.725  INFO   search      farm branch=none (wander/search next)
2026-09-29 16:32:17.944  INFO   search      farm branch=none (wander/search next)
2026-09-29 16:32:18.291  INFO   session     Entity shadow: vision=1 {'player': 1} memory=2 {'player': 2} paired=1 median=0.060
2026-09-29 16:32:18.377  INFO   search      farm branch=none (wander/search next)
2026-09-29 16:32:18.535  INFO   search      hop arrive wp=(326, 408)
2026-09-29 16:32:18.548  INFO   search      hop start wp=(328, 409) reason=search area
2026-09-29 16:32:18.900  INFO   search      farm branch=none (wander/search next)
2026-09-29 16:32:19.194  INFO   search      farm branch=none (wander/search next)
2026-09-29 16:32:19.440  INFO   search      farm branch=none (wander/search next)
2026-09-29 16:32:19.676  INFO   search      farm branch=none (wander/search next)
2026-09-29 16:32:20.023  INFO   search      farm branch=none (wander/search next)
2026-09-29 16:32:20.214  INFO   search      farm branch=none (wander/search next)
2026-09-29 16:32:20.472  INFO   search      farm branch=none (wander/search next)
2026-09-29 16:32:20.475  INFO   search      hop arrive wp=(328, 409)
2026-09-29 16:32:20.484  INFO   search      hop start wp=(323, 416) reason=search area
2026-09-29 16:32:21.000  INFO   search      farm branch=none (wander/search next)
2026-09-29 16:32:21.324  INFO   search      farm branch=none (wander/search next)
2026-09-29 16:32:21.980  INFO   search      farm branch=none (wander/search next)
2026-09-29 16:32:22.341  INFO   search      farm branch=none (wander/search next)
2026-09-29 16:32:22.553  INFO   search      farm branch=none (wander/search next)
2026-09-29 16:32:22.754  INFO   search      farm branch=none (wander/search next)
2026-09-29 16:32:23.002  INFO   search      farm branch=none (wander/search next)
2026-09-29 16:32:23.216  INFO   search      farm branch=none (wander/search next)
2026-09-29 16:32:23.556  INFO   session     Entity shadow: vision=2 {'player': 1, 'monster': 1} memory=2 {'monster': 1, 'player': 1} paired=1 median=0.067
2026-09-29 16:32:23.612  INFO   search      farm branch=none (wander/search next)
2026-09-29 16:32:23.617  INFO   search      hop arrive wp=(323, 416)
2026-09-29 16:32:23.625  INFO   search      hop start wp=(321, 419) reason=search area
2026-09-29 16:32:24.192  INFO   search      farm branch=none (wander/search next)
2026-09-29 16:32:24.425  INFO   search      farm branch=none (wander/search next)
2026-09-29 16:32:24.429  INFO   search      hop arrive wp=(321, 419)
2026-09-29 16:32:24.438  INFO   search      hop start wp=(319, 421) reason=search area
2026-09-29 16:32:24.756  INFO   search      farm branch=none (wander/search next)
2026-09-29 16:32:24.952  INFO   search      farm branch=none (wander/search next)
2026-09-29 16:32:25.233  INFO   search      farm branch=none (wander/search next)
2026-09-29 16:32:25.423  INFO   search      farm branch=none (wander/search next)
2026-09-29 16:32:25.452  INFO   search      hop arrive wp=(319, 421)
2026-09-29 16:32:25.461  INFO   search      hop start wp=(317, 424) reason=search area
2026-09-29 16:32:25.786  INFO   search      farm branch=none (wander/search next)
2026-09-29 16:32:26.064  INFO   search      farm branch=none (wander/search next)
2026-09-29 16:32:26.287  INFO   search      farm branch=none (wander/search next)
2026-09-29 16:32:26.459  INFO   search      farm branch=none (wander/search next)
2026-09-29 16:32:26.636  INFO   search      farm branch=none (wander/search next)
2026-09-29 16:32:26.888  INFO   search      farm branch=none (wander/search next)
2026-09-29 16:32:27.094  INFO   search      farm branch=none (wander/search next)
2026-09-29 16:32:27.318  INFO   search      farm branch=none (wander/search next)
2026-09-29 16:32:27.632  INFO   search      farm branch=none (wander/search next)
2026-09-29 16:32:28.027  INFO   search      hop arrive wp=(317, 424)
2026-09-29 16:32:28.039  INFO   search      hop start wp=(315, 427) reason=search area
2026-09-29 16:32:28.434  INFO   search      farm branch=none (wander/search next)
2026-09-29 16:32:28.613  INFO   session     Entity shadow: vision=2 {'player': 1, 'monster': 1} memory=2 {'monster': 2} paired=1 median=0.030 unleveled=189:鹿
2026-09-29 16:32:28.682  INFO   search      farm branch=none (wander/search next)
2026-09-29 16:32:28.684  INFO   search      hop arrive wp=(315, 427)
2026-09-29 16:32:28.693  INFO   search      hop start wp=(312, 431) reason=search area
2026-09-29 16:32:29.001  INFO   search      farm branch=none (wander/search next)
2026-09-29 16:32:29.213  INFO   search      farm branch=none (wander/search next)
2026-09-29 16:32:29.483  INFO   search      farm branch=none (wander/search next)
2026-09-29 16:32:29.485  INFO   decision    mode=farming goal=search action=searching target=- sticky=- origin=(316,426) shop=0 scrolled=0 reason='search area' status=success (repeat x50)
2026-09-29 16:32:29.702  INFO   search      farm branch=none (wander/search next)
2026-09-29 16:32:29.868  INFO   search      farm branch=none (wander/search next)
2026-09-29 16:32:30.040  INFO   search      farm branch=none (wander/search next)
2026-09-29 16:32:30.361  INFO   search      farm branch=none (wander/search next)
2026-09-29 16:32:30.583  INFO   search      farm branch=none (wander/search next)
2026-09-29 16:32:30.587  INFO   search      hop arrive wp=(312, 431)
2026-09-29 16:32:30.596  INFO   search      hop start wp=(316, 427) reason=search area
2026-09-29 16:32:30.948  INFO   search      farm branch=none (wander/search next)
2026-09-29 16:32:31.199  INFO   search      farm branch=none (wander/search next)
2026-09-29 16:32:31.422  INFO   search      farm branch=none (wander/search next)
2026-09-29 16:32:31.618  INFO   search      farm branch=none (wander/search next)
2026-09-29 16:32:31.811  INFO   search      farm branch=none (wander/search next)
2026-09-29 16:32:31.988  INFO   search      farm branch=none (wander/search next)
2026-09-29 16:32:32.170  INFO   search      farm branch=none (wander/search next)
2026-09-29 16:32:32.420  INFO   search      farm branch=none (wander/search next)
2026-09-29 16:32:32.712  INFO   combat      farm branch=screen_combat id=150 dist=15
2026-09-29 16:32:32.755  INFO   combat      engage id=150 species=monster_늑대인간_9 rel=(0,-15)
2026-09-29 16:32:32.764  INFO   decision    mode=farming goal=combat action=attack target=150 sticky=150 origin=(314,428) shop=0 scrolled=0 reason='screen engage' status=success
2026-09-29 16:32:33.243  INFO   search      farm branch=none (wander/search next)
2026-09-29 16:32:33.251  INFO   search      hop arrive wp=(316, 427)
2026-09-29 16:32:33.260  INFO   search      hop start wp=(319, 424) reason=search area
2026-09-29 16:32:33.267  INFO   decision    mode=farming goal=search action=searching target=- sticky=- origin=(314,428) shop=0 scrolled=0 reason='search area' status=success
2026-09-29 16:32:33.632  INFO   session     Entity shadow: vision=3 {'player': 1, 'monster': 2} memory=3 {'monster': 3} paired=2 median=0.088 unleveled=14:青蛙
2026-09-29 16:32:33.741  INFO   combat      farm branch=screen_combat id=151 dist=12
2026-09-29 16:32:33.924  INFO   combat      engage id=151 species=monster_늑대인간_9 rel=(-3,-12)
2026-09-29 16:32:33.933  INFO   decision    mode=farming goal=combat action=attack target=151 sticky=151 origin=(316,427) shop=0 scrolled=0 reason='screen engage' status=success
2026-09-29 16:32:34.478  INFO   combat      farm branch=sticky id=151 dist=11
2026-09-29 16:32:35.226  INFO   combat      farm branch=sticky id=151 dist=8
2026-09-29 16:32:35.726  INFO   combat      farm branch=sticky id=151 dist=5
2026-09-29 16:32:35.986  INFO   combat      farm branch=sticky id=151 dist=5
2026-09-29 16:32:36.543  INFO   combat      farm branch=sticky id=151 dist=4
2026-09-29 16:32:36.609  INFO   combat      wall/fence LOS blocked id=151 — A* detour hop to (313, 418)
2026-09-29 16:32:36.619  INFO   decision    mode=farming goal=combat action=searching target=151 sticky=151 origin=(315,423) shop=0 scrolled=0 reason='wall detour A*' status=success
2026-09-29 16:32:36.953  INFO   combat      farm branch=sticky id=151 dist=2
2026-09-29 16:32:37.014  INFO   decision    mode=farming goal=combat action=attack target=151 sticky=151 origin=(313,421) shop=0 scrolled=0 reason='attack target' status=success
2026-09-29 16:32:37.464  INFO   combat      farm branch=sticky id=151 dist=3
2026-09-29 16:32:37.775  INFO   combat      farm branch=sticky id=151 dist=2
2026-09-29 16:32:38.126  INFO   combat      farm branch=sticky id=151 dist=2
2026-09-29 16:32:38.639  INFO   combat      farm branch=sticky id=151 dist=2
2026-09-29 16:32:38.710  INFO   combat      wall/fence LOS blocked id=151 — A* detour hop to (315, 423)
2026-09-29 16:32:38.718  INFO   decision    mode=farming goal=combat action=searching target=151 sticky=151 origin=(314,420) shop=0 scrolled=0 reason='wall detour A*' status=success
2026-09-29 16:32:39.123  INFO   session     Entity shadow: vision=4 {'monster': 3, 'player': 1} memory=6 {'monster': 5, 'player': 1} paired=2 median=0.036 unleveled=14:青蛙,189:鹿
2026-09-29 16:32:39.222  INFO   combat      farm branch=sticky id=151 dist=2
2026-09-29 16:32:39.236  INFO   combat      wall/fence LOS blocked id=151 — A* detour hop to (315, 423)
2026-09-29 16:32:39.629  INFO   combat      farm branch=sticky id=151 dist=2
2026-09-29 16:32:39.631  INFO   decision    mode=farming goal=combat action=attack target=151 sticky=151 origin=(314,421) shop=0 scrolled=0 reason='attack target' status=success
2026-09-29 16:32:40.088  INFO   combat      farm branch=sticky id=153 dist=6
2026-09-29 16:32:40.090  INFO   decision    mode=farming goal=combat action=attack target=153 sticky=153 origin=(314,421) shop=0 scrolled=0 reason='attack target' status=success
2026-09-29 16:32:40.407  INFO   combat      farm branch=sticky id=153 dist=6
2026-09-29 16:32:40.888  INFO   combat      farm branch=sticky id=153 dist=4
2026-09-29 16:32:41.637  INFO   combat      farm branch=sticky id=153 dist=3
2026-09-29 16:32:42.025  INFO   combat      farm branch=sticky id=153 dist=2
2026-09-29 16:32:42.462  INFO   combat      farm branch=sticky id=153 dist=1
2026-09-29 16:32:43.022  INFO   combat      farm branch=sticky id=153 dist=1
2026-09-29 16:32:43.394  INFO   combat      farm branch=sticky id=153 dist=1
2026-09-29 16:32:43.761  INFO   combat      farm branch=sticky id=153 dist=1
2026-09-29 16:32:44.282  INFO   session     Entity shadow: vision=3 {'item': 1, 'player': 1, 'monster': 1} memory=6 {'monster': 4, 'item': 1, 'player': 1} paired=1 median=0.007 unleveled=189:鹿,14:青蛙
2026-09-29 16:32:44.390  INFO   combat      farm branch=sticky id=153 dist=1
2026-09-29 16:32:44.723  INFO   combat      farm branch=sticky id=153 dist=1
2026-09-29 16:32:45.047  INFO   combat      farm branch=sticky id=153 dist=1
2026-09-29 16:32:45.454  INFO   combat      farm branch=sticky id=153 dist=1
2026-09-29 16:32:45.911  INFO   combat      farm branch=sticky id=153 dist=1
2026-09-29 16:32:46.325  INFO   combat      farm branch=sticky id=153 dist=1
2026-09-29 16:32:46.768  INFO   loot        begin_loot_item id=158
2026-09-29 16:32:46.844  INFO   loot        pickup emit item=158 reason=engage item
2026-09-29 16:32:46.851  INFO   loot        farm branch=loot item_id=158
2026-09-29 16:32:46.878  INFO   decision    mode=farming goal=loot action=pickup target=158 sticky=- origin=(313,420) shop=0 scrolled=0 reason='engage item' status=success
2026-09-29 16:32:47.501  INFO   loot        pickup retry id=158 (await still listed)
2026-09-29 16:32:47.876  INFO   loot        pickup emit item=158 reason=pickup retry
2026-09-29 16:32:47.907  INFO   loot        farm branch=loot item_id=None
2026-09-29 16:32:48.449  INFO   loot        pickup retry id=158 (await still listed)
2026-09-29 16:32:48.449  INFO   loot        pickup emit item=158 reason=pickup retry
2026-09-29 16:32:48.465  INFO   loot        farm branch=loot item_id=None
2026-09-29 16:32:48.710  INFO   session     일시정지 — 단축키
2026-09-29 16:32:56.489  INFO   session     일시정지 / 재개 → 실행 중
2026-09-29 16:32:56.731  INFO   session     Entity shadow: vision=3 {'player': 1, 'monster': 1, 'item': 1} memory=4 {'monster': 3, 'item': 1} paired=2 median=0.120 unleveled=14:青蛙,189:鹿
2026-09-29 16:32:56.937  INFO   search      farm branch=none (wander/search next)
2026-09-29 16:32:57.334  INFO   decision    mode=farming goal=search action=searching target=- sticky=- origin=(309,425) shop=0 scrolled=0 reason='search area' status=success
2026-09-29 16:32:57.765  INFO   search      farm branch=none (wander/search next)
2026-09-29 16:32:58.029  INFO   search      farm branch=none (wander/search next)
2026-09-29 16:32:58.465  INFO   search      farm branch=none (wander/search next)
2026-09-29 16:32:58.892  INFO   search      farm branch=none (wander/search next)
2026-09-29 16:32:59.407  INFO   search      farm branch=none (wander/search next)
2026-09-29 16:32:59.723  INFO   search      farm branch=none (wander/search next)
2026-09-29 16:32:59.920  INFO   nav         unstick TP emit reason=unstick confined
2026-09-29 16:32:59.920  INFO   nav         confined escape fired (bubble timeout)
2026-09-29 16:32:59.929  INFO   decision    mode=farming goal=unstick action=teleport target=- sticky=- origin=(312,418) shop=0 scrolled=0 reason='unstick confined' status=success
2026-09-29 16:33:00.876  INFO   search      farm branch=none (wander/search next)
2026-09-29 16:33:00.888  INFO   decision    mode=farming goal=search action=searching target=- sticky=- origin=(312,418) shop=0 scrolled=0 reason='search area' status=success
2026-09-29 16:33:01.246  INFO   search      farm branch=none (wander/search next)
2026-09-29 16:33:01.479  INFO   search      farm branch=none (wander/search next)
2026-09-29 16:33:01.781  INFO   session     Entity shadow: vision=1 {'player': 1} memory=0 {} paired=0 median=0.000
2026-09-29 16:33:01.850  INFO   search      farm branch=none (wander/search next)
2026-09-29 16:33:02.263  INFO   combat      farm branch=screen_combat id=161 dist=10
2026-09-29 16:33:02.449  INFO   combat      engage id=161 species=monster_세퍼드_5 rel=(-5,10)
2026-09-29 16:33:02.458  INFO   decision    mode=farming goal=combat action=attack target=161 sticky=161 origin=(250,300) shop=0 scrolled=0 reason='screen engage' status=success
2026-09-29 16:33:02.992  INFO   combat      farm branch=sticky id=161 dist=10
2026-09-29 16:33:03.374  INFO   combat      farm branch=sticky id=161 dist=10
2026-09-29 16:33:04.103  INFO   combat      farm branch=sticky id=161 dist=8
2026-09-29 16:33:04.554  INFO   loot        begin_loot_item id=162
2026-09-29 16:33:04.647  INFO   loot        approach hop item=162 wp=(247, 310) reason=walk onto item
2026-09-29 16:33:04.653  INFO   loot        farm branch=loot item_id=162
2026-09-29 16:33:04.678  INFO   decision    mode=farming goal=loot action=searching target=162 sticky=- origin=(248,302) shop=0 scrolled=0 reason='walk onto item' status=success
2026-09-29 16:33:04.995  INFO   loot        farm branch=loot item_id=162
2026-09-29 16:33:05.236  INFO   loot        farm branch=loot item_id=162
2026-09-29 16:33:05.426  INFO   loot        farm branch=loot item_id=162
2026-09-29 16:33:05.704  INFO   loot        farm branch=loot item_id=162
2026-09-29 16:33:05.909  INFO   loot        farm branch=loot item_id=162
2026-09-29 16:33:06.092  INFO   loot        farm branch=loot item_id=162
2026-09-29 16:33:06.342  INFO   loot        farm branch=loot item_id=162
2026-09-29 16:33:06.519  INFO   loot        farm branch=loot item_id=162
2026-09-29 16:33:06.745  INFO   loot        approach hop item=162 wp=(247, 310) reason=walk onto item
2026-09-29 16:33:06.755  INFO   loot        farm branch=loot item_id=162
2026-09-29 16:33:07.165  INFO   session     Entity shadow: vision=1 {'item': 1} memory=2 {'monster': 1, 'item': 1} paired=1 median=0.006 unleveled=14:青蛙
2026-09-29 16:33:07.224  INFO   loot        farm branch=loot item_id=162
2026-09-29 16:33:07.451  INFO   loot        farm branch=loot item_id=162
2026-09-29 16:33:07.808  INFO   loot        farm branch=loot item_id=162
2026-09-29 16:33:08.029  INFO   loot        farm branch=loot item_id=162
2026-09-29 16:33:08.039  INFO   decision    mode=farming goal=loot action=pickup target=162 sticky=- origin=(247,308) shop=0 scrolled=0 reason='loot target' status=success
2026-09-29 16:33:08.506  INFO   loot        pickup retry id=162 (await still listed)
2026-09-29 16:33:08.507  INFO   loot        pickup emit item=162 reason=pickup retry
2026-09-29 16:33:08.516  INFO   loot        farm branch=loot item_id=None
2026-09-29 16:33:09.060  INFO   combat      farm branch=screen_combat id=164 dist=9
2026-09-29 16:33:09.463  INFO   combat      engage id=164 species=monster_그렘린_4 rel=(7,9)
2026-09-29 16:33:09.474  INFO   decision    mode=farming goal=combat action=attack target=164 sticky=164 origin=(247,308) shop=0 scrolled=0 reason='screen engage' status=success
2026-09-29 16:33:10.002  INFO   combat      farm branch=sticky id=164 dist=7
2026-09-29 16:33:10.313  INFO   combat      farm branch=sticky id=164 dist=7
2026-09-29 16:33:10.612  INFO   combat      farm branch=sticky id=164 dist=7
2026-09-29 16:33:11.036  INFO   search      farm branch=none (wander/search next)
2026-09-29 16:33:11.133  INFO   travel      return/enter farm needed at (249,312)
2026-09-29 16:33:11.160  INFO   search      farm branch=none (wander/search next)
2026-09-29 16:33:11.221  INFO   travel      hop begin wp=(242, 320) purpose=enter_farm reason=enter farm area
2026-09-29 16:33:11.222  INFO   decision    mode=traveling goal=traveling action=traveling target=- sticky=- origin=(249,312) shop=0 scrolled=0 reason='enter farm area' status=success
2026-09-29 16:33:11.551  INFO   search      farm branch=none (wander/search next)
2026-09-29 16:33:11.729  INFO   search      farm branch=none (wander/search next)
2026-09-29 16:33:11.913  INFO   search      farm branch=none (wander/search next)
2026-09-29 16:33:12.102  INFO   session     Entity shadow: vision=1 {'player': 1} memory=0 {} paired=0 median=0.000
2026-09-29 16:33:12.174  INFO   search      farm branch=none (wander/search next)
2026-09-29 16:33:12.360  INFO   search      farm branch=none (wander/search next)
2026-09-29 16:33:12.584  INFO   search      farm branch=none (wander/search next)
2026-09-29 16:33:12.800  INFO   search      farm branch=none (wander/search next)
2026-09-29 16:33:12.976  INFO   search      farm branch=none (wander/search next)
2026-09-29 16:33:13.222  INFO   search      farm branch=none (wander/search next)
2026-09-29 16:33:13.314  INFO   travel      hop begin wp=(242, 320) purpose=enter_farm reason=enter farm area
2026-09-29 16:33:13.632  INFO   search      farm branch=none (wander/search next)
2026-09-29 16:33:13.855  INFO   search      farm branch=none (wander/search next)
2026-09-29 16:33:14.044  INFO   search      farm branch=none (wander/search next)
2026-09-29 16:33:14.296  INFO   search      farm branch=none (wander/search next)
2026-09-29 16:33:14.604  INFO   search      farm branch=none (wander/search next)
2026-09-29 16:33:15.232  INFO   search      farm branch=none (wander/search next)
2026-09-29 16:33:15.455  INFO   search      farm branch=none (wander/search next)
2026-09-29 16:33:15.519  INFO   travel      hop begin wp=(244, 329) purpose=enter_farm reason=enter farm area
2026-09-29 16:33:15.857  INFO   search      farm branch=none (wander/search next)
2026-09-29 16:33:16.036  INFO   search      farm branch=none (wander/search next)
2026-09-29 16:33:16.214  INFO   search      farm branch=none (wander/search next)
2026-09-29 16:33:16.425  INFO   search      farm branch=none (wander/search next)
2026-09-29 16:33:16.666  INFO   search      farm branch=none (wander/search next)
2026-09-29 16:33:16.894  INFO   search      farm branch=none (wander/search next)
2026-09-29 16:33:17.082  INFO   search      farm branch=none (wander/search next)
2026-09-29 16:33:17.270  INFO   session     Entity shadow: vision=1 {'player': 1} memory=0 {} paired=0 median=0.000
2026-09-29 16:33:17.318  INFO   search      farm branch=none (wander/search next)
2026-09-29 16:33:17.520  INFO   search      farm branch=none (wander/search next)
2026-09-29 16:33:17.627  INFO   travel      hop begin wp=(249, 327) purpose=enter_farm reason=enter farm area
2026-09-29 16:33:18.002  INFO   search      farm branch=none (wander/search next)
2026-09-29 16:33:18.202  INFO   search      farm branch=none (wander/search next)
2026-09-29 16:33:18.372  INFO   search      farm branch=none (wander/search next)
2026-09-29 16:33:18.593  INFO   search      farm branch=none (wander/search next)
2026-09-29 16:33:18.749  INFO   search      farm branch=none (wander/search next)
2026-09-29 16:33:19.062  INFO   search      farm branch=none (wander/search next)
2026-09-29 16:33:19.226  INFO   search      farm branch=none (wander/search next)
2026-09-29 16:33:19.451  INFO   search      farm branch=none (wander/search next)
2026-09-29 16:33:19.686  INFO   combat      farm branch=screen_combat id=166 dist=14
2026-09-29 16:33:19.690  INFO   combat      engage id=166 species=monster_오크 전사_8 rel=(4,14)
2026-09-29 16:33:19.700  INFO   decision    mode=traveling goal=combat action=attack target=166 sticky=166 origin=(244,324) shop=0 scrolled=0 reason='screen engage' status=success
2026-09-29 16:33:20.270  INFO   combat      farm branch=sticky id=166 dist=12
2026-09-29 16:33:20.967  INFO   combat      farm branch=sticky id=166 dist=12
2026-09-29 16:33:21.396  INFO   combat      farm branch=sticky id=166 dist=11
2026-09-29 16:33:21.844  INFO   combat      farm branch=sticky id=166 dist=11
2026-09-29 16:33:22.251  INFO   combat      farm branch=sticky id=166 dist=10
2026-09-29 16:33:22.749  INFO   session     Entity shadow: vision=2 {'player': 1, 'monster': 1} memory=2 {'monster': 2} paired=1 median=0.017 unleveled=189:鹿
2026-09-29 16:33:22.829  INFO   combat      farm branch=sticky id=166 dist=9
2026-09-29 16:33:23.132  INFO   combat      farm branch=sticky id=166 dist=9
2026-09-29 16:33:23.510  INFO   combat      farm branch=sticky id=166 dist=9
2026-09-29 16:33:23.951  INFO   combat      farm branch=sticky id=166 dist=8
2026-09-29 16:33:24.347  INFO   combat      farm branch=sticky id=166 dist=8
2026-09-29 16:33:24.691  INFO   loot        begin_loot_item id=167
2026-09-29 16:33:24.839  INFO   loot        approach hop item=167 wp=(248, 336) reason=walk onto item
2026-09-29 16:33:24.846  INFO   loot        farm branch=loot item_id=167
2026-09-29 16:33:24.857  INFO   decision    mode=traveling goal=loot action=searching target=167 sticky=- origin=(247,327) shop=0 scrolled=0 reason='walk onto item' status=success
2026-09-29 16:33:25.246  INFO   loot        farm branch=loot item_id=167
2026-09-29 16:33:25.538  INFO   loot        farm branch=loot item_id=167
2026-09-29 16:33:26.138  INFO   loot        farm branch=loot item_id=167
2026-09-29 16:33:26.381  INFO   loot        farm branch=loot item_id=167
2026-09-29 16:33:26.603  INFO   loot        farm branch=loot item_id=167
2026-09-29 16:33:26.945  INFO   loot        approach hop item=167 wp=(248, 336) reason=walk onto item
2026-09-29 16:33:26.945  INFO   loot        farm branch=loot item_id=167
2026-09-29 16:33:27.277  INFO   loot        farm branch=loot item_id=167
2026-09-29 16:33:27.483  INFO   loot        farm branch=loot item_id=167
2026-09-29 16:33:27.715  INFO   session     Entity shadow: vision=2 {'player': 1, 'item': 1} memory=2 {'item': 1, 'monster': 1} paired=1 median=0.003 unleveled=189:鹿
2026-09-29 16:33:27.777  INFO   loot        farm branch=loot item_id=167
2026-09-29 16:33:27.969  INFO   loot        farm branch=loot item_id=167
2026-09-29 16:33:28.194  INFO   loot        farm branch=loot item_id=167
2026-09-29 16:33:28.400  INFO   loot        farm branch=loot item_id=167
2026-09-29 16:33:28.681  INFO   loot        farm branch=loot item_id=167
2026-09-29 16:33:28.862  INFO   loot        farm branch=loot item_id=167
2026-09-29 16:33:29.062  INFO   loot        approach hop item=167 wp=(248, 336) reason=walk onto item
2026-09-29 16:33:29.063  INFO   loot        farm branch=loot item_id=167
2026-09-29 16:33:29.378  INFO   loot        farm branch=loot item_id=167
2026-09-29 16:33:29.553  INFO   loot        farm branch=loot item_id=167
2026-09-29 16:33:29.956  INFO   loot        farm branch=loot item_id=167
2026-09-29 16:33:30.343  INFO   loot        farm branch=loot item_id=167
2026-09-29 16:33:30.343  INFO   decision    mode=traveling goal=loot action=pickup target=167 sticky=- origin=(248,335) shop=0 scrolled=0 reason='loot target' status=success
2026-09-29 16:33:30.789  INFO   loot        pickup retry id=167 (await still listed)
2026-09-29 16:33:30.934  INFO   loot        pickup emit item=167 reason=pickup retry
2026-09-29 16:33:30.943  INFO   loot        farm branch=loot item_id=None
2026-09-29 16:33:31.476  INFO   loot        pickup retry id=167 (await still listed)
2026-09-29 16:33:31.872  INFO   loot        pickup emit item=167 reason=pickup retry
2026-09-29 16:33:31.883  INFO   loot        farm branch=loot item_id=None
2026-09-29 16:33:32.356  INFO   search      farm branch=none (wander/search next)
2026-09-29 16:33:32.405  INFO   travel      hop begin wp=(255, 343) purpose=enter_farm reason=enter farm area
2026-09-29 16:33:32.413  INFO   decision    mode=traveling goal=traveling action=traveling target=- sticky=- origin=(248,336) shop=0 scrolled=0 reason='enter farm area' status=success
2026-09-29 16:33:32.751  INFO   session     Entity shadow: vision=2 {'item': 1, 'player': 1} memory=3 {'monster': 2, 'player': 1} paired=1 median=0.038 unleveled=189:鹿,207:兔子
2026-09-29 16:33:32.880  INFO   search      farm branch=none (wander/search next)
2026-09-29 16:33:33.100  INFO   search      farm branch=none (wander/search next)
2026-09-29 16:33:33.383  INFO   search      farm branch=none (wander/search next)
2026-09-29 16:33:33.576  INFO   search      farm branch=none (wander/search next)
2026-09-29 16:33:33.772  INFO   search      farm branch=none (wander/search next)
2026-09-29 16:33:33.982  INFO   search      farm branch=none (wander/search next)
2026-09-29 16:33:34.189  INFO   search      farm branch=none (wander/search next)
2026-09-29 16:33:34.419  INFO   search      farm branch=none (wander/search next)
2026-09-29 16:33:34.459  INFO   travel      hop begin wp=(255, 351) purpose=enter_farm reason=enter farm area
2026-09-29 16:33:34.804  INFO   search      farm branch=none (wander/search next)
2026-09-29 16:33:35.044  INFO   search      farm branch=none (wander/search next)
2026-09-29 16:33:35.242  INFO   search      farm branch=none (wander/search next)
2026-09-29 16:33:35.470  INFO   search      farm branch=none (wander/search next)
2026-09-29 16:33:35.644  INFO   search      farm branch=none (wander/search next)
2026-09-29 16:33:35.857  INFO   search      farm branch=none (wander/search next)
2026-09-29 16:33:36.060  INFO   search      farm branch=none (wander/search next)
2026-09-29 16:33:36.333  INFO   search      farm branch=none (wander/search next)
2026-09-29 16:33:36.538  INFO   search      farm branch=none (wander/search next)
2026-09-29 16:33:36.575  INFO   travel      hop begin wp=(255, 351) purpose=enter_farm reason=enter farm area
2026-09-29 16:33:36.888  INFO   search      farm branch=none (wander/search next)
2026-09-29 16:33:37.157  INFO   search      farm branch=none (wander/search next)
2026-09-29 16:33:37.456  INFO   search      farm branch=none (wander/search next)
2026-09-29 16:33:38.060  INFO   session     Entity shadow: vision=1 {'player': 1} memory=2 {'player': 1, 'monster': 1} paired=0 median=0.000 unleveled=207:兔子
2026-09-29 16:33:38.121  INFO   search      farm branch=none (wander/search next)
2026-09-29 16:33:38.533  INFO   search      farm branch=none (wander/search next)
2026-09-29 16:33:38.726  INFO   travel      hop begin wp=(258, 354) purpose=enter_farm reason=enter farm area
2026-09-29 16:33:39.113  INFO   loot        begin_loot_item id=172
2026-09-29 16:33:39.116  INFO   loot        approach hop item=172 wp=(243, 347) reason=walk onto item
2026-09-29 16:33:39.123  INFO   loot        farm branch=loot item_id=172
2026-09-29 16:33:39.134  INFO   decision    mode=traveling goal=loot action=searching target=172 sticky=- origin=(255,343) shop=0 scrolled=0 reason='walk onto item' status=success
2026-09-29 16:33:39.473  INFO   loot        farm branch=loot item_id=172
2026-09-29 16:33:39.717  INFO   loot        farm branch=loot item_id=172
2026-09-29 16:33:39.908  INFO   loot        farm branch=loot item_id=172
2026-09-29 16:33:40.147  INFO   loot        farm branch=loot item_id=172
2026-09-29 16:33:40.372  INFO   loot        farm branch=loot item_id=172
2026-09-29 16:33:40.547  INFO   loot        farm branch=loot item_id=172
2026-09-29 16:33:40.776  INFO   loot        farm branch=loot item_id=172
2026-09-29 16:33:40.991  INFO   loot        farm branch=loot item_id=172
2026-09-29 16:33:41.176  INFO   loot        approach hop item=172 wp=(242, 349) reason=walk onto item
2026-09-29 16:33:41.237  INFO   loot        farm branch=loot item_id=172
2026-09-29 16:33:41.581  INFO   loot        farm branch=loot item_id=172
2026-09-29 16:33:41.950  INFO   loot        farm branch=loot item_id=172
2026-09-29 16:33:42.303  INFO   loot        farm branch=loot item_id=172
2026-09-29 16:33:42.583  INFO   loot        farm branch=loot item_id=172
2026-09-29 16:33:43.149  INFO   session     Entity shadow: vision=4 {'player': 1, 'monster': 1, 'item': 2} memory=5 {'monster': 1, 'item': 3, 'player': 1} paired=2 median=0.013 unleveled=207:兔子
2026-09-29 16:33:43.244  INFO   loot        approach hop item=172 wp=(242, 348) reason=walk onto item
2026-09-29 16:33:43.389  INFO   loot        farm branch=loot item_id=172
2026-09-29 16:33:43.768  INFO   loot        farm branch=loot item_id=172
2026-09-29 16:33:44.015  INFO   loot        farm branch=loot item_id=172
2026-09-29 16:33:44.254  INFO   loot        farm branch=loot item_id=172
2026-09-29 16:33:44.422  INFO   loot        farm branch=loot item_id=172
2026-09-29 16:33:44.585  INFO   loot        farm branch=loot item_id=172
2026-09-29 16:33:44.855  INFO   loot        farm branch=loot item_id=172
2026-09-29 16:33:45.072  INFO   loot        farm branch=loot item_id=172
2026-09-29 16:33:45.317  INFO   loot        approach hop item=172 wp=(242, 349) reason=walk onto item
2026-09-29 16:33:45.317  INFO   loot        farm branch=loot item_id=172
2026-09-29 16:33:45.651  INFO   loot        farm branch=loot item_id=172
2026-09-29 16:33:45.652  INFO   decision    mode=traveling goal=loot action=pickup target=172 sticky=- origin=(244,348) shop=0 scrolled=0 reason='loot target' status=success
2026-09-29 16:33:46.095  INFO   loot        pickup retry id=172 (await still listed)
2026-09-29 16:33:46.096  INFO   loot        pickup emit item=172 reason=pickup retry
2026-09-29 16:33:46.105  INFO   loot        farm branch=loot item_id=None
2026-09-29 16:33:46.576  INFO   loot        pickup retry id=172 (await still listed)
2026-09-29 16:33:46.719  INFO   loot        pickup emit item=172 reason=pickup retry
2026-09-29 16:33:46.728  INFO   loot        farm branch=loot item_id=None
2026-09-29 16:33:47.195  INFO   loot        begin_loot_item id=174
2026-09-29 16:33:47.197  INFO   loot        approach hop item=174 wp=(240, 346) reason=walk onto item
2026-09-29 16:33:47.203  INFO   loot        farm branch=loot item_id=174
2026-09-29 16:33:47.214  INFO   decision    mode=traveling goal=loot action=searching target=174 sticky=- origin=(244,348) shop=0 scrolled=0 reason='walk onto item' status=success
2026-09-29 16:33:47.510  INFO   loot        farm branch=loot item_id=174
2026-09-29 16:33:47.741  INFO   loot        farm branch=loot item_id=174
2026-09-29 16:33:48.059  INFO   loot        farm branch=loot item_id=174
2026-09-29 16:33:48.853  INFO   session     Entity shadow: vision=4 {'player': 3, 'item': 1} memory=3 {'player': 1, 'monster': 1, 'item': 1} paired=2 median=0.038 unleveled=207:兔子
2026-09-29 16:33:48.946  INFO   loot        farm branch=loot item_id=174
2026-09-29 16:33:48.946  INFO   decision    mode=traveling goal=loot action=pickup target=174 sticky=- origin=(241,347) shop=0 scrolled=0 reason='loot target' status=success
2026-09-29 16:33:49.420  INFO   loot        pickup retry id=174 (await still listed)
2026-09-29 16:33:49.421  INFO   loot        pickup emit item=174 reason=pickup retry
2026-09-29 16:33:49.430  INFO   loot        farm branch=loot item_id=None
2026-09-29 16:33:49.831  INFO   search      farm branch=none (wander/search next)
2026-09-29 16:33:49.877  INFO   travel      hop begin wp=(252, 350) purpose=enter_farm reason=enter farm area
2026-09-29 16:33:49.887  INFO   decision    mode=traveling goal=traveling action=traveling target=- sticky=- origin=(241,347) shop=0 scrolled=0 reason='enter farm area' status=success
2026-09-29 16:33:50.263  INFO   search      farm branch=none (wander/search next)
2026-09-29 16:33:50.442  INFO   search      farm branch=none (wander/search next)
2026-09-29 16:33:50.726  INFO   search      farm branch=none (wander/search next)
2026-09-29 16:33:50.928  INFO   search      farm branch=none (wander/search next)
2026-09-29 16:33:51.114  INFO   search      farm branch=none (wander/search next)
2026-09-29 16:33:51.324  INFO   search      farm branch=none (wander/search next)
2026-09-29 16:33:51.550  INFO   search      farm branch=none (wander/search next)
2026-09-29 16:33:51.747  INFO   search      farm branch=none (wander/search next)
2026-09-29 16:33:51.965  INFO   search      farm branch=none (wander/search next)
2026-09-29 16:33:52.005  INFO   travel      hop begin wp=(254, 354) purpose=enter_farm reason=enter farm area
2026-09-29 16:33:52.383  INFO   search      farm branch=none (wander/search next)
2026-09-29 16:33:52.571  INFO   search      farm branch=none (wander/search next)
2026-09-29 16:33:52.814  INFO   search      farm branch=none (wander/search next)
2026-09-29 16:33:53.046  INFO   combat      farm branch=screen_combat id=179 dist=12
2026-09-29 16:33:53.053  INFO   combat      engage id=179 species=monster_오크 궁수_3 rel=(12,6)
2026-09-29 16:33:53.062  INFO   decision    mode=traveling goal=combat action=attack target=179 sticky=179 origin=(246,350) shop=0 scrolled=0 reason='screen engage' status=success
2026-09-29 16:33:53.619  INFO   combat      farm branch=sticky id=179 dist=10
2026-09-29 16:33:54.440  INFO   session     Entity shadow: vision=4 {'player': 1, 'item': 1, 'monster': 2} memory=3 {'monster': 2, 'item': 1} paired=2 median=0.055
2026-09-29 16:33:54.493  INFO   combat      farm branch=sticky id=179 dist=10
2026-09-29 16:33:54.848  INFO   combat      farm branch=sticky id=179 dist=8
2026-09-29 16:33:55.201  INFO   combat      farm branch=sticky id=179 dist=7
2026-09-29 16:33:55.580  INFO   combat      farm branch=sticky id=179 dist=4
2026-09-29 16:33:56.039  INFO   combat      farm branch=sticky id=179 dist=3
2026-09-29 16:33:56.480  INFO   combat      farm branch=sticky id=179 dist=3
2026-09-29 16:33:56.874  INFO   combat      farm branch=sticky id=179 dist=1
2026-09-29 16:33:57.300  INFO   combat      farm branch=sticky id=179 dist=1
2026-09-29 16:33:57.700  INFO   combat      farm branch=sticky id=179 dist=1
2026-09-29 16:33:58.080  INFO   loot        begin_loot_item id=182
2026-09-29 16:33:58.214  INFO   loot        pickup emit item=182 reason=engage item
2026-09-29 16:33:58.222  INFO   loot        farm branch=loot item_id=182
2026-09-29 16:33:58.233  INFO   decision    mode=traveling goal=loot action=pickup target=182 sticky=- origin=(255,358) shop=0 scrolled=0 reason='engage item' status=success
2026-09-29 16:33:58.670  INFO   loot        pickup retry id=182 (await still listed)
2026-09-29 16:33:58.671  INFO   loot        pickup emit item=182 reason=pickup retry
2026-09-29 16:33:58.680  INFO   loot        farm branch=loot item_id=None
2026-09-29 16:33:59.140  INFO   combat      farm branch=screen_combat id=180 dist=8
2026-09-29 16:33:59.165  INFO   combat      engage id=180 species=monster_오크_2 rel=(-4,8)
2026-09-29 16:33:59.174  INFO   decision    mode=traveling goal=combat action=attack target=180 sticky=180 origin=(254,359) shop=0 scrolled=0 reason='screen engage' status=success
2026-09-29 16:33:59.615  INFO   session     Entity shadow: vision=4 {'item': 2, 'player': 1, 'monster': 1} memory=3 {'monster': 2, 'item': 1} paired=2 median=0.009
2026-09-29 16:33:59.689  INFO   combat      farm branch=sticky id=180 dist=8
2026-09-29 16:34:00.063  INFO   combat      farm branch=sticky id=180 dist=8
2026-09-29 16:34:00.830  INFO   combat      farm branch=screen_combat id=181 dist=6
2026-09-29 16:34:00.921  INFO   combat      engage id=181 species=monster_고블린_2 rel=(-1,6)
2026-09-29 16:34:00.930  INFO   decision    mode=traveling goal=combat action=attack target=181 sticky=181 origin=(254,359) shop=0 scrolled=0 reason='screen engage' status=success
2026-09-29 16:34:01.331  INFO   combat      farm branch=sticky id=181 dist=5
2026-09-29 16:34:01.617  INFO   combat      farm branch=sticky id=181 dist=5
2026-09-29 16:34:02.145  INFO   combat      farm branch=sticky id=181 dist=4
2026-09-29 16:34:02.475  INFO   combat      farm branch=sticky id=181 dist=4
2026-09-29 16:34:02.936  INFO   combat      farm branch=sticky id=181 dist=2
2026-09-29 16:34:03.372  INFO   combat      farm branch=sticky id=181 dist=2
2026-09-29 16:34:03.778  INFO   combat      farm branch=sticky id=181 dist=2
2026-09-29 16:34:04.175  INFO   combat      farm branch=sticky id=181 dist=2
2026-09-29 16:34:04.583  INFO   combat      farm branch=screen_combat id=183 dist=6
2026-09-29 16:34:04.732  INFO   combat      engage id=183 species=monster_난쟁이_5 rel=(-3,6)
2026-09-29 16:34:04.746  INFO   decision    mode=traveling goal=combat action=attack target=183 sticky=183 origin=(251,362) shop=0 scrolled=0 reason='screen engage' status=success
2026-09-29 16:34:05.250  INFO   session     Entity shadow: vision=3 {'monster': 1, 'item': 1, 'player': 1} memory=2 {'monster': 1, 'item': 1} paired=1 median=0.034
2026-09-29 16:34:05.314  INFO   combat      farm branch=sticky id=183 dist=5
2026-09-29 16:34:05.591  INFO   combat      farm branch=sticky id=183 dist=5
2026-09-29 16:34:06.052  INFO   combat      farm branch=sticky id=183 dist=3
2026-09-29 16:34:06.742  INFO   combat      farm branch=sticky id=183 dist=1
2026-09-29 16:34:07.158  INFO   combat      farm branch=sticky id=183 dist=1
2026-09-29 16:34:07.624  INFO   combat      farm branch=sticky id=183 dist=1
2026-09-29 16:34:08.083  INFO   combat      farm branch=sticky id=183 dist=1
2026-09-29 16:34:08.477  INFO   combat      farm branch=sticky id=183 dist=1
2026-09-29 16:34:08.842  INFO   combat      farm branch=sticky id=183 dist=1
2026-09-29 16:34:09.307  INFO   loot        begin_loot_item id=184
2026-09-29 16:34:09.423  INFO   loot        pickup emit item=184 reason=engage item
2026-09-29 16:34:09.429  INFO   loot        farm branch=loot item_id=184
2026-09-29 16:34:09.441  INFO   decision    mode=traveling goal=loot action=pickup target=184 sticky=- origin=(249,364) shop=0 scrolled=0 reason='engage item' status=success
2026-09-29 16:34:09.842  INFO   loot        pickup retry id=184 (await still listed)
2026-09-29 16:34:09.859  INFO   loot        pickup emit item=184 reason=pickup retry
2026-09-29 16:34:09.867  INFO   loot        farm branch=loot item_id=None
2026-09-29 16:34:10.307  INFO   session     Entity shadow: vision=3 {'item': 2, 'monster': 1} memory=1 {'item': 1} paired=1 median=0.009
2026-09-29 16:34:10.391  INFO   search      farm branch=none (wander/search next)
2026-09-29 16:34:10.479  INFO   travel      hop begin wp=(251, 376) purpose=enter_farm reason=enter farm area
2026-09-29 16:34:10.487  INFO   decision    mode=traveling goal=traveling action=traveling target=- sticky=- origin=(249,364) shop=0 scrolled=0 reason='enter farm area' status=success
2026-09-29 16:34:10.834  INFO   search      farm branch=none (wander/search next)
2026-09-29 16:34:11.081  INFO   search      farm branch=none (wander/search next)
2026-09-29 16:34:11.309  INFO   search      farm branch=none (wander/search next)
2026-09-29 16:34:11.542  INFO   combat      farm branch=screen_combat id=185 dist=16
2026-09-29 16:34:11.587  INFO   combat      engage id=185 species=monster_오크 전사_8 rel=(-16,2)
2026-09-29 16:34:11.596  INFO   decision    mode=traveling goal=combat action=attack target=185 sticky=185 origin=(249,364) shop=0 scrolled=0 reason='screen engage' status=success
2026-09-29 16:34:12.057  INFO   combat      farm branch=sticky id=185 dist=16
2026-09-29 16:34:12.329  INFO   combat      farm branch=sticky id=185 dist=16
2026-09-29 16:34:12.939  INFO   combat      farm branch=sticky id=185 dist=14
2026-09-29 16:34:13.554  INFO   combat      farm branch=sticky id=185 dist=14
2026-09-29 16:34:13.856  INFO   combat      farm branch=sticky id=185 dist=12
2026-09-29 16:34:14.118  INFO   combat      farm branch=sticky id=185 dist=12
2026-09-29 16:34:14.187  INFO   combat      wall/fence LOS blocked id=185 — A* detour hop to (239, 358)
2026-09-29 16:34:14.195  INFO   decision    mode=traveling goal=combat action=searching target=185 sticky=185 origin=(245,365) shop=0 scrolled=0 reason='wall detour A*' status=success
2026-09-29 16:34:14.536  INFO   combat      farm branch=sticky id=185 dist=12
2026-09-29 16:34:14.601  INFO   combat      wall/fence LOS blocked id=185 — A* detour hop to (239, 358)
2026-09-29 16:34:14.988  INFO   loot        begin_loot_item id=187
2026-09-29 16:34:15.036  INFO   loot        approach hop item=187 wp=(235, 357) reason=walk onto item
2026-09-29 16:34:15.045  INFO   loot        farm branch=loot item_id=187
2026-09-29 16:34:15.058  INFO   decision    mode=traveling goal=loot action=searching target=187 sticky=- origin=(243,363) shop=0 scrolled=0 reason='walk onto item' status=success
2026-09-29 16:34:15.467  INFO   session     Entity shadow: vision=3 {'monster': 1, 'item': 2} memory=3 {'item': 2, 'player': 1} paired=2 median=0.043
2026-09-29 16:34:15.516  INFO   loot        farm branch=loot item_id=187
2026-09-29 16:34:15.737  INFO   loot        farm branch=loot item_id=187
2026-09-29 16:34:16.063  INFO   loot        farm branch=loot item_id=187
2026-09-29 16:34:16.257  INFO   loot        farm branch=loot item_id=187
2026-09-29 16:34:16.434  INFO   loot        farm branch=loot item_id=187
2026-09-29 16:34:16.603  INFO   loot        farm branch=loot item_id=187
2026-09-29 16:34:16.891  INFO   loot        farm branch=loot item_id=187
2026-09-29 16:34:17.144  INFO   loot        approach hop item=187 wp=(232, 361) reason=walk onto item
2026-09-29 16:34:17.145  INFO   loot        farm branch=loot item_id=187
2026-09-29 16:34:17.480  INFO   loot        farm branch=loot item_id=187
2026-09-29 16:34:17.707  INFO   loot        farm branch=loot item_id=187
2026-09-29 16:34:17.889  INFO   loot        farm branch=loot item_id=187
2026-09-29 16:34:18.171  INFO   search      farm branch=none (wander/search next)
2026-09-29 16:34:18.243  INFO   travel      hop begin wp=(242, 365) purpose=enter_farm reason=enter farm area
2026-09-29 16:34:18.398  INFO   decision    mode=traveling goal=traveling action=traveling target=- sticky=- origin=(236,358) shop=0 scrolled=0 reason='enter farm area' status=success
2026-09-29 16:34:18.731  INFO   search      farm branch=none (wander/search next)
2026-09-29 16:34:19.280  INFO   search      farm branch=none (wander/search next)
2026-09-29 16:34:19.918  INFO   search      farm branch=none (wander/search next)
2026-09-29 16:34:20.260  INFO   search      farm branch=none (wander/search next)
2026-09-29 16:34:20.358  INFO   travel      hop begin wp=(245, 366) purpose=enter_farm reason=enter farm area
2026-09-29 16:34:20.921  INFO   session     Entity shadow: vision=1 {'player': 1} memory=2 {'player': 1, 'item': 1} paired=0 median=0.000
2026-09-29 16:34:20.996  INFO   search      farm branch=none (wander/search next)
2026-09-29 16:34:21.227  INFO   search      farm branch=none (wander/search next)
2026-09-29 16:34:21.605  INFO   combat      farm branch=screen_combat id=188 dist=18
2026-09-29 16:34:21.797  INFO   combat      engage id=188 species=monster_그렘린_4 rel=(1,18)
2026-09-29 16:34:21.810  INFO   decision    mode=traveling goal=combat action=attack target=188 sticky=188 origin=(238,363) shop=0 scrolled=0 reason='screen engage' status=success
2026-09-29 16:34:22.338  INFO   combat      farm branch=sticky id=188 dist=16
2026-09-29 16:34:22.410  INFO   combat      wall/fence LOS blocked id=188 — A* detour hop to (248, 371)
2026-09-29 16:34:22.418  INFO   decision    mode=traveling goal=combat action=searching target=188 sticky=188 origin=(240,365) shop=0 scrolled=0 reason='wall detour A*' status=success
2026-09-29 16:34:22.892  INFO   combat      farm branch=sticky id=188 dist=14
2026-09-29 16:34:23.048  INFO   combat      wall/fence LOS blocked id=188 — A* detour hop to (248, 372)
2026-09-29 16:34:23.432  INFO   combat      farm branch=sticky id=188 dist=14
2026-09-29 16:34:23.499  INFO   combat      wall/fence LOS blocked id=188 — A* detour hop to (248, 372)
2026-09-29 16:34:23.894  INFO   combat      farm branch=sticky id=188 dist=11
2026-09-29 16:34:23.899  INFO   decision    mode=traveling goal=combat action=attack target=188 sticky=188 origin=(242,370) shop=0 scrolled=0 reason='attack target' status=success
2026-09-29 16:34:24.360  INFO   combat      farm branch=sticky id=188 dist=11
2026-09-29 16:34:24.774  INFO   combat      farm branch=sticky id=188 dist=11
2026-09-29 16:34:25.469  INFO   combat      farm branch=sticky id=188 dist=9
2026-09-29 16:34:25.882  INFO   loot        begin_loot_item id=190
2026-09-29 16:34:26.000  INFO   loot        approach hop item=190 wp=(241, 382) reason=walk onto item
2026-09-29 16:34:26.006  INFO   loot        farm branch=loot item_id=190
2026-09-29 16:34:26.017  INFO   decision    mode=traveling goal=loot action=searching target=190 sticky=- origin=(242,372) shop=0 scrolled=0 reason='walk onto item' status=success
2026-09-29 16:34:26.429  INFO   session     Entity shadow: vision=2 {'player': 1, 'item': 1} memory=2 {'monster': 1, 'item': 1} paired=1 median=0.022
2026-09-29 16:34:26.478  INFO   loot        farm branch=loot item_id=190
2026-09-29 16:34:26.657  INFO   loot        farm branch=loot item_id=190
2026-09-29 16:34:26.849  INFO   loot        farm branch=loot item_id=190
2026-09-29 16:34:27.047  INFO   loot        farm branch=loot item_id=190
2026-09-29 16:34:27.231  INFO   loot        farm branch=loot item_id=190
2026-09-29 16:34:27.461  INFO   loot        farm branch=loot item_id=190
2026-09-29 16:34:27.646  INFO   loot        farm branch=loot item_id=190
2026-09-29 16:34:27.825  INFO   loot        farm branch=loot item_id=190
2026-09-29 16:34:28.024  INFO   loot        approach hop item=190 wp=(241, 382) reason=walk onto item
2026-09-29 16:34:28.088  INFO   loot        farm branch=loot item_id=190
2026-09-29 16:34:28.521  INFO   loot        farm branch=loot item_id=190
2026-09-29 16:34:28.711  INFO   loot        farm branch=loot item_id=190
2026-09-29 16:34:28.900  INFO   loot        farm branch=loot item_id=190
2026-09-29 16:34:29.129  INFO   loot        farm branch=loot item_id=190
2026-09-29 16:34:29.316  INFO   loot        farm branch=loot item_id=190
2026-09-29 16:34:29.587  INFO   loot        farm branch=loot item_id=190
2026-09-29 16:34:29.754  INFO   loot        farm branch=loot item_id=190
2026-09-29 16:34:29.963  INFO   loot        farm branch=loot item_id=190
2026-09-29 16:34:30.163  INFO   loot        approach hop item=190 wp=(241, 382) reason=walk onto item
2026-09-29 16:34:30.230  INFO   loot        farm branch=loot item_id=190
2026-09-29 16:34:30.738  INFO   loot        farm branch=loot item_id=190
2026-09-29 16:34:31.354  INFO   loot        farm branch=loot item_id=190
2026-09-29 16:34:31.568  INFO   session     Entity shadow: vision=2 {'item': 1, 'player': 1} memory=2 {'monster': 1, 'item': 1} paired=1 median=0.007
2026-09-29 16:34:31.639  INFO   loot        farm branch=loot item_id=190
2026-09-29 16:34:31.808  INFO   loot        farm branch=loot item_id=190
2026-09-29 16:34:31.982  INFO   loot        farm branch=loot item_id=190
2026-09-29 16:34:32.191  INFO   loot        approach hop item=190 wp=(238, 372) reason=unstick nearby
2026-09-29 16:34:32.192  INFO   loot        farm branch=loot item_id=190
2026-09-29 16:34:32.496  INFO   loot        farm branch=loot item_id=190
2026-09-29 16:34:32.505  INFO   loot        farm branch=loot item_id=190
2026-09-29 16:34:32.516  INFO   loot        farm branch=loot item_id=190
2026-09-29 16:34:32.517  INFO   decision    mode=traveling goal=? action=idle target=- sticky=- origin=(241,373) shop=0 scrolled=0 reason='no behavior produced an intent' status=success
2026-09-29 16:34:32.712  INFO   loot        approach hop item=190 wp=(239, 372) reason=unstick nearby
2026-09-29 16:34:32.842  INFO   loot        farm branch=loot item_id=190
2026-09-29 16:34:32.853  INFO   decision    mode=traveling goal=loot action=searching target=190 sticky=- origin=(241,373) shop=0 scrolled=0 reason='unstick nearby' status=success
2026-09-29 16:34:33.176  INFO   loot        approach hop item=190 wp=(241, 382) reason=walk onto item
2026-09-29 16:34:33.266  INFO   loot        farm branch=loot item_id=190
2026-09-29 16:34:33.638  INFO   loot        farm branch=loot item_id=190
2026-09-29 16:34:33.874  INFO   loot        farm branch=loot item_id=190
2026-09-29 16:34:34.035  INFO   loot        farm branch=loot item_id=190
2026-09-29 16:34:34.298  INFO   loot        farm branch=loot item_id=190
2026-09-29 16:34:34.495  INFO   loot        farm branch=loot item_id=190
2026-09-29 16:34:34.706  INFO   loot        farm branch=loot item_id=190
2026-09-29 16:34:34.906  INFO   loot        farm branch=loot item_id=190
2026-09-29 16:34:35.138  INFO   loot        farm branch=loot item_id=190
2026-09-29 16:34:35.318  INFO   loot        approach hop item=190 wp=(239, 382) reason=walk onto item
2026-09-29 16:34:35.381  INFO   loot        farm branch=loot item_id=190
2026-09-29 16:34:35.741  INFO   decision    mode=traveling goal=buff action=buff target=- sticky=- origin=(239,374) shop=0 scrolled=0 reason='power_up' status=success
2026-09-29 16:34:36.252  INFO   loot        farm branch=loot item_id=190
2026-09-29 16:34:36.252  INFO   decision    mode=traveling goal=loot action=searching target=190 sticky=- origin=(239,376) shop=0 scrolled=0 reason='walk onto item' status=success
2026-09-29 16:34:36.659  INFO   session     Entity shadow: vision=4 {'monster': 3, 'item': 1} memory=3 {'monster': 2, 'item': 1} paired=2 median=0.111
2026-09-29 16:34:36.789  INFO   loot        farm branch=loot item_id=190
2026-09-29 16:34:37.528  INFO   loot        approach hop item=190 wp=(239, 382) reason=walk onto item
2026-09-29 16:34:37.618  INFO   loot        farm branch=loot item_id=190
2026-09-29 16:34:37.978  INFO   loot        farm branch=loot item_id=190
2026-09-29 16:34:38.261  INFO   loot        farm branch=loot item_id=190
2026-09-29 16:34:38.478  INFO   loot        farm branch=loot item_id=190
2026-09-29 16:34:38.734  INFO   loot        farm branch=loot item_id=190
2026-09-29 16:34:39.165  INFO   loot        farm branch=loot item_id=190
2026-09-29 16:34:39.538  INFO   loot        approach hop item=190 wp=(239, 382) reason=walk onto item
2026-09-29 16:34:39.539  INFO   loot        farm branch=loot item_id=190
2026-09-29 16:34:39.882  INFO   loot        farm branch=loot item_id=190
2026-09-29 16:34:40.054  INFO   loot        farm branch=loot item_id=190
2026-09-29 16:34:40.304  INFO   loot        farm branch=loot item_id=190
2026-09-29 16:34:40.521  INFO   loot        farm branch=loot item_id=190
2026-09-29 16:34:40.784  INFO   loot        farm branch=loot item_id=190
2026-09-29 16:34:41.053  INFO   loot        farm branch=loot item_id=190
2026-09-29 16:34:41.257  INFO   loot        farm branch=loot item_id=190
2026-09-29 16:34:41.403  INFO   decision    mode=traveling goal=loot action=pickup target=190 sticky=- origin=(239,381) shop=0 scrolled=0 reason='loot target' status=success
2026-09-29 16:34:41.869  INFO   session     Entity shadow: vision=4 {'monster': 3, 'item': 1} memory=6 {'monster': 5, 'item': 1} paired=3 median=0.032
2026-09-29 16:34:41.917  INFO   loot        pickup retry id=190 (await still listed)
2026-09-29 16:34:41.918  INFO   loot        pickup emit item=190 reason=pickup retry
2026-09-29 16:34:41.926  INFO   loot        farm branch=loot item_id=None
2026-09-29 16:34:42.336  INFO   loot        pickup retry id=190 (await still listed)
2026-09-29 16:34:42.337  INFO   loot        pickup emit item=190 reason=pickup retry
2026-09-29 16:34:42.346  INFO   loot        farm branch=loot item_id=None
2026-09-29 16:34:42.780  INFO   loot        pickup retry id=190 (await still listed)
2026-09-29 16:34:42.781  INFO   loot        pickup emit item=190 reason=pickup retry
2026-09-29 16:34:42.790  INFO   loot        farm branch=loot item_id=None
2026-09-29 16:34:42.914  INFO   action      cursor reject id=190 item=true reason=cursor=arrow/attack score=1.000 not allowed
2026-09-29 16:34:43.582  INFO   combat      farm branch=loot_miss_combat id=195 dist=2
2026-09-29 16:34:44.001  INFO   combat      engage id=195 species=monster_늑대인간_9 rel=(-2,2)
2026-09-29 16:34:44.010  INFO   decision    mode=traveling goal=combat action=attack target=195 sticky=195 origin=(239,382) shop=0 scrolled=0 reason='engage target' status=success
2026-09-29 16:34:44.534  INFO   combat      farm branch=sticky id=195 dist=1
2026-09-29 16:34:44.800  INFO   combat      farm branch=sticky id=195 dist=1
2026-09-29 16:34:45.087  INFO   combat      farm branch=sticky id=195 dist=1
2026-09-29 16:34:45.600  INFO   combat      farm branch=sticky id=195 dist=1
2026-09-29 16:34:45.936  INFO   combat      farm branch=sticky id=195 dist=1
2026-09-29 16:34:46.365  INFO   combat      farm branch=sticky id=195 dist=1
2026-09-29 16:34:46.871  INFO   combat      farm branch=sticky id=195 dist=1
2026-09-29 16:34:47.385  INFO   session     Entity shadow: vision=4 {'monster': 3, 'player': 1} memory=5 {'monster': 5} paired=3 median=0.042
2026-09-29 16:34:47.436  INFO   combat      farm branch=sticky id=195 dist=1
2026-09-29 16:34:47.732  INFO   combat      farm branch=sticky id=195 dist=1
2026-09-29 16:34:48.179  INFO   combat      farm branch=sticky id=193 dist=10
2026-09-29 16:34:48.255  INFO   combat      wall/fence LOS blocked id=193 — A* detour hop to (242, 388)
2026-09-29 16:34:48.266  INFO   decision    mode=traveling goal=combat action=searching target=193 sticky=193 origin=(239,382) shop=0 scrolled=0 reason='wall detour A*' status=success
2026-09-29 16:34:48.598  INFO   combat      farm branch=sticky id=193 dist=10
2026-09-29 16:34:48.673  INFO   combat      wall/fence LOS blocked id=193 — A* detour hop to (242, 388)
2026-09-29 16:34:49.007  INFO   combat      farm branch=sticky id=193 dist=10
2026-09-29 16:34:49.093  INFO   combat      wall/fence LOS blocked id=193 — A* detour hop to (242, 388)
2026-09-29 16:34:49.629  INFO   combat      farm branch=sticky id=193 dist=8
2026-09-29 16:34:50.028  INFO   decision    mode=traveling goal=combat action=attack target=193 sticky=193 origin=(241,384) shop=0 scrolled=0 reason='attack target' status=success
2026-09-29 16:34:50.538  INFO   combat      farm branch=sticky id=193 dist=6
2026-09-29 16:34:50.818  INFO   combat      farm branch=sticky id=193 dist=6
2026-09-29 16:34:51.123  INFO   combat      farm branch=sticky id=193 dist=6
2026-09-29 16:34:51.651  INFO   combat      farm branch=sticky id=193 dist=4
2026-09-29 16:34:52.066  INFO   combat      farm branch=sticky id=193 dist=4
2026-09-29 16:34:52.570  INFO   session     Entity shadow: vision=3 {'monster': 2, 'player': 1} memory=6 {'monster': 6} paired=2 median=0.028
2026-09-29 16:34:52.638  INFO   combat      farm branch=sticky id=193 dist=4
2026-09-29 16:34:52.965  INFO   combat      farm branch=sticky id=193 dist=4
2026-09-29 16:34:53.271  INFO   combat      farm branch=sticky id=193 dist=3
2026-09-29 16:34:53.775  INFO   combat      farm branch=sticky id=193 dist=3
2026-09-29 16:34:54.171  INFO   combat      farm branch=sticky id=193 dist=3
2026-09-29 16:34:54.601  INFO   combat      farm branch=sticky id=193 dist=2
2026-09-29 16:34:54.996  INFO   combat      farm branch=sticky id=193 dist=2
2026-09-29 16:34:55.425  INFO   combat      farm branch=sticky id=198 dist=9
2026-09-29 16:34:55.497  INFO   decision    mode=traveling goal=combat action=attack target=198 sticky=198 origin=(243,388) shop=0 scrolled=0 reason='attack target' status=success
2026-09-29 16:34:56.015  INFO   combat      farm branch=sticky id=198 dist=8
2026-09-29 16:34:56.783  INFO   combat      farm branch=sticky id=198 dist=8
2026-09-29 16:34:57.137  INFO   combat      farm branch=sticky id=198 dist=7
2026-09-29 16:34:57.697  INFO   session     Entity shadow: vision=4 {'monster': 3, 'player': 1} memory=4 {'monster': 4} paired=2 median=0.017
2026-09-29 16:34:57.745  INFO   combat      farm branch=sticky id=198 dist=5
2026-09-29 16:34:58.083  INFO   combat      farm branch=sticky id=198 dist=4
2026-09-29 16:34:58.464  INFO   combat      farm branch=sticky id=198 dist=4
2026-09-29 16:34:58.902  INFO   combat      farm branch=sticky id=198 dist=3
2026-09-29 16:34:59.252  INFO   combat      farm branch=sticky id=198 dist=3
2026-09-29 16:34:59.651  INFO   combat      farm branch=sticky id=198 dist=2
2026-09-29 16:35:00.030  INFO   combat      farm branch=sticky id=198 dist=2
2026-09-29 16:35:00.556  INFO   combat      farm branch=screen_combat id=189 dist=1
2026-09-29 16:35:00.667  INFO   combat      engage id=189 species=monster_오크_2 rel=(-1,-1)
2026-09-29 16:35:00.679  INFO   decision    mode=traveling goal=combat action=attack target=189 sticky=189 origin=(243,389) shop=0 scrolled=0 reason='screen engage' status=success
2026-09-29 16:35:01.119  INFO   combat      farm branch=sticky id=189 dist=1
2026-09-29 16:35:01.362  INFO   combat      farm branch=sticky id=189 dist=1
2026-09-29 16:35:01.798  INFO   combat      farm branch=sticky id=189 dist=1
2026-09-29 16:35:02.263  INFO   combat      farm branch=sticky id=189 dist=1
2026-09-29 16:35:02.749  INFO   session     Entity shadow: vision=4 {'monster': 3, 'player': 1} memory=3 {'monster': 3} paired=2 median=0.042
2026-09-29 16:35:02.892  INFO   combat      farm branch=sticky id=189 dist=1
2026-09-29 16:35:03.664  INFO   combat      farm branch=screen_combat id=199 dist=1
2026-09-29 16:35:03.766  INFO   combat      engage id=199 species=monster_오크 전사_8 rel=(0,1)
2026-09-29 16:35:03.786  INFO   decision    mode=traveling goal=combat action=attack target=199 sticky=199 origin=(242,388) shop=0 scrolled=0 reason='screen engage' status=success
2026-09-29 16:35:04.248  INFO   combat      farm branch=sticky id=199 dist=1
2026-09-29 16:35:04.513  INFO   combat      farm branch=sticky id=199 dist=2
2026-09-29 16:35:04.876  INFO   combat      farm branch=sticky id=199 dist=2
2026-09-29 16:35:05.344  INFO   combat      farm branch=sticky id=199 dist=1
2026-09-29 16:35:05.699  INFO   combat      farm branch=sticky id=199 dist=1
2026-09-29 16:35:06.109  INFO   combat      farm branch=sticky id=199 dist=1
2026-09-29 16:35:06.563  INFO   combat      farm branch=sticky id=199 dist=1
2026-09-29 16:35:07.001  INFO   combat      farm branch=sticky id=199 dist=1
2026-09-29 16:35:07.423  INFO   combat      farm branch=screen_combat id=192 dist=9
2026-09-29 16:35:07.567  INFO   combat      engage id=192 species=monster_난쟁이_5 rel=(-9,1)
2026-09-29 16:35:07.576  INFO   decision    mode=traveling goal=combat action=attack target=192 sticky=192 origin=(243,387) shop=0 scrolled=0 reason='screen engage' status=success
2026-09-29 16:35:08.020  INFO   session     Entity shadow: vision=2 {'monster': 1, 'player': 1} memory=1 {'monster': 1} paired=0 median=0.000
2026-09-29 16:35:08.103  INFO   combat      farm branch=sticky id=192 dist=9
2026-09-29 16:35:08.357  INFO   combat      farm branch=sticky id=192 dist=9
2026-09-29 16:35:08.661  INFO   combat      farm branch=sticky id=192 dist=9
2026-09-29 16:35:09.322  INFO   combat      farm branch=sticky id=192 dist=9
2026-09-29 16:35:10.026  INFO   loot        begin_loot_item id=200
2026-09-29 16:35:10.138  INFO   loot        approach hop item=200 wp=(236, 388) reason=walk onto item
2026-09-29 16:35:10.147  INFO   loot        farm branch=loot item_id=200
2026-09-29 16:35:10.158  INFO   decision    mode=traveling goal=loot action=searching target=200 sticky=- origin=(243,387) shop=0 scrolled=0 reason='walk onto item' status=success
2026-09-29 16:35:10.505  INFO   loot        farm branch=loot item_id=200
2026-09-29 16:35:10.780  INFO   loot        farm branch=loot item_id=200
2026-09-29 16:35:10.961  INFO   loot        farm branch=loot item_id=200
2026-09-29 16:35:11.293  INFO   loot        farm branch=loot item_id=200
2026-09-29 16:35:11.637  INFO   loot        farm branch=loot item_id=200
2026-09-29 16:35:11.810  INFO   loot        farm branch=loot item_id=200
2026-09-29 16:35:12.016  INFO   loot        farm branch=loot item_id=200
2026-09-29 16:35:12.216  INFO   loot        approach hop item=200 wp=(236, 388) reason=walk onto item
2026-09-29 16:35:12.266  INFO   loot        farm branch=loot item_id=200
2026-09-29 16:35:12.609  INFO   loot        farm branch=loot item_id=200
2026-09-29 16:35:12.886  INFO   loot        farm branch=loot item_id=200
2026-09-29 16:35:13.126  INFO   session     Entity shadow: vision=2 {'monster': 1, 'item': 1} memory=1 {'item': 1} paired=1 median=0.007
2026-09-29 16:35:13.173  INFO   loot        farm branch=loot item_id=200
2026-09-29 16:35:13.372  INFO   loot        farm branch=loot item_id=200
2026-09-29 16:35:13.549  INFO   loot        farm branch=loot item_id=200
2026-09-29 16:35:13.744  INFO   loot        farm branch=loot item_id=200
2026-09-29 16:35:13.745  INFO   decision    mode=traveling goal=loot action=pickup target=200 sticky=- origin=(236,388) shop=0 scrolled=0 reason='loot target' status=success
2026-09-29 16:35:14.151  INFO   loot        pickup retry id=200 (await still listed)
2026-09-29 16:35:14.152  INFO   loot        pickup emit item=200 reason=pickup retry
2026-09-29 16:35:14.161  INFO   loot        farm branch=loot item_id=None
2026-09-29 16:35:14.546  INFO   loot        pickup retry id=200 (await still listed)
2026-09-29 16:35:14.546  INFO   loot        pickup emit item=200 reason=pickup retry
2026-09-29 16:35:14.556  INFO   loot        farm branch=loot item_id=None
2026-09-29 16:35:15.011  INFO   loot        pickup retry id=200 (await still listed)
2026-09-29 16:35:15.179  INFO   loot        pickup emit item=200 reason=pickup retry
2026-09-29 16:35:15.188  INFO   loot        farm branch=loot item_id=None
2026-09-29 16:35:15.647  INFO   loot        pickup retry id=200 (await still listed)
2026-09-29 16:35:15.647  INFO   loot        pickup emit item=200 reason=pickup retry
2026-09-29 16:35:15.656  INFO   loot        farm branch=loot item_id=None
2026-09-29 16:35:16.176  INFO   search      farm branch=none (wander/search next)
2026-09-29 16:35:16.695  INFO   travel      hop begin wp=(247, 390) purpose=enter_farm reason=enter farm area
2026-09-29 16:35:16.711  INFO   decision    mode=traveling goal=traveling action=traveling target=- sticky=- origin=(235,388) shop=0 scrolled=0 reason='enter farm area' status=success
2026-09-29 16:35:17.066  INFO   search      farm branch=none (wander/search next)
2026-09-29 16:35:17.291  INFO   search      farm branch=none (wander/search next)
2026-09-29 16:35:17.646  INFO   search      farm branch=none (wander/search next)
2026-09-29 16:35:17.873  INFO   search      farm branch=none (wander/search next)
2026-09-29 16:35:18.110  INFO   search      farm branch=none (wander/search next)
2026-09-29 16:35:18.305  INFO   session     Entity shadow: vision=1 {'player': 1} memory=0 {} paired=0 median=0.000
2026-09-29 16:35:18.354  INFO   search      farm branch=none (wander/search next)
2026-09-29 16:35:18.524  INFO   search      farm branch=none (wander/search next)
2026-09-29 16:35:18.723  INFO   search      farm branch=none (wander/search next)
2026-09-29 16:35:18.807  INFO   travel      hop begin wp=(250, 393) purpose=enter_farm reason=enter farm area
2026-09-29 16:35:19.162  INFO   search      farm branch=none (wander/search next)
2026-09-29 16:35:19.350  INFO   combat      farm branch=screen_combat id=201 dist=12
2026-09-29 16:35:19.361  INFO   combat      engage id=201 species=monster_오크 전사_8 rel=(12,4)
2026-09-29 16:35:19.371  INFO   decision    mode=traveling goal=combat action=attack target=201 sticky=201 origin=(240,390) shop=0 scrolled=0 reason='screen engage' status=success
2026-09-29 16:35:19.829  INFO   combat      farm branch=sticky id=201 dist=10
2026-09-29 16:35:19.830  INFO   combat      wall/fence LOS blocked id=201 — ring click (240, 390) (r=2)
2026-09-29 16:35:19.839  INFO   decision    mode=traveling goal=combat action=searching target=201 sticky=201 origin=(242,391) shop=0 scrolled=0 reason='wall detour ring' status=success
2026-09-29 16:35:20.344  INFO   combat      farm branch=sticky id=201 dist=9
2026-09-29 16:35:20.429  INFO   combat      wall/fence LOS blocked id=201 — ring click (241, 390) (r=2)
2026-09-29 16:35:20.756  INFO   combat      farm branch=sticky id=201 dist=7
2026-09-29 16:35:20.836  INFO   decision    mode=traveling goal=combat action=attack target=201 sticky=201 origin=(244,393) shop=0 scrolled=0 reason='attack target' status=success
2026-09-29 16:35:21.389  INFO   combat      farm branch=sticky id=201 dist=6
2026-09-29 16:35:21.681  INFO   combat      farm branch=sticky id=201 dist=6
2026-09-29 16:35:21.937  INFO   combat      farm branch=sticky id=201 dist=5
2026-09-29 16:35:22.610  INFO   combat      farm branch=sticky id=201 dist=5
2026-09-29 16:35:23.409  INFO   session     Entity shadow: vision=3 {'player': 1, 'monster': 2} memory=2 {'monster': 2} paired=2 median=0.018
2026-09-29 16:35:23.478  INFO   combat      farm branch=sticky id=201 dist=2
2026-09-29 16:35:23.836  INFO   combat      farm branch=sticky id=201 dist=2
2026-09-29 16:35:24.082  INFO   combat      farm branch=sticky id=201 dist=2
2026-09-29 16:35:24.377  INFO   combat      farm branch=sticky id=201 dist=1
2026-09-29 16:35:24.653  INFO   combat      farm branch=sticky id=201 dist=1
2026-09-29 16:35:24.955  INFO   combat      farm branch=sticky id=201 dist=1
2026-09-29 16:35:25.471  INFO   combat      farm branch=sticky id=201 dist=1
2026-09-29 16:35:25.799  INFO   combat      farm branch=sticky id=201 dist=1
2026-09-29 16:35:26.217  INFO   combat      farm branch=sticky id=201 dist=1
2026-09-29 16:35:26.677  INFO   loot        begin_loot_item id=204
2026-09-29 16:35:26.763  INFO   loot        pickup emit item=204 reason=engage item
2026-09-29 16:35:26.770  INFO   loot        farm branch=loot item_id=204
2026-09-29 16:35:26.778  INFO   decision    mode=traveling goal=loot action=pickup target=204 sticky=- origin=(245,390) shop=0 scrolled=0 reason='engage item' status=success
2026-09-29 16:35:27.187  INFO   loot        pickup retry id=204 (await still listed)
2026-09-29 16:35:27.198  INFO   loot        pickup emit item=204 reason=pickup retry
2026-09-29 16:35:27.208  INFO   loot        farm branch=loot item_id=None
2026-09-29 16:35:27.668  INFO   combat      farm branch=screen_combat id=203 dist=5
2026-09-29 16:35:27.680  INFO   combat      engage id=203 species=monster_오크 궁수_3 rel=(5,4)
2026-09-29 16:35:27.689  INFO   decision    mode=traveling goal=combat action=attack target=203 sticky=203 origin=(245,390) shop=0 scrolled=0 reason='screen engage' status=success
2026-09-29 16:35:28.142  INFO   combat      farm branch=sticky id=203 dist=5
2026-09-29 16:35:28.523  INFO   session     Entity shadow: vision=2 {'monster': 2} memory=1 {'monster': 1} paired=1 median=0.021
2026-09-29 16:35:28.593  INFO   combat      farm branch=sticky id=203 dist=5
2026-09-29 16:35:29.011  INFO   combat      farm branch=sticky id=203 dist=5
2026-09-29 16:35:29.801  INFO   combat      farm branch=sticky id=203 dist=5
2026-09-29 16:35:30.100  INFO   loot        begin_loot_item id=205
2026-09-29 16:35:30.268  INFO   loot        approach hop item=205 wp=(251, 395) reason=walk onto item
2026-09-29 16:35:30.273  INFO   loot        farm branch=loot item_id=205
2026-09-29 16:35:30.286  INFO   decision    mode=traveling goal=loot action=searching target=205 sticky=- origin=(245,390) shop=0 scrolled=0 reason='walk onto item' status=success
2026-09-29 16:35:30.628  INFO   loot        farm branch=loot item_id=205
2026-09-29 16:35:30.884  INFO   loot        farm branch=loot item_id=205
2026-09-29 16:35:31.066  INFO   loot        farm branch=loot item_id=205
2026-09-29 16:35:31.326  INFO   loot        farm branch=loot item_id=205
2026-09-29 16:35:31.501  INFO   loot        farm branch=loot item_id=205
2026-09-29 16:35:31.696  INFO   loot        farm branch=loot item_id=205
2026-09-29 16:35:31.915  INFO   loot        farm branch=loot item_id=205
2026-09-29 16:35:32.133  INFO   loot        farm branch=loot item_id=205
2026-09-29 16:35:32.343  INFO   loot        approach hop item=205 wp=(251, 395) reason=walk onto item
2026-09-29 16:35:32.369  INFO   loot        farm branch=loot item_id=205
2026-09-29 16:35:32.742  INFO   loot        farm branch=loot item_id=205
2026-09-29 16:35:32.988  INFO   loot        farm branch=loot item_id=205
2026-09-29 16:35:32.988  INFO   decision    mode=traveling goal=loot action=pickup target=205 sticky=- origin=(250,395) shop=0 scrolled=0 reason='loot target' status=success
2026-09-29 16:35:33.421  INFO   session     Entity shadow: vision=4 {'player': 1, 'item': 1, 'monster': 2} memory=3 {'monster': 2, 'item': 1} paired=3 median=0.022
2026-09-29 16:35:33.479  INFO   loot        pickup retry id=205 (await still listed)
2026-09-29 16:35:33.634  INFO   loot        pickup emit item=205 reason=pickup retry
2026-09-29 16:35:33.645  INFO   loot        farm branch=loot item_id=None
2026-09-29 16:35:34.136  INFO   loot        pickup retry id=205 (await still listed)
2026-09-29 16:35:34.137  INFO   loot        pickup emit item=205 reason=pickup retry
2026-09-29 16:35:34.146  INFO   loot        farm branch=loot item_id=None
2026-09-29 16:35:34.718  INFO   loot        pickup retry id=205 (await still listed)
2026-09-29 16:35:35.095  INFO   loot        pickup emit item=205 reason=pickup retry
2026-09-29 16:35:35.108  INFO   loot        farm branch=loot item_id=None
2026-09-29 16:35:35.594  INFO   loot        pickup retry id=205 (await still listed)
2026-09-29 16:35:35.595  INFO   loot        pickup emit item=205 reason=pickup retry
2026-09-29 16:35:35.604  INFO   loot        farm branch=loot item_id=None
2026-09-29 16:35:36.067  INFO   loot        pickup retry id=205 (await still listed)
2026-09-29 16:35:36.068  INFO   loot        pickup emit item=205 reason=pickup retry
2026-09-29 16:35:36.079  INFO   loot        farm branch=loot item_id=None
2026-09-29 16:35:36.548  INFO   loot        pickup retry id=205 (await still listed)
2026-09-29 16:35:36.548  INFO   loot        pickup emit item=205 reason=pickup retry
2026-09-29 16:35:36.557  INFO   loot        farm branch=loot item_id=None
2026-09-29 16:35:37.084  INFO   loot        pickup retry id=205 (await still listed)
2026-09-29 16:35:37.195  INFO   loot        pickup emit item=205 reason=pickup retry
2026-09-29 16:35:37.204  INFO   loot        farm branch=loot item_id=None
2026-09-29 16:35:37.585  INFO   loot        pickup retry id=205 (await still listed)
2026-09-29 16:35:37.612  INFO   loot        pickup emit item=205 reason=pickup retry
2026-09-29 16:35:37.621  INFO   loot        farm branch=loot item_id=None
2026-09-29 16:35:38.143  INFO   combat      farm branch=screen_combat id=207 dist=5
2026-09-29 16:35:38.173  INFO   combat      engage id=207 species=monster_고블린_2 rel=(5,5)
2026-09-29 16:35:38.182  INFO   decision    mode=traveling goal=combat action=attack target=207 sticky=207 origin=(251,394) shop=0 scrolled=0 reason='screen engage' status=success
2026-09-29 16:35:38.600  INFO   session     Entity shadow: vision=3 {'player': 1, 'monster': 2} memory=3 {'monster': 3} paired=2 median=0.043
2026-09-29 16:35:38.649  INFO   combat      farm branch=sticky id=207 dist=4
2026-09-29 16:35:38.885  INFO   combat      farm branch=sticky id=207 dist=4
2026-09-29 16:35:39.167  INFO   combat      farm branch=sticky id=207 dist=2
2026-09-29 16:35:39.563  INFO   combat      farm branch=sticky id=207 dist=2
2026-09-29 16:35:40.162  INFO   combat      farm branch=sticky id=207 dist=0
2026-09-29 16:35:40.734  INFO   combat      farm branch=sticky id=207 dist=0
2026-09-29 16:35:41.033  INFO   combat      farm branch=sticky id=207 dist=1
2026-09-29 16:35:41.283  INFO   combat      farm branch=sticky id=207 dist=1
2026-09-29 16:35:41.762  INFO   combat      farm branch=screen_combat id=206 dist=6
2026-09-29 16:35:41.898  INFO   combat      engage id=206 species=monster_오크_2 rel=(6,1)
2026-09-29 16:35:41.907  INFO   decision    mode=traveling goal=combat action=attack target=206 sticky=206 origin=(253,396) shop=0 scrolled=0 reason='screen engage' status=success
2026-09-29 16:35:42.365  INFO   combat      farm branch=sticky id=206 dist=7
2026-09-29 16:35:42.625  INFO   combat      farm branch=sticky id=206 dist=7
2026-09-29 16:35:43.074  INFO   loot        begin_loot_item id=211
2026-09-29 16:35:43.164  INFO   loot        approach hop item=211 wp=(260, 396) reason=walk onto item
2026-09-29 16:35:43.173  INFO   loot        farm branch=loot item_id=211
2026-09-29 16:35:43.184  INFO   decision    mode=traveling goal=loot action=searching target=211 sticky=- origin=(252,395) shop=0 scrolled=0 reason='walk onto item' status=success
2026-09-29 16:35:43.548  INFO   loot        farm branch=loot item_id=211
2026-09-29 16:35:43.746  INFO   session     Entity shadow: vision=2 {'item': 1, 'player': 1} memory=2 {'item': 1, 'monster': 1} paired=1 median=0.008
2026-09-29 16:35:43.797  INFO   loot        farm branch=loot item_id=211
2026-09-29 16:35:43.969  INFO   loot        farm branch=loot item_id=211
2026-09-29 16:35:44.213  INFO   loot        farm branch=loot item_id=211
2026-09-29 16:35:44.381  INFO   loot        farm branch=loot item_id=211
2026-09-29 16:35:44.584  INFO   loot        farm branch=loot item_id=211
2026-09-29 16:35:44.764  INFO   loot        farm branch=loot item_id=211
2026-09-29 16:35:44.984  INFO   loot        farm branch=loot item_id=211
2026-09-29 16:35:45.193  INFO   loot        approach hop item=211 wp=(260, 396) reason=walk onto item
2026-09-29 16:35:45.258  INFO   loot        farm branch=loot item_id=211
2026-09-29 16:35:45.779  INFO   loot        farm branch=loot item_id=211
2026-09-29 16:35:46.409  INFO   loot        farm branch=loot item_id=211
2026-09-29 16:35:46.616  INFO   loot        farm branch=loot item_id=211
2026-09-29 16:35:46.809  INFO   loot        farm branch=loot item_id=211
2026-09-29 16:35:47.001  INFO   loot        farm branch=loot item_id=211
2026-09-29 16:35:47.165  INFO   loot        farm branch=loot item_id=211
2026-09-29 16:35:47.363  INFO   loot        approach hop item=211 wp=(260, 396) reason=walk onto item
2026-09-29 16:35:47.412  INFO   loot        farm branch=loot item_id=211
2026-09-29 16:35:47.761  INFO   loot        farm branch=loot item_id=211
2026-09-29 16:35:48.040  INFO   loot        farm branch=loot item_id=211
2026-09-29 16:35:48.209  INFO   loot        farm branch=loot item_id=211
2026-09-29 16:35:48.260  INFO   decision    mode=traveling goal=loot action=pickup target=211 sticky=- origin=(258,396) shop=0 scrolled=0 reason='loot target' status=success
2026-09-29 16:35:48.714  INFO   loot        pickup retry id=211 (await still listed)
2026-09-29 16:35:48.715  INFO   loot        pickup emit item=211 reason=pickup retry
2026-09-29 16:35:48.724  INFO   loot        farm branch=loot item_id=None
2026-09-29 16:35:49.106  INFO   session     Entity shadow: vision=4 {'item': 1, 'monster': 2, 'player': 1} memory=4 {'monster': 4} paired=2 median=0.016
2026-09-29 16:35:49.214  INFO   combat      farm branch=screen_combat id=208 dist=4
2026-09-29 16:35:49.253  INFO   combat      engage id=208 species=monster_늑대인간_9 rel=(-4,0)
2026-09-29 16:35:49.263  INFO   decision    mode=traveling goal=combat action=attack target=208 sticky=208 origin=(259,396) shop=0 scrolled=0 reason='screen engage' status=success
2026-09-29 16:35:49.726  INFO   combat      farm branch=sticky id=208 dist=3
2026-09-29 16:35:49.983  INFO   combat      farm branch=sticky id=208 dist=2
2026-09-29 16:35:50.293  INFO   combat      farm branch=sticky id=208 dist=2
2026-09-29 16:35:50.642  INFO   combat      farm branch=sticky id=208 dist=1
2026-09-29 16:35:51.064  INFO   combat      farm branch=sticky id=208 dist=1
2026-09-29 16:35:51.581  INFO   combat      farm branch=sticky id=208 dist=1
2026-09-29 16:35:52.172  INFO   combat      farm branch=sticky id=208 dist=1
2026-09-29 16:35:52.966  INFO   combat      farm branch=sticky id=208 dist=1
2026-09-29 16:35:53.327  INFO   combat      farm branch=sticky id=208 dist=1
2026-09-29 16:35:53.757  INFO   combat      farm branch=sticky id=208 dist=1
2026-09-29 16:35:54.332  INFO   session     Entity shadow: vision=2 {'player': 1, 'monster': 1} memory=3 {'monster': 3} paired=0 median=0.000
2026-09-29 16:35:54.443  INFO   combat      farm branch=screen_combat id=212 dist=10
2026-09-29 16:35:54.481  INFO   combat      engage id=212 species=monster_오크_2 rel=(4,-10)
2026-09-29 16:35:54.491  INFO   decision    mode=traveling goal=combat action=attack target=212 sticky=212 origin=(258,396) shop=0 scrolled=0 reason='screen engage' status=success
2026-09-29 16:35:54.946  INFO   combat      farm branch=sticky id=212 dist=10
2026-09-29 16:35:55.190  INFO   combat      farm branch=sticky id=212 dist=9
2026-09-29 16:35:55.510  INFO   loot        begin_loot_item id=216
2026-09-29 16:35:55.591  INFO   loot        approach hop item=216 wp=(263, 386) reason=walk onto item
2026-09-29 16:35:55.597  INFO   loot        farm branch=loot item_id=216
2026-09-29 16:35:55.608  INFO   decision    mode=traveling goal=loot action=searching target=216 sticky=- origin=(259,395) shop=0 scrolled=0 reason='walk onto item' status=success
2026-09-29 16:35:55.954  INFO   loot        farm branch=loot item_id=216
2026-09-29 16:35:56.193  INFO   loot        farm branch=loot item_id=216
2026-09-29 16:35:56.389  INFO   loot        farm branch=loot item_id=216
2026-09-29 16:35:56.688  INFO   loot        farm branch=loot item_id=216
2026-09-29 16:35:56.848  INFO   loot        farm branch=loot item_id=216
2026-09-29 16:35:57.053  INFO   loot        farm branch=loot item_id=216
2026-09-29 16:35:57.214  INFO   loot        farm branch=loot item_id=216
2026-09-29 16:35:57.448  INFO   loot        farm branch=loot item_id=216
2026-09-29 16:35:57.647  INFO   loot        approach hop item=216 wp=(263, 386) reason=walk onto item
2026-09-29 16:35:57.684  INFO   loot        farm branch=loot item_id=216
2026-09-29 16:35:58.100  INFO   loot        farm branch=loot item_id=216
2026-09-29 16:35:58.411  INFO   loot        farm branch=loot item_id=216
2026-09-29 16:35:58.824  INFO   loot        farm branch=loot item_id=216
2026-09-29 16:35:59.385  INFO   session     Entity shadow: vision=4 {'player': 1, 'monster': 2, 'item': 1} memory=4 {'monster': 3, 'item': 1} paired=3 median=0.017
2026-09-29 16:35:59.473  INFO   loot        farm branch=loot item_id=216
2026-09-29 16:35:59.817  INFO   loot        approach hop item=216 wp=(263, 386) reason=walk onto item
2026-09-29 16:35:59.818  INFO   loot        farm branch=loot item_id=216
2026-09-29 16:36:00.167  INFO   loot        farm branch=loot item_id=216
2026-09-29 16:36:00.334  INFO   loot        farm branch=loot item_id=216
2026-09-29 16:36:00.734  INFO   loot        farm branch=loot item_id=216
2026-09-29 16:36:01.167  INFO   loot        farm branch=loot item_id=216
2026-09-29 16:36:01.500  INFO   loot        farm branch=loot item_id=216
2026-09-29 16:36:01.501  INFO   decision    mode=traveling goal=loot action=pickup target=216 sticky=- origin=(264,388) shop=0 scrolled=0 reason='loot target' status=success
2026-09-29 16:36:01.975  INFO   loot        pickup retry id=216 (await still listed)
2026-09-29 16:36:02.088  INFO   loot        pickup emit item=216 reason=pickup retry
2026-09-29 16:36:02.097  INFO   loot        farm branch=loot item_id=None
2026-09-29 16:36:02.523  INFO   loot        pickup retry id=216 (await still listed)
2026-09-29 16:36:02.534  INFO   loot        pickup emit item=216 reason=pickup retry
2026-09-29 16:36:02.544  INFO   loot        farm branch=loot item_id=None
2026-09-29 16:36:02.917  INFO   loot        pickup retry id=216 (await still listed)
2026-09-29 16:36:02.968  INFO   loot        pickup emit item=216 reason=pickup retry
2026-09-29 16:36:02.981  INFO   loot        farm branch=loot item_id=None
2026-09-29 16:36:03.511  INFO   combat      farm branch=screen_combat id=214 dist=6
2026-09-29 16:36:03.559  INFO   combat      engage id=214 species=monster_고블린_2 rel=(6,5)
2026-09-29 16:36:03.569  INFO   decision    mode=traveling goal=combat action=attack target=214 sticky=214 origin=(264,386) shop=0 scrolled=0 reason='screen engage' status=success
2026-09-29 16:36:04.057  INFO   combat      farm branch=sticky id=214 dist=6
2026-09-29 16:36:04.302  INFO   combat      farm branch=sticky id=214 dist=7
2026-09-29 16:36:04.665  INFO   session     Entity shadow: vision=3 {'monster': 2, 'player': 1} memory=3 {'monster': 3} paired=1 median=0.015
2026-09-29 16:36:04.883  INFO   combat      farm branch=screen_combat id=217 dist=11
2026-09-29 16:36:05.343  INFO   combat      engage id=217 species=monster_세퍼드_5 rel=(11,-4)
2026-09-29 16:36:05.361  INFO   decision    mode=traveling goal=combat action=attack target=217 sticky=217 origin=(263,386) shop=0 scrolled=0 reason='screen engage' status=success
2026-09-29 16:36:05.868  INFO   combat      farm branch=sticky id=217 dist=11
2026-09-29 16:36:06.141  INFO   combat      farm branch=sticky id=217 dist=11
2026-09-29 16:36:06.394  INFO   combat      farm branch=sticky id=217 dist=11
2026-09-29 16:36:06.923  INFO   combat      farm branch=screen_combat id=215 dist=12
2026-09-29 16:36:07.064  INFO   combat      engage id=215 species=monster_그렘린_4 rel=(3,12)
2026-09-29 16:36:07.076  INFO   decision    mode=traveling goal=combat action=attack target=215 sticky=215 origin=(263,386) shop=0 scrolled=0 reason='screen engage' status=success
2026-09-29 16:36:07.539  INFO   combat      farm branch=sticky id=215 dist=12
2026-09-29 16:36:07.827  INFO   combat      farm branch=sticky id=215 dist=12
2026-09-29 16:36:08.162  INFO   loot        begin_loot_item id=220
2026-09-29 16:36:08.283  INFO   loot        approach hop item=220 wp=(266, 397) reason=walk onto item
2026-09-29 16:36:08.289  INFO   loot        farm branch=loot item_id=220
2026-09-29 16:36:08.300  INFO   decision    mode=traveling goal=loot action=searching target=220 sticky=- origin=(263,386) shop=0 scrolled=0 reason='walk onto item' status=success
2026-09-29 16:36:08.635  INFO   loot        farm branch=loot item_id=220
2026-09-29 16:36:08.871  INFO   loot        farm branch=loot item_id=220
2026-09-29 16:36:09.064  INFO   loot        farm branch=loot item_id=220
2026-09-29 16:36:09.308  INFO   loot        farm branch=loot item_id=220
2026-09-29 16:36:09.496  INFO   loot        farm branch=loot item_id=220
2026-09-29 16:36:09.702  INFO   session     Entity shadow: vision=2 {'monster': 1, 'player': 1} memory=3 {'item': 1, 'monster': 2} paired=0 median=0.000
2026-09-29 16:36:09.751  INFO   loot        farm branch=loot item_id=220
2026-09-29 16:36:09.921  INFO   loot        farm branch=loot item_id=220
2026-09-29 16:36:10.149  INFO   loot        farm branch=loot item_id=220
2026-09-29 16:36:10.362  INFO   loot        approach hop item=220 wp=(266, 397) reason=walk onto item
2026-09-29 16:36:10.391  INFO   loot        farm branch=loot item_id=220
2026-09-29 16:36:10.688  INFO   loot        farm branch=loot item_id=220
2026-09-29 16:36:10.981  INFO   loot        farm branch=loot item_id=220
2026-09-29 16:36:11.338  INFO   loot        farm branch=loot item_id=220
2026-09-29 16:36:11.987  INFO   loot        farm branch=loot item_id=220
2026-09-29 16:36:12.357  INFO   loot        farm branch=loot item_id=220
2026-09-29 16:36:12.572  INFO   loot        approach hop item=220 wp=(266, 397) reason=walk onto item
2026-09-29 16:36:12.572  INFO   loot        farm branch=loot item_id=220
2026-09-29 16:36:12.894  INFO   loot        farm branch=loot item_id=220
2026-09-29 16:36:13.191  INFO   loot        farm branch=loot item_id=220
2026-09-29 16:36:13.377  INFO   loot        farm branch=loot item_id=220
2026-09-29 16:36:13.571  INFO   loot        farm branch=loot item_id=220
2026-09-29 16:36:13.757  INFO   loot        farm branch=loot item_id=220
2026-09-29 16:36:13.972  INFO   loot        farm branch=loot item_id=220
2026-09-29 16:36:14.136  INFO   loot        farm branch=loot item_id=220
2026-09-29 16:36:14.436  INFO   loot        farm branch=loot item_id=220
2026-09-29 16:36:14.608  INFO   loot        farm branch=loot item_id=220
2026-09-29 16:36:14.637  INFO   decision    mode=traveling goal=loot action=pickup target=220 sticky=- origin=(266,395) shop=0 scrolled=0 reason='loot target' status=success
2026-09-29 16:36:15.064  INFO   session     Entity shadow: vision=3 {'monster': 2, 'item': 1} memory=3 {'monster': 2, 'item': 1} paired=2 median=0.031
2026-09-29 16:36:15.113  INFO   loot        pickup retry id=220 (await still listed)
2026-09-29 16:36:15.113  INFO   loot        pickup emit item=220 reason=pickup retry
2026-09-29 16:36:15.122  INFO   loot        farm branch=loot item_id=None
2026-09-29 16:36:15.566  INFO   loot        pickup retry id=220 (await still listed)
2026-09-29 16:36:15.567  INFO   loot        pickup emit item=220 reason=pickup retry
2026-09-29 16:36:15.576  INFO   loot        farm branch=loot item_id=None
2026-09-29 16:36:15.938  INFO   loot        pickup retry id=220 (await still listed)
2026-09-29 16:36:15.939  INFO   loot        pickup emit item=220 reason=pickup retry
2026-09-29 16:36:15.948  INFO   loot        farm branch=loot item_id=None
2026-09-29 16:36:16.316  INFO   loot        pickup retry id=220 (await still listed)
2026-09-29 16:36:16.350  INFO   loot        pickup emit item=220 reason=pickup retry
2026-09-29 16:36:16.359  INFO   loot        farm branch=loot item_id=None
2026-09-29 16:36:16.843  INFO   combat      farm branch=screen_combat id=219 dist=6
2026-09-29 16:36:16.867  INFO   combat      engage id=219 species=monster_고블린_2 rel=(0,-6)
2026-09-29 16:36:16.877  INFO   decision    mode=traveling goal=combat action=attack target=219 sticky=219 origin=(266,397) shop=0 scrolled=0 reason='screen engage' status=success
2026-09-29 16:36:17.283  INFO   combat      farm branch=sticky id=219 dist=5
2026-09-29 16:36:17.537  INFO   combat      farm branch=sticky id=219 dist=4
2026-09-29 16:36:18.114  INFO   combat      farm branch=sticky id=219 dist=4
2026-09-29 16:36:18.825  INFO   combat      farm branch=sticky id=219 dist=3
2026-09-29 16:36:19.272  INFO   combat      farm branch=screen_combat id=221 dist=6
2026-09-29 16:36:19.372  INFO   combat      engage id=221 species=monster_오크 전사_8 rel=(6,-1)
2026-09-29 16:36:19.382  INFO   decision    mode=traveling goal=combat action=attack target=221 sticky=221 origin=(267,396) shop=0 scrolled=0 reason='screen engage' status=success
2026-09-29 16:36:19.853  INFO   combat      farm branch=sticky id=221 dist=7
2026-09-29 16:36:20.220  INFO   session     Entity shadow: vision=1 {'player': 1} memory=1 {'monster': 1} paired=0 median=0.000
2026-09-29 16:36:20.294  INFO   combat      farm branch=sticky id=221 dist=7
2026-09-29 16:36:20.573  INFO   combat      farm branch=sticky id=221 dist=6
2026-09-29 16:36:20.890  INFO   combat      farm branch=sticky id=221 dist=6
2026-09-29 16:36:21.324  INFO   combat      farm branch=sticky id=221 dist=6
2026-09-29 16:36:21.705  INFO   combat      farm branch=sticky id=221 dist=6
2026-09-29 16:36:22.136  INFO   combat      farm branch=sticky id=221 dist=6
2026-09-29 16:36:22.579  INFO   combat      farm branch=sticky id=221 dist=6
2026-09-29 16:36:23.011  INFO   combat      farm branch=sticky id=221 dist=6
2026-09-29 16:36:23.370  INFO   combat      farm branch=sticky id=221 dist=6
2026-09-29 16:36:23.883  INFO   combat      farm branch=sticky id=221 dist=5
2026-09-29 16:36:24.267  INFO   loot        begin_loot_item id=222
2026-09-29 16:36:24.377  INFO   loot        approach hop item=222 wp=(270, 396) reason=walk onto item
2026-09-29 16:36:24.384  INFO   loot        farm branch=loot item_id=222
2026-09-29 16:36:24.394  INFO   decision    mode=traveling goal=loot action=searching target=222 sticky=- origin=(267,393) shop=0 scrolled=0 reason='walk onto item' status=success
2026-09-29 16:36:24.876  INFO   loot        farm branch=loot item_id=222
2026-09-29 16:36:25.475  INFO   session     Entity shadow: vision=2 {'player': 1, 'item': 1} memory=1 {'item': 1} paired=1 median=0.016
2026-09-29 16:36:25.545  INFO   loot        farm branch=loot item_id=222
2026-09-29 16:36:25.917  INFO   loot        farm branch=loot item_id=222
2026-09-29 16:36:25.918  INFO   decision    mode=traveling goal=loot action=pickup target=222 sticky=- origin=(269,395) shop=0 scrolled=0 reason='loot target' status=success
2026-09-29 16:36:26.315  INFO   loot        pickup retry id=222 (await still listed)
2026-09-29 16:36:26.316  INFO   loot        pickup emit item=222 reason=pickup retry
2026-09-29 16:36:26.328  INFO   loot        farm branch=loot item_id=None
2026-09-29 16:36:26.764  INFO   search      farm branch=none (wander/search next)
2026-09-29 16:36:26.809  INFO   travel      hop begin wp=(285, 396) purpose=enter_farm reason=enter farm area
2026-09-29 16:36:26.961  INFO   decision    mode=traveling goal=traveling action=traveling target=- sticky=- origin=(271,396) shop=0 scrolled=0 reason='enter farm area' status=success
2026-09-29 16:36:27.263  INFO   search      farm branch=none (wander/search next)
2026-09-29 16:36:27.586  INFO   search      farm branch=none (wander/search next)
2026-09-29 16:36:27.807  INFO   search      farm branch=none (wander/search next)
2026-09-29 16:36:28.013  INFO   search      farm branch=none (wander/search next)
2026-09-29 16:36:28.212  INFO   search      farm branch=none (wander/search next)
2026-09-29 16:36:28.399  INFO   search      farm branch=none (wander/search next)
2026-09-29 16:36:28.590  INFO   search      farm branch=none (wander/search next)
2026-09-29 16:36:28.872  INFO   search      farm branch=none (wander/search next)
2026-09-29 16:36:28.908  INFO   travel      hop begin wp=(285, 396) purpose=enter_farm reason=enter farm area
2026-09-29 16:36:29.208  INFO   search      farm branch=none (wander/search next)
2026-09-29 16:36:29.425  INFO   search      farm branch=none (wander/search next)
2026-09-29 16:36:29.716  INFO   combat      farm branch=screen_combat id=223 dist=12
2026-09-29 16:36:29.730  INFO   combat      engage id=223 species=monster_고블린_2 rel=(5,12)
2026-09-29 16:36:29.739  INFO   decision    mode=traveling goal=combat action=attack target=223 sticky=223 origin=(272,396) shop=0 scrolled=0 reason='screen engage' status=success
2026-09-29 16:36:30.448  INFO   combat      farm branch=sticky id=223 dist=11
2026-09-29 16:36:31.068  INFO   session     Entity shadow: vision=0 {} memory=1 {'monster': 1} paired=0 median=0.000
2026-09-29 16:36:31.117  INFO   combat      farm branch=sticky id=223 dist=10
2026-09-29 16:36:31.608  INFO   combat      farm branch=sticky id=223 dist=10
2026-09-29 16:36:32.036  INFO   combat      farm branch=sticky id=223 dist=7
2026-09-29 16:36:32.451  INFO   combat      farm branch=sticky id=223 dist=7
2026-09-29 16:36:32.843  INFO   combat      farm branch=sticky id=223 dist=3
2026-09-29 16:36:33.298  INFO   combat      farm branch=sticky id=223 dist=3
2026-09-29 16:36:33.604  INFO   combat      farm branch=sticky id=223 dist=4
2026-09-29 16:36:34.153  INFO   combat      farm branch=sticky id=223 dist=2
2026-09-29 16:36:34.475  INFO   combat      farm branch=sticky id=223 dist=3
2026-09-29 16:36:34.864  INFO   combat      farm branch=sticky id=223 dist=3
2026-09-29 16:36:35.166  INFO   loot        begin_loot_item id=225
2026-09-29 16:36:35.168  INFO   loot        approach hop item=225 wp=(272, 406) reason=walk onto item
2026-09-29 16:36:35.174  INFO   loot        farm branch=loot item_id=225
2026-09-29 16:36:35.185  INFO   decision    mode=traveling goal=loot action=searching target=225 sticky=- origin=(274,403) shop=0 scrolled=0 reason='walk onto item' status=success
2026-09-29 16:36:35.515  INFO   loot        farm branch=loot item_id=225
2026-09-29 16:36:35.730  INFO   loot        farm branch=loot item_id=225
2026-09-29 16:36:36.053  INFO   loot        farm branch=loot item_id=225
2026-09-29 16:36:36.282  INFO   session     Entity shadow: vision=2 {'player': 1, 'item': 1} memory=3 {'monster': 2, 'item': 1} paired=1 median=0.009
2026-09-29 16:36:36.433  INFO   loot        farm branch=loot item_id=225
2026-09-29 16:36:37.105  INFO   loot        farm branch=loot item_id=225
2026-09-29 16:36:37.255  INFO   decision    mode=traveling goal=loot action=pickup target=225 sticky=- origin=(270,404) shop=0 scrolled=0 reason='loot target' status=success
2026-09-29 16:36:37.736  INFO   loot        pickup re-approach id=225 (await still listed)
2026-09-29 16:36:37.738  INFO   loot        approach hop item=225 wp=(270, 403) reason=walk onto item
2026-09-29 16:36:37.747  INFO   loot        farm branch=loot item_id=225
2026-09-29 16:36:37.758  INFO   decision    mode=traveling goal=loot action=searching target=225 sticky=- origin=(270,406) shop=0 scrolled=0 reason='walk onto item' status=success
2026-09-29 16:36:38.075  INFO   loot        pickup re-approach id=225 (await still listed)
2026-09-29 16:36:38.121  INFO   loot        farm branch=loot item_id=225
2026-09-29 16:36:38.344  INFO   combat      farm branch=screen_combat id=227 dist=4
2026-09-29 16:36:38.361  INFO   combat      engage id=227 species=monster_늑대인간_9 rel=(-2,-4)
2026-09-29 16:36:38.374  INFO   decision    mode=traveling goal=combat action=attack target=227 sticky=227 origin=(270,406) shop=0 scrolled=0 reason='screen engage' status=success
2026-09-29 16:36:39.053  INFO   combat      farm branch=sticky id=227 dist=2
2026-09-29 16:36:39.325  INFO   combat      farm branch=sticky id=227 dist=1
2026-09-29 16:36:39.657  INFO   combat      farm branch=sticky id=227 dist=1
2026-09-29 16:36:40.143  INFO   combat      farm branch=sticky id=227 dist=1
2026-09-29 16:36:40.499  INFO   combat      farm branch=sticky id=227 dist=1
2026-09-29 16:36:40.907  INFO   combat      farm branch=sticky id=227 dist=1
2026-09-29 16:36:41.467  INFO   session     Entity shadow: vision=4 {'item': 1, 'monster': 2, 'player': 1} memory=3 {'monster': 2, 'item': 1} paired=3 median=0.033
2026-09-29 16:36:41.539  INFO   combat      farm branch=sticky id=227 dist=1
2026-09-29 16:36:41.817  INFO   combat      farm branch=sticky id=227 dist=1
2026-09-29 16:36:42.385  INFO   combat      farm branch=sticky id=227 dist=1
2026-09-29 16:36:43.189  INFO   combat      farm branch=sticky id=226 dist=1
2026-09-29 16:36:43.271  INFO   decision    mode=traveling goal=combat action=attack target=226 sticky=226 origin=(271,405) shop=0 scrolled=0 reason='attack target' status=success
2026-09-29 16:36:43.621  INFO   combat      farm branch=sticky id=226 dist=1
2026-09-29 16:36:43.987  INFO   combat      farm branch=sticky id=226 dist=2
2026-09-29 16:36:44.431  INFO   combat      farm branch=sticky id=226 dist=2
2026-09-29 16:36:44.807  INFO   combat      farm branch=sticky id=226 dist=2
2026-09-29 16:36:45.202  INFO   combat      farm branch=sticky id=226 dist=1
2026-09-29 16:36:45.746  INFO   combat      farm branch=sticky id=226 dist=1
2026-09-29 16:36:46.068  INFO   decision    mode=traveling goal=buff action=buff target=- sticky=226 origin=(270,404) shop=0 scrolled=0 reason='light' status=success
2026-09-29 16:36:46.650  INFO   session     Entity shadow: vision=1 {'item': 1} memory=2 {'monster': 1, 'item': 1} paired=1 median=0.003
2026-09-29 16:36:46.698  INFO   combat      farm branch=sticky id=226 dist=1
2026-09-29 16:36:46.698  INFO   decision    mode=traveling goal=combat action=attack target=226 sticky=226 origin=(270,404) shop=0 scrolled=0 reason='attack target' status=success
2026-09-29 16:36:47.183  INFO   combat      farm branch=sticky id=226 dist=1
2026-09-29 16:36:47.534  INFO   combat      farm branch=sticky id=226 dist=1
2026-09-29 16:36:47.811  INFO   combat      farm branch=sticky id=226 dist=1
2026-09-29 16:36:48.281  INFO   combat      farm branch=sticky id=226 dist=1
2026-09-29 16:36:48.836  INFO   combat      farm branch=sticky id=226 dist=1
2026-09-29 16:36:49.612  INFO   combat      farm branch=sticky id=226 dist=1
2026-09-29 16:36:50.008  INFO   combat      farm branch=sticky id=226 dist=1
2026-09-29 16:36:50.362  INFO   combat      farm branch=sticky id=226 dist=1
2026-09-29 16:36:50.517  INFO   decision    mode=traveling goal=combat action=searching target=226 sticky=226 origin=(271,403) shop=0 scrolled=0 reason='sidestep combat block' status=success
2026-09-29 16:36:50.943  INFO   loot        begin_loot_item id=225
2026-09-29 16:36:50.954  INFO   loot        pickup emit item=225 reason=engage item
2026-09-29 16:36:50.961  INFO   loot        farm branch=loot item_id=225
2026-09-29 16:36:50.970  INFO   decision    mode=traveling goal=loot action=pickup target=225 sticky=- origin=(271,404) shop=0 scrolled=0 reason='engage item' status=success
2026-09-29 16:36:51.434  INFO   loot        pickup retry id=225 (await still listed)
2026-09-29 16:36:51.435  INFO   loot        pickup emit item=225 reason=pickup retry
2026-09-29 16:36:51.446  INFO   loot        farm branch=loot item_id=None
2026-09-29 16:36:51.819  INFO   session     Entity shadow: vision=2 {'player': 1, 'item': 1} memory=2 {'item': 2} paired=1 median=0.012
2026-09-29 16:36:51.868  INFO   loot        pickup retry id=225 (await still listed)
2026-09-29 16:36:51.869  INFO   loot        pickup emit item=225 reason=pickup retry
2026-09-29 16:36:51.878  INFO   loot        farm branch=loot item_id=None
2026-09-29 16:36:52.334  INFO   loot        pickup retry id=225 (await still listed)
2026-09-29 16:36:52.334  INFO   loot        pickup emit item=225 reason=pickup retry
2026-09-29 16:36:52.343  INFO   loot        farm branch=loot item_id=None
2026-09-29 16:36:52.770  INFO   loot        pickup retry id=225 (await still listed)
2026-09-29 16:36:52.770  INFO   loot        pickup emit item=225 reason=pickup retry
2026-09-29 16:36:52.779  INFO   loot        farm branch=loot item_id=None
2026-09-29 16:36:53.181  INFO   loot        pickup retry id=225 (await still listed)
2026-09-29 16:36:53.182  INFO   loot        pickup emit item=225 reason=pickup retry
2026-09-29 16:36:53.194  INFO   loot        farm branch=loot item_id=None
2026-09-29 16:36:53.638  INFO   loot        begin_loot_item id=229
2026-09-29 16:36:53.643  INFO   loot        approach hop item=229 wp=(271, 404) reason=walk onto item
2026-09-29 16:36:53.649  INFO   loot        farm branch=loot item_id=229
2026-09-29 16:36:53.660  INFO   decision    mode=traveling goal=loot action=searching target=229 sticky=- origin=(269,403) shop=0 scrolled=0 reason='walk onto item' status=success
2026-09-29 16:36:54.043  INFO   loot        farm branch=loot item_id=229
2026-09-29 16:36:54.415  INFO   decision    mode=traveling goal=loot action=pickup target=229 sticky=- origin=(270,403) shop=0 scrolled=0 reason='loot target' status=success
2026-09-29 16:36:54.976  INFO   loot        pickup retry id=229 (await still listed)
2026-09-29 16:36:54.976  INFO   loot        pickup emit item=229 reason=pickup retry
2026-09-29 16:36:54.986  INFO   loot        farm branch=loot item_id=None
2026-09-29 16:36:55.410  INFO   loot        pickup retry id=229 (await still listed)
2026-09-29 16:36:55.410  INFO   loot        pickup emit item=229 reason=pickup retry
2026-09-29 16:36:55.419  INFO   loot        farm branch=loot item_id=None
2026-09-29 16:36:55.855  INFO   loot        pickup retry id=229 (await still listed)
2026-09-29 16:36:55.855  INFO   loot        pickup emit item=229 reason=pickup retry
2026-09-29 16:36:55.864  INFO   loot        farm branch=loot item_id=None
2026-09-29 16:36:56.295  INFO   loot        pickup retry id=229 (await still listed)
2026-09-29 16:36:56.296  INFO   loot        pickup emit item=229 reason=pickup retry
2026-09-29 16:36:56.307  INFO   loot        farm branch=loot item_id=None
2026-09-29 16:36:56.682  INFO   loot        pickup retry id=229 (await still listed)
2026-09-29 16:36:56.683  INFO   loot        pickup emit item=229 reason=pickup retry
2026-09-29 16:36:56.692  INFO   loot        farm branch=loot item_id=None
2026-09-29 16:36:57.049  INFO   session     Entity shadow: vision=2 {'item': 1, 'player': 1} memory=2 {'monster': 1, 'item': 1} paired=1 median=0.031
2026-09-29 16:36:57.100  INFO   loot        pickup retry id=229 (await still listed)
2026-09-29 16:36:57.101  INFO   loot        pickup emit item=229 reason=pickup retry
2026-09-29 16:36:57.110  INFO   loot        farm branch=loot item_id=None
2026-09-29 16:36:57.533  INFO   combat      farm branch=screen_combat id=230 dist=12
2026-09-29 16:36:57.547  INFO   combat      engage id=230 species=monster_고블린_2 rel=(12,-1)
2026-09-29 16:36:57.556  INFO   decision    mode=traveling goal=combat action=attack target=230 sticky=230 origin=(273,404) shop=0 scrolled=0 reason='screen engage' status=success
2026-09-29 16:36:58.195  INFO   combat      farm branch=sticky id=230 dist=12
2026-09-29 16:36:58.448  INFO   combat      farm branch=sticky id=230 dist=12
2026-09-29 16:36:58.945  INFO   loot        begin_loot_item id=231
2026-09-29 16:36:59.042  INFO   loot        approach hop item=231 wp=(284, 404) reason=walk onto item
2026-09-29 16:36:59.050  INFO   loot        farm branch=loot item_id=231
2026-09-29 16:36:59.061  INFO   decision    mode=traveling goal=loot action=searching target=231 sticky=- origin=(273,404) shop=0 scrolled=0 reason='walk onto item' status=success
2026-09-29 16:36:59.432  INFO   loot        farm branch=loot item_id=231
2026-09-29 16:36:59.621  INFO   loot        farm branch=loot item_id=231
2026-09-29 16:36:59.808  INFO   loot        farm branch=loot item_id=231
2026-09-29 16:37:00.326  INFO   loot        farm branch=loot item_id=231
2026-09-29 16:37:00.948  INFO   loot        farm branch=loot item_id=231
2026-09-29 16:37:01.169  INFO   loot        approach hop item=231 wp=(284, 404) reason=walk onto item
2026-09-29 16:37:01.170  INFO   loot        farm branch=loot item_id=231
2026-09-29 16:37:01.518  INFO   loot        farm branch=loot item_id=231
2026-09-29 16:37:01.717  INFO   loot        farm branch=loot item_id=231
2026-09-29 16:37:01.895  INFO   loot        farm branch=loot item_id=231
2026-09-29 16:37:02.096  INFO   session     Entity shadow: vision=2 {'player': 1, 'monster': 1} memory=1 {'item': 1} paired=0 median=0.000
2026-09-29 16:37:02.166  INFO   loot        farm branch=loot item_id=231
2026-09-29 16:37:02.355  INFO   loot        farm branch=loot item_id=231
2026-09-29 16:37:02.571  INFO   loot        farm branch=loot item_id=231
2026-09-29 16:37:02.737  INFO   loot        farm branch=loot item_id=231
2026-09-29 16:37:02.966  INFO   loot        farm branch=loot item_id=231
2026-09-29 16:37:03.133  INFO   loot        farm branch=loot item_id=231
2026-09-29 16:37:03.444  INFO   loot        approach hop item=231 wp=(284, 404) reason=walk onto item
2026-09-29 16:37:03.445  INFO   loot        farm branch=loot item_id=231
2026-09-29 16:37:03.815  INFO   loot        farm branch=loot item_id=231
2026-09-29 16:37:04.007  INFO   loot        farm branch=loot item_id=231
2026-09-29 16:37:04.226  INFO   loot        farm branch=loot item_id=231
2026-09-29 16:37:04.396  INFO   loot        farm branch=loot item_id=231
2026-09-29 16:37:04.711  INFO   loot        farm branch=loot item_id=231
2026-09-29 16:37:04.915  INFO   loot        farm branch=loot item_id=231
2026-09-29 16:37:05.111  INFO   loot        farm branch=loot item_id=231
2026-09-29 16:37:05.323  INFO   loot        farm branch=loot item_id=231
2026-09-29 16:37:05.596  INFO   loot        approach hop item=231 wp=(284, 404) reason=walk onto item
2026-09-29 16:37:05.973  INFO   loot        farm branch=loot item_id=231
2026-09-29 16:37:06.411  INFO   loot        farm branch=loot item_id=231
2026-09-29 16:37:06.422  INFO   decision    mode=traveling goal=loot action=pickup target=231 sticky=- origin=(284,404) shop=0 scrolled=0 reason='loot target' status=success
2026-09-29 16:37:06.869  INFO   loot        pickup retry id=231 (await still listed)
2026-09-29 16:37:06.870  INFO   loot        pickup emit item=231 reason=pickup retry
2026-09-29 16:37:06.879  INFO   loot        farm branch=loot item_id=None
2026-09-29 16:37:07.308  INFO   session     Entity shadow: vision=2 {'player': 1, 'monster': 1} memory=3 {'monster': 2, 'item': 1} paired=1 median=0.021
2026-09-29 16:37:07.383  INFO   loot        pickup retry id=231 (await still listed)
2026-09-29 16:37:07.384  INFO   loot        pickup emit item=231 reason=pickup retry
2026-09-29 16:37:07.394  INFO   loot        farm branch=loot item_id=None
2026-09-29 16:37:07.861  INFO   combat      farm branch=screen_combat id=233 dist=2
2026-09-29 16:37:07.873  INFO   combat      engage id=233 species=monster_해골_10 rel=(-1,2)
2026-09-29 16:37:07.882  INFO   decision    mode=traveling goal=combat action=attack target=233 sticky=233 origin=(286,404) shop=0 scrolled=0 reason='screen engage' status=success
2026-09-29 16:37:08.420  INFO   combat      farm branch=sticky id=233 dist=2
2026-09-29 16:37:08.895  INFO   combat      farm branch=sticky id=233 dist=2
2026-09-29 16:37:09.288  INFO   combat      farm branch=sticky id=233 dist=3
2026-09-29 16:37:09.680  INFO   combat      farm branch=sticky id=233 dist=3
2026-09-29 16:37:10.076  INFO   combat      farm branch=sticky id=233 dist=2
2026-09-29 16:37:10.567  INFO   combat      farm branch=sticky id=233 dist=1
2026-09-29 16:37:10.911  INFO   combat      farm branch=sticky id=233 dist=1
2026-09-29 16:37:11.333  INFO   combat      farm branch=sticky id=233 dist=1
2026-09-29 16:37:11.970  INFO   combat      farm branch=sticky id=233 dist=1
2026-09-29 16:37:12.809  INFO   session     Entity shadow: vision=1 {'monster': 1} memory=2 {'monster': 2} paired=1 median=0.048
2026-09-29 16:37:12.877  INFO   combat      farm branch=sticky id=233 dist=1
2026-09-29 16:37:13.199  INFO   combat      farm branch=sticky id=233 dist=2
2026-09-29 16:37:13.507  INFO   combat      farm branch=sticky id=233 dist=2
2026-09-29 16:37:14.022  INFO   combat      farm branch=sticky id=233 dist=2
2026-09-29 16:37:14.363  INFO   combat      farm branch=sticky id=233 dist=1
2026-09-29 16:37:14.832  INFO   combat      farm branch=sticky id=233 dist=1
2026-09-29 16:37:15.183  INFO   combat      farm branch=sticky id=233 dist=1
2026-09-29 16:37:15.658  INFO   combat      farm branch=sticky id=233 dist=1
2026-09-29 16:37:16.020  INFO   combat      farm branch=sticky id=233 dist=1
2026-09-29 16:37:16.460  INFO   combat      farm branch=sticky id=233 dist=1
2026-09-29 16:37:16.905  INFO   combat      farm branch=sticky id=233 dist=1
2026-09-29 16:37:17.261  INFO   combat      farm branch=sticky id=233 dist=1
2026-09-29 16:37:17.945  INFO   combat      farm branch=sticky id=233 dist=1
2026-09-29 16:37:18.751  INFO   session     Entity shadow: vision=3 {'monster': 1, 'item': 1, 'player': 1} memory=3 {'monster': 3} paired=1 median=0.014
2026-09-29 16:37:18.825  INFO   combat      farm branch=sticky id=233 dist=1
2026-09-29 16:37:19.182  INFO   combat      farm branch=sticky id=234 dist=8
2026-09-29 16:37:19.185  INFO   decision    mode=traveling goal=combat action=attack target=234 sticky=234 origin=(285,403) shop=0 scrolled=0 reason='attack target' status=success
2026-09-29 16:37:19.453  INFO   combat      farm branch=sticky id=234 dist=7
2026-09-29 16:37:19.923  INFO   combat      farm branch=sticky id=234 dist=6
2026-09-29 16:37:20.323  INFO   combat      farm branch=sticky id=234 dist=6
2026-09-29 16:37:20.745  INFO   combat      farm branch=sticky id=234 dist=5
2026-09-29 16:37:21.260  INFO   combat      farm branch=sticky id=234 dist=4
2026-09-29 16:37:21.629  INFO   combat      farm branch=sticky id=234 dist=3
2026-09-29 16:37:22.040  INFO   combat      farm branch=sticky id=234 dist=3
2026-09-29 16:37:22.522  INFO   combat      farm branch=sticky id=234 dist=2
2026-09-29 16:37:22.897  INFO   combat      farm branch=sticky id=234 dist=2
2026-09-29 16:37:23.350  INFO   combat      farm branch=sticky id=234 dist=1
2026-09-29 16:37:23.909  INFO   session     Entity shadow: vision=4 {'monster': 1, 'item': 2, 'player': 1} memory=4 {'monster': 3, 'item': 1} paired=2 median=0.014
2026-09-29 16:37:24.078  INFO   combat      farm branch=sticky id=234 dist=1
2026-09-29 16:37:24.784  INFO   loot        begin_loot_item id=236
2026-09-29 16:37:24.869  INFO   loot        pickup emit item=236 reason=engage item
2026-09-29 16:37:24.876  INFO   loot        farm branch=loot item_id=236
2026-09-29 16:37:24.884  INFO   decision    mode=traveling goal=loot action=pickup target=236 sticky=- origin=(285,403) shop=0 scrolled=0 reason='engage item' status=success
2026-09-29 16:37:25.356  INFO   loot        pickup retry id=236 (await still listed)
2026-09-29 16:37:25.356  INFO   loot        pickup emit item=236 reason=pickup retry
2026-09-29 16:37:25.368  INFO   loot        farm branch=loot item_id=None
2026-09-29 16:37:25.824  INFO   loot        pickup retry id=236 (await still listed)
2026-09-29 16:37:25.825  INFO   loot        pickup emit item=236 reason=pickup retry
2026-09-29 16:37:25.833  INFO   loot        farm branch=loot item_id=None
2026-09-29 16:37:26.230  INFO   loot        pickup retry id=236 (await still listed)
2026-09-29 16:37:26.231  INFO   loot        pickup emit item=236 reason=pickup retry
2026-09-29 16:37:26.243  INFO   loot        farm branch=loot item_id=None
2026-09-29 16:37:26.651  INFO   loot        pickup retry id=236 (await still listed)
2026-09-29 16:37:26.652  INFO   loot        pickup emit item=236 reason=pickup retry
2026-09-29 16:37:26.660  INFO   loot        farm branch=loot item_id=None
2026-09-29 16:37:27.048  INFO   loot        begin_loot_item id=237
2026-09-29 16:37:27.048  INFO   loot        pickup emit item=237 reason=engage item
2026-09-29 16:37:27.055  INFO   loot        farm branch=loot item_id=237
2026-09-29 16:37:27.064  INFO   decision    mode=traveling goal=loot action=pickup target=237 sticky=- origin=(285,403) shop=0 scrolled=0 reason='engage item' status=success
2026-09-29 16:37:27.524  INFO   loot        pickup retry id=237 (await still listed)
2026-09-29 16:37:27.525  INFO   loot        pickup emit item=237 reason=pickup retry
2026-09-29 16:37:27.534  INFO   loot        farm branch=loot item_id=None
2026-09-29 16:37:28.014  INFO   loot        pickup retry id=237 (await still listed)
2026-09-29 16:37:28.015  INFO   loot        pickup emit item=237 reason=pickup retry
2026-09-29 16:37:28.024  INFO   loot        farm branch=loot item_id=None
2026-09-29 16:37:28.447  INFO   combat      farm branch=screen_combat id=232 dist=6
2026-09-29 16:37:28.469  INFO   combat      engage id=232 species=monster_난쟁이_5 rel=(6,3)
2026-09-29 16:37:28.480  INFO   decision    mode=traveling goal=combat action=attack target=232 sticky=232 origin=(285,402) shop=0 scrolled=0 reason='screen engage' status=success
2026-09-29 16:37:28.927  INFO   session     Entity shadow: vision=2 {'monster': 1, 'player': 1} memory=2 {'monster': 2} paired=1 median=0.017
2026-09-29 16:37:28.976  INFO   combat      farm branch=sticky id=232 dist=6
2026-09-29 16:37:29.419  INFO   combat      farm branch=sticky id=232 dist=6
2026-09-29 16:37:29.831  INFO   combat      farm branch=sticky id=232 dist=6
2026-09-29 16:37:30.464  INFO   combat      farm branch=sticky id=232 dist=6
2026-09-29 16:37:31.226  INFO   combat      farm branch=sticky id=232 dist=6
2026-09-29 16:37:31.582  INFO   combat      farm branch=sticky id=232 dist=6
2026-09-29 16:37:32.007  INFO   combat      farm branch=sticky id=232 dist=6
2026-09-29 16:37:32.455  INFO   combat      farm branch=sticky id=232 dist=6
2026-09-29 16:37:32.889  INFO   combat      farm branch=sticky id=232 dist=6
2026-09-29 16:37:33.315  INFO   combat      farm branch=sticky id=232 dist=6
2026-09-29 16:37:33.750  INFO   combat      farm branch=sticky id=232 dist=6
2026-09-29 16:37:34.297  INFO   session     Entity shadow: vision=2 {'monster': 1, 'player': 1} memory=3 {'monster': 3} paired=1 median=0.017
2026-09-29 16:37:34.349  INFO   combat      farm branch=sticky id=232 dist=6
2026-09-29 16:37:34.350  INFO   decision    mode=traveling goal=combat action=searching target=232 sticky=232 origin=(285,402) shop=0 scrolled=0 reason='sidestep combat block' status=success
2026-09-29 16:37:34.777  INFO   combat      farm branch=sticky id=232 dist=6
2026-09-29 16:37:34.778  INFO   decision    mode=traveling goal=combat action=attack target=232 sticky=232 origin=(285,402) shop=0 scrolled=0 reason='attack target' status=success
2026-09-29 16:37:35.286  INFO   combat      farm branch=sticky id=232 dist=6
2026-09-29 16:37:35.704  INFO   combat      farm branch=sticky id=232 dist=6
2026-09-29 16:37:36.470  INFO   combat      farm branch=sticky id=232 dist=6
2026-09-29 16:37:36.843  INFO   combat      farm branch=sticky id=232 dist=6
2026-09-29 16:37:37.285  INFO   combat      farm branch=sticky id=232 dist=6
2026-09-29 16:37:37.716  INFO   combat      farm branch=sticky id=232 dist=6
2026-09-29 16:37:38.157  INFO   combat      farm branch=sticky id=232 dist=6
2026-09-29 16:37:38.567  INFO   combat      farm branch=sticky id=232 dist=6
2026-09-29 16:37:38.980  INFO   combat      farm branch=sticky id=232 dist=6
2026-09-29 16:37:39.334  INFO   session     Entity shadow: vision=2 {'player': 1, 'monster': 1} memory=3 {'monster': 3} paired=1 median=0.017
2026-09-29 16:37:39.534  INFO   combat      farm branch=sticky id=232 dist=6
2026-09-29 16:37:39.535  INFO   combat      give-up id=232 sticky_was=232
2026-09-29 16:37:39.561  INFO   combat      farm branch=screen_combat id=232 dist=6
2026-09-29 16:37:39.588  INFO   combat      engage id=235 species=monster_그렘린_4 rel=(6,8)
2026-09-29 16:37:39.598  INFO   decision    mode=traveling goal=combat action=attack target=235 sticky=235 origin=(285,402) shop=0 scrolled=0 reason='screen engage' status=success
2026-09-29 16:37:40.052  INFO   combat      farm branch=sticky id=235 dist=8
2026-09-29 16:37:40.347  INFO   combat      farm branch=sticky id=235 dist=8
2026-09-29 16:37:40.618  INFO   combat      farm branch=sticky id=235 dist=8
2026-09-29 16:37:40.949  INFO   combat      farm branch=sticky id=235 dist=8
2026-09-29 16:37:41.778  INFO   combat      farm branch=screen_combat id=238 dist=9
2026-09-29 16:37:41.820  INFO   combat      engage id=238 species=monster_늑대인간_9 rel=(3,-9)
2026-09-29 16:37:41.831  INFO   decision    mode=traveling goal=combat action=attack target=238 sticky=238 origin=(285,402) shop=0 scrolled=0 reason='screen engage' status=success
2026-09-29 16:37:42.315  INFO   combat      farm branch=sticky id=238 dist=9
2026-09-29 16:37:42.577  INFO   combat      farm branch=sticky id=238 dist=11
2026-09-29 16:37:42.685  INFO   combat      wall/fence LOS blocked id=238 — A* detour hop to (277, 400)
2026-09-29 16:37:42.700  INFO   decision    mode=traveling goal=combat action=searching target=238 sticky=238 origin=(287,404) shop=0 scrolled=0 reason='wall detour A*' status=success
2026-09-29 16:37:43.073  INFO   combat      farm branch=sticky id=238 dist=11
2026-09-29 16:37:43.140  INFO   combat      wall/fence LOS blocked id=238 — A* detour hop to (277, 400)
2026-09-29 16:37:43.529  INFO   combat      farm branch=sticky id=238 dist=11
2026-09-29 16:37:43.570  INFO   combat      wall/fence LOS blocked id=238 — A* detour hop to (277, 400)
2026-09-29 16:37:43.881  INFO   combat      farm branch=sticky id=238 dist=9
2026-09-29 16:37:43.965  INFO   decision    mode=traveling goal=combat action=attack target=238 sticky=238 origin=(287,402) shop=0 scrolled=0 reason='attack target' status=success
2026-09-29 16:37:44.398  INFO   session     Entity shadow: vision=1 {'player': 1} memory=2 {'monster': 2} paired=0 median=0.000
2026-09-29 16:37:44.473  INFO   combat      farm branch=sticky id=238 dist=9
2026-09-29 16:37:44.764  INFO   combat      farm branch=sticky id=238 dist=9
2026-09-29 16:37:45.064  INFO   combat      farm branch=sticky id=238 dist=9
2026-09-29 16:37:45.333  INFO   combat      farm branch=sticky id=238 dist=9
2026-09-29 16:37:45.668  INFO   combat      farm branch=sticky id=238 dist=10
2026-09-29 16:37:45.952  INFO   combat      farm branch=sticky id=238 dist=11
2026-09-29 16:37:46.385  INFO   combat      farm branch=sticky id=238 dist=10
2026-09-29 16:37:46.889  INFO   combat      farm branch=sticky id=238 dist=10
2026-09-29 16:37:47.254  INFO   combat      farm branch=sticky id=238 dist=10
2026-09-29 16:37:47.890  INFO   combat      farm branch=sticky id=238 dist=9
2026-09-29 16:37:48.648  INFO   loot        begin_loot_item id=240
2026-09-29 16:37:48.726  INFO   loot        approach hop item=240 wp=(289, 394) reason=walk onto item
2026-09-29 16:37:48.735  INFO   loot        farm branch=loot item_id=240
2026-09-29 16:37:48.751  INFO   decision    mode=traveling goal=loot action=searching target=240 sticky=- origin=(286,401) shop=0 scrolled=0 reason='walk onto item' status=success
2026-09-29 16:37:49.126  INFO   loot        farm branch=loot item_id=240
2026-09-29 16:37:49.362  INFO   loot        farm branch=loot item_id=240
2026-09-29 16:37:49.568  INFO   session     Entity shadow: vision=3 {'player': 1, 'monster': 1, 'item': 1} memory=3 {'monster': 2, 'item': 1} paired=2 median=0.017
2026-09-29 16:37:49.621  INFO   loot        farm branch=loot item_id=240
2026-09-29 16:37:49.809  INFO   loot        farm branch=loot item_id=240
2026-09-29 16:37:49.988  INFO   loot        farm branch=loot item_id=240
2026-09-29 16:37:50.161  INFO   loot        farm branch=loot item_id=240
2026-09-29 16:37:50.371  INFO   loot        farm branch=loot item_id=240
2026-09-29 16:37:50.570  INFO   loot        farm branch=loot item_id=240
2026-09-29 16:37:50.823  INFO   loot        approach hop item=240 wp=(289, 394) reason=walk onto item
2026-09-29 16:37:50.833  INFO   loot        farm branch=loot item_id=240
2026-09-29 16:37:51.150  INFO   loot        farm branch=loot item_id=240
2026-09-29 16:37:51.437  INFO   loot        farm branch=loot item_id=240
2026-09-29 16:37:51.596  INFO   loot        farm branch=loot item_id=240
2026-09-29 16:37:51.865  INFO   loot        farm branch=loot item_id=240
2026-09-29 16:37:51.866  INFO   decision    mode=traveling goal=loot action=pickup target=240 sticky=- origin=(289,395) shop=0 scrolled=0 reason='loot target' status=success
2026-09-29 16:37:52.290  INFO   loot        pickup retry id=240 (await still listed)
2026-09-29 16:37:52.290  INFO   loot        pickup emit item=240 reason=pickup retry
2026-09-29 16:37:52.299  INFO   loot        farm branch=loot item_id=None
2026-09-29 16:37:52.690  INFO   loot        pickup retry id=240 (await still listed)
2026-09-29 16:37:52.691  INFO   loot        pickup emit item=240 reason=pickup retry
2026-09-29 16:37:52.700  INFO   loot        farm branch=loot item_id=None
2026-09-29 16:37:53.384  INFO   combat      farm branch=screen_combat id=239 dist=4
2026-09-29 16:37:53.829  INFO   combat      engage id=239 species=monster_오크 전사_8 rel=(-2,4)
2026-09-29 16:37:53.853  INFO   decision    mode=traveling goal=combat action=attack target=239 sticky=239 origin=(289,394) shop=0 scrolled=0 reason='screen engage' status=success
2026-09-29 16:37:54.344  INFO   combat      farm branch=sticky id=239 dist=2
2026-09-29 16:37:54.680  INFO   session     Entity shadow: vision=2 {'player': 1, 'item': 1} memory=5 {'monster': 3, 'player': 1, 'item': 1} paired=1 median=0.007
2026-09-29 16:37:54.733  INFO   combat      farm branch=sticky id=239 dist=2
2026-09-29 16:37:55.036  INFO   combat      farm branch=sticky id=239 dist=1
2026-09-29 16:37:55.455  INFO   combat      farm branch=sticky id=239 dist=1
2026-09-29 16:37:55.853  INFO   combat      farm branch=sticky id=239 dist=1
2026-09-29 16:37:56.222  INFO   combat      farm branch=sticky id=239 dist=1
2026-09-29 16:37:56.709  INFO   combat      farm branch=sticky id=239 dist=1
2026-09-29 16:37:57.103  INFO   combat      farm branch=sticky id=239 dist=1
2026-09-29 16:37:57.522  INFO   combat      farm branch=sticky id=239 dist=1
2026-09-29 16:37:57.947  INFO   combat      farm branch=sticky id=239 dist=1
2026-09-29 16:37:58.364  INFO   combat      farm branch=sticky id=239 dist=1
2026-09-29 16:37:59.023  INFO   combat      farm branch=sticky id=239 dist=1
2026-09-29 16:37:59.824  INFO   session     Entity shadow: vision=2 {'item': 2} memory=5 {'item': 2, 'monster': 2, 'player': 1} paired=2 median=0.031
2026-09-29 16:37:59.908  INFO   loot        begin_loot_item id=245
2026-09-29 16:37:59.909  INFO   loot        pickup emit item=245 reason=engage item
2026-09-29 16:37:59.917  INFO   loot        farm branch=loot item_id=245
2026-09-29 16:37:59.926  INFO   decision    mode=traveling goal=loot action=pickup target=245 sticky=- origin=(288,396) shop=0 scrolled=0 reason='engage item' status=success
2026-09-29 16:38:00.354  INFO   loot        pickup retry id=245 (await still listed)
2026-09-29 16:38:00.355  INFO   loot        pickup emit item=245 reason=pickup retry
2026-09-29 16:38:00.365  INFO   loot        farm branch=loot item_id=None
2026-09-29 16:38:00.821  INFO   loot        pickup retry id=245 (await still listed)
2026-09-29 16:38:00.821  INFO   loot        pickup emit item=245 reason=pickup retry
2026-09-29 16:38:00.837  INFO   loot        farm branch=loot item_id=None
2026-09-29 16:38:01.319  INFO   loot        pickup retry id=245 (await still listed)
2026-09-29 16:38:01.319  INFO   loot        pickup emit item=245 reason=pickup retry
2026-09-29 16:38:01.328  INFO   loot        farm branch=loot item_id=None
2026-09-29 16:38:01.741  INFO   loot        pickup retry id=245 (await still listed)
2026-09-29 16:38:01.741  INFO   loot        pickup emit item=245 reason=pickup retry
2026-09-29 16:38:01.751  INFO   loot        farm branch=loot item_id=None
2026-09-29 16:38:02.186  INFO   combat      farm branch=screen_combat id=244 dist=7
2026-09-29 16:38:02.349  INFO   combat      engage id=244 species=monster_셸로브_14 rel=(7,-7)
2026-09-29 16:38:02.359  INFO   decision    mode=traveling goal=combat action=attack target=244 sticky=244 origin=(289,395) shop=0 scrolled=0 reason='screen engage' status=success
2026-09-29 16:38:02.917  INFO   combat      farm branch=sticky id=244 dist=7
2026-09-29 16:38:03.197  INFO   loot        begin_loot_item id=246
2026-09-29 16:38:03.218  INFO   loot        approach hop item=246 wp=(295, 387) reason=walk onto item
2026-09-29 16:38:03.225  INFO   loot        farm branch=loot item_id=246
2026-09-29 16:38:03.236  INFO   decision    mode=traveling goal=loot action=searching target=246 sticky=- origin=(289,394) shop=0 scrolled=0 reason='walk onto item' status=success
2026-09-29 16:38:03.607  INFO   loot        farm branch=loot item_id=246
2026-09-29 16:38:03.801  INFO   loot        farm branch=loot item_id=246
2026-09-29 16:38:04.031  INFO   loot        farm branch=loot item_id=246
2026-09-29 16:38:04.267  INFO   loot        farm branch=loot item_id=246
2026-09-29 16:38:04.456  INFO   loot        farm branch=loot item_id=246
2026-09-29 16:38:04.652  INFO   loot        farm branch=loot item_id=246
2026-09-29 16:38:04.916  INFO   session     Entity shadow: vision=2 {'monster': 1, 'item': 1} memory=4 {'item': 2, 'player': 1, 'monster': 1} paired=1 median=0.007
2026-09-29 16:38:04.969  INFO   loot        farm branch=loot item_id=246
2026-09-29 16:38:05.175  INFO   loot        farm branch=loot item_id=246
2026-09-29 16:38:05.811  INFO   search      farm branch=none (wander/search next)
2026-09-29 16:38:06.230  INFO   travel      hop begin wp=(291, 398) purpose=enter_farm reason=enter farm area
2026-09-29 16:38:06.264  INFO   decision    mode=traveling goal=traveling action=traveling target=- sticky=- origin=(289,394) shop=0 scrolled=0 reason='enter farm area' status=success
2026-09-29 16:38:06.679  INFO   search      farm branch=none (wander/search next)
2026-09-29 16:38:06.886  INFO   search      farm branch=none (wander/search next)
2026-09-29 16:38:07.281  INFO   search      farm branch=none (wander/search next)
2026-09-29 16:38:07.482  INFO   search      farm branch=none (wander/search next)
2026-09-29 16:38:07.759  INFO   combat      farm branch=screen_combat id=247 dist=10
2026-09-29 16:38:07.935  INFO   combat      engage id=247 species=monster_늑대인간_9 rel=(10,6)
2026-09-29 16:38:07.948  INFO   decision    mode=traveling goal=combat action=attack target=247 sticky=247 origin=(290,395) shop=0 scrolled=0 reason='screen engage' status=success
2026-09-29 16:38:08.438  INFO   combat      farm branch=sticky id=247 dist=8
2026-09-29 16:38:08.763  INFO   combat      farm branch=sticky id=247 dist=7
2026-09-29 16:38:09.049  INFO   combat      farm branch=sticky id=247 dist=6
2026-09-29 16:38:09.469  INFO   combat      farm branch=sticky id=247 dist=5
2026-09-29 16:38:10.015  INFO   session     Entity shadow: vision=2 {'player': 2} memory=4 {'monster': 3, 'item': 1} paired=0 median=0.000
2026-09-29 16:38:10.085  INFO   combat      farm branch=sticky id=247 dist=4
2026-09-29 16:38:10.352  INFO   combat      farm branch=sticky id=247 dist=3
2026-09-29 16:38:10.711  INFO   combat      farm branch=sticky id=247 dist=2
2026-09-29 16:38:11.161  INFO   combat      farm branch=sticky id=247 dist=2
2026-09-29 16:38:11.766  INFO   combat      farm branch=sticky id=247 dist=1
2026-09-29 16:38:12.528  INFO   combat      farm branch=sticky id=247 dist=1
2026-09-29 16:38:12.934  INFO   combat      farm branch=sticky id=247 dist=1
2026-09-29 16:38:13.313  INFO   combat      farm branch=sticky id=247 dist=1
2026-09-29 16:38:13.871  INFO   loot        begin_loot_item id=249
2026-09-29 16:38:13.909  INFO   loot        pickup emit item=249 reason=engage item
2026-09-29 16:38:13.917  INFO   loot        farm branch=loot item_id=249
2026-09-29 16:38:13.931  INFO   decision    mode=traveling goal=loot action=pickup target=249 sticky=- origin=(293,400) shop=0 scrolled=0 reason='engage item' status=success
2026-09-29 16:38:14.410  INFO   loot        pickup retry id=249 (await still listed)
2026-09-29 16:38:14.411  INFO   loot        pickup emit item=249 reason=pickup retry
2026-09-29 16:38:14.420  INFO   loot        farm branch=loot item_id=None
2026-09-29 16:38:14.797  INFO   loot        pickup retry id=249 (await still listed)
2026-09-29 16:38:14.797  INFO   loot        pickup emit item=249 reason=pickup retry
2026-09-29 16:38:14.809  INFO   loot        farm branch=loot item_id=None
2026-09-29 16:38:15.189  INFO   session     Entity shadow: vision=2 {'monster': 1, 'item': 1} memory=4 {'monster': 2, 'item': 2} paired=1 median=0.002
2026-09-29 16:38:15.263  INFO   loot        pickup retry id=249 (await still listed)
2026-09-29 16:38:15.263  INFO   loot        pickup emit item=249 reason=pickup retry
2026-09-29 16:38:15.272  INFO   loot        farm branch=loot item_id=None
2026-09-29 16:38:15.696  INFO   loot        pickup retry id=249 (await still listed)
2026-09-29 16:38:15.697  INFO   loot        pickup emit item=249 reason=pickup retry
2026-09-29 16:38:15.706  INFO   loot        farm branch=loot item_id=None
2026-09-29 16:38:16.135  INFO   loot        pickup retry id=249 (await still listed)
2026-09-29 16:38:16.136  INFO   loot        pickup emit item=249 reason=pickup retry
2026-09-29 16:38:16.146  INFO   loot        farm branch=loot item_id=None
2026-09-29 16:38:16.620  INFO   combat      farm branch=screen_combat id=250 dist=8
2026-09-29 16:38:16.650  INFO   combat      engage id=250 species=monster_오크 전사_8 rel=(4,-8)
2026-09-29 16:38:16.660  INFO   decision    mode=traveling goal=combat action=attack target=250 sticky=250 origin=(294,400) shop=0 scrolled=0 reason='screen engage' status=success
2026-09-29 16:38:17.152  INFO   combat      farm branch=sticky id=250 dist=7
2026-09-29 16:38:17.655  INFO   combat      farm branch=sticky id=250 dist=7
2026-09-29 16:38:18.257  INFO   combat      farm branch=sticky id=250 dist=6
2026-09-29 16:38:19.005  INFO   combat      farm branch=sticky id=250 dist=6
2026-09-29 16:38:19.082  INFO   combat      wall/fence LOS blocked id=250 — A* detour hop to (298, 393)
2026-09-29 16:38:19.092  INFO   decision    mode=traveling goal=combat action=searching target=250 sticky=250 origin=(295,399) shop=0 scrolled=0 reason='wall detour A*' status=success
2026-09-29 16:38:19.464  INFO   combat      farm branch=sticky id=250 dist=5
2026-09-29 16:38:19.525  INFO   combat      wall/fence LOS blocked id=250 — A* detour hop to (298, 393)
2026-09-29 16:38:19.865  INFO   combat      farm branch=sticky id=250 dist=4
2026-09-29 16:38:19.921  INFO   decision    mode=traveling goal=combat action=attack target=250 sticky=250 origin=(295,399) shop=0 scrolled=0 reason='attack target' status=success
2026-09-29 16:38:20.373  INFO   session     Entity shadow: vision=3 {'player': 2, 'item': 1} memory=4 {'monster': 3, 'item': 1} paired=1 median=0.018
2026-09-29 16:38:20.446  INFO   combat      farm branch=sticky id=250 dist=4
2026-09-29 16:38:20.757  INFO   combat      farm branch=sticky id=250 dist=4
2026-09-29 16:38:21.085  INFO   combat      farm branch=sticky id=250 dist=1
2026-09-29 16:38:21.519  INFO   combat      farm branch=sticky id=250 dist=1
2026-09-29 16:38:21.959  INFO   combat      farm branch=sticky id=250 dist=2
2026-09-29 16:38:22.378  INFO   combat      farm branch=sticky id=250 dist=2
2026-09-29 16:38:22.830  INFO   combat      farm branch=sticky id=248 dist=5
2026-09-29 16:38:22.899  INFO   decision    mode=traveling goal=combat action=attack target=248 sticky=248 origin=(298,396) shop=0 scrolled=0 reason='attack target' status=success
2026-09-29 16:38:23.243  INFO   combat      farm branch=sticky id=248 dist=4
2026-09-29 16:38:23.798  INFO   combat      farm branch=sticky id=248 dist=4
2026-09-29 16:38:24.605  INFO   combat      farm branch=sticky id=248 dist=2
2026-09-29 16:38:24.995  INFO   combat      farm branch=sticky id=248 dist=1
2026-09-29 16:38:25.402  INFO   combat      farm branch=sticky id=248 dist=1
2026-09-29 16:38:25.734  INFO   session     Entity shadow: vision=2 {'player': 1, 'monster': 1} memory=2 {'monster': 1, 'item': 1} paired=1 median=0.013
2026-09-29 16:38:25.808  INFO   combat      farm branch=sticky id=248 dist=1
2026-09-29 16:38:26.219  INFO   combat      farm branch=sticky id=248 dist=1
2026-09-29 16:38:26.623  INFO   combat      farm branch=sticky id=248 dist=1
2026-09-29 16:38:27.056  INFO   combat      farm branch=sticky id=248 dist=1
2026-09-29 16:38:27.493  INFO   combat      farm branch=sticky id=248 dist=1
2026-09-29 16:38:27.868  INFO   combat      farm branch=sticky id=248 dist=1
2026-09-29 16:38:28.399  INFO   search      farm branch=none (wander/search next)
2026-09-29 16:38:28.479  INFO   travel      hop begin wp=(294, 399) purpose=enter_farm reason=enter farm area
2026-09-29 16:38:28.487  INFO   decision    mode=traveling goal=traveling action=traveling target=- sticky=- origin=(298,396) shop=0 scrolled=0 reason='enter farm area' status=success
2026-09-29 16:38:28.873  INFO   search      farm branch=none (wander/search next)
2026-09-29 16:38:29.105  INFO   search      farm branch=none (wander/search next)
2026-09-29 16:38:29.304  INFO   search      farm branch=none (wander/search next)
2026-09-29 16:38:29.625  INFO   search      farm branch=none (wander/search next)
2026-09-29 16:38:30.256  INFO   search      farm branch=none (wander/search next)
2026-09-29 16:38:30.708  INFO   travel      hop begin wp=(294, 399) purpose=enter_farm reason=enter farm area
2026-09-29 16:38:31.129  INFO   session     Entity shadow: vision=4 {'player': 4} memory=3 {'player': 2, 'monster': 1} paired=1 median=0.024
2026-09-29 16:38:31.232  INFO   combat      farm branch=screen_combat id=256 dist=10
2026-09-29 16:38:31.254  INFO   combat      engage id=256 species=monster_오크_2 rel=(-8,10)
2026-09-29 16:38:31.263  INFO   decision    mode=traveling goal=combat action=attack target=256 sticky=256 origin=(299,396) shop=0 scrolled=0 reason='screen engage' status=success
2026-09-29 16:38:31.644  INFO   session     일시정지 — 단축키
2026-09-29 16:39:31.072  INFO   session     일시정지 / 재개 → 실행 중
2026-09-29 16:39:31.359  INFO   session     Entity shadow: vision=2 {'monster': 1, 'player': 1} memory=4 {'player': 2, 'item': 1, 'monster': 1} paired=0 median=0.000
2026-09-29 16:39:31.549  INFO   loot        begin_loot_item id=258
2026-09-29 16:39:31.973  INFO   loot        approach hop item=258 wp=(311, 403) reason=walk onto item
2026-09-29 16:39:31.987  INFO   loot        farm branch=loot item_id=258
2026-09-29 16:39:31.997  INFO   decision    mode=traveling goal=loot action=searching target=258 sticky=- origin=(298,402) shop=0 scrolled=0 reason='walk onto item' status=success
2026-09-29 16:39:32.393  INFO   loot        farm branch=loot item_id=258
2026-09-29 16:39:32.403  INFO   session     일시정지 — 단축키
2026-09-29 16:41:06.060  INFO   session     정지 → 중지됨 (정지 — 게임 창이 닫혔습니다.)
2026-09-29 16:41:06.306  INFO   session     봇 작업이 종료되었습니다
