2026-09-30 01:33:17.517  INFO   session     Loading Manmabot from D:\KRR\1.LCBot\ManmabotV1_final\engine
2026-09-30 01:33:17.549  INFO   session     Session log D:\KRR\1.LCBot\ManmabotV1_final\engine\logs\bot-20260930-013317.log
2026-09-30 01:33:17.562  INFO   session     character=elf loot=adena_only game_lang=ko map=talking_island farms=['area_1', 'area_3'] file=D:\KRR\1.LCBot\ManmabotV1_final\engine\logs\bot-20260930-013317.log
2026-09-30 01:33:17.956  INFO   nav         building portal graph (cluster=32, 512x576)
2026-09-30 01:33:18.658  INFO   nav         portal graph: 189 components, 649 ms
2026-09-30 01:33:18.847  INFO   nav         farms=2 safe=11 home=(385, 246) (files farm=D:\KRR\1.LCBot\ManmabotV1_final\engine\maps\talking_island\farms.yaml safe=D:\KRR\1.LCBot\ManmabotV1_final\engine\maps\talking_island\safe.yaml home=D:\KRR\1.LCBot\ManmabotV1_final\engine\maps\talking_island\home.yaml)
2026-09-30 01:33:19.238  INFO   capture     mss window capture process='LC.exe' title=None content_aspect=4:3
2026-09-30 01:33:20.093  INFO   session     Entity clicks use memory names, species, and world cells. Image recognition still runs. Set memory.entity_source to vision to restore image-only clicks.
2026-09-30 01:33:20.151  INFO   session     Player memory is read in this process (realtime_monitor.dll, offsets.json). No separate console.
2026-09-30 01:33:20.193  INFO   session     인벤토리 수신 시작 · inv.json 시드 · hp=42 화살=9151 은화살=0 해독=0 (백그라운드 실시간 스캔)
2026-09-30 01:33:20.258  INFO   session     메모리에서 핫바 24칸을 읽는 중…
2026-09-30 01:33:20.791  INFO   session     핫바 스캔 완료 · 파워 업@box1/f5, 아머 업@box1/f6, 라이트@box1/f7, 힐@box1/f8, HP 물약@box2/f9, 텔레포트@box1/f10, 마법 공격@box1/f12, 말하는 두루마리@box2/f5, 마더 트리@box2/f6, HP를 MP로@box2/f7
2026-09-30 01:33:20.949  INFO   session     매핑되지 않은 핫바 아이콘: box1/f8:SPELL, box1/f11:아데나, box1/f12:화살, box2/f10:상쾌한 빨간 물약, box2/f12:속도향상 물약, box3/f10:SPELL
2026-09-30 01:33:21.231  INFO   session     루프 준비 · 요정 · 한국어 · 맵=말하는 섬 · 룻=아데나만 · 구역=구역 1, 구역 3
2026-09-30 01:33:21.678  INFO   session     Entity shadow: vision=1 {'player': 1} memory=0 {} paired=0 median=0.000
2026-09-30 01:33:21.714  INFO   session     인벤토리 수신 준비 (dll) · hp=31 화살=8620 은화살=0 해독=0
2026-09-30 01:33:21.766  INFO   search      farm branch=none (wander/search next)
2026-09-30 01:33:21.767  INFO   travel      return/enter farm needed at (226,393)
2026-09-30 01:33:21.781  INFO   search      farm branch=none (wander/search next)
2026-09-30 01:33:21.809  INFO   travel      hop begin wp=(233, 400) purpose=enter_farm reason=enter farm area
2026-09-30 01:33:21.809  INFO   decision    mode=traveling goal=traveling action=traveling target=- sticky=- origin=(226,393) shop=0 scrolled=0 reason='enter farm area' status=success
2026-09-30 01:33:22.336  INFO   search      farm branch=none (wander/search next)
2026-09-30 01:33:22.636  INFO   search      farm branch=none (wander/search next)
2026-09-30 01:33:22.893  INFO   search      farm branch=none (wander/search next)
2026-09-30 01:33:23.064  INFO   search      farm branch=none (wander/search next)
2026-09-30 01:33:23.234  INFO   search      farm branch=none (wander/search next)
2026-09-30 01:33:23.493  INFO   search      farm branch=none (wander/search next)
2026-09-30 01:33:23.651  INFO   search      farm branch=none (wander/search next)
2026-09-30 01:33:23.979  INFO   combat      farm branch=screen_combat id=1 dist=10
2026-09-30 01:33:23.994  INFO   combat      engage id=1 species=monster_도베르만_6 rel=(-8,10)
2026-09-30 01:33:24.004  INFO   decision    mode=traveling goal=combat action=attack target=1 sticky=1 origin=(228,395) shop=0 scrolled=0 reason='screen engage' status=success
2026-09-30 01:33:24.610  INFO   combat      farm branch=sticky id=1 dist=9
2026-09-30 01:33:24.862  INFO   combat      farm branch=sticky id=1 dist=9
2026-09-30 01:33:25.305  INFO   combat      farm branch=sticky id=1 dist=9
2026-09-30 01:33:25.704  INFO   combat      farm branch=sticky id=1 dist=7
2026-09-30 01:33:26.120  INFO   combat      farm branch=sticky id=1 dist=7
2026-09-30 01:33:26.559  INFO   search      farm branch=none (wander/search next)
2026-09-30 01:33:26.683  INFO   travel      hop begin wp=(235, 406) purpose=enter_farm reason=enter farm area
2026-09-30 01:33:26.684  INFO   decision    mode=traveling goal=traveling action=traveling target=- sticky=- origin=(229,398) shop=0 scrolled=0 reason='enter farm area' status=success
2026-09-30 01:33:27.090  INFO   session     Entity shadow: vision=1 {'player': 1} memory=0 {} paired=0 median=0.000
2026-09-30 01:33:27.209  INFO   search      farm branch=none (wander/search next)
2026-09-30 01:33:27.870  INFO   search      farm branch=none (wander/search next)
2026-09-30 01:33:28.233  INFO   search      farm branch=none (wander/search next)
2026-09-30 01:33:28.247  INFO   session     일시정지 — 단축키
2026-09-30 01:33:29.831  INFO   session     일시정지 / 재개 → 실행 중
2026-09-30 01:33:30.092  INFO   search      farm branch=none (wander/search next)
2026-09-30 01:33:30.267  INFO   travel      hop begin wp=(240, 409) purpose=enter_farm reason=enter farm area
2026-09-30 01:33:30.617  INFO   search      farm branch=none (wander/search next)
2026-09-30 01:33:30.852  INFO   search      farm branch=none (wander/search next)
2026-09-30 01:33:31.014  INFO   search      farm branch=none (wander/search next)
2026-09-30 01:33:31.286  INFO   combat      farm branch=screen_combat id=2 dist=13
2026-09-30 01:33:31.294  INFO   combat      engage id=2 species=monster_도베르만_6 rel=(-13,6)
2026-09-30 01:33:31.304  INFO   decision    mode=traveling goal=combat action=attack target=2 sticky=2 origin=(234,403) shop=0 scrolled=0 reason='screen engage' status=success
2026-09-30 01:33:31.703  INFO   combat      farm branch=sticky id=2 dist=13
2026-09-30 01:33:31.962  INFO   combat      farm branch=sticky id=2 dist=13
2026-09-30 01:33:32.319  INFO   session     Entity shadow: vision=1 {'monster': 1} memory=1 {'monster': 1} paired=0 median=0.000
2026-09-30 01:33:32.382  INFO   combat      farm branch=sticky id=2 dist=12
2026-09-30 01:33:32.655  INFO   combat      farm branch=sticky id=2 dist=13
2026-09-30 01:33:33.003  INFO   combat      farm branch=sticky id=2 dist=12
2026-09-30 01:33:33.616  INFO   combat      farm branch=sticky id=2 dist=9
2026-09-30 01:33:34.346  INFO   combat      farm branch=sticky id=2 dist=8
2026-09-30 01:33:34.848  INFO   combat      farm branch=sticky id=2 dist=6
2026-09-30 01:33:35.229  INFO   combat      farm branch=sticky id=2 dist=5
2026-09-30 01:33:35.589  INFO   combat      farm branch=sticky id=2 dist=3
2026-09-30 01:33:36.067  INFO   combat      farm branch=sticky id=2 dist=2
2026-09-30 01:33:36.467  INFO   combat      farm branch=sticky id=2 dist=1
2026-09-30 01:33:36.919  INFO   combat      farm branch=sticky id=2 dist=1
2026-09-30 01:33:37.440  INFO   session     Entity shadow: vision=1 {'player': 1} memory=1 {'monster': 1} paired=0 median=0.000
2026-09-30 01:33:37.502  INFO   combat      farm branch=sticky id=2 dist=1
2026-09-30 01:33:37.800  INFO   combat      farm branch=sticky id=2 dist=1
2026-09-30 01:33:38.194  INFO   loot        begin_loot_item id=3
2026-09-30 01:33:38.304  INFO   loot        pickup emit item=3 reason=engage item
2026-09-30 01:33:38.312  INFO   loot        farm branch=loot item_id=3
2026-09-30 01:33:38.321  INFO   decision    mode=traveling goal=loot action=pickup target=3 sticky=- origin=(229,402) shop=0 scrolled=0 reason='engage item' status=success
2026-09-30 01:33:38.703  INFO   loot        pickup retry id=3 (await still listed)
2026-09-30 01:33:38.745  INFO   loot        pickup emit item=3 reason=pickup retry
2026-09-30 01:33:38.755  INFO   loot        farm branch=loot item_id=None
2026-09-30 01:33:39.199  INFO   loot        pickup retry id=3 (await still listed)
2026-09-30 01:33:39.200  INFO   loot        pickup emit item=3 reason=pickup retry
2026-09-30 01:33:39.211  INFO   loot        farm branch=loot item_id=None
2026-09-30 01:33:39.625  INFO   loot        pickup retry id=3 (await still listed)
2026-09-30 01:33:39.626  INFO   loot        pickup emit item=3 reason=pickup retry
2026-09-30 01:33:39.636  INFO   loot        farm branch=loot item_id=None
2026-09-30 01:33:40.041  INFO   loot        pickup retry id=3 (await still listed)
2026-09-30 01:33:40.062  INFO   loot        pickup emit item=3 reason=pickup retry
2026-09-30 01:33:40.072  INFO   loot        farm branch=loot item_id=None
2026-09-30 01:33:40.850  INFO   combat      farm branch=screen_combat id=4 dist=11
2026-09-30 01:33:41.123  INFO   combat      engage id=4 species=monster_오크 전사_8 rel=(-4,11)
2026-09-30 01:33:41.274  INFO   decision    mode=traveling goal=combat action=attack target=4 sticky=4 origin=(228,403) shop=0 scrolled=0 reason='screen engage' status=success
2026-09-30 01:33:41.803  INFO   combat      farm branch=sticky id=4 dist=10
2026-09-30 01:33:42.071  INFO   combat      farm branch=sticky id=4 dist=10
2026-09-30 01:33:42.358  INFO   session     Entity shadow: vision=0 {} memory=3 {'monster': 3} paired=0 median=0.000
2026-09-30 01:33:42.566  INFO   combat      farm branch=sticky id=4 dist=10
2026-09-30 01:33:42.892  INFO   combat      farm branch=sticky id=4 dist=9
2026-09-30 01:33:43.246  INFO   combat      farm branch=sticky id=4 dist=9
2026-09-30 01:33:43.629  INFO   combat      farm branch=sticky id=4 dist=9
2026-09-30 01:33:43.946  INFO   combat      farm branch=sticky id=4 dist=8
2026-09-30 01:33:44.243  INFO   combat      farm branch=sticky id=4 dist=8
2026-09-30 01:33:44.533  INFO   combat      farm branch=sticky id=4 dist=8
2026-09-30 01:33:44.990  INFO   combat      farm branch=sticky id=8 dist=14
2026-09-30 01:33:45.105  INFO   decision    mode=traveling goal=combat action=attack target=8 sticky=8 origin=(228,404) shop=0 scrolled=0 reason='attack target' status=success
2026-09-30 01:33:45.360  INFO   combat      farm branch=sticky id=8 dist=14
2026-09-30 01:33:45.821  INFO   combat      farm branch=sticky id=8 dist=13
2026-09-30 01:33:46.250  INFO   combat      farm branch=sticky id=8 dist=12
2026-09-30 01:33:46.662  INFO   combat      farm branch=sticky id=8 dist=10
2026-09-30 01:33:47.232  INFO   combat      farm branch=sticky id=8 dist=9
2026-09-30 01:33:48.052  INFO   session     Entity shadow: vision=2 {'player': 1, 'item': 1} memory=4 {'monster': 3, 'item': 1} paired=1 median=0.008
2026-09-30 01:33:48.125  INFO   combat      farm branch=sticky id=8 dist=7
2026-09-30 01:33:48.433  INFO   combat      farm branch=sticky id=8 dist=6
2026-09-30 01:33:48.759  INFO   combat      farm branch=sticky id=8 dist=6
2026-09-30 01:33:49.235  INFO   combat      farm branch=sticky id=8 dist=5
2026-09-30 01:33:49.629  INFO   combat      farm branch=sticky id=8 dist=4
2026-09-30 01:33:50.023  INFO   combat      farm branch=sticky id=8 dist=4
2026-09-30 01:33:50.511  INFO   loot        begin_loot_item id=7
2026-09-30 01:33:50.603  INFO   loot        approach hop item=7 wp=(226, 411) reason=walk onto item
2026-09-30 01:33:50.610  INFO   loot        farm branch=loot item_id=7
2026-09-30 01:33:50.622  INFO   decision    mode=traveling goal=loot action=searching target=7 sticky=- origin=(226,407) shop=0 scrolled=0 reason='walk onto item' status=success
2026-09-30 01:33:50.987  INFO   loot        farm branch=loot item_id=7
2026-09-30 01:33:51.199  INFO   loot        farm branch=loot item_id=7
2026-09-30 01:33:51.353  INFO   loot        farm branch=loot item_id=7
2026-09-30 01:33:51.662  INFO   loot        farm branch=loot item_id=7
2026-09-30 01:33:51.831  INFO   loot        farm branch=loot item_id=7
2026-09-30 01:33:52.033  INFO   loot        farm branch=loot item_id=7
2026-09-30 01:33:52.206  INFO   loot        farm branch=loot item_id=7
2026-09-30 01:33:52.445  INFO   loot        farm branch=loot item_id=7
2026-09-30 01:33:52.635  INFO   loot        approach hop item=7 wp=(226, 411) reason=walk onto item
2026-09-30 01:33:52.683  INFO   loot        farm branch=loot item_id=7
2026-09-30 01:33:53.107  INFO   session     Entity shadow: vision=2 {'item': 1, 'player': 1} memory=2 {'item': 2} paired=1 median=0.034
2026-09-30 01:33:53.171  INFO   loot        farm branch=loot item_id=7
2026-09-30 01:33:53.172  INFO   decision    mode=traveling goal=loot action=pickup target=7 sticky=- origin=(227,410) shop=0 scrolled=0 reason='loot target' status=success
2026-09-30 01:33:53.653  INFO   loot        pickup retry id=7 (await still listed)
2026-09-30 01:33:54.042  INFO   loot        pickup emit item=7 reason=pickup retry
2026-09-30 01:33:54.051  INFO   loot        farm branch=loot item_id=None
2026-09-30 01:33:54.489  INFO   search      farm branch=none (wander/search next)
2026-09-30 01:33:54.516  INFO   travel      hop begin wp=(242, 409) purpose=enter_farm reason=enter farm area
2026-09-30 01:33:54.526  INFO   decision    mode=traveling goal=traveling action=traveling target=- sticky=- origin=(227,410) shop=0 scrolled=0 reason='enter farm area' status=success
2026-09-30 01:33:54.865  INFO   search      farm branch=none (wander/search next)
2026-09-30 01:33:55.128  INFO   search      farm branch=none (wander/search next)
2026-09-30 01:33:55.308  INFO   search      farm branch=none (wander/search next)
2026-09-30 01:33:55.557  INFO   search      farm branch=none (wander/search next)
2026-09-30 01:33:55.740  INFO   search      farm branch=none (wander/search next)
2026-09-30 01:33:55.969  INFO   search      farm branch=none (wander/search next)
2026-09-30 01:33:56.175  INFO   search      farm branch=none (wander/search next)
2026-09-30 01:33:56.388  INFO   search      farm branch=none (wander/search next)
2026-09-30 01:33:56.602  INFO   search      farm branch=none (wander/search next)
2026-09-30 01:33:56.672  INFO   travel      hop begin wp=(241, 409) purpose=enter_farm reason=enter farm area
2026-09-30 01:33:56.992  INFO   search      farm branch=none (wander/search next)
2026-09-30 01:33:57.294  INFO   search      farm branch=none (wander/search next)
2026-09-30 01:33:57.478  INFO   search      farm branch=none (wander/search next)
2026-09-30 01:33:57.701  INFO   search      farm branch=none (wander/search next)
2026-09-30 01:33:57.905  INFO   combat      farm branch=screen_combat id=11 dist=14
2026-09-30 01:33:57.949  INFO   combat      engage id=11 species=monster_늑대인간_9 rel=(2,14)
2026-09-30 01:33:57.959  INFO   decision    mode=traveling goal=combat action=attack target=11 sticky=11 origin=(230,409) shop=0 scrolled=0 reason='screen engage' status=success
2026-09-30 01:33:58.373  INFO   session     Entity shadow: vision=2 {'player': 1, 'npc': 1} memory=2 {'monster': 2} paired=0 median=0.000 unleveled=68:警衛
2026-09-30 01:33:58.466  INFO   combat      farm branch=sticky id=11 dist=14
2026-09-30 01:33:58.779  INFO   combat      farm branch=sticky id=11 dist=14
2026-09-30 01:33:59.059  INFO   combat      farm branch=sticky id=11 dist=14
2026-09-30 01:33:59.543  INFO   combat      farm branch=sticky id=11 dist=14
2026-09-30 01:33:59.673  INFO   session     일시정지 — 단축키
2026-09-30 01:34:05.859  INFO   session     일시정지 / 재개 → 실행 중
2026-09-30 01:34:06.284  INFO   combat      farm branch=sticky id=11 dist=5
2026-09-30 01:34:07.019  INFO   combat      farm branch=sticky id=11 dist=3
2026-09-30 01:34:07.453  INFO   combat      farm branch=sticky id=11 dist=3
2026-09-30 01:34:07.840  INFO   combat      farm branch=sticky id=11 dist=2
2026-09-30 01:34:08.325  INFO   combat      farm branch=sticky id=11 dist=1
2026-09-30 01:34:08.687  INFO   session     Entity shadow: vision=1 {'player': 1} memory=4 {'monster': 4} paired=0 median=0.000
2026-09-30 01:34:08.757  INFO   combat      farm branch=sticky id=11 dist=1
2026-09-30 01:34:09.119  INFO   combat      farm branch=sticky id=11 dist=1
2026-09-30 01:34:09.402  INFO   combat      farm branch=sticky id=11 dist=1
2026-09-30 01:34:09.639  INFO   combat      farm branch=sticky id=11 dist=1
2026-09-30 01:34:09.960  INFO   combat      farm branch=sticky id=11 dist=1
2026-09-30 01:34:10.411  INFO   combat      farm branch=sticky id=11 dist=1
2026-09-30 01:34:10.815  INFO   combat      farm branch=sticky id=11 dist=1
2026-09-30 01:34:11.305  INFO   loot        begin_loot_item id=15
2026-09-30 01:34:11.410  INFO   loot        pickup emit item=15 reason=engage item
2026-09-30 01:34:11.418  INFO   loot        farm branch=loot item_id=15
2026-09-30 01:34:11.427  INFO   decision    mode=traveling goal=loot action=pickup target=15 sticky=- origin=(232,412) shop=0 scrolled=0 reason='engage item' status=success
2026-09-30 01:34:11.645  INFO   action      cursor reject id=15 item=true reason=cursor=arrow/attack score=1.000 not allowed
2026-09-30 01:34:11.822  INFO   loot        farm branch=loot item_id=15
2026-09-30 01:34:12.355  INFO   loot        pickup retry id=15 (await still listed)
2026-09-30 01:34:12.356  INFO   loot        pickup emit item=15 reason=pickup retry
2026-09-30 01:34:12.365  INFO   loot        farm branch=loot item_id=None
2026-09-30 01:34:12.779  INFO   loot        pickup retry id=15 (await still listed)
2026-09-30 01:34:12.780  INFO   loot        pickup emit item=15 reason=pickup retry
2026-09-30 01:34:12.790  INFO   loot        farm branch=loot item_id=None
2026-09-30 01:34:13.248  INFO   loot        pickup retry id=15 (await still listed)
2026-09-30 01:34:13.651  INFO   loot        pickup emit item=15 reason=pickup retry
2026-09-30 01:34:13.676  INFO   loot        farm branch=loot item_id=None
2026-09-30 01:34:14.102  INFO   session     Entity shadow: vision=2 {'player': 1, 'item': 1} memory=4 {'monster': 3, 'item': 1} paired=1 median=0.003
2026-09-30 01:34:14.177  INFO   loot        pickup retry id=15 (await still listed)
2026-09-30 01:34:14.178  INFO   loot        pickup emit item=15 reason=pickup retry
2026-09-30 01:34:14.188  INFO   loot        farm branch=loot item_id=None
2026-09-30 01:34:14.638  INFO   loot        pickup retry id=15 (await still listed)
2026-09-30 01:34:14.639  INFO   loot        pickup emit item=15 reason=pickup retry
2026-09-30 01:34:14.649  INFO   loot        farm branch=loot item_id=None
2026-09-30 01:34:15.068  INFO   loot        pickup retry id=15 (await still listed)
2026-09-30 01:34:15.069  INFO   loot        pickup emit item=15 reason=pickup retry
2026-09-30 01:34:15.080  INFO   loot        farm branch=loot item_id=None
2026-09-30 01:34:15.486  INFO   loot        pickup retry id=15 (await still listed)
2026-09-30 01:34:15.487  INFO   loot        pickup emit item=15 reason=pickup retry
2026-09-30 01:34:15.496  INFO   loot        farm branch=loot item_id=None
2026-09-30 01:34:15.884  INFO   loot        pickup retry id=15 (await still listed)
2026-09-30 01:34:15.885  INFO   loot        pickup emit item=15 reason=pickup retry
2026-09-30 01:34:15.895  INFO   loot        farm branch=loot item_id=None
2026-09-30 01:34:16.343  INFO   loot        pickup retry id=15 (await still listed)
2026-09-30 01:34:16.344  INFO   loot        pickup emit item=15 reason=pickup retry
2026-09-30 01:34:16.354  INFO   loot        farm branch=loot item_id=None
2026-09-30 01:34:16.783  INFO   loot        pickup retry id=15 (await still listed)
2026-09-30 01:34:16.784  INFO   loot        pickup emit item=15 reason=pickup retry
2026-09-30 01:34:16.794  INFO   loot        farm branch=loot item_id=None
2026-09-30 01:34:17.207  INFO   loot        pickup retry id=15 (await still listed)
2026-09-30 01:34:17.208  INFO   loot        pickup emit item=15 reason=pickup retry
2026-09-30 01:34:17.218  INFO   loot        farm branch=loot item_id=None
2026-09-30 01:34:17.633  INFO   loot        pickup retry id=15 (await still listed)
2026-09-30 01:34:17.634  INFO   loot        pickup emit item=15 reason=pickup retry
2026-09-30 01:34:17.644  INFO   loot        farm branch=loot item_id=None
2026-09-30 01:34:18.059  INFO   loot        pickup retry id=15 (await still listed)
2026-09-30 01:34:18.060  INFO   loot        pickup emit item=15 reason=pickup retry
2026-09-30 01:34:18.070  INFO   loot        farm branch=loot item_id=None
2026-09-30 01:34:18.435  INFO   loot        pickup retry id=15 (await still listed)
2026-09-30 01:34:18.436  INFO   loot        pickup emit item=15 reason=pickup retry
2026-09-30 01:34:18.448  INFO   loot        farm branch=loot item_id=None
2026-09-30 01:34:18.916  INFO   loot        pickup retry id=15 (await still listed)
2026-09-30 01:34:19.344  INFO   loot        pickup emit item=15 reason=pickup retry
2026-09-30 01:34:19.385  INFO   loot        farm branch=loot item_id=None
2026-09-30 01:34:19.826  INFO   session     Entity shadow: vision=2 {'item': 1, 'player': 1} memory=4 {'monster': 3, 'item': 1} paired=1 median=0.003
2026-09-30 01:34:19.898  INFO   loot        pickup retry id=15 (await still listed)
2026-09-30 01:34:19.899  INFO   loot        pickup emit item=15 reason=pickup retry
2026-09-30 01:34:19.911  INFO   loot        farm branch=loot item_id=None
2026-09-30 01:34:20.284  INFO   loot        pickup retry id=15 (await still listed)
2026-09-30 01:34:20.285  INFO   loot        pickup emit item=15 reason=pickup retry
2026-09-30 01:34:20.297  INFO   loot        farm branch=loot item_id=None
2026-09-30 01:34:20.682  INFO   loot        pickup retry id=15 (await still listed)
2026-09-30 01:34:20.683  INFO   loot        pickup emit item=15 reason=pickup retry
2026-09-30 01:34:20.693  INFO   loot        farm branch=loot item_id=None
2026-09-30 01:34:21.133  INFO   loot        pickup retry id=15 (await still listed)
2026-09-30 01:34:21.134  INFO   loot        pickup emit item=15 reason=pickup retry
2026-09-30 01:34:21.145  INFO   loot        farm branch=loot item_id=None
2026-09-30 01:34:21.590  INFO   loot        pickup retry id=15 (await still listed)
2026-09-30 01:34:21.591  INFO   loot        pickup emit item=15 reason=pickup retry
2026-09-30 01:34:21.602  INFO   loot        farm branch=loot item_id=None
2026-09-30 01:34:22.013  INFO   loot        pickup retry id=15 (await still listed)
2026-09-30 01:34:22.013  INFO   loot        pickup emit item=15 reason=pickup retry
2026-09-30 01:34:22.024  INFO   loot        farm branch=loot item_id=None
2026-09-30 01:34:22.451  INFO   loot        pickup retry id=15 (await still listed)
2026-09-30 01:34:22.452  INFO   loot        pickup emit item=15 reason=pickup retry
2026-09-30 01:34:22.462  INFO   loot        farm branch=loot item_id=None
2026-09-30 01:34:22.877  INFO   loot        pickup retry id=15 (await still listed)
2026-09-30 01:34:22.878  INFO   loot        pickup emit item=15 reason=pickup retry
2026-09-30 01:34:22.888  INFO   loot        farm branch=loot item_id=None
2026-09-30 01:34:23.255  INFO   loot        pickup retry id=15 (await still listed)
2026-09-30 01:34:23.255  INFO   loot        pickup emit item=15 reason=pickup retry
2026-09-30 01:34:23.267  INFO   loot        farm branch=loot item_id=None
2026-09-30 01:34:23.678  INFO   loot        pickup retry id=15 (await still listed)
2026-09-30 01:34:23.679  INFO   loot        pickup emit item=15 reason=pickup retry
2026-09-30 01:34:23.689  INFO   loot        farm branch=loot item_id=None
2026-09-30 01:34:24.116  INFO   loot        pickup retry id=15 (await still listed)
2026-09-30 01:34:24.117  INFO   loot        pickup emit item=15 reason=pickup retry
2026-09-30 01:34:24.127  INFO   loot        farm branch=loot item_id=None
2026-09-30 01:34:24.510  INFO   nav         unstick TP skipped: mana reserve
2026-09-30 01:34:24.511  INFO   nav         talking scroll emit spot=ti_spellbook purpose= reason=unstick confined
2026-09-30 01:34:24.520  INFO   nav         confined escape fired (bubble timeout)
2026-09-30 01:34:24.534  INFO   decision    mode=traveling goal=talking_scroll action=use_talking_scroll target=- sticky=- origin=(232,412) shop=0 scrolled=0 reason='unstick confined' status=success
2026-09-30 01:34:26.955  INFO   session     Entity shadow: vision=5 {'player': 2, 'npc': 2, 'monster': 1} memory=0 {} paired=0 median=0.000
2026-09-30 01:34:27.127  INFO   search      farm branch=none (wander/search next)
2026-09-30 01:34:27.565  INFO   travel      hop begin wp=(245, 407) purpose=enter_farm reason=enter farm area
2026-09-30 01:34:27.589  INFO   decision    mode=traveling goal=traveling action=traveling target=- sticky=- origin=(232,412) shop=0 scrolled=0 reason='enter farm area' status=success
2026-09-30 01:34:28.123  INFO   search      farm branch=none (wander/search next)
2026-09-30 01:34:28.409  INFO   search      farm branch=none (wander/search next)
2026-09-30 01:34:28.678  INFO   search      farm branch=none (wander/search next)
2026-09-30 01:34:28.914  INFO   search      farm branch=none (wander/search next)
2026-09-30 01:34:29.177  INFO   search      farm branch=none (wander/search next)
2026-09-30 01:34:29.540  INFO   search      farm branch=none (wander/search next)
2026-09-30 01:34:29.796  INFO   search      farm branch=none (wander/search next)
2026-09-30 01:34:29.797  INFO   travel      hop begin wp=(301, 381) purpose=enter_farm reason=enter farm, walk around
2026-09-30 01:34:30.230  INFO   search      farm branch=none (wander/search next)
2026-09-30 01:34:30.440  INFO   search      farm branch=none (wander/search next)
2026-09-30 01:34:30.683  INFO   search      farm branch=none (wander/search next)
2026-09-30 01:34:30.872  INFO   search      farm branch=none (wander/search next)
2026-09-30 01:34:31.091  INFO   search      farm branch=none (wander/search next)
2026-09-30 01:34:31.348  INFO   combat      farm branch=screen_combat id=18 dist=2
2026-09-30 01:34:31.526  INFO   combat      engage id=18 species=monster_도베르만_6 rel=(-2,2)
2026-09-30 01:34:31.542  INFO   decision    mode=traveling goal=combat action=attack target=18 sticky=18 origin=(305,381) shop=0 scrolled=0 reason='screen engage' status=success
2026-09-30 01:34:32.036  INFO   session     Entity shadow: vision=5 {'player': 2, 'monster': 1, 'npc': 2} memory=8 {'monster': 4, 'player': 1, 'npc': 3} paired=2 median=0.032 unleveled=68:警衛,10:警衛
2026-09-30 01:34:32.103  INFO   combat      farm branch=sticky id=18 dist=3
2026-09-30 01:34:32.494  INFO   combat      farm branch=sticky id=18 dist=3
2026-09-30 01:34:32.810  INFO   combat      farm branch=sticky id=18 dist=4
2026-09-30 01:34:33.229  INFO   combat      farm branch=sticky id=18 dist=4
2026-09-30 01:34:33.714  INFO   loot        begin_loot_item id=27
2026-09-30 01:34:34.119  INFO   loot        approach hop item=27 wp=(302, 386) reason=walk onto item
2026-09-30 01:34:34.124  INFO   loot        farm branch=loot item_id=27
2026-09-30 01:34:34.152  INFO   decision    mode=traveling goal=loot action=searching target=27 sticky=- origin=(303,381) shop=0 scrolled=0 reason='walk onto item' status=success
2026-09-30 01:34:34.515  INFO   loot        farm branch=loot item_id=27
2026-09-30 01:34:34.769  INFO   loot        farm branch=loot item_id=27
2026-09-30 01:34:34.985  INFO   loot        farm branch=loot item_id=27
2026-09-30 01:34:35.146  INFO   loot        farm branch=loot item_id=27
2026-09-30 01:34:35.341  INFO   loot        farm branch=loot item_id=27
2026-09-30 01:34:35.535  INFO   loot        farm branch=loot item_id=27
2026-09-30 01:34:35.770  INFO   loot        farm branch=loot item_id=27
2026-09-30 01:34:36.038  INFO   loot        farm branch=loot item_id=27
2026-09-30 01:34:36.235  INFO   loot        farm branch=loot item_id=27
2026-09-30 01:34:36.242  INFO   decision    mode=traveling goal=loot action=pickup target=27 sticky=- origin=(302,384) shop=0 scrolled=0 reason='loot target' status=success
2026-09-30 01:34:36.672  INFO   loot        pickup retry id=27 (await still listed)
2026-09-30 01:34:36.691  INFO   loot        pickup emit item=27 reason=pickup retry
2026-09-30 01:34:36.701  INFO   loot        farm branch=loot item_id=None
2026-09-30 01:34:37.156  INFO   session     Entity shadow: vision=4 {'player': 1, 'npc': 2, 'item': 1} memory=5 {'monster': 2, 'npc': 3} paired=0 median=0.000 unleveled=68:警衛,10:警衛
2026-09-30 01:34:37.260  INFO   search      farm branch=none (wander/search next)
2026-09-30 01:34:37.358  INFO   travel      hop begin wp=(306, 394) purpose=enter_farm reason=enter farm area
2026-09-30 01:34:37.359  INFO   decision    mode=traveling goal=traveling action=traveling target=- sticky=- origin=(302,385) shop=0 scrolled=0 reason='enter farm area' status=success
2026-09-30 01:34:37.693  INFO   search      farm branch=none (wander/search next)
2026-09-30 01:34:37.900  INFO   search      farm branch=none (wander/search next)
2026-09-30 01:34:38.121  INFO   search      farm branch=none (wander/search next)
2026-09-30 01:34:38.378  INFO   search      farm branch=none (wander/search next)
2026-09-30 01:34:38.556  INFO   search      farm branch=none (wander/search next)
2026-09-30 01:34:38.734  INFO   search      farm branch=none (wander/search next)
2026-09-30 01:34:38.969  INFO   search      farm branch=none (wander/search next)
2026-09-30 01:34:39.147  INFO   search      farm branch=none (wander/search next)
2026-09-30 01:34:39.424  INFO   search      farm branch=none (wander/search next)
2026-09-30 01:34:39.522  INFO   travel      hop begin wp=(306, 394) purpose=enter_farm reason=enter farm area
2026-09-30 01:34:40.011  INFO   search      farm branch=none (wander/search next)
2026-09-30 01:34:40.531  INFO   search      farm branch=none (wander/search next)
2026-09-30 01:34:41.032  INFO   search      farm branch=none (wander/search next)
2026-09-30 01:34:41.216  INFO   search      farm branch=none (wander/search next)
2026-09-30 01:34:41.553  INFO   search      farm branch=none (wander/search next)
2026-09-30 01:34:41.653  INFO   travel      hop begin wp=(308, 396) purpose=enter_farm reason=enter farm area
2026-09-30 01:34:42.203  INFO   search      farm branch=none (wander/search next)
2026-09-30 01:34:42.395  INFO   session     Entity shadow: vision=4 {'player': 2, 'npc': 2} memory=6 {'player': 1, 'monster': 2, 'npc': 3} paired=1 median=0.005 unleveled=68:警衛,10:警衛
2026-09-30 01:34:42.468  INFO   search      farm branch=none (wander/search next)
2026-09-30 01:34:42.665  INFO   search      farm branch=none (wander/search next)
2026-09-30 01:34:42.842  INFO   search      farm branch=none (wander/search next)
2026-09-30 01:34:43.041  INFO   search      farm branch=none (wander/search next)
2026-09-30 01:34:43.314  INFO   search      farm branch=none (wander/search next)
2026-09-30 01:34:43.505  INFO   search      farm branch=none (wander/search next)
2026-09-30 01:34:43.757  INFO   search      farm branch=none (wander/search next)
2026-09-30 01:34:43.758  INFO   travel      hop begin wp=(302, 389) purpose=enter_farm reason=enter farm, walk around
2026-09-30 01:34:44.046  INFO   search      farm branch=none (wander/search next)
2026-09-30 01:34:44.231  INFO   search      farm branch=none (wander/search next)
2026-09-30 01:34:44.587  INFO   search      farm branch=none (wander/search next)
2026-09-30 01:34:44.763  INFO   search      farm branch=none (wander/search next)
2026-09-30 01:34:44.944  INFO   search      farm branch=none (wander/search next)
2026-09-30 01:34:45.149  INFO   search      farm branch=none (wander/search next)
2026-09-30 01:34:45.407  INFO   search      farm branch=none (wander/search next)
2026-09-30 01:34:45.621  INFO   search      farm branch=none (wander/search next)
2026-09-30 01:34:45.819  INFO   search      farm branch=none (wander/search next)
2026-09-30 01:34:45.923  INFO   travel      hop begin wp=(315, 398) purpose=enter_farm reason=enter farm area
2026-09-30 01:34:46.552  INFO   search      farm branch=none (wander/search next)
2026-09-30 01:34:47.205  INFO   search      farm branch=none (wander/search next)
2026-09-30 01:34:47.398  INFO   search      farm branch=none (wander/search next)
2026-09-30 01:34:47.585  INFO   session     Entity shadow: vision=2 {'npc': 2} memory=3 {'monster': 2, 'npc': 1} paired=0 median=0.000 unleveled=68:警衛,10:警衛
2026-09-30 01:34:47.640  INFO   search      farm branch=none (wander/search next)
2026-09-30 01:34:47.812  INFO   search      farm branch=none (wander/search next)
2026-09-30 01:34:47.981  INFO   search      farm branch=none (wander/search next)
2026-09-30 01:34:48.079  INFO   travel      hop begin wp=(314, 398) purpose=enter_farm reason=enter farm area
2026-09-30 01:34:48.395  INFO   search      farm branch=none (wander/search next)
2026-09-30 01:34:48.576  INFO   search      farm branch=none (wander/search next)
2026-09-30 01:34:48.854  INFO   search      farm branch=none (wander/search next)
2026-09-30 01:34:49.049  INFO   search      farm branch=none (wander/search next)
2026-09-30 01:34:49.235  INFO   search      farm branch=none (wander/search next)
2026-09-30 01:34:49.294  INFO   session     일시정지 — 단축키
2026-09-30 01:34:57.084  INFO   session     재개 → 실행 중
2026-09-30 01:34:57.816  INFO   combat      farm branch=screen_combat id=35 dist=7
2026-09-30 01:34:58.543  INFO   combat      engage id=35 species=monster_그렘린_4 rel=(7,6)
2026-09-30 01:34:58.555  INFO   decision    mode=traveling goal=combat action=attack target=35 sticky=35 origin=(315,400) shop=0 scrolled=0 reason='screen engage' status=success
2026-09-30 01:34:59.215  INFO   action      cursor reject id=35 item=false reason=cursor reject
2026-09-30 01:34:59.425  INFO   session     Entity shadow: vision=2 {'npc': 1, 'player': 1} memory=3 {'monster': 3} paired=0 median=0.000
2026-09-30 01:34:59.519  INFO   combat      farm branch=sticky id=35 dist=9
2026-09-30 01:34:59.920  INFO   session     일시정지 — 단축키
2026-09-30 01:35:00.140  INFO   action      cursor reject id=35 item=false reason=cursor reject
2026-09-30 01:35:02.821  INFO   session     재개 → 실행 중
2026-09-30 01:35:03.542  INFO   combat      farm branch=sticky id=35 dist=10
2026-09-30 01:35:04.917  INFO   session     Entity shadow: vision=3 {'item': 1, 'player': 1, 'monster': 1} memory=2 {'monster': 1, 'item': 1} paired=1 median=0.013
2026-09-30 01:35:05.040  INFO   loot        begin_loot_item id=37
2026-09-30 01:35:05.053  INFO   loot        approach hop item=37 wp=(315, 412) reason=walk onto item
2026-09-30 01:35:05.060  INFO   loot        farm branch=loot item_id=37
2026-09-30 01:35:05.074  INFO   decision    mode=traveling goal=loot action=searching target=37 sticky=- origin=(315,400) shop=0 scrolled=0 reason='walk onto item' status=success
2026-09-30 01:35:05.632  INFO   loot        farm branch=loot item_id=37
2026-09-30 01:35:05.811  INFO   loot        farm branch=loot item_id=37
2026-09-30 01:35:05.982  INFO   loot        farm branch=loot item_id=37
2026-09-30 01:35:06.550  INFO   loot        farm branch=loot item_id=37
2026-09-30 01:35:06.971  INFO   loot        farm branch=loot item_id=37
2026-09-30 01:35:07.261  INFO   loot        approach hop item=37 wp=(315, 412) reason=walk onto item
2026-09-30 01:35:07.261  INFO   loot        farm branch=loot item_id=37
2026-09-30 01:35:07.769  INFO   loot        farm branch=loot item_id=37
2026-09-30 01:35:07.957  INFO   loot        farm branch=loot item_id=37
2026-09-30 01:35:08.389  INFO   combat      farm branch=screen_combat id=40 dist=12
2026-09-30 01:35:08.460  INFO   combat      engage id=40 species=monster_난쟁이_5 rel=(-7,12)
2026-09-30 01:35:08.474  INFO   decision    mode=traveling goal=combat action=attack target=40 sticky=40 origin=(315,400) shop=0 scrolled=0 reason='screen engage' status=success
2026-09-30 01:35:09.264  INFO   combat      farm branch=sticky id=40 dist=10
2026-09-30 01:35:10.607  INFO   session     Entity shadow: vision=5 {'player': 2, 'monster': 1, 'item': 2} memory=7 {'item': 4, 'monster': 2, 'player': 1} paired=4 median=0.032
2026-09-30 01:35:10.691  INFO   combat      farm branch=sticky id=40 dist=10
2026-09-30 01:35:11.161  INFO   combat      farm branch=sticky id=40 dist=11
2026-09-30 01:35:11.668  INFO   combat      farm branch=sticky id=40 dist=11
2026-09-30 01:35:12.357  INFO   combat      farm branch=sticky id=40 dist=11
2026-09-30 01:35:12.727  INFO   combat      wall/fence LOS blocked id=40 — A* detour hop to (312, 415)
2026-09-30 01:35:12.737  INFO   decision    mode=traveling goal=combat action=searching target=40 sticky=40 origin=(314,404) shop=0 scrolled=0 reason='wall detour A*' status=success
2026-09-30 01:35:13.230  INFO   combat      farm branch=sticky id=40 dist=10
2026-09-30 01:35:13.442  INFO   combat      wall/fence LOS blocked id=40 — A* detour hop to (312, 415)
2026-09-30 01:35:13.916  INFO   combat      farm branch=sticky id=40 dist=8
2026-09-30 01:35:14.115  INFO   decision    mode=traveling goal=combat action=attack target=40 sticky=40 origin=(311,407) shop=0 scrolled=0 reason='attack target' status=success
2026-09-30 01:35:14.890  INFO   combat      farm branch=sticky id=40 dist=7
2026-09-30 01:35:15.635  INFO   session     Entity shadow: vision=4 {'player': 3, 'item': 1} memory=7 {'monster': 2, 'item': 4, 'player': 1} paired=2 median=0.017
2026-09-30 01:35:15.709  INFO   combat      farm branch=sticky id=40 dist=5
2026-09-30 01:35:16.101  INFO   combat      farm branch=screen_combat id=46 dist=14
2026-09-30 01:35:16.379  INFO   combat      engage id=46 species=monster_고블린_2 rel=(1,-14)
2026-09-30 01:35:16.392  INFO   decision    mode=traveling goal=combat action=attack target=46 sticky=46 origin=(311,410) shop=0 scrolled=0 reason='screen engage' status=success
2026-09-30 01:35:17.119  INFO   combat      farm branch=sticky id=46 dist=14
2026-09-30 01:35:17.527  INFO   combat      farm branch=sticky id=46 dist=13
2026-09-30 01:35:18.095  INFO   combat      farm branch=sticky id=46 dist=13
2026-09-30 01:35:18.799  INFO   combat      farm branch=sticky id=46 dist=11
2026-09-30 01:35:19.451  INFO   combat      farm branch=sticky id=46 dist=11
2026-09-30 01:35:20.246  INFO   combat      farm branch=sticky id=46 dist=9
2026-09-30 01:35:20.565  INFO   combat      wall/fence LOS blocked id=46 — ring click (311, 407) (r=2)
2026-09-30 01:35:20.578  INFO   decision    mode=traveling goal=combat action=searching target=46 sticky=46 origin=(313,408) shop=0 scrolled=0 reason='wall detour ring' status=success
2026-09-30 01:35:21.261  INFO   session     Entity shadow: vision=2 {'player': 1, 'item': 1} memory=5 {'player': 1, 'monster': 1, 'item': 3} paired=1 median=0.082
2026-09-30 01:35:21.424  INFO   combat      farm branch=sticky id=46 dist=8
2026-09-30 01:35:22.107  INFO   decision    mode=traveling goal=combat action=attack target=46 sticky=46 origin=(314,407) shop=0 scrolled=0 reason='attack target' status=success
2026-09-30 01:35:22.858  INFO   combat      farm branch=sticky id=46 dist=6
2026-09-30 01:35:23.290  INFO   combat      farm branch=sticky id=46 dist=6
2026-09-30 01:35:23.973  INFO   loot        begin_loot_item id=50
2026-09-30 01:35:24.248  INFO   loot        approach hop item=50 wp=(313, 398) reason=walk onto item
2026-09-30 01:35:24.253  INFO   loot        farm branch=loot item_id=50
2026-09-30 01:35:24.269  INFO   decision    mode=traveling goal=loot action=searching target=50 sticky=- origin=(310,403) shop=0 scrolled=0 reason='walk onto item' status=success
2026-09-30 01:35:24.825  INFO   loot        farm branch=loot item_id=50
2026-09-30 01:35:25.162  INFO   loot        farm branch=loot item_id=50
2026-09-30 01:35:25.609  INFO   loot        farm branch=loot item_id=50
2026-09-30 01:35:25.841  INFO   loot        farm branch=loot item_id=50
2026-09-30 01:35:26.375  INFO   session     Entity shadow: vision=5 {'player': 1, 'monster': 2, 'item': 2} memory=6 {'item': 4, 'monster': 2} paired=3 median=0.014
2026-09-30 01:35:26.469  INFO   loot        approach hop item=50 wp=(313, 398) reason=walk onto item
2026-09-30 01:35:26.470  INFO   loot        farm branch=loot item_id=50
2026-09-30 01:35:27.047  INFO   loot        farm branch=loot item_id=50
2026-09-30 01:35:27.060  INFO   decision    mode=traveling goal=loot action=pickup target=50 sticky=- origin=(313,400) shop=0 scrolled=0 reason='loot target' status=success
2026-09-30 01:35:27.859  INFO   loot        pickup retry id=50 (await still listed)
2026-09-30 01:35:28.542  INFO   loot        pickup emit item=50 reason=pickup retry
2026-09-30 01:35:28.571  INFO   loot        farm branch=loot item_id=None
2026-09-30 01:35:29.293  INFO   loot        pickup retry id=50 (await still listed)
2026-09-30 01:35:29.294  INFO   loot        pickup emit item=50 reason=pickup retry
2026-09-30 01:35:29.304  INFO   loot        farm branch=loot item_id=None
2026-09-30 01:35:29.942  INFO   loot        pickup retry id=50 (await still listed)
2026-09-30 01:35:29.973  INFO   loot        pickup emit item=50 reason=pickup retry
2026-09-30 01:35:29.984  INFO   loot        farm branch=loot item_id=None
2026-09-30 01:35:30.660  INFO   loot        pickup retry id=50 (await still listed)
2026-09-30 01:35:30.711  INFO   loot        pickup emit item=50 reason=pickup retry
2026-09-30 01:35:30.723  INFO   loot        farm branch=loot item_id=None
2026-09-30 01:35:31.407  INFO   session     Entity shadow: vision=4 {'player': 1, 'item': 2, 'monster': 1} memory=4 {'monster': 3, 'item': 1} paired=2 median=0.039
2026-09-30 01:35:31.456  INFO   loot        pickup retry id=50 (await still listed)
2026-09-30 01:35:31.459  INFO   loot        pickup emit item=50 reason=pickup retry
2026-09-30 01:35:31.469  INFO   loot        farm branch=loot item_id=None
2026-09-30 01:35:32.133  INFO   loot        pickup retry id=50 (await still listed)
2026-09-30 01:35:32.134  INFO   loot        pickup emit item=50 reason=pickup retry
2026-09-30 01:35:32.144  INFO   loot        farm branch=loot item_id=None
2026-09-30 01:35:32.702  INFO   loot        pickup retry id=50 (await still listed)
2026-09-30 01:35:32.845  INFO   loot        pickup emit item=50 reason=pickup retry
2026-09-30 01:35:32.857  INFO   loot        farm branch=loot item_id=None
2026-09-30 01:35:33.490  INFO   combat      farm branch=screen_combat id=49 dist=5
2026-09-30 01:35:33.594  INFO   combat      engage id=49 species=monster_도베르만_6 rel=(-5,-4)
2026-09-30 01:35:33.620  INFO   decision    mode=traveling goal=combat action=attack target=49 sticky=49 origin=(313,398) shop=0 scrolled=0 reason='screen engage' status=success
2026-09-30 01:35:34.413  INFO   combat      farm branch=sticky id=49 dist=5
2026-09-30 01:35:35.471  INFO   combat      farm branch=sticky id=49 dist=4
2026-09-30 01:35:36.227  INFO   combat      farm branch=sticky id=49 dist=2
2026-09-30 01:35:37.215  INFO   session     Entity shadow: vision=4 {'player': 2, 'item': 1, 'npc': 1} memory=4 {'monster': 3, 'player': 1} paired=1 median=0.044 unleveled=68:警衛
2026-09-30 01:35:37.323  INFO   combat      farm branch=sticky id=49 dist=2
2026-09-30 01:35:37.886  INFO   combat      farm branch=sticky id=49 dist=2
2026-09-30 01:35:38.220  INFO   combat      farm branch=sticky id=49 dist=2
2026-09-30 01:35:38.954  INFO   combat      farm branch=sticky id=49 dist=1
2026-09-30 01:35:39.654  INFO   search      farm branch=none (wander/search next)
2026-09-30 01:35:40.159  INFO   travel      hop begin wp=(314, 402) purpose=enter_farm reason=enter farm area
2026-09-30 01:35:40.162  INFO   decision    mode=traveling goal=traveling action=traveling target=- sticky=- origin=(307,396) shop=0 scrolled=0 reason='enter farm area' status=success
2026-09-30 01:35:40.733  INFO   search      farm branch=none (wander/search next)
2026-09-30 01:35:40.924  INFO   search      farm branch=none (wander/search next)
2026-09-30 01:35:41.165  INFO   search      farm branch=none (wander/search next)
2026-09-30 01:35:42.208  INFO   search      farm branch=none (wander/search next)
2026-09-30 01:35:42.593  INFO   travel      hop begin wp=(315, 403) purpose=enter_farm reason=enter farm area
2026-09-30 01:35:43.773  INFO   session     Entity shadow: vision=2 {'player': 2} memory=2 {'player': 1, 'item': 1} paired=1 median=0.024
2026-09-30 01:35:43.874  INFO   search      farm branch=none (wander/search next)
2026-09-30 01:35:44.197  INFO   search      farm branch=none (wander/search next)
2026-09-30 01:35:44.762  INFO   search      farm branch=none (wander/search next)
2026-09-30 01:35:45.282  INFO   travel      hop begin wp=(319, 408) purpose=enter_farm reason=enter farm area
2026-09-30 01:35:45.897  INFO   combat      farm branch=screen_combat id=62 dist=15
2026-09-30 01:35:45.953  INFO   combat      engage id=62 species=monster_오크 전사_8 rel=(15,2)
2026-09-30 01:35:45.967  INFO   decision    mode=traveling goal=combat action=attack target=62 sticky=62 origin=(314,403) shop=0 scrolled=0 reason='screen engage' status=success
2026-09-30 01:35:46.614  INFO   combat      farm branch=sticky id=62 dist=14
2026-09-30 01:35:47.032  INFO   combat      farm branch=sticky id=62 dist=14
2026-09-30 01:35:47.839  INFO   combat      farm branch=sticky id=62 dist=12
2026-09-30 01:35:48.378  INFO   combat      farm branch=sticky id=62 dist=12
2026-09-30 01:35:49.383  INFO   session     Entity shadow: vision=5 {'item': 2, 'monster': 1, 'player': 2} memory=6 {'monster': 1, 'item': 4, 'player': 1} paired=4 median=0.031
2026-09-30 01:35:49.551  INFO   combat      farm branch=sticky id=62 dist=12
2026-09-30 01:35:50.706  INFO   combat      farm branch=sticky id=62 dist=10
2026-09-30 01:35:51.452  INFO   combat      farm branch=sticky id=62 dist=7
2026-09-30 01:35:51.990  INFO   combat      farm branch=sticky id=62 dist=7
2026-09-30 01:35:52.708  INFO   combat      farm branch=sticky id=62 dist=5
2026-09-30 01:35:53.427  INFO   combat      farm branch=sticky id=62 dist=2
2026-09-30 01:35:54.042  INFO   combat      farm branch=sticky id=62 dist=1
2026-09-30 01:35:55.135  INFO   session     Entity shadow: vision=2 {'player': 1, 'monster': 1} memory=2 {'player': 1, 'monster': 1} paired=1 median=0.014
2026-09-30 01:35:55.207  INFO   combat      farm branch=sticky id=62 dist=1
2026-09-30 01:35:55.867  INFO   combat      farm branch=sticky id=62 dist=2
2026-09-30 01:35:56.945  INFO   search      farm branch=none (wander/search next)
2026-09-30 01:35:57.373  INFO   travel      hop begin wp=(329, 414) purpose=enter_farm reason=enter farm area
2026-09-30 01:35:57.375  INFO   decision    mode=traveling goal=traveling action=traveling target=- sticky=- origin=(325,404) shop=0 scrolled=0 reason='enter farm area' status=success
2026-09-30 01:35:58.006  INFO   search      farm branch=none (wander/search next)
2026-09-30 01:35:58.215  INFO   search      farm branch=none (wander/search next)
2026-09-30 01:35:58.632  INFO   search      farm branch=none (wander/search next)
2026-09-30 01:35:58.911  INFO   search      farm branch=none (wander/search next)
2026-09-30 01:35:59.276  INFO   search      farm branch=none (wander/search next)
2026-09-30 01:35:59.511  INFO   travel      hop begin wp=(328, 413) purpose=enter_farm reason=enter farm area
2026-09-30 01:36:00.122  INFO   session     Entity shadow: vision=3 {'monster': 1, 'player': 1, 'item': 1} memory=3 {'player': 1, 'monster': 1, 'item': 1} paired=2 median=0.042 unleveled=189:鹿
2026-09-30 01:36:00.261  INFO   search      farm branch=none (wander/search next)
2026-09-30 01:36:00.522  INFO   search      farm branch=none (wander/search next)
2026-09-30 01:36:01.636  INFO   search      farm branch=none (wander/search next)
2026-09-30 01:36:02.394  INFO   travel      hop begin wp=(330, 417) purpose=enter_farm reason=enter farm area
2026-09-30 01:36:03.020  INFO   search      farm branch=none (wander/search next)
2026-09-30 01:36:03.258  INFO   search      farm branch=none (wander/search next)
2026-09-30 01:36:03.537  INFO   search      farm branch=none (wander/search next)
2026-09-30 01:36:03.969  INFO   search      farm branch=none (wander/search next)
2026-09-30 01:36:04.407  INFO   search      farm branch=none (wander/search next)
2026-09-30 01:36:04.524  INFO   travel      hop begin wp=(329, 426) purpose=enter_farm reason=enter farm area
2026-09-30 01:36:04.924  INFO   search      farm branch=none (wander/search next)
2026-09-30 01:36:05.403  INFO   session     Entity shadow: vision=1 {'player': 1} memory=1 {'monster': 1} paired=0 median=0.000 unleveled=189:鹿
2026-09-30 01:36:05.494  INFO   search      farm branch=none (wander/search next)
2026-09-30 01:36:06.112  INFO   search      farm branch=none (wander/search next)
2026-09-30 01:36:06.410  INFO   search      farm branch=none (wander/search next)
2026-09-30 01:36:06.668  INFO   travel      hop begin wp=(328, 427) purpose=enter_farm reason=enter farm area
2026-09-30 01:36:07.032  INFO   combat      farm branch=screen_combat id=67 dist=13
2026-09-30 01:36:07.354  INFO   combat      engage id=67 species=monster_세퍼드_5 rel=(-13,6)
2026-09-30 01:36:07.366  INFO   decision    mode=traveling goal=combat action=attack target=67 sticky=67 origin=(333,416) shop=0 scrolled=0 reason='screen engage' status=success
2026-09-30 01:36:08.169  INFO   combat      farm branch=sticky id=67 dist=11
2026-09-30 01:36:09.223  INFO   combat      farm branch=sticky id=67 dist=10
2026-09-30 01:36:09.887  INFO   combat      farm branch=sticky id=67 dist=8
2026-09-30 01:36:11.011  INFO   session     Entity shadow: vision=1 {'player': 1} memory=4 {'monster': 4} paired=0 median=0.000 unleveled=189:鹿
2026-09-30 01:36:11.099  INFO   combat      farm branch=sticky id=67 dist=7
2026-09-30 01:36:11.585  INFO   combat      farm branch=sticky id=67 dist=6
2026-09-30 01:36:12.075  INFO   combat      farm branch=sticky id=67 dist=5
2026-09-30 01:36:12.770  INFO   combat      farm branch=sticky id=67 dist=2
2026-09-30 01:36:13.470  INFO   combat      farm branch=sticky id=67 dist=1
2026-09-30 01:36:14.094  INFO   combat      farm branch=sticky id=67 dist=1
2026-09-30 01:36:14.842  INFO   loot        begin_loot_item id=74
2026-09-30 01:36:15.168  INFO   loot        pickup emit item=74 reason=engage item
2026-09-30 01:36:15.182  INFO   loot        farm branch=loot item_id=74
2026-09-30 01:36:15.196  INFO   decision    mode=traveling goal=loot action=pickup target=74 sticky=- origin=(323,420) shop=0 scrolled=0 reason='engage item' status=success
2026-09-30 01:36:15.925  INFO   session     Entity shadow: vision=4 {'item': 3, 'monster': 1} memory=6 {'monster': 3, 'item': 3} paired=2 median=0.098 unleveled=189:鹿
2026-09-30 01:36:16.112  INFO   combat      farm branch=screen_combat id=69 dist=10
2026-09-30 01:36:16.809  INFO   combat      engage id=69 species=monster_늑대인간_9 rel=(-10,1)
2026-09-30 01:36:16.824  INFO   decision    mode=traveling goal=combat action=attack target=69 sticky=69 origin=(323,420) shop=0 scrolled=0 reason='screen engage' status=success
2026-09-30 01:36:17.484  INFO   combat      farm branch=sticky id=69 dist=10
2026-09-30 01:36:17.859  INFO   combat      farm branch=sticky id=69 dist=10
2026-09-30 01:36:18.663  INFO   combat      farm branch=sticky id=69 dist=8
2026-09-30 01:36:19.359  INFO   combat      farm branch=sticky id=69 dist=7
2026-09-30 01:36:19.952  INFO   combat      farm branch=sticky id=69 dist=6
2026-09-30 01:36:20.567  INFO   combat      farm branch=sticky id=69 dist=6
2026-09-30 01:36:21.641  INFO   session     Entity shadow: vision=2 {'monster': 2} memory=4 {'monster': 4} paired=1 median=0.005 unleveled=189:鹿
2026-09-30 01:36:21.726  INFO   combat      farm branch=sticky id=69 dist=5
2026-09-30 01:36:22.445  INFO   combat      farm branch=sticky id=69 dist=4
2026-09-30 01:36:23.472  INFO   combat      farm branch=screen_combat id=75 dist=5
2026-09-30 01:36:23.827  INFO   combat      engage id=75 species=monster_오크_2 rel=(-5,-4)
2026-09-30 01:36:23.838  INFO   decision    mode=traveling goal=combat action=attack target=75 sticky=75 origin=(320,419) shop=0 scrolled=0 reason='screen engage' status=success
2026-09-30 01:36:24.552  INFO   combat      farm branch=sticky id=75 dist=5
2026-09-30 01:36:24.933  INFO   combat      farm branch=sticky id=75 dist=3
2026-09-30 01:36:25.478  INFO   combat      farm branch=sticky id=75 dist=3
2026-09-30 01:36:26.276  INFO   combat      farm branch=sticky id=75 dist=2
2026-09-30 01:36:27.265  INFO   session     Entity shadow: vision=2 {'player': 1, 'item': 1} memory=4 {'monster': 3, 'item': 1} paired=1 median=0.018 unleveled=189:鹿
2026-09-30 01:36:27.356  INFO   combat      farm branch=sticky id=75 dist=1
2026-09-30 01:36:27.764  INFO   combat      farm branch=sticky id=75 dist=2
2026-09-30 01:36:28.722  INFO   combat      farm branch=sticky id=75 dist=2
2026-09-30 01:36:29.753  INFO   combat      farm branch=sticky id=75 dist=1
2026-09-30 01:36:30.418  INFO   combat      farm branch=sticky id=75 dist=1
2026-09-30 01:36:31.123  INFO   combat      farm branch=sticky id=75 dist=2
2026-09-30 01:36:31.825  INFO   combat      farm branch=sticky id=75 dist=2
2026-09-30 01:36:32.940  INFO   session     Entity shadow: vision=3 {'player': 1, 'item': 2} memory=5 {'monster': 2, 'item': 3} paired=2 median=0.090 unleveled=189:鹿
2026-09-30 01:36:33.049  INFO   combat      farm branch=screen_combat id=73 dist=6
2026-09-30 01:36:33.068  INFO   combat      engage id=73 species=monster_고블린_2 rel=(-6,6)
2026-09-30 01:36:33.078  INFO   decision    mode=traveling goal=combat action=attack target=73 sticky=73 origin=(316,415) shop=0 scrolled=0 reason='screen engage' status=success
2026-09-30 01:36:33.802  INFO   search      farm branch=none (wander/search next)
2026-09-30 01:36:34.184  INFO   travel      hop begin wp=(330, 415) purpose=enter_farm reason=enter farm area
2026-09-30 01:36:34.608  INFO   decision    mode=traveling goal=traveling action=traveling target=- sticky=- origin=(318,413) shop=0 scrolled=0 reason='enter farm area' status=success
2026-09-30 01:36:35.072  INFO   search      farm branch=none (wander/search next)
2026-09-30 01:36:35.619  INFO   search      farm branch=none (wander/search next)
2026-09-30 01:36:36.365  INFO   search      farm branch=none (wander/search next)
2026-09-30 01:36:36.983  INFO   travel      hop begin wp=(323, 409) purpose=enter_farm reason=enter farm area
2026-09-30 01:36:37.573  INFO   search      farm branch=none (wander/search next)
2026-09-30 01:36:37.741  INFO   session     Entity shadow: vision=3 {'player': 1, 'item': 2} memory=4 {'monster': 1, 'item': 3} paired=2 median=0.025 unleveled=189:鹿
2026-09-30 01:36:37.813  INFO   search      farm branch=none (wander/search next)
2026-09-30 01:36:38.246  INFO   search      farm branch=none (wander/search next)
2026-09-30 01:36:38.434  INFO   search      farm branch=none (wander/search next)
2026-09-30 01:36:38.812  INFO   search      farm branch=none (wander/search next)
2026-09-30 01:36:39.219  INFO   search      farm branch=none (wander/search next)
2026-09-30 01:36:39.736  INFO   travel      hop begin wp=(329, 421) purpose=enter_farm reason=enter farm area
2026-09-30 01:36:40.444  INFO   search      farm branch=none (wander/search next)
2026-09-30 01:36:41.375  INFO   search      farm branch=none (wander/search next)
2026-09-30 01:36:41.875  INFO   travel      hop begin wp=(329, 423) purpose=enter_farm reason=enter farm area
2026-09-30 01:36:42.360  INFO   search      farm branch=none (wander/search next)
2026-09-30 01:36:42.779  INFO   session     Entity shadow: vision=4 {'player': 2, 'item': 2} memory=3 {'player': 1, 'item': 2} paired=3 median=0.035
2026-09-30 01:36:42.887  INFO   search      farm branch=none (wander/search next)
2026-09-30 01:36:43.518  INFO   search      farm branch=none (wander/search next)
2026-09-30 01:36:44.007  INFO   travel      hop begin wp=(328, 427) purpose=enter_farm reason=enter farm area
2026-09-30 01:36:44.612  INFO   search      farm branch=none (wander/search next)
2026-09-30 01:36:44.908  INFO   search      farm branch=none (wander/search next)
2026-09-30 01:36:45.557  INFO   search      farm branch=none (wander/search next)
2026-09-30 01:36:45.912  INFO   search      farm branch=none (wander/search next)
2026-09-30 01:36:46.062  INFO   travel      hop begin wp=(327, 431) purpose=enter_farm reason=enter farm area
2026-09-30 01:36:46.779  INFO   search      farm branch=none (wander/search next)
2026-09-30 01:36:47.752  INFO   search      farm branch=none (wander/search next)
2026-09-30 01:36:48.247  INFO   travel      hop begin wp=(328, 435) purpose=enter_farm reason=enter farm area
2026-09-30 01:36:48.898  INFO   session     Entity shadow: vision=1 {'monster': 1} memory=2 {'player': 1, 'item': 1} paired=0 median=0.000
2026-09-30 01:36:48.974  INFO   search      farm branch=none (wander/search next)
2026-09-30 01:36:49.151  INFO   search      farm branch=none (wander/search next)
2026-09-30 01:36:49.791  INFO   search      farm branch=none (wander/search next)
2026-09-30 01:36:50.207  INFO   search      farm branch=none (wander/search next)
2026-09-30 01:36:50.293  INFO   travel      hop begin wp=(321, 423) purpose=enter_farm reason=enter farm, walk around
2026-09-30 01:36:50.628  INFO   search      farm branch=none (wander/search next)
2026-09-30 01:36:51.193  INFO   search      farm branch=none (wander/search next)
2026-09-30 01:36:51.582  INFO   search      farm branch=none (wander/search next)
2026-09-30 01:36:51.877  INFO   search      farm branch=none (wander/search next)
2026-09-30 01:36:52.433  INFO   search      farm branch=none (wander/search next)
2026-09-30 01:36:52.720  INFO   travel      hop begin wp=(328, 435) purpose=enter_farm reason=enter farm area
2026-09-30 01:36:53.645  INFO   combat      farm branch=screen_combat id=84 dist=10
2026-09-30 01:36:53.900  INFO   combat      engage id=84 species=monster_오크 전사_8 rel=(-6,10)
2026-09-30 01:36:53.920  INFO   decision    mode=traveling goal=combat action=attack target=84 sticky=84 origin=(323,424) shop=0 scrolled=0 reason='screen engage' status=success
2026-09-30 01:36:54.626  INFO   session     Entity shadow: vision=4 {'player': 1, 'item': 2, 'monster': 1} memory=5 {'monster': 1, 'player': 1, 'item': 3} paired=3 median=0.034
2026-09-30 01:36:54.700  INFO   combat      farm branch=sticky id=84 dist=8
2026-09-30 01:36:55.246  INFO   combat      farm branch=sticky id=84 dist=5
2026-09-30 01:36:55.654  INFO   combat      farm branch=sticky id=84 dist=5
2026-09-30 01:36:56.317  INFO   combat      farm branch=sticky id=84 dist=3
2026-09-30 01:36:57.022  INFO   combat      farm branch=sticky id=84 dist=2
2026-09-30 01:36:57.695  INFO   combat      farm branch=sticky id=84 dist=1
2026-09-30 01:36:58.412  INFO   combat      farm branch=sticky id=84 dist=1
2026-09-30 01:36:59.515  INFO   combat      farm branch=sticky id=84 dist=1
2026-09-30 01:37:00.919  INFO   session     Entity shadow: vision=5 {'player': 1, 'item': 1, 'monster': 3} memory=4 {'monster': 2, 'item': 1, 'player': 1} paired=2 median=0.052
2026-09-30 01:37:01.014  INFO   combat      farm branch=sticky id=86 dist=6
2026-09-30 01:37:01.016  INFO   decision    mode=traveling goal=combat action=attack target=86 sticky=86 origin=(323,428) shop=0 scrolled=0 reason='attack target' status=success
2026-09-30 01:37:01.570  INFO   combat      farm branch=sticky id=86 dist=6
2026-09-30 01:37:01.914  INFO   combat      farm branch=sticky id=86 dist=6
2026-09-30 01:37:02.622  INFO   combat      farm branch=sticky id=86 dist=5
2026-09-30 01:37:03.356  INFO   combat      farm branch=sticky id=86 dist=5
2026-09-30 01:37:04.105  INFO   combat      farm branch=sticky id=86 dist=4
2026-09-30 01:37:04.688  INFO   loot        begin_loot_item id=89
2026-09-30 01:37:05.103  INFO   loot        pickup emit item=89 reason=engage item
2026-09-30 01:37:05.115  INFO   loot        farm branch=loot item_id=89
2026-09-30 01:37:05.124  INFO   decision    mode=traveling goal=loot action=pickup target=89 sticky=- origin=(323,428) shop=0 scrolled=0 reason='engage item' status=success
2026-09-30 01:37:05.838  INFO   session     Entity shadow: vision=3 {'monster': 1, 'player': 1, 'item': 1} memory=4 {'player': 1, 'monster': 2, 'item': 1} paired=3 median=0.036
2026-09-30 01:37:05.985  INFO   loot        pickup retry id=89 (await still listed)
2026-09-30 01:37:06.250  INFO   loot        pickup emit item=89 reason=pickup retry
2026-09-30 01:37:06.668  INFO   loot        farm branch=loot item_id=None
2026-09-30 01:37:07.377  INFO   combat      farm branch=screen_combat id=88 dist=4
2026-09-30 01:37:07.466  INFO   combat      engage id=88 species=monster_셸로브_14 rel=(0,-4)
2026-09-30 01:37:07.480  INFO   decision    mode=traveling goal=combat action=attack target=88 sticky=88 origin=(323,430) shop=0 scrolled=0 reason='screen engage' status=success
2026-09-30 01:37:08.109  INFO   combat      farm branch=sticky id=88 dist=4
2026-09-30 01:37:08.455  INFO   combat      farm branch=sticky id=88 dist=3
2026-09-30 01:37:09.101  INFO   combat      farm branch=sticky id=88 dist=3
2026-09-30 01:37:09.857  INFO   combat      farm branch=sticky id=88 dist=3
2026-09-30 01:37:10.479  INFO   combat      farm branch=sticky id=88 dist=3
2026-09-30 01:37:11.573  INFO   session     Entity shadow: vision=2 {'player': 2} memory=2 {'player': 1, 'monster': 1} paired=1 median=0.041
2026-09-30 01:37:11.678  INFO   combat      farm branch=screen_combat id=90 dist=15
2026-09-30 01:37:11.714  INFO   combat      engage id=90 species=monster_늑대인간_9 rel=(-3,15)
2026-09-30 01:37:11.724  INFO   decision    mode=traveling goal=combat action=attack target=90 sticky=90 origin=(324,429) shop=0 scrolled=0 reason='screen engage' status=success
2026-09-30 01:37:12.322  INFO   combat      farm branch=sticky id=90 dist=15
2026-09-30 01:37:13.005  INFO   combat      farm branch=sticky id=90 dist=15
2026-09-30 01:37:14.254  INFO   combat      farm branch=sticky id=90 dist=13
2026-09-30 01:37:14.773  INFO   combat      farm branch=sticky id=90 dist=12
2026-09-30 01:37:15.477  INFO   combat      farm branch=sticky id=90 dist=11
2026-09-30 01:37:16.142  INFO   combat      farm branch=sticky id=90 dist=11
2026-09-30 01:37:17.250  INFO   session     Entity shadow: vision=2 {'monster': 1, 'player': 1} memory=4 {'monster': 4} paired=1 median=0.029
2026-09-30 01:37:17.337  INFO   combat      farm branch=sticky id=90 dist=11
2026-09-30 01:37:17.351  INFO   decision    mode=traveling goal=combat action=searching target=90 sticky=90 origin=(321,433) shop=0 scrolled=0 reason='sidestep combat block' status=success
2026-09-30 01:37:17.965  INFO   combat      farm branch=sticky id=90 dist=11
2026-09-30 01:37:18.034  INFO   decision    mode=traveling goal=combat action=attack target=90 sticky=90 origin=(321,433) shop=0 scrolled=0 reason='attack target' status=success
2026-09-30 01:37:18.817  INFO   combat      farm branch=sticky id=90 dist=12
2026-09-30 01:37:19.544  INFO   combat      farm branch=sticky id=90 dist=13
2026-09-30 01:37:19.932  INFO   combat      farm branch=sticky id=90 dist=14
2026-09-30 01:37:20.408  INFO   combat      wall/fence LOS blocked id=90 — A* detour hop to (318, 445)
2026-09-30 01:37:20.409  INFO   decision    mode=traveling goal=combat action=searching target=90 sticky=90 origin=(321,433) shop=0 scrolled=0 reason='wall detour A*' status=success
2026-09-30 01:37:20.978  INFO   combat      farm branch=sticky id=90 dist=13
2026-09-30 01:37:20.993  INFO   decision    mode=traveling goal=combat action=attack target=90 sticky=90 origin=(319,435) shop=0 scrolled=0 reason='attack target' status=success
2026-09-30 01:37:21.577  INFO   combat      farm branch=sticky id=90 dist=14
2026-09-30 01:37:21.876  INFO   session     Entity shadow: vision=2 {'monster': 1, 'player': 1} memory=4 {'monster': 4} paired=1 median=0.014
2026-09-30 01:37:21.919  INFO   combat      farm branch=sticky id=90 dist=14
2026-09-30 01:37:22.766  INFO   combat      farm branch=sticky id=90 dist=13
2026-09-30 01:37:23.438  INFO   combat      farm branch=sticky id=90 dist=13
2026-09-30 01:37:24.069  INFO   combat      farm branch=sticky id=90 dist=14
2026-09-30 01:37:25.145  INFO   combat      farm branch=sticky id=90 dist=13
2026-09-30 01:37:26.371  INFO   combat      farm branch=sticky id=90 dist=12
2026-09-30 01:37:26.830  INFO   combat      farm branch=sticky id=90 dist=12
2026-09-30 01:37:27.983  INFO   session     Entity shadow: vision=4 {'player': 1, 'monster': 3} memory=10 {'monster': 10} paired=3 median=0.012
2026-09-30 01:37:28.053  INFO   combat      farm branch=sticky id=90 dist=11
2026-09-30 01:37:28.623  INFO   combat      farm branch=sticky id=90 dist=10
2026-09-30 01:37:29.017  INFO   combat      farm branch=sticky id=90 dist=10
2026-09-30 01:37:29.754  INFO   combat      farm branch=sticky id=90 dist=9
2026-09-30 01:37:30.382  INFO   combat      farm branch=sticky id=90 dist=8
2026-09-30 01:37:31.089  INFO   combat      farm branch=sticky id=90 dist=7
2026-09-30 01:37:32.141  INFO   combat      farm branch=sticky id=90 dist=7
2026-09-30 01:37:33.511  INFO   session     Entity shadow: vision=7 {'item': 3, 'monster': 3, 'player': 1} memory=11 {'monster': 8, 'item': 3} paired=6 median=0.028
2026-09-30 01:37:33.595  INFO   combat      farm branch=sticky id=100 dist=1
2026-09-30 01:37:33.596  INFO   decision    mode=traveling goal=combat action=attack target=100 sticky=100 origin=(312,443) shop=0 scrolled=0 reason='attack target' status=success
2026-09-30 01:37:34.124  INFO   combat      farm branch=sticky id=100 dist=1
2026-09-30 01:37:34.676  INFO   combat      farm branch=sticky id=100 dist=1
2026-09-30 01:37:35.281  INFO   combat      farm branch=sticky id=100 dist=1
2026-09-30 01:37:35.966  INFO   combat      farm branch=sticky id=100 dist=1
2026-09-30 01:37:36.578  INFO   combat      farm branch=sticky id=100 dist=1
2026-09-30 01:37:37.412  INFO   combat      farm branch=sticky id=97 dist=1
2026-09-30 01:37:37.696  INFO   decision    mode=traveling goal=combat action=attack target=97 sticky=97 origin=(312,443) shop=0 scrolled=0 reason='attack target' status=success
2026-09-30 01:37:38.463  INFO   combat      farm branch=sticky id=97 dist=1
2026-09-30 01:37:39.877  INFO   session     Entity shadow: vision=7 {'item': 3, 'monster': 3, 'player': 1} memory=11 {'monster': 7, 'item': 4} paired=6 median=0.022
2026-09-30 01:37:39.960  INFO   combat      farm branch=sticky id=97 dist=1
2026-09-30 01:37:40.448  INFO   combat      farm branch=sticky id=97 dist=1
2026-09-30 01:37:41.020  INFO   combat      farm branch=sticky id=106 dist=1
2026-09-30 01:37:41.335  INFO   decision    mode=traveling goal=combat action=attack target=106 sticky=106 origin=(312,443) shop=0 scrolled=0 reason='attack target' status=success
2026-09-30 01:37:41.725  INFO   combat      farm branch=sticky id=106 dist=1
2026-09-30 01:37:42.324  INFO   combat      farm branch=sticky id=106 dist=1
2026-09-30 01:37:43.107  INFO   combat      farm branch=sticky id=106 dist=1
2026-09-30 01:37:44.231  INFO   combat      farm branch=sticky id=106 dist=1
2026-09-30 01:37:44.983  INFO   session     Entity shadow: vision=7 {'item': 3, 'monster': 3, 'player': 1} memory=12 {'player': 1, 'monster': 5, 'item': 6} paired=6 median=0.038
2026-09-30 01:37:45.057  INFO   combat      farm branch=sticky id=96 dist=10
2026-09-30 01:37:45.069  INFO   decision    mode=traveling goal=combat action=attack target=96 sticky=96 origin=(312,443) shop=0 scrolled=0 reason='attack target' status=success
2026-09-30 01:37:45.615  INFO   combat      farm branch=sticky id=96 dist=11
2026-09-30 01:37:45.985  INFO   combat      farm branch=sticky id=96 dist=11
2026-09-30 01:37:46.804  INFO   combat      farm branch=sticky id=96 dist=12
2026-09-30 01:37:47.432  INFO   combat      farm branch=sticky id=96 dist=12
2026-09-30 01:37:48.321  INFO   combat      farm branch=sticky id=96 dist=10
2026-09-30 01:37:48.576  INFO   combat      wall/fence LOS blocked id=96 — A* detour hop to (322, 441)
2026-09-30 01:37:48.585  INFO   decision    mode=traveling goal=combat action=searching target=96 sticky=96 origin=(313,442) shop=0 scrolled=0 reason='wall detour A*' status=success
2026-09-30 01:37:49.211  INFO   combat      farm branch=sticky id=96 dist=8
2026-09-30 01:37:49.223  INFO   combat      wall/fence LOS blocked id=96 — ring click (312, 440) (r=2)
2026-09-30 01:37:49.705  INFO   combat      farm branch=sticky id=96 dist=8
2026-09-30 01:37:49.921  INFO   combat      wall/fence LOS blocked id=96 — ring click (313, 440) (r=2)
2026-09-30 01:37:50.607  INFO   session     Entity shadow: vision=8 {'player': 1, 'monster': 3, 'item': 4} memory=10 {'monster': 3, 'player': 1, 'item': 6} paired=7 median=0.018
2026-09-30 01:37:50.698  INFO   combat      farm branch=sticky id=96 dist=6
2026-09-30 01:37:50.705  INFO   decision    mode=traveling goal=combat action=attack target=96 sticky=96 origin=(315,440) shop=0 scrolled=0 reason='attack target' status=success
2026-09-30 01:37:51.468  INFO   combat      farm branch=sticky id=96 dist=4
2026-09-30 01:37:52.582  INFO   combat      farm branch=sticky id=96 dist=3
2026-09-30 01:37:53.261  INFO   combat      farm branch=sticky id=96 dist=3
2026-09-30 01:37:53.939  INFO   combat      farm branch=sticky id=96 dist=2
2026-09-30 01:37:54.760  INFO   combat      farm branch=sticky id=96 dist=1
2026-09-30 01:37:55.363  INFO   combat      farm branch=sticky id=96 dist=2
2026-09-30 01:37:56.418  INFO   session     Entity shadow: vision=4 {'monster': 1, 'player': 1, 'item': 2} memory=6 {'monster': 1, 'player': 1, 'item': 4} paired=4 median=0.044
2026-09-30 01:37:56.496  INFO   combat      farm branch=sticky id=96 dist=2
2026-09-30 01:37:57.153  INFO   loot        begin_loot_item id=119
2026-09-30 01:37:57.822  INFO   loot        pickup emit item=119 reason=engage item
2026-09-30 01:37:57.830  INFO   loot        farm branch=loot item_id=119
2026-09-30 01:37:57.856  INFO   decision    mode=traveling goal=loot action=pickup target=119 sticky=- origin=(316,442) shop=0 scrolled=0 reason='engage item' status=success
2026-09-30 01:37:58.606  INFO   loot        pickup retry id=119 (await still listed)
2026-09-30 01:37:58.607  INFO   loot        pickup emit item=119 reason=pickup retry
2026-09-30 01:37:58.617  INFO   loot        farm branch=loot item_id=None
2026-09-30 01:37:59.189  INFO   loot        pickup retry id=119 (await still listed)
2026-09-30 01:37:59.298  INFO   loot        pickup emit item=119 reason=pickup retry
2026-09-30 01:37:59.308  INFO   loot        farm branch=loot item_id=None
2026-09-30 01:37:59.923  INFO   loot        begin_loot_item id=112
2026-09-30 01:38:00.020  INFO   loot        approach hop item=112 wp=(312, 444) reason=walk onto item
2026-09-30 01:38:00.027  INFO   loot        farm branch=loot item_id=112
2026-09-30 01:38:00.043  INFO   decision    mode=traveling goal=loot action=searching target=112 sticky=- origin=(318,441) shop=0 scrolled=0 reason='walk onto item' status=success
2026-09-30 01:38:00.584  INFO   loot        farm branch=loot item_id=112
2026-09-30 01:38:00.987  INFO   loot        farm branch=loot item_id=112
2026-09-30 01:38:02.119  INFO   session     Entity shadow: vision=5 {'player': 2, 'item': 2, 'monster': 1} memory=6 {'monster': 1, 'player': 1, 'item': 4} paired=4 median=0.019
2026-09-30 01:38:02.198  INFO   loot        approach hop item=112 wp=(312, 444) reason=walk onto item
2026-09-30 01:38:02.199  INFO   loot        farm branch=loot item_id=112
2026-09-30 01:38:02.778  INFO   loot        farm branch=loot item_id=112
2026-09-30 01:38:03.091  INFO   loot        farm branch=loot item_id=112
2026-09-30 01:38:04.242  INFO   loot        approach hop item=112 wp=(312, 444) reason=walk onto item
2026-09-30 01:38:04.908  INFO   loot        farm branch=loot item_id=112
2026-09-30 01:38:05.459  INFO   loot        farm branch=loot item_id=112
2026-09-30 01:38:05.637  INFO   decision    mode=traveling goal=loot action=pickup target=112 sticky=- origin=(313,446) shop=0 scrolled=0 reason='loot target' status=success
2026-09-30 01:38:06.350  INFO   loot        pickup retry id=112 (await still listed)
2026-09-30 01:38:06.356  INFO   loot        pickup emit item=112 reason=pickup retry
2026-09-30 01:38:06.371  INFO   loot        farm branch=loot item_id=None
2026-09-30 01:38:07.086  INFO   session     Entity shadow: vision=6 {'player': 2, 'item': 4} memory=9 {'monster': 2, 'item': 5, 'player': 2} paired=4 median=0.038
2026-09-30 01:38:07.162  INFO   loot        pickup retry id=112 (await still listed)
2026-09-30 01:38:07.163  INFO   loot        pickup emit item=112 reason=pickup retry
2026-09-30 01:38:07.173  INFO   loot        farm branch=loot item_id=None
2026-09-30 01:38:07.846  INFO   loot        pickup retry id=112 (await still listed)
2026-09-30 01:38:07.847  INFO   loot        pickup emit item=112 reason=pickup retry
2026-09-30 01:38:07.857  INFO   loot        farm branch=loot item_id=None
2026-09-30 01:38:08.520  INFO   loot        pickup retry id=112 (await still listed)
2026-09-30 01:38:08.521  INFO   loot        pickup emit item=112 reason=pickup retry
2026-09-30 01:38:08.531  INFO   loot        farm branch=loot item_id=None
2026-09-30 01:38:09.194  INFO   loot        pickup retry id=112 (await still listed)
2026-09-30 01:38:09.226  INFO   loot        pickup emit item=112 reason=pickup retry
2026-09-30 01:38:09.241  INFO   loot        farm branch=loot item_id=None
2026-09-30 01:38:10.024  INFO   loot        begin_loot_item id=118
2026-09-30 01:38:10.700  INFO   loot        pickup emit item=118 reason=engage item
2026-09-30 01:38:10.708  INFO   loot        farm branch=loot item_id=118
2026-09-30 01:38:10.720  INFO   decision    mode=traveling goal=loot action=pickup target=118 sticky=- origin=(312,444) shop=0 scrolled=0 reason='engage item' status=success
2026-09-30 01:38:11.437  INFO   loot        pickup retry id=118 (await still listed)
2026-09-30 01:38:11.455  INFO   loot        pickup emit item=118 reason=pickup retry
2026-09-30 01:38:11.470  INFO   loot        farm branch=loot item_id=None
2026-09-30 01:38:12.166  INFO   session     Entity shadow: vision=3 {'item': 1, 'player': 2} memory=7 {'monster': 2, 'item': 3, 'player': 2} paired=2 median=0.040
2026-09-30 01:38:12.218  INFO   loot        pickup retry id=118 (await still listed)
2026-09-30 01:38:12.219  INFO   loot        pickup emit item=118 reason=pickup retry
2026-09-30 01:38:12.229  INFO   loot        farm branch=loot item_id=None
2026-09-30 01:38:12.897  INFO   loot        begin_loot_item id=130
2026-09-30 01:38:12.920  INFO   loot        approach hop item=130 wp=(310, 450) reason=walk onto item
2026-09-30 01:38:12.928  INFO   loot        farm branch=loot item_id=130
2026-09-30 01:38:12.942  INFO   decision    mode=traveling goal=loot action=searching target=130 sticky=- origin=(312,444) shop=0 scrolled=0 reason='walk onto item' status=success
2026-09-30 01:38:13.337  INFO   loot        farm branch=loot item_id=130
2026-09-30 01:38:13.859  INFO   loot        farm branch=loot item_id=130
2026-09-30 01:38:14.561  INFO   loot        farm branch=loot item_id=130
2026-09-30 01:38:15.227  INFO   combat      farm branch=screen_combat id=128 dist=7
2026-09-30 01:38:15.266  INFO   combat      engage id=128 species=monster_고블린_2 rel=(-6,-7)
2026-09-30 01:38:15.276  INFO   decision    mode=traveling goal=combat action=attack target=128 sticky=128 origin=(310,447) shop=0 scrolled=0 reason='screen engage' status=success
2026-09-30 01:38:16.533  INFO   loot        begin_loot_item id=131
2026-09-30 01:38:17.255  INFO   loot        approach hop item=131 wp=(299, 449) reason=walk onto item
2026-09-30 01:38:17.263  INFO   loot        farm branch=loot item_id=131
2026-09-30 01:38:17.276  INFO   decision    mode=traveling goal=loot action=searching target=131 sticky=- origin=(310,448) shop=0 scrolled=0 reason='walk onto item' status=success
2026-09-30 01:38:17.967  INFO   session     Entity shadow: vision=4 {'player': 2, 'item': 2} memory=4 {'player': 2, 'item': 2} paired=3 median=0.024
2026-09-30 01:38:18.033  INFO   loot        farm branch=loot item_id=131
2026-09-30 01:38:18.307  INFO   loot        farm branch=loot item_id=131
2026-09-30 01:38:18.866  INFO   loot        farm branch=loot item_id=131
2026-09-30 01:38:19.293  INFO   loot        approach hop item=131 wp=(299, 449) reason=walk onto item
2026-09-30 01:38:19.370  INFO   loot        farm branch=loot item_id=131
2026-09-30 01:38:19.816  INFO   loot        farm branch=loot item_id=131
2026-09-30 01:38:20.327  INFO   nav         unstick TP skipped: mana reserve
2026-09-30 01:38:20.746  INFO   nav         talking scroll emit spot=ti_spellbook purpose= reason=unstick confined
2026-09-30 01:38:20.757  INFO   nav         confined escape fired (bubble timeout)
2026-09-30 01:38:20.772  INFO   decision    mode=traveling goal=talking_scroll action=use_talking_scroll target=- sticky=- origin=(305,449) shop=0 scrolled=0 reason='unstick confined' status=success
2026-09-30 01:38:23.059  INFO   session     Entity shadow: vision=5 {'player': 2, 'item': 3} memory=6 {'player': 2, 'item': 3, 'monster': 1} paired=4 median=0.040
2026-09-30 01:38:23.629  INFO   loot        approach hop item=131 wp=(299, 449) reason=walk onto item
2026-09-30 01:38:24.311  INFO   loot        farm branch=loot item_id=131
2026-09-30 01:38:24.325  INFO   decision    mode=traveling goal=loot action=searching target=131 sticky=- origin=(302,449) shop=0 scrolled=0 reason='walk onto item' status=success
2026-09-30 01:38:25.007  INFO   search      farm branch=none (wander/search next)
2026-09-30 01:38:25.196  INFO   travel      hop begin wp=(307, 395) purpose=enter_farm reason=enter farm area
2026-09-30 01:38:25.206  INFO   decision    mode=traveling goal=traveling action=traveling target=- sticky=- origin=(304,384) shop=0 scrolled=0 reason='enter farm area' status=success
2026-09-30 01:38:25.864  INFO   search      farm branch=none (wander/search next)
2026-09-30 01:38:26.115  INFO   search      farm branch=none (wander/search next)
2026-09-30 01:38:26.793  INFO   search      farm branch=none (wander/search next)
2026-09-30 01:38:27.275  INFO   search      farm branch=none (wander/search next)
2026-09-30 01:38:27.378  INFO   travel      hop begin wp=(307, 395) purpose=enter_farm reason=enter farm area
2026-09-30 01:38:28.045  INFO   combat      farm branch=screen_combat id=141 dist=12
2026-09-30 01:38:28.072  INFO   combat      engage id=141 species=monster_세퍼드_5 rel=(4,12)
2026-09-30 01:38:28.083  INFO   decision    mode=traveling goal=combat action=attack target=141 sticky=141 origin=(304,386) shop=0 scrolled=0 reason='screen engage' status=success
2026-09-30 01:38:28.741  INFO   session     Entity shadow: vision=3 {'player': 1, 'npc': 2} memory=6 {'monster': 3, 'npc': 3} paired=0 median=0.000 unleveled=68:警衛,10:警衛
2026-09-30 01:38:28.825  INFO   combat      farm branch=sticky id=141 dist=10
2026-09-30 01:38:29.477  INFO   combat      farm branch=sticky id=141 dist=10
2026-09-30 01:38:30.555  INFO   combat      farm branch=sticky id=141 dist=8
2026-09-30 01:38:31.213  INFO   combat      farm branch=sticky id=141 dist=8
2026-09-30 01:38:31.919  INFO   combat      farm branch=sticky id=141 dist=6
2026-09-30 01:38:32.570  INFO   combat      farm branch=sticky id=141 dist=5
2026-09-30 01:38:33.388  INFO   combat      farm branch=sticky id=141 dist=4
2026-09-30 01:38:33.957  INFO   session     Entity shadow: vision=4 {'npc': 2, 'player': 1, 'item': 1} memory=4 {'item': 1, 'monster': 3} paired=1 median=0.003 unleveled=68:警衛,10:警衛
2026-09-30 01:38:34.021  INFO   combat      farm branch=sticky id=141 dist=4
2026-09-30 01:38:35.190  INFO   loot        begin_loot_item id=143
2026-09-30 01:38:35.852  INFO   loot        pickup emit item=143 reason=engage item
2026-09-30 01:38:35.863  INFO   loot        farm branch=loot item_id=143
2026-09-30 01:38:35.875  INFO   decision    mode=traveling goal=loot action=pickup target=143 sticky=- origin=(308,393) shop=0 scrolled=0 reason='engage item' status=success
2026-09-30 01:38:36.627  INFO   loot        pickup retry id=143 (await still listed)
2026-09-30 01:38:36.628  INFO   loot        pickup emit item=143 reason=pickup retry
2026-09-30 01:38:36.639  INFO   loot        farm branch=loot item_id=None
2026-09-30 01:38:37.256  INFO   loot        pickup retry id=143 (await still listed)
2026-09-30 01:38:37.319  INFO   loot        pickup emit item=143 reason=pickup retry
2026-09-30 01:38:37.332  INFO   loot        farm branch=loot item_id=None
2026-09-30 01:38:37.985  INFO   combat      farm branch=screen_combat id=144 dist=11
2026-09-30 01:38:38.068  INFO   combat      engage id=144 species=monster_세퍼드_5 rel=(3,-11)
2026-09-30 01:38:38.082  INFO   decision    mode=traveling goal=combat action=attack target=144 sticky=144 origin=(309,396) shop=0 scrolled=0 reason='screen engage' status=success
2026-09-30 01:38:38.702  INFO   combat      farm branch=sticky id=144 dist=11
2026-09-30 01:38:38.980  INFO   session     Entity shadow: vision=1 {'npc': 1} memory=2 {'monster': 2} paired=0 median=0.000 unleveled=68:警衛
2026-09-30 01:38:39.054  INFO   combat      farm branch=sticky id=144 dist=11
2026-09-30 01:38:39.790  INFO   combat      farm branch=sticky id=144 dist=11
2026-09-30 01:38:40.485  INFO   loot        begin_loot_item id=145
2026-09-30 01:38:40.839  INFO   loot        approach hop item=145 wp=(313, 386) reason=walk onto item
2026-09-30 01:38:40.845  INFO   loot        farm branch=loot item_id=145
2026-09-30 01:38:40.859  INFO   decision    mode=traveling goal=loot action=searching target=145 sticky=- origin=(309,396) shop=0 scrolled=0 reason='walk onto item' status=success
2026-09-30 01:38:41.192  INFO   loot        farm branch=loot item_id=145
2026-09-30 01:38:42.247  INFO   loot        farm branch=loot item_id=145
2026-09-30 01:38:43.218  INFO   loot        approach hop item=145 wp=(313, 386) reason=walk onto item
2026-09-30 01:38:43.660  INFO   loot        farm branch=loot item_id=145
2026-09-30 01:38:44.361  INFO   session     Entity shadow: vision=3 {'player': 1, 'npc': 1, 'item': 1} memory=2 {'monster': 1, 'item': 1} paired=1 median=0.018 unleveled=68:警衛
2026-09-30 01:38:44.467  INFO   loot        farm branch=loot item_id=145
2026-09-30 01:38:44.726  INFO   loot        farm branch=loot item_id=145
2026-09-30 01:38:45.265  INFO   loot        approach hop item=145 wp=(313, 386) reason=walk onto item
2026-09-30 01:38:45.265  INFO   loot        farm branch=loot item_id=145
2026-09-30 01:38:45.771  INFO   loot        farm branch=loot item_id=145
2026-09-30 01:38:45.952  INFO   loot        farm branch=loot item_id=145
2026-09-30 01:38:46.210  INFO   loot        farm branch=loot item_id=145
2026-09-30 01:38:46.705  INFO   loot        farm branch=loot item_id=145
2026-09-30 01:38:46.706  INFO   decision    mode=traveling goal=loot action=pickup target=145 sticky=- origin=(315,388) shop=0 scrolled=0 reason='loot target' status=success
2026-09-30 01:38:47.307  INFO   loot        pickup retry id=145 (await still listed)
2026-09-30 01:38:47.308  INFO   loot        pickup emit item=145 reason=pickup retry
2026-09-30 01:38:47.318  INFO   loot        farm branch=loot item_id=None
2026-09-30 01:38:48.012  INFO   loot        pickup retry id=145 (await still listed)
2026-09-30 01:38:48.270  INFO   loot        pickup emit item=145 reason=pickup retry
2026-09-30 01:38:48.706  INFO   loot        farm branch=loot item_id=None
2026-09-30 01:38:49.453  INFO   session     Entity shadow: vision=6 {'player': 2, 'npc': 3, 'item': 1} memory=6 {'npc': 3, 'monster': 2, 'item': 1} paired=1 median=0.027 unleveled=68:警衛,10:警衛
2026-09-30 01:38:49.547  INFO   loot        pickup retry id=145 (await still listed)
2026-09-30 01:38:49.547  INFO   loot        pickup emit item=145 reason=pickup retry
2026-09-30 01:38:49.558  INFO   loot        farm branch=loot item_id=None
2026-09-30 01:38:50.181  INFO   loot        pickup retry id=145 (await still listed)
2026-09-30 01:38:50.183  INFO   loot        pickup emit item=145 reason=pickup retry
2026-09-30 01:38:50.195  INFO   loot        farm branch=loot item_id=None
2026-09-30 01:38:50.804  INFO   search      farm branch=none (wander/search next)
2026-09-30 01:38:51.023  INFO   travel      hop begin wp=(318, 394) purpose=enter_farm reason=enter farm area
2026-09-30 01:38:51.042  INFO   decision    mode=traveling goal=traveling action=traveling target=- sticky=- origin=(313,385) shop=0 scrolled=0 reason='enter farm area' status=success
2026-09-30 01:38:51.577  INFO   search      farm branch=none (wander/search next)
2026-09-30 01:38:51.818  INFO   search      farm branch=none (wander/search next)
2026-09-30 01:38:52.197  INFO   search      farm branch=none (wander/search next)
2026-09-30 01:38:52.538  INFO   search      farm branch=none (wander/search next)
2026-09-30 01:38:52.888  INFO   search      farm branch=none (wander/search next)
2026-09-30 01:38:53.264  INFO   search      farm branch=none (wander/search next)
2026-09-30 01:38:54.084  INFO   travel      hop begin wp=(320, 396) purpose=enter_farm reason=enter farm area
2026-09-30 01:38:54.715  INFO   session     Entity shadow: vision=1 {'player': 1} memory=1 {'monster': 1} paired=0 median=0.000
2026-09-30 01:38:54.795  INFO   combat      farm branch=screen_combat id=150 dist=8
2026-09-30 01:38:54.807  INFO   combat      engage id=150 species=monster_도베르만_6 rel=(3,8)
2026-09-30 01:38:54.817  INFO   decision    mode=traveling goal=combat action=attack target=150 sticky=150 origin=(318,390) shop=0 scrolled=0 reason='screen engage' status=success
2026-09-30 01:38:55.387  INFO   combat      farm branch=sticky id=150 dist=7
2026-09-30 01:38:55.701  INFO   combat      farm branch=sticky id=150 dist=6
2026-09-30 01:38:56.427  INFO   combat      farm branch=sticky id=150 dist=4
2026-09-30 01:38:57.159  INFO   combat      farm branch=sticky id=150 dist=4
2026-09-30 01:38:57.864  INFO   combat      farm branch=sticky id=150 dist=3
2026-09-30 01:38:58.962  INFO   combat      farm branch=sticky id=150 dist=3
2026-09-30 01:39:00.308  INFO   session     Entity shadow: vision=3 {'item': 1, 'player': 2} memory=1 {'item': 1} paired=1 median=0.045
2026-09-30 01:39:00.386  INFO   loot        begin_loot_item id=151
2026-09-30 01:39:00.387  INFO   loot        pickup emit item=151 reason=engage item
2026-09-30 01:39:00.394  INFO   loot        farm branch=loot item_id=151
2026-09-30 01:39:00.405  INFO   decision    mode=traveling goal=loot action=pickup target=151 sticky=- origin=(319,395) shop=0 scrolled=0 reason='engage item' status=success
2026-09-30 01:39:00.988  INFO   search      farm branch=none (wander/search next)
2026-09-30 01:39:01.159  INFO   travel      hop begin wp=(324, 402) purpose=enter_farm reason=enter farm area
2026-09-30 01:39:01.169  INFO   decision    mode=traveling goal=traveling action=traveling target=- sticky=- origin=(318,394) shop=0 scrolled=0 reason='enter farm area' status=success
2026-09-30 01:39:01.761  INFO   search      farm branch=none (wander/search next)
2026-09-30 01:39:01.987  INFO   search      farm branch=none (wander/search next)
2026-09-30 01:39:02.192  INFO   search      farm branch=none (wander/search next)
2026-09-30 01:39:02.689  INFO   search      farm branch=none (wander/search next)
2026-09-30 01:39:03.129  INFO   search      farm branch=none (wander/search next)
2026-09-30 01:39:03.347  INFO   travel      hop begin wp=(324, 401) purpose=enter_farm reason=enter farm area
2026-09-30 01:39:03.854  INFO   search      farm branch=none (wander/search next)
2026-09-30 01:39:04.137  INFO   search      farm branch=none (wander/search next)
2026-09-30 01:39:04.671  INFO   search      farm branch=none (wander/search next)
2026-09-30 01:39:05.490  INFO   travel      hop begin wp=(324, 401) purpose=enter_farm reason=enter farm area
2026-09-30 01:39:06.094  INFO   session     Entity shadow: vision=1 {'player': 1} memory=0 {} paired=0 median=0.000
2026-09-30 01:39:06.158  INFO   search      farm branch=none (wander/search next)
2026-09-30 01:39:06.361  INFO   search      farm branch=none (wander/search next)
2026-09-30 01:39:06.948  INFO   search      farm branch=none (wander/search next)
2026-09-30 01:39:06.950  INFO   travel      hop arrive wp=(324, 401) purpose=enter_farm
2026-09-30 01:39:07.028  INFO   travel      hop begin wp=(325, 410) purpose=enter_farm reason=enter farm area
2026-09-30 01:39:07.504  INFO   search      farm branch=none (wander/search next)
2026-09-30 01:39:07.700  INFO   search      farm branch=none (wander/search next)
2026-09-30 01:39:07.911  INFO   search      farm branch=none (wander/search next)
2026-09-30 01:39:08.438  INFO   search      farm branch=none (wander/search next)
2026-09-30 01:39:08.875  INFO   search      farm branch=none (wander/search next)
2026-09-30 01:39:09.122  INFO   search      farm branch=none (wander/search next)
2026-09-30 01:39:09.184  INFO   travel      hop begin wp=(328, 413) purpose=enter_farm reason=enter farm area
2026-09-30 01:39:09.936  INFO   search      farm branch=none (wander/search next)
2026-09-30 01:39:11.041  INFO   search      farm branch=none (wander/search next)
2026-09-30 01:39:11.818  INFO   travel      hop begin wp=(328, 413) purpose=enter_farm reason=enter farm area
2026-09-30 01:39:12.459  INFO   session     Entity shadow: vision=1 {'player': 1} memory=1 {'item': 1} paired=0 median=0.000
2026-09-30 01:39:12.541  INFO   search      farm branch=none (wander/search next)
2026-09-30 01:39:12.797  INFO   search      farm branch=none (wander/search next)
2026-09-30 01:39:13.338  INFO   search      farm branch=none (wander/search next)
2026-09-30 01:39:13.718  INFO   search      farm branch=none (wander/search next)
2026-09-30 01:39:13.903  INFO   travel      hop begin wp=(329, 422) purpose=enter_farm reason=enter farm area
2026-09-30 01:39:14.373  INFO   search      farm branch=none (wander/search next)
2026-09-30 01:39:14.828  INFO   search      farm branch=none (wander/search next)
2026-09-30 01:39:15.491  INFO   search      farm branch=none (wander/search next)
2026-09-30 01:39:16.064  INFO   search      farm branch=none (wander/search next)
2026-09-30 01:39:16.835  INFO   travel      hop begin wp=(329, 426) purpose=enter_farm reason=enter farm area
2026-09-30 01:39:17.447  INFO   session     Entity shadow: vision=4 {'player': 2, 'item': 2} memory=5 {'player': 2, 'item': 3} paired=3 median=0.027
2026-09-30 01:39:17.523  INFO   search      farm branch=none (wander/search next)
2026-09-30 01:39:17.879  INFO   search      farm branch=none (wander/search next)
2026-09-30 01:39:18.400  INFO   search      farm branch=none (wander/search next)
2026-09-30 01:39:19.158  INFO   search      farm branch=none (wander/search next)
2026-09-30 01:39:19.542  INFO   travel      hop begin wp=(327, 431) purpose=enter_farm reason=enter farm area
2026-09-30 01:39:20.089  INFO   search      farm branch=none (wander/search next)
2026-09-30 01:39:20.449  INFO   search      farm branch=none (wander/search next)
2026-09-30 01:39:21.204  INFO   loot        begin_loot_item id=159
2026-09-30 01:39:21.592  INFO   loot        approach hop item=159 wp=(337, 425) reason=walk onto item
2026-09-30 01:39:21.602  INFO   loot        farm branch=loot item_id=159
2026-09-30 01:39:21.617  INFO   decision    mode=traveling goal=loot action=searching target=159 sticky=- origin=(328,420) shop=0 scrolled=0 reason='walk onto item' status=success
2026-09-30 01:39:22.114  INFO   loot        farm branch=loot item_id=159
2026-09-30 01:39:22.482  INFO   session     Entity shadow: vision=3 {'player': 1, 'item': 2} memory=7 {'player': 2, 'monster': 1, 'item': 4} paired=2 median=0.119 unleveled=189:鹿
2026-09-30 01:39:23.078  INFO   loot        farm branch=loot item_id=159
2026-09-30 01:39:24.062  INFO   search      farm branch=none (wander/search next)
2026-09-30 01:39:24.526  INFO   travel      hop begin wp=(328, 435) purpose=enter_farm reason=enter farm area
2026-09-30 01:39:24.537  INFO   decision    mode=traveling goal=traveling action=traveling target=- sticky=- origin=(328,423) shop=0 scrolled=0 reason='enter farm area' status=success
2026-09-30 01:39:24.997  INFO   search      farm branch=none (wander/search next)
2026-09-30 01:39:25.436  INFO   combat      farm branch=screen_combat id=161 dist=17
2026-09-30 01:39:25.461  INFO   combat      engage id=161 species=monster_오크 전사_8 rel=(-3,17)
2026-09-30 01:39:25.888  INFO   decision    mode=traveling goal=combat action=attack target=161 sticky=161 origin=(331,426) shop=0 scrolled=0 reason='screen engage' status=success
2026-09-30 01:39:26.599  INFO   combat      farm branch=sticky id=161 dist=16
2026-09-30 01:39:26.990  INFO   combat      farm branch=sticky id=161 dist=16
2026-09-30 01:39:27.986  INFO   session     Entity shadow: vision=1 {'monster': 1} memory=7 {'monster': 5, 'player': 2} paired=0 median=0.000 unleveled=189:鹿
2026-09-30 01:39:28.078  INFO   combat      farm branch=sticky id=161 dist=15
2026-09-30 01:39:28.515  INFO   combat      farm branch=sticky id=161 dist=13
2026-09-30 01:39:29.407  INFO   combat      farm branch=sticky id=161 dist=12
2026-09-30 01:39:30.642  INFO   combat      farm branch=sticky id=161 dist=9
2026-09-30 01:39:31.232  INFO   combat      farm branch=sticky id=161 dist=9
2026-09-30 01:39:31.533  INFO   combat      wall/fence LOS blocked id=161 — A* detour hop to (322, 441)
2026-09-30 01:39:31.542  INFO   decision    mode=traveling goal=combat action=searching target=161 sticky=161 origin=(327,434) shop=0 scrolled=0 reason='wall detour A*' status=success
2026-09-30 01:39:32.043  INFO   combat      farm branch=sticky id=161 dist=8
2026-09-30 01:39:32.261  INFO   decision    mode=traveling goal=combat action=attack target=161 sticky=161 origin=(327,434) shop=0 scrolled=0 reason='attack target' status=success
2026-09-30 01:39:32.934  INFO   session     Entity shadow: vision=3 {'player': 1, 'monster': 1, 'item': 1} memory=11 {'monster': 7, 'item': 1, 'player': 3} paired=2 median=0.017 unleveled=189:鹿,207:兔子
2026-09-30 01:39:33.067  INFO   combat      farm branch=sticky id=161 dist=6
2026-09-30 01:39:33.548  INFO   combat      farm branch=sticky id=161 dist=5
2026-09-30 01:39:33.920  INFO   combat      farm branch=sticky id=161 dist=5
2026-09-30 01:39:34.682  INFO   loot        begin_loot_item id=168
2026-09-30 01:39:35.063  INFO   loot        pickup emit item=168 reason=engage item
2026-09-30 01:39:35.072  INFO   loot        farm branch=loot item_id=168
2026-09-30 01:39:35.085  INFO   decision    mode=traveling goal=loot action=pickup target=168 sticky=- origin=(324,438) shop=0 scrolled=0 reason='engage item' status=success
2026-09-30 01:39:35.865  INFO   loot        pickup retry id=168 (await still listed)
2026-09-30 01:39:36.532  INFO   loot        pickup emit item=168 reason=pickup retry
2026-09-30 01:39:36.545  INFO   loot        farm branch=loot item_id=None
2026-09-30 01:39:37.269  INFO   loot        pickup retry id=168 (await still listed)
2026-09-30 01:39:37.322  INFO   loot        pickup emit item=168 reason=pickup retry
2026-09-30 01:39:37.332  INFO   loot        farm branch=loot item_id=None
2026-09-30 01:39:38.034  INFO   session     Entity shadow: vision=4 {'item': 1, 'player': 2, 'monster': 1} memory=8 {'monster': 4, 'player': 3, 'item': 1} paired=4 median=0.041 unleveled=207:兔子,189:鹿
2026-09-30 01:39:38.105  INFO   loot        pickup retry id=168 (await still listed)
2026-09-30 01:39:38.121  INFO   loot        pickup emit item=168 reason=pickup retry
2026-09-30 01:39:38.131  INFO   loot        farm branch=loot item_id=None
2026-09-30 01:39:38.785  INFO   loot        pickup retry id=168 (await still listed)
2026-09-30 01:39:38.786  INFO   loot        pickup emit item=168 reason=pickup retry
2026-09-30 01:39:38.796  INFO   loot        farm branch=loot item_id=None
2026-09-30 01:39:39.435  INFO   loot        pickup retry id=168 (await still listed)
2026-09-30 01:39:39.495  INFO   loot        pickup emit item=168 reason=pickup retry
2026-09-30 01:39:39.505  INFO   loot        farm branch=loot item_id=None
2026-09-30 01:39:40.225  INFO   loot        begin_loot_item id=174
2026-09-30 01:39:40.226  INFO   loot        pickup emit item=174 reason=engage item
2026-09-30 01:39:40.233  INFO   loot        farm branch=loot item_id=174
2026-09-30 01:39:40.244  INFO   decision    mode=traveling goal=loot action=pickup target=174 sticky=- origin=(325,439) shop=0 scrolled=0 reason='engage item' status=success
2026-09-30 01:39:40.934  INFO   loot        pickup re-approach id=174 (await still listed)
2026-09-30 01:39:40.939  INFO   loot        approach hop item=174 wp=(325, 440) reason=walk onto item
2026-09-30 01:39:40.950  INFO   loot        farm branch=loot item_id=174
2026-09-30 01:39:40.962  INFO   decision    mode=traveling goal=loot action=searching target=174 sticky=- origin=(327,440) shop=0 scrolled=0 reason='walk onto item' status=success
2026-09-30 01:39:41.437  INFO   loot        begin_loot_item id=175
2026-09-30 01:39:41.625  INFO   loot        approach hop item=175 wp=(322, 442) reason=walk onto item
2026-09-30 01:39:41.641  INFO   loot        farm branch=loot item_id=175
2026-09-30 01:39:41.654  INFO   decision    mode=traveling goal=loot action=searching target=175 sticky=- origin=(326,439) shop=0 scrolled=0 reason='walk onto item' status=success
2026-09-30 01:39:42.363  INFO   loot        farm branch=loot item_id=175
2026-09-30 01:39:43.250  INFO   session     Entity shadow: vision=2 {'item': 2} memory=7 {'player': 3, 'monster': 3, 'item': 1} paired=1 median=0.025 unleveled=189:鹿,207:兔子
2026-09-30 01:39:43.386  INFO   combat      farm branch=screen_combat id=171 dist=4
2026-09-30 01:39:43.837  INFO   combat      engage id=171 species=monster_늑대인간_9 rel=(-3,4)
2026-09-30 01:39:43.848  INFO   decision    mode=traveling goal=combat action=attack target=171 sticky=171 origin=(326,439) shop=0 scrolled=0 reason='screen engage' status=success
2026-09-30 01:39:44.537  INFO   combat      farm branch=screen_combat id=176 dist=11
2026-09-30 01:39:44.576  INFO   combat      engage id=176 species=monster_그렘린_4 rel=(3,11)
2026-09-30 01:39:44.587  INFO   decision    mode=traveling goal=combat action=attack target=176 sticky=176 origin=(323,442) shop=0 scrolled=0 reason='screen engage' status=success
2026-09-30 01:39:45.172  INFO   combat      farm branch=sticky id=176 dist=10
2026-09-30 01:39:45.573  INFO   combat      farm branch=sticky id=176 dist=8
2026-09-30 01:39:46.239  INFO   combat      farm branch=sticky id=176 dist=8
2026-09-30 01:39:46.953  INFO   combat      farm branch=sticky id=177 dist=6
2026-09-30 01:39:47.278  INFO   combat      wall/fence LOS blocked id=177 — A* detour hop to (330, 448)
2026-09-30 01:39:47.284  INFO   decision    mode=traveling goal=combat action=searching target=177 sticky=177 origin=(324,445) shop=0 scrolled=0 reason='wall detour A*' status=success
2026-09-30 01:39:48.002  INFO   combat      farm branch=sticky id=177 dist=3
2026-09-30 01:39:48.690  INFO   decision    mode=traveling goal=combat action=attack target=177 sticky=177 origin=(326,447) shop=0 scrolled=0 reason='attack target' status=success
2026-09-30 01:39:49.392  INFO   session     Entity shadow: vision=4 {'player': 3, 'item': 1} memory=6 {'player': 3, 'monster': 2, 'item': 1} paired=3 median=0.039 unleveled=207:兔子
2026-09-30 01:39:49.481  INFO   loot        begin_loot_item id=179
2026-09-30 01:39:49.482  INFO   loot        pickup emit item=179 reason=engage item
2026-09-30 01:39:49.490  INFO   loot        farm branch=loot item_id=179
2026-09-30 01:39:49.500  INFO   decision    mode=traveling goal=loot action=pickup target=179 sticky=- origin=(327,448) shop=0 scrolled=0 reason='engage item' status=success
2026-09-30 01:39:50.120  INFO   loot        pickup retry id=179 (await still listed)
2026-09-30 01:39:50.123  INFO   loot        pickup emit item=179 reason=pickup retry
2026-09-30 01:39:50.136  INFO   loot        farm branch=loot item_id=None
2026-09-30 01:39:50.802  INFO   loot        pickup retry id=179 (await still listed)
2026-09-30 01:39:50.847  INFO   loot        pickup emit item=179 reason=pickup retry
2026-09-30 01:39:50.861  INFO   loot        farm branch=loot item_id=None
2026-09-30 01:39:51.464  INFO   loot        pickup retry id=179 (await still listed)
2026-09-30 01:39:51.570  INFO   loot        pickup emit item=179 reason=pickup retry
2026-09-30 01:39:51.585  INFO   loot        farm branch=loot item_id=None
2026-09-30 01:39:52.360  INFO   combat      farm branch=screen_combat id=178 dist=13
2026-09-30 01:39:52.400  INFO   combat      engage id=178 species=monster_늑대인간_9 rel=(-5,13)
2026-09-30 01:39:52.411  INFO   decision    mode=traveling goal=combat action=attack target=178 sticky=178 origin=(329,450) shop=0 scrolled=0 reason='screen engage' status=success
2026-09-30 01:39:53.001  INFO   combat      farm branch=sticky id=178 dist=13
2026-09-30 01:39:53.363  INFO   combat      farm branch=sticky id=178 dist=13
2026-09-30 01:39:54.031  INFO   combat      farm branch=sticky id=178 dist=13
2026-09-30 01:39:55.079  INFO   session     Entity shadow: vision=4 {'player': 3, 'monster': 1} memory=5 {'player': 2, 'monster': 3} paired=3 median=0.011 unleveled=207:兔子
2026-09-30 01:39:55.248  INFO   combat      farm branch=sticky id=178 dist=12
2026-09-30 01:39:56.009  INFO   combat      wall/fence LOS blocked id=178 — A* detour hop to (326, 463)
2026-09-30 01:39:56.028  INFO   decision    mode=traveling goal=combat action=searching target=178 sticky=178 origin=(329,450) shop=0 scrolled=0 reason='wall detour A*' status=success
2026-09-30 01:39:56.630  INFO   combat      farm branch=sticky id=180 dist=9
2026-09-30 01:39:56.702  INFO   decision    mode=traveling goal=combat action=attack target=180 sticky=180 origin=(328,451) shop=0 scrolled=0 reason='attack target' status=success
2026-09-30 01:39:57.375  INFO   combat      farm branch=sticky id=180 dist=8
2026-09-30 01:39:57.844  INFO   search      farm branch=none (wander/search next)
2026-09-30 01:39:58.167  INFO   travel      hop begin wp=(326, 444) purpose=enter_farm reason=enter farm area
2026-09-30 01:39:58.168  INFO   decision    mode=traveling goal=traveling action=traveling target=- sticky=- origin=(329,452) shop=0 scrolled=0 reason='enter farm area' status=success
2026-09-30 01:39:58.605  INFO   search      farm branch=none (wander/search next)
2026-09-30 01:39:59.175  INFO   search      farm branch=none (wander/search next)
2026-09-30 01:39:59.757  INFO   session     Entity shadow: vision=3 {'player': 2, 'item': 1} memory=4 {'player': 2, 'item': 1, 'monster': 1} paired=3 median=0.015 unleveled=207:兔子
2026-09-30 01:39:59.845  INFO   search      farm branch=none (wander/search next)
2026-09-30 01:40:00.294  INFO   travel      hop begin wp=(326, 444) purpose=enter_farm reason=enter farm area
2026-09-30 01:40:00.663  INFO   search      farm branch=none (wander/search next)
2026-09-30 01:40:01.229  INFO   search      farm branch=none (wander/search next)
2026-09-30 01:40:01.609  INFO   search      farm branch=none (wander/search next)
2026-09-30 01:40:02.490  INFO   search      farm branch=none (wander/search next)
2026-09-30 01:40:03.155  INFO   travel      hop begin wp=(321, 446) purpose=enter_farm reason=enter farm, walk around
2026-09-30 01:40:03.731  INFO   combat      farm branch=screen_combat id=182 dist=10
2026-09-30 01:40:03.974  INFO   combat      engage id=182 species=monster_세퍼드_5 rel=(0,-10)
2026-09-30 01:40:03.987  INFO   decision    mode=traveling goal=combat action=attack target=182 sticky=182 origin=(325,444) shop=0 scrolled=0 reason='screen engage' status=success
2026-09-30 01:40:04.630  INFO   combat      farm branch=sticky id=182 dist=10
2026-09-30 01:40:04.706  INFO   combat      wall/fence LOS blocked id=182 — A* detour hop to (326, 433)
2026-09-30 01:40:04.717  INFO   decision    mode=traveling goal=combat action=searching target=182 sticky=182 origin=(324,444) shop=0 scrolled=0 reason='wall detour A*' status=success
2026-09-30 01:40:05.405  INFO   session     Entity shadow: vision=1 {'player': 1} memory=3 {'monster': 2, 'player': 1} paired=0 median=0.000 unleveled=207:兔子
2026-09-30 01:40:05.506  INFO   combat      farm branch=sticky id=182 dist=10
2026-09-30 01:40:05.563  INFO   combat      wall/fence LOS blocked id=182 — A* detour hop to (326, 433)
2026-09-30 01:40:06.109  INFO   combat      farm branch=sticky id=182 dist=7
2026-09-30 01:40:06.140  INFO   decision    mode=traveling goal=combat action=attack target=182 sticky=182 origin=(326,442) shop=0 scrolled=0 reason='attack target' status=success
2026-09-30 01:40:06.814  INFO   combat      farm branch=sticky id=182 dist=5
2026-09-30 01:40:07.606  INFO   combat      farm branch=sticky id=182 dist=5
2026-09-30 01:40:08.376  INFO   combat      farm branch=sticky id=182 dist=2
2026-09-30 01:40:08.711  INFO   combat      farm branch=sticky id=182 dist=2
2026-09-30 01:40:09.312  INFO   combat      farm branch=sticky id=182 dist=3
2026-09-30 01:40:10.052  INFO   loot        begin_loot_item id=187
2026-09-30 01:40:10.418  INFO   loot        approach hop item=187 wp=(331, 438) reason=walk onto item
2026-09-30 01:40:10.428  INFO   loot        farm branch=loot item_id=187
2026-09-30 01:40:10.441  INFO   decision    mode=traveling goal=loot action=searching target=187 sticky=- origin=(329,439) shop=0 scrolled=0 reason='walk onto item' status=success
2026-09-30 01:40:11.128  INFO   session     Entity shadow: vision=2 {'player': 1, 'item': 1} memory=5 {'monster': 3, 'player': 1, 'item': 1} paired=1 median=0.028 unleveled=207:兔子
2026-09-30 01:40:11.243  INFO   loot        farm branch=loot item_id=187
2026-09-30 01:40:11.491  INFO   loot        farm branch=loot item_id=187
2026-09-30 01:40:12.064  INFO   loot        farm branch=loot item_id=187
2026-09-30 01:40:12.065  INFO   decision    mode=traveling goal=loot action=pickup target=187 sticky=- origin=(331,438) shop=0 scrolled=0 reason='loot target' status=success
2026-09-30 01:40:12.602  INFO   loot        begin_loot_item id=188
2026-09-30 01:40:12.605  INFO   loot        approach hop item=188 wp=(330, 425) reason=walk onto item
2026-09-30 01:40:12.613  INFO   loot        farm branch=loot item_id=188
2026-09-30 01:40:12.627  INFO   decision    mode=traveling goal=loot action=searching target=188 sticky=- origin=(331,438) shop=0 scrolled=0 reason='walk onto item' status=success
2026-09-30 01:40:13.316  INFO   loot        farm branch=loot item_id=188
2026-09-30 01:40:14.374  INFO   loot        farm branch=loot item_id=188
2026-09-30 01:40:14.961  INFO   loot        approach hop item=188 wp=(330, 425) reason=walk onto item
2026-09-30 01:40:14.962  INFO   loot        farm branch=loot item_id=188
2026-09-30 01:40:15.473  INFO   loot        farm branch=loot item_id=188
2026-09-30 01:40:15.657  INFO   loot        farm branch=loot item_id=188
2026-09-30 01:40:15.954  INFO   loot        farm branch=loot item_id=188
2026-09-30 01:40:16.351  INFO   session     Entity shadow: vision=3 {'player': 2, 'monster': 1} memory=4 {'player': 1, 'monster': 2, 'item': 1} paired=2 median=0.033 unleveled=207:兔子
2026-09-30 01:40:16.413  INFO   loot        farm branch=loot item_id=188
2026-09-30 01:40:16.915  INFO   combat      farm branch=screen_combat id=189 dist=10
2026-09-30 01:40:16.934  INFO   combat      engage id=189 species=monster_늑대인간_9 rel=(-4,-10)
2026-09-30 01:40:16.945  INFO   decision    mode=traveling goal=combat action=attack target=189 sticky=189 origin=(329,436) shop=0 scrolled=0 reason='screen engage' status=success
2026-09-30 01:40:17.559  INFO   combat      farm branch=sticky id=189 dist=10
2026-09-30 01:40:17.821  INFO   combat      farm branch=sticky id=189 dist=8
2026-09-30 01:40:18.289  INFO   search      farm branch=none (wander/search next)
2026-09-30 01:40:18.320  INFO   travel      hop begin wp=(326, 442) purpose=enter_farm reason=enter farm area
2026-09-30 01:40:18.331  INFO   decision    mode=traveling goal=traveling action=traveling target=- sticky=- origin=(329,434) shop=0 scrolled=0 reason='enter farm area' status=success
2026-09-30 01:40:19.035  INFO   search      farm branch=none (wander/search next)
2026-09-30 01:40:19.974  INFO   search      farm branch=none (wander/search next)
2026-09-30 01:40:20.466  INFO   travel      hop begin wp=(326, 442) purpose=enter_farm reason=enter farm area
2026-09-30 01:40:20.837  INFO   search      farm branch=none (wander/search next)
2026-09-30 01:40:21.423  INFO   search      farm branch=none (wander/search next)
2026-09-30 01:40:22.017  INFO   session     Entity shadow: vision=0 {} memory=2 {'monster': 1, 'player': 1} paired=0 median=0.000 unleveled=207:兔子
2026-09-30 01:40:22.097  INFO   search      farm branch=none (wander/search next)
2026-09-30 01:40:22.558  INFO   search      farm branch=none (wander/search next)
2026-09-30 01:40:22.613  INFO   travel      hop begin wp=(326, 442) purpose=enter_farm reason=enter farm area
2026-09-30 01:40:22.993  INFO   search      farm branch=none (wander/search next)
2026-09-30 01:40:23.517  INFO   search      farm branch=none (wander/search next)
2026-09-30 01:40:24.112  INFO   search      farm branch=none (wander/search next)
2026-09-30 01:40:24.818  INFO   travel      hop begin wp=(326, 442) purpose=enter_farm reason=enter farm area
2026-09-30 01:40:25.357  INFO   search      farm branch=none (wander/search next)
2026-09-30 01:40:25.767  INFO   search      farm branch=none (wander/search next)
2026-09-30 01:40:26.157  INFO   search      farm branch=none (wander/search next)
2026-09-30 01:40:26.244  INFO   travel      hop arrive wp=(326, 442) purpose=enter_farm
2026-09-30 01:40:26.259  INFO   travel      hop begin wp=(326, 442) purpose=enter_farm reason=enter farm area
2026-09-30 01:40:26.694  INFO   search      farm branch=none (wander/search next)
2026-09-30 01:40:26.953  INFO   travel      hop arrive wp=(326, 442) purpose=enter_farm
2026-09-30 01:40:26.972  INFO   travel      hop begin wp=(326, 442) purpose=enter_farm reason=enter farm area
2026-09-30 01:40:27.669  INFO   session     Entity shadow: vision=1 {'monster': 1} memory=1 {'monster': 1} paired=0 median=0.000 unleveled=207:兔子
2026-09-30 01:40:27.769  INFO   search      farm branch=none (wander/search next)
2026-09-30 01:40:27.806  INFO   search      farm branch=none (wander/search next)
2026-09-30 01:40:27.833  INFO   search      hop start wp=(332, 444) reason=search area
2026-09-30 01:40:27.854  INFO   decision    mode=farming goal=search action=searching target=- sticky=- origin=(326,442) shop=0 scrolled=0 reason='search area' status=success
2026-09-30 01:40:28.395  INFO   search      farm branch=none (wander/search next)
2026-09-30 01:40:28.616  INFO   search      farm branch=none (wander/search next)
2026-09-30 01:40:29.016  INFO   search      farm branch=none (wander/search next)
2026-09-30 01:40:29.357  INFO   search      farm branch=none (wander/search next)
2026-09-30 01:40:29.742  INFO   search      farm branch=none (wander/search next)
2026-09-30 01:40:30.072  INFO   search      farm branch=none (wander/search next)
2026-09-30 01:40:30.598  INFO   search      farm branch=none (wander/search next)
2026-09-30 01:40:31.548  INFO   search      farm branch=none (wander/search next)
2026-09-30 01:40:31.948  INFO   search      hop arrive wp=(332, 444)
2026-09-30 01:40:31.967  INFO   search      hop start wp=(335, 449) reason=search area
2026-09-30 01:40:32.644  INFO   session     Entity shadow: vision=2 {'player': 1, 'item': 1} memory=1 {'item': 1} paired=1 median=0.024
2026-09-30 01:40:32.730  INFO   search      farm branch=none (wander/search next)
2026-09-30 01:40:33.004  INFO   search      farm branch=none (wander/search next)
2026-09-30 01:40:33.590  INFO   search      farm branch=none (wander/search next)
2026-09-30 01:40:33.595  INFO   search      hop arrive wp=(335, 449)
2026-09-30 01:40:33.606  INFO   search      hop start wp=(338, 449) reason=search area
2026-09-30 01:40:34.375  INFO   combat      farm branch=screen_combat id=191 dist=12
2026-09-30 01:40:34.791  INFO   combat      engage id=191 species=monster_오크_2 rel=(12,4)
2026-09-30 01:40:34.805  INFO   decision    mode=farming goal=combat action=attack target=191 sticky=191 origin=(334,448) shop=0 scrolled=0 reason='screen engage' status=success
2026-09-30 01:40:35.492  INFO   combat      farm branch=sticky id=191 dist=9
2026-09-30 01:40:35.856  INFO   combat      farm branch=sticky id=191 dist=8
2026-09-30 01:40:36.517  INFO   combat      farm branch=sticky id=191 dist=6
2026-09-30 01:40:37.634  INFO   combat      farm branch=sticky id=191 dist=4
2026-09-30 01:40:39.028  INFO   session     Entity shadow: vision=0 {} memory=1 {'monster': 1} paired=0 median=0.000
2026-09-30 01:40:39.103  INFO   combat      farm branch=sticky id=191 dist=3
2026-09-30 01:40:39.555  INFO   combat      farm branch=sticky id=191 dist=3
2026-09-30 01:40:40.075  INFO   combat      farm branch=sticky id=191 dist=3
2026-09-30 01:40:40.758  INFO   combat      farm branch=sticky id=191 dist=3
2026-09-30 01:40:41.515  INFO   search      farm branch=none (wander/search next)
2026-09-30 01:40:41.878  INFO   decision    mode=farming goal=search action=searching target=- sticky=- origin=(342,447) shop=0 scrolled=0 reason='search area' status=success
2026-09-30 01:40:42.344  INFO   search      farm branch=none (wander/search next)
2026-09-30 01:40:43.271  INFO   search      farm branch=none (wander/search next)
2026-09-30 01:40:44.139  INFO   session     Entity shadow: vision=0 {} memory=1 {'player': 1} paired=0 median=0.000
2026-09-30 01:40:44.216  INFO   search      farm branch=none (wander/search next)
2026-09-30 01:40:44.910  INFO   search      farm branch=none (wander/search next)
2026-09-30 01:40:45.564  INFO   search      farm branch=none (wander/search next)
2026-09-30 01:40:46.063  INFO   search      hop arrive wp=(347, 449)
2026-09-30 01:40:46.076  INFO   search      hop start wp=(349, 451) reason=search area
2026-09-30 01:40:46.463  INFO   combat      farm branch=screen_combat id=193 dist=15
2026-09-30 01:40:46.822  INFO   combat      engage id=193 species=monster_그렘린_4 rel=(15,-2)
2026-09-30 01:40:46.832  INFO   decision    mode=farming goal=combat action=attack target=193 sticky=193 origin=(346,448) shop=0 scrolled=0 reason='screen engage' status=success
2026-09-30 01:40:47.513  INFO   combat      farm branch=sticky id=193 dist=14
2026-09-30 01:40:47.812  INFO   combat      farm branch=sticky id=193 dist=14
2026-09-30 01:40:48.953  INFO   combat      farm branch=sticky id=193 dist=12
2026-09-30 01:40:50.336  INFO   session     Entity shadow: vision=2 {'player': 2} memory=2 {'monster': 1, 'player': 1} paired=1 median=0.015
2026-09-30 01:40:50.441  INFO   combat      farm branch=sticky id=193 dist=10
2026-09-30 01:40:50.899  INFO   combat      farm branch=sticky id=193 dist=7
2026-09-30 01:40:51.462  INFO   combat      farm branch=sticky id=193 dist=6
2026-09-30 01:40:52.094  INFO   combat      farm branch=sticky id=193 dist=6
2026-09-30 01:40:52.805  INFO   loot        begin_loot_item id=194
2026-09-30 01:40:53.168  INFO   loot        approach hop item=194 wp=(360, 440) reason=walk onto item
2026-09-30 01:40:53.172  INFO   loot        farm branch=loot item_id=194
2026-09-30 01:40:53.208  INFO   decision    mode=farming goal=loot action=searching target=194 sticky=- origin=(354,444) shop=0 scrolled=0 reason='walk onto item' status=success
2026-09-30 01:40:53.684  INFO   loot        farm branch=loot item_id=194
2026-09-30 01:40:54.159  INFO   loot        farm branch=loot item_id=194
2026-09-30 01:40:54.838  INFO   loot        farm branch=loot item_id=194
2026-09-30 01:40:55.470  INFO   session     Entity shadow: vision=1 {'player': 1} memory=2 {'monster': 1, 'player': 1} paired=1 median=0.118
2026-09-30 01:40:56.012  INFO   combat      farm branch=screen_combat id=195 dist=15
2026-09-30 01:40:56.693  INFO   combat      engage id=195 species=monster_그렘린_4 rel=(0,15)
2026-09-30 01:40:56.706  INFO   decision    mode=farming goal=combat action=attack target=195 sticky=195 origin=(357,441) shop=0 scrolled=0 reason='screen engage' status=success
2026-09-30 01:40:57.444  INFO   combat      farm branch=sticky id=195 dist=14
2026-09-30 01:40:57.690  INFO   combat      farm branch=sticky id=195 dist=14
2026-09-30 01:40:58.496  INFO   combat      farm branch=sticky id=195 dist=12
2026-09-30 01:40:59.071  INFO   combat      farm branch=sticky id=195 dist=11
2026-09-30 01:40:59.830  INFO   combat      farm branch=sticky id=195 dist=10
2026-09-30 01:41:00.469  INFO   combat      farm branch=sticky id=195 dist=7
2026-09-30 01:41:01.565  INFO   session     Entity shadow: vision=3 {'player': 3} memory=2 {'player': 1, 'monster': 1} paired=0 median=0.000
2026-09-30 01:41:01.659  INFO   combat      farm branch=sticky id=195 dist=7
2026-09-30 01:41:02.154  INFO   combat      farm branch=sticky id=195 dist=5
2026-09-30 01:41:03.117  INFO   search      farm branch=none (wander/search next)
2026-09-30 01:41:03.803  INFO   decision    mode=farming goal=search action=searching target=- sticky=- origin=(357,448) shop=0 scrolled=0 reason='search area' status=success
2026-09-30 01:41:04.354  INFO   search      farm branch=none (wander/search next)
2026-09-30 01:41:04.766  INFO   search      farm branch=none (wander/search next)
2026-09-30 01:41:05.219  INFO   search      hop arrive wp=(361, 451)
2026-09-30 01:41:05.240  INFO   search      hop start wp=(365, 453) reason=search area
2026-09-30 01:41:05.638  INFO   search      farm branch=none (wander/search next)
2026-09-30 01:41:06.122  INFO   search      farm branch=none (wander/search next)
2026-09-30 01:41:06.617  INFO   session     Entity shadow: vision=1 {'player': 1} memory=3 {'player': 1, 'monster': 2} paired=0 median=0.000
2026-09-30 01:41:06.719  INFO   combat      farm branch=screen_combat id=198 dist=8
2026-09-30 01:41:06.736  INFO   combat      engage id=198 species=monster_해골_10 rel=(6,8)
2026-09-30 01:41:06.746  INFO   decision    mode=farming goal=combat action=attack target=198 sticky=198 origin=(363,454) shop=0 scrolled=0 reason='screen engage' status=success
2026-09-30 01:41:07.409  INFO   combat      farm branch=sticky id=198 dist=7
2026-09-30 01:41:07.805  INFO   combat      farm branch=sticky id=198 dist=6
2026-09-30 01:41:08.342  INFO   combat      farm branch=sticky id=198 dist=5
2026-09-30 01:41:09.525  INFO   combat      farm branch=sticky id=198 dist=2
2026-09-30 01:41:10.612  INFO   combat      farm branch=sticky id=198 dist=1
2026-09-30 01:41:11.256  INFO   combat      farm branch=sticky id=198 dist=2
2026-09-30 01:41:12.347  INFO   session     Entity shadow: vision=2 {'player': 2} memory=2 {'monster': 1, 'player': 1} paired=1 median=0.034
2026-09-30 01:41:12.435  INFO   combat      farm branch=sticky id=198 dist=3
2026-09-30 01:41:12.870  INFO   combat      farm branch=sticky id=198 dist=4
2026-09-30 01:41:13.483  INFO   loot        begin_loot_item id=201
2026-09-30 01:41:13.792  INFO   loot        approach hop item=201 wp=(364, 464) reason=walk onto item
2026-09-30 01:41:13.800  INFO   loot        farm branch=loot item_id=201
2026-09-30 01:41:13.832  INFO   decision    mode=farming goal=loot action=searching target=201 sticky=- origin=(368,460) shop=0 scrolled=0 reason='walk onto item' status=success
2026-09-30 01:41:14.277  INFO   loot        farm branch=loot item_id=201
2026-09-30 01:41:14.814  INFO   loot        farm branch=loot item_id=201
2026-09-30 01:41:15.984  INFO   loot        approach hop item=201 wp=(364, 464) reason=walk onto item
2026-09-30 01:41:16.657  INFO   loot        farm branch=loot item_id=201
2026-09-30 01:41:17.360  INFO   session     Entity shadow: vision=4 {'player': 2, 'item': 2} memory=2 {'player': 1, 'item': 1} paired=2 median=0.028
2026-09-30 01:41:17.482  INFO   search      farm branch=none (wander/search next)
2026-09-30 01:41:17.497  INFO   decision    mode=farming goal=search action=searching target=- sticky=- origin=(368,460) shop=0 scrolled=0 reason='search area' status=success
2026-09-30 01:41:17.898  INFO   search      farm branch=none (wander/search next)
2026-09-30 01:41:18.335  INFO   search      farm branch=none (wander/search next)
2026-09-30 01:41:18.800  INFO   search      farm branch=none (wander/search next)
2026-09-30 01:41:18.839  INFO   search      hop arrive wp=(364, 464)
2026-09-30 01:41:18.850  INFO   search      hop start wp=(372, 464) reason=search area
2026-09-30 01:41:19.266  INFO   search      farm branch=none (wander/search next)
2026-09-30 01:41:19.837  INFO   search      farm branch=none (wander/search next)
2026-09-30 01:41:20.503  INFO   search      farm branch=none (wander/search next)
2026-09-30 01:41:21.182  INFO   search      farm branch=none (wander/search next)
2026-09-30 01:41:21.870  INFO   combat      farm branch=screen_combat id=202 dist=11
2026-09-30 01:41:22.317  INFO   combat      engage id=202 species=monster_해골_10 rel=(11,-4)
2026-09-30 01:41:22.328  INFO   decision    mode=farming goal=combat action=attack target=202 sticky=202 origin=(367,464) shop=0 scrolled=0 reason='screen engage' status=success
2026-09-30 01:41:23.009  INFO   session     Entity shadow: vision=3 {'player': 2, 'monster': 1} memory=4 {'player': 1, 'monster': 3} paired=2 median=0.028 unleveled=211:兔子,208:兔子
2026-09-30 01:41:23.185  INFO   combat      farm branch=sticky id=202 dist=9
2026-09-30 01:41:23.881  INFO   combat      wall/fence LOS blocked id=202 — A* detour hop to (378, 462)
2026-09-30 01:41:23.892  INFO   decision    mode=farming goal=combat action=searching target=202 sticky=202 origin=(368,465) shop=0 scrolled=0 reason='wall detour A*' status=success
2026-09-30 01:41:24.481  INFO   combat      farm branch=sticky id=202 dist=5
2026-09-30 01:41:24.626  INFO   decision    mode=farming goal=combat action=attack target=202 sticky=202 origin=(370,464) shop=0 scrolled=0 reason='attack target' status=success
2026-09-30 01:41:25.321  INFO   combat      farm branch=sticky id=202 dist=2
2026-09-30 01:41:25.726  INFO   combat      farm branch=sticky id=202 dist=1
2026-09-30 01:41:26.352  INFO   combat      farm branch=sticky id=202 dist=1
2026-09-30 01:41:27.065  INFO   combat      farm branch=sticky id=202 dist=1
2026-09-30 01:41:27.741  INFO   combat      farm branch=sticky id=202 dist=1
2026-09-30 01:41:28.851  INFO   session     Entity shadow: vision=2 {'player': 2} memory=3 {'monster': 2, 'player': 1} paired=1 median=0.046 unleveled=211:兔子,208:兔子
2026-09-30 01:41:29.050  INFO   search      farm branch=none (wander/search next)
2026-09-30 01:41:29.748  INFO   decision    mode=farming goal=search action=searching target=- sticky=- origin=(374,462) shop=0 scrolled=0 reason='search area' status=success
2026-09-30 01:41:30.375  INFO   search      farm branch=none (wander/search next)
2026-09-30 01:41:30.726  INFO   search      farm branch=none (wander/search next)
2026-09-30 01:41:31.431  INFO   search      farm branch=none (wander/search next)
2026-09-30 01:41:32.067  INFO   search      farm branch=none (wander/search next)
2026-09-30 01:41:32.567  INFO   search      farm branch=none (wander/search next)
2026-09-30 01:41:32.754  INFO   search      farm branch=none (wander/search next)
2026-09-30 01:41:33.027  INFO   search      farm branch=none (wander/search next)
2026-09-30 01:41:33.546  INFO   session     Entity shadow: vision=2 {'player': 2} memory=3 {'monster': 2, 'player': 1} paired=1 median=0.039 unleveled=208:兔子,211:兔子
2026-09-30 01:41:33.669  INFO   search      farm branch=none (wander/search next)
2026-09-30 01:41:34.800  INFO   search      farm branch=none (wander/search next)
2026-09-30 01:41:35.062  INFO   search      hop arrive wp=(380, 463)
2026-09-30 01:41:35.496  INFO   search      hop start wp=(384, 465) reason=search area
2026-09-30 01:41:35.960  INFO   search      farm branch=none (wander/search next)
2026-09-30 01:41:36.414  INFO   search      farm branch=none (wander/search next)
2026-09-30 01:41:36.783  INFO   search      farm branch=none (wander/search next)
2026-09-30 01:41:37.137  INFO   search      farm branch=none (wander/search next)
2026-09-30 01:41:37.534  INFO   search      farm branch=none (wander/search next)
2026-09-30 01:41:37.808  INFO   search      farm branch=none (wander/search next)
2026-09-30 01:41:38.228  INFO   search      farm branch=none (wander/search next)
2026-09-30 01:41:38.314  INFO   search      hop arrive wp=(384, 465)
2026-09-30 01:41:38.328  INFO   search      hop start wp=(388, 468) reason=search area
2026-09-30 01:41:39.000  INFO   session     Entity shadow: vision=1 {'player': 1} memory=0 {} paired=0 median=0.000
2026-09-30 01:41:39.065  INFO   search      farm branch=none (wander/search next)
2026-09-30 01:41:39.300  INFO   search      farm branch=none (wander/search next)
2026-09-30 01:41:39.932  INFO   search      farm branch=none (wander/search next)
2026-09-30 01:41:40.381  INFO   search      farm branch=none (wander/search next)
2026-09-30 01:41:40.650  INFO   search      farm branch=none (wander/search next)
2026-09-30 01:41:40.888  INFO   search      farm branch=none (wander/search next)
2026-09-30 01:41:41.189  INFO   search      hop arrive wp=(388, 468)
2026-09-30 01:41:41.206  INFO   search      hop start wp=(393, 470) reason=search area
2026-09-30 01:41:41.895  INFO   session     일시정지 — 단축키
2026-09-30 01:42:28.624  INFO   session     정지 → 중지됨
2026-09-30 01:42:29.314  INFO   session     봇 작업이 종료되었습니다
